{
"type": "FeatureCollection",
"name": "cantons",
"crs": { "type": "name", "properties": { "name": "urn:ogc:def:crs:OGC:1.3:CRS84" } },
"features": [
{ "type": "Feature", "properties": { "name": "Capellen", "district": "Luxembourg" }, "geometry": { "type": "MultiPolygon", "coordinates": [ [ [ [ 5.9578880924, 49.5688231014 ], [ 5.9585513662, 49.5692442812 ], [ 5.9593447538, 49.569434836200003 ], [ 5.9615918427, 49.568924884499999 ], [ 5.9610741214, 49.568381469099997 ], [ 5.9609266854, 49.568407469299999 ], [ 5.9611306778, 49.568154644 ], [ 5.9666362331, 49.570412849 ], [ 5.9696566758, 49.570598863500003 ], [ 5.9710761029, 49.570291616200002 ], [ 5.9705321058, 49.568395824500001 ], [ 5.9711253144, 49.567956358300002 ], [ 5.9712581218, 49.568243560399999 ], [ 5.9715336235, 49.568102623900003 ], [ 5.9726938143, 49.567183929499997 ], [ 5.9752646051, 49.568286445600002 ], [ 5.9775339936, 49.567841011100001 ], [ 5.9796191537, 49.566517578700001 ], [ 5.9785866703, 49.565988618900001 ], [ 5.9791397559, 49.565319405 ], [ 5.9799796151, 49.564698125500001 ], [ 5.9796232836, 49.564559373599998 ], [ 5.980083034, 49.564139425299999 ], [ 5.9798496944, 49.564057498700002 ], [ 5.9808330148, 49.562576744799998 ], [ 5.9826598464, 49.563316105 ], [ 5.9831494891, 49.562939340200003 ], [ 5.9859889072, 49.5642799588 ], [ 5.9862741946, 49.564005853600001 ], [ 5.9880167666, 49.564776367 ], [ 5.9883230799, 49.5645148678 ], [ 5.990017796, 49.565092778100002 ], [ 5.9900823032, 49.565400326700001 ], [ 5.991636298, 49.5651973744 ], [ 5.9926500976, 49.564875561900003 ], [ 5.9931122051, 49.565192734900002 ], [ 5.9936454177, 49.565996025399997 ], [ 5.9935425264, 49.566709627500003 ], [ 5.9944943961, 49.566816121700001 ], [ 5.9942128746, 49.568556166199997 ], [ 5.9930471757, 49.568360804100003 ], [ 5.993008621, 49.568469178400001 ], [ 5.9942103927, 49.568726462400001 ], [ 5.9942478886, 49.569081405 ], [ 5.9964341709, 49.568710038799999 ], [ 5.9970456301, 49.569257956199998 ], [ 5.9975946566, 49.569147479599998 ], [ 5.9994779838, 49.570268030199998 ], [ 5.9979307782, 49.571628841399999 ], [ 5.9999662028, 49.5720465765 ], [ 5.9999953213, 49.571770718700002 ], [ 6.0007175577, 49.571916651 ], [ 6.0004840837, 49.572356499500003 ], [ 6.0008772298, 49.572501659499999 ], [ 6.0007868152, 49.573435611199997 ], [ 6.0036735009, 49.575989429400003 ], [ 6.0056287552, 49.576879934799997 ], [ 6.0052282361, 49.577092723699998 ], [ 6.0055781707, 49.577501424899999 ], [ 6.0071305711, 49.5780866076 ], [ 6.0069937549, 49.578398192100003 ], [ 6.0075003486, 49.578582588499998 ], [ 6.0076223885, 49.578824076799997 ], [ 6.0098770204, 49.579411842900001 ], [ 6.0095324728, 49.579719074800003 ], [ 6.0138727605, 49.5810098356 ], [ 6.0146030511, 49.581490032799998 ], [ 6.0144375842, 49.581653964099999 ], [ 6.0145586329, 49.582802820300003 ], [ 6.0105559151, 49.582264797299999 ], [ 6.0101710155, 49.582795673699998 ], [ 6.0082751613, 49.582690066399998 ], [ 6.0082351676, 49.5832992809 ], [ 6.0077953009, 49.583220822400001 ], [ 6.0065291632, 49.584343492 ], [ 6.0077661124, 49.585392398700002 ], [ 6.0092360095, 49.585835371 ], [ 6.0090126103, 49.586472818499999 ], [ 6.0054886578, 49.585659231 ], [ 6.0041817802, 49.585177671499999 ], [ 6.0034793943, 49.585848661699998 ], [ 6.0040850482, 49.586499991899998 ], [ 6.0038723059, 49.587151299699997 ], [ 6.0076485336, 49.588035009800002 ], [ 6.0077161927, 49.5896629577 ], [ 6.0100857169, 49.590905334200002 ], [ 6.0109853047, 49.5916039775 ], [ 6.0108974674, 49.591940627100001 ], [ 6.0097387036, 49.592288753799998 ], [ 6.0104505548, 49.592701590300003 ], [ 6.0090139234, 49.592541591299998 ], [ 6.0032172693, 49.5930860498 ], [ 5.9996653171, 49.594117449199999 ], [ 5.999711844, 49.594332294300003 ], [ 5.9984344785, 49.594510888800002 ], [ 5.9986845573, 49.595237278900001 ], [ 5.9986404325, 49.596734382800001 ], [ 5.9991344189, 49.597087324599997 ], [ 5.9997512971, 49.5987865695 ], [ 6.0009505951, 49.599602066899998 ], [ 6.0047812237, 49.601618877900002 ], [ 6.0057030284, 49.602354293399998 ], [ 6.0070912998, 49.6039074332 ], [ 6.007983759, 49.6042680981 ], [ 6.0085908998, 49.604310955599999 ], [ 6.0095105566, 49.607203955700001 ], [ 6.0099915404, 49.607531514 ], [ 6.0111183189, 49.607802391600003 ], [ 6.0126742038, 49.609072103400003 ], [ 6.0126968434, 49.610099455 ], [ 6.0133570504, 49.611360882200003 ], [ 6.0141392506, 49.6108546647 ], [ 6.0174167225, 49.609781964500002 ], [ 6.0197345169, 49.609771741700001 ], [ 6.0219056034, 49.609543760100003 ], [ 6.0264544587, 49.610060600099999 ], [ 6.0286289826, 49.610424221499997 ], [ 6.02921988, 49.610441560799998 ], [ 6.0302671473, 49.6104507075 ], [ 6.0310807076, 49.6104016066 ], [ 6.0313550206, 49.610348011 ], [ 6.0316086947, 49.610711882099999 ], [ 6.0320278619, 49.611115717300002 ], [ 6.0322168117, 49.6112824995 ], [ 6.0325715497, 49.611641284 ], [ 6.0327272629, 49.611805190699997 ], [ 6.0334800906, 49.612387033899999 ], [ 6.0335822952, 49.612481047899998 ], [ 6.0335691236, 49.612528088600001 ], [ 6.033423414, 49.612599450200001 ], [ 6.0334176982, 49.6126023777 ], [ 6.0328062867, 49.612751667600001 ], [ 6.0329438055, 49.613043978199997 ], [ 6.0330015832, 49.613167600300002 ], [ 6.0332524186, 49.613121283 ], [ 6.0333094963, 49.613110742800004 ], [ 6.0334012843, 49.613093791 ], [ 6.033424781, 49.613162722 ], [ 6.0334829284, 49.613354460700002 ], [ 6.0334655917, 49.614729443 ], [ 6.0345553952, 49.614859861699998 ], [ 6.0339744416, 49.615890120099998 ], [ 6.0339585125, 49.616535304599999 ], [ 6.0344996849, 49.618702261 ], [ 6.0347092868, 49.618731982500002 ], [ 6.0352847947, 49.620140916499999 ], [ 6.0361372421, 49.621319991900002 ], [ 6.0361571135, 49.622620983099999 ], [ 6.0373269744, 49.623509612699998 ], [ 6.037690696, 49.62387224 ], [ 6.0388224329, 49.624396038500002 ], [ 6.0396454438, 49.624601663900002 ], [ 6.040358644, 49.6244214142 ], [ 6.0409069259, 49.624650951 ], [ 6.0415159314, 49.625401974100001 ], [ 6.0412648059, 49.625650310799998 ], [ 6.0416150589, 49.626171107200001 ], [ 6.0422845532, 49.6264667266 ], [ 6.0426252482, 49.627181624800002 ], [ 6.0443946252, 49.627947190900002 ], [ 6.0449824925, 49.628427157899999 ], [ 6.0455442311, 49.628560024800002 ], [ 6.0460857819, 49.628456917800001 ], [ 6.0472974543, 49.629454990500001 ], [ 6.0478773355, 49.630231447600003 ], [ 6.0475349012, 49.630875719899997 ], [ 6.0475521957, 49.6319921196 ], [ 6.0471425886, 49.632329117600001 ], [ 6.0471494407, 49.632571233500002 ], [ 6.0458445934, 49.633471909900003 ], [ 6.0463102464, 49.634284497199999 ], [ 6.0462051331, 49.634945142399999 ], [ 6.0463829713, 49.635215857299997 ], [ 6.0468906035, 49.6354015549 ], [ 6.0474400012, 49.635871066199996 ], [ 6.048069385, 49.636975635 ], [ 6.0489845572, 49.6376095818 ], [ 6.0491569359, 49.6381389656 ], [ 6.0487907094, 49.638770440199998 ], [ 6.0471587169, 49.639840769499997 ], [ 6.0470457822, 49.640343255799998 ], [ 6.0465613999, 49.640689362400003 ], [ 6.046548345, 49.640946777899998 ], [ 6.0475626834, 49.641181748199998 ], [ 6.0476211987, 49.6415747673 ], [ 6.0480378475, 49.641934169800003 ], [ 6.0484219028, 49.642012228299997 ], [ 6.0487468317, 49.642498998800001 ], [ 6.0502574661, 49.643089720699997 ], [ 6.0503448865, 49.643315364899998 ], [ 6.0509672841, 49.643374468600001 ], [ 6.05136901, 49.643667841400003 ], [ 6.0530320433, 49.644028052499998 ], [ 6.0532796163, 49.644260820299998 ], [ 6.0533376569, 49.644878699499998 ], [ 6.0540481579, 49.6448877487 ], [ 6.0548253918, 49.645302026400003 ], [ 6.0544737851, 49.646128618100001 ], [ 6.0540625434, 49.646471131600002 ], [ 6.0543907514, 49.646960154799999 ], [ 6.0543170515, 49.647334969399999 ], [ 6.0548816795, 49.6476535822 ], [ 6.0573285088, 49.648415089499998 ], [ 6.0577133137, 49.648694532900002 ], [ 6.0580294769, 49.650369421400001 ], [ 6.05862269, 49.65111148 ], [ 6.0587117603, 49.651870893199998 ], [ 6.0589647941, 49.652038046800001 ], [ 6.0598378556, 49.6520579385 ], [ 6.0606202828, 49.653136557800003 ], [ 6.0612399246, 49.65328456 ], [ 6.0619590825, 49.653061287699998 ], [ 6.0624609988, 49.653262555399998 ], [ 6.0629902193, 49.653066005500001 ], [ 6.0644978607, 49.653776234 ], [ 6.0649827909, 49.654320273099998 ], [ 6.0653829028, 49.6543157885 ], [ 6.065929502, 49.654560156 ], [ 6.0668646514, 49.655490533699997 ], [ 6.0667401353, 49.655833384799998 ], [ 6.0679207773, 49.657206140500001 ], [ 6.0679213918, 49.657598460199999 ], [ 6.0683055757, 49.657648544799997 ], [ 6.06926266, 49.658287606400002 ], [ 6.0698575792, 49.657961108 ], [ 6.0712925322, 49.6575891731 ], [ 6.0729320039, 49.657469627499999 ], [ 6.0753418916, 49.655841257299997 ], [ 6.0768352923, 49.653032208399999 ], [ 6.0790601164, 49.650689329899997 ], [ 6.0793766771, 49.648994490500002 ], [ 6.0790066351, 49.647701563399998 ], [ 6.0783704882, 49.646839933400003 ], [ 6.0797404938, 49.646462080100001 ], [ 6.0822247897, 49.646474809300003 ], [ 6.0914336071, 49.646007406499997 ], [ 6.1011643958, 49.646271199499999 ], [ 6.0981406587, 49.650802713 ], [ 6.0996697665, 49.651840351 ], [ 6.1012966525, 49.6540881142 ], [ 6.1028426104, 49.655803716400001 ], [ 6.1041848419, 49.656551547100001 ], [ 6.1024095557, 49.660043164500003 ], [ 6.0989133746, 49.662894487 ], [ 6.0976839885, 49.664295565400003 ], [ 6.0972830227, 49.665208027799999 ], [ 6.0955800619, 49.666478491 ], [ 6.0939198517, 49.668011373799999 ], [ 6.0980431598, 49.668593248400001 ], [ 6.0984497057, 49.668959915099997 ], [ 6.0963638666, 49.669381347399998 ], [ 6.0946505697, 49.6702779118 ], [ 6.0942173956, 49.670757835 ], [ 6.0916914873, 49.671562070199997 ], [ 6.0887103958, 49.673719001599999 ], [ 6.0855380833, 49.673863449300001 ], [ 6.0821936659, 49.674692565900003 ], [ 6.0826921452, 49.675710502900003 ], [ 6.0827137306, 49.676630278700003 ], [ 6.0834857079, 49.677072328400001 ], [ 6.084061385, 49.677180481100002 ], [ 6.0841576586, 49.677363002500002 ], [ 6.0839491103, 49.677500575300002 ], [ 6.0842586497, 49.677696781 ], [ 6.0846324796, 49.677860772400003 ], [ 6.085047515, 49.677812786499999 ], [ 6.0852735083, 49.678193018800002 ], [ 6.0869531586, 49.678777776099999 ], [ 6.0879723632, 49.679716839599998 ], [ 6.0883245878, 49.680697087299997 ], [ 6.0881648736, 49.681530973500003 ], [ 6.0887621842, 49.682132528499999 ], [ 6.0900634776, 49.684781138200002 ], [ 6.0901454726, 49.685332738600003 ], [ 6.0904238878, 49.686104251499998 ], [ 6.09017662, 49.686536827399998 ], [ 6.0907303779, 49.686926337800003 ], [ 6.0907682903, 49.688006329499999 ], [ 6.0920050276, 49.688465179600001 ], [ 6.0920347274, 49.688599172 ], [ 6.0914734433, 49.688824729099998 ], [ 6.0914265617, 49.689028710499997 ], [ 6.0922490642, 49.6896249005 ], [ 6.0919929654, 49.690570206 ], [ 6.0915152087, 49.690960251600004 ], [ 6.0918785902, 49.691518777 ], [ 6.0912963101, 49.691668346599997 ], [ 6.0912900922, 49.6921011811 ], [ 6.0907076376, 49.692329822399998 ], [ 6.0908548839, 49.693062100299997 ], [ 6.0904104841, 49.693397948200001 ], [ 6.0910133865, 49.694292281800003 ], [ 6.0909963519, 49.694620644099999 ], [ 6.0906148883, 49.694950060700002 ], [ 6.0912497311, 49.695490749100003 ], [ 6.0901642894, 49.695819709299997 ], [ 6.0902367246, 49.696205618500002 ], [ 6.0905342228, 49.696385264600003 ], [ 6.0905885445, 49.697009941 ], [ 6.0910281451, 49.697512272 ], [ 6.0905881737, 49.697818759 ], [ 6.0903979117, 49.698692616899997 ], [ 6.0867718229, 49.6987104747 ], [ 6.0856259129, 49.697921785699997 ], [ 6.0840767547, 49.697330298899999 ], [ 6.0832094501, 49.696799526600003 ], [ 6.0830552262, 49.6964516659 ], [ 6.0826238139, 49.6961718166 ], [ 6.0812773133, 49.6955591766 ], [ 6.0788839081, 49.695003367600002 ], [ 6.0781450446, 49.694973860099999 ], [ 6.0766164838, 49.694495780799997 ], [ 6.0752191188, 49.694336026400002 ], [ 6.0733628826, 49.6952503292 ], [ 6.0717393508, 49.696589316 ], [ 6.0723531562, 49.696946227399998 ], [ 6.0720169741, 49.697479550499999 ], [ 6.0727861228, 49.698371381699999 ], [ 6.0719978011, 49.698814903 ], [ 6.0697483961, 49.701490933300001 ], [ 6.0697269594, 49.702318371 ], [ 6.0693245998, 49.702817905400003 ], [ 6.0680929452, 49.703370793700003 ], [ 6.0671176657, 49.703527007200002 ], [ 6.0660523113, 49.703437413800003 ], [ 6.0652005935, 49.703588180700002 ], [ 6.0627044523, 49.703651687499999 ], [ 6.0610586651, 49.703222046199997 ], [ 6.0598724298, 49.703171719 ], [ 6.0585904633, 49.702897022 ], [ 6.0583837248, 49.702807144099999 ], [ 6.0586139978, 49.702326637 ], [ 6.0597505968, 49.7014221377 ], [ 6.0586958483, 49.701445762299997 ], [ 6.0576886683, 49.701120199199998 ], [ 6.0588245693, 49.699053890800002 ], [ 6.0593710016, 49.698489262099997 ], [ 6.0585233214, 49.698363244900001 ], [ 6.0589163335, 49.697512546699997 ], [ 6.0559359131, 49.696605887600001 ], [ 6.0550578763, 49.697667051 ], [ 6.0542655655, 49.697590128400002 ], [ 6.0510989298, 49.695349187799998 ], [ 6.0514088553, 49.6951416112 ], [ 6.0492069804, 49.694043356400002 ], [ 6.0491143008, 49.694139707 ], [ 6.0470652968, 49.693564881 ], [ 6.0466902789, 49.694158320500001 ], [ 6.0431441693, 49.693754931800001 ], [ 6.0370587684, 49.691312867599997 ], [ 6.0358977264, 49.692110747100003 ], [ 6.0378041181, 49.693191339400002 ], [ 6.03550444, 49.695494744100003 ], [ 6.0332201639, 49.694753991399999 ], [ 6.0328249492, 49.695771300200001 ], [ 6.0331354135, 49.696384612599999 ], [ 6.0325724052, 49.6961197627 ], [ 6.0319997394, 49.696320527099999 ], [ 6.0316287218, 49.69624947 ], [ 6.0310652664, 49.695969534600003 ], [ 6.0295822005, 49.695745068900003 ], [ 6.0271663916, 49.6962514429 ], [ 6.0257134509, 49.696868185900001 ], [ 6.0239060738, 49.697104068900003 ], [ 6.0225361937, 49.695871021199999 ], [ 6.0189356135, 49.6973506175 ], [ 6.0186462792, 49.697419287599999 ], [ 6.0185213784, 49.697178495700001 ], [ 6.0170772803, 49.697238067400001 ], [ 6.0151051494, 49.696639822100003 ], [ 6.0129303929, 49.694979289499997 ], [ 6.0110039766, 49.6942425035 ], [ 6.0104048472, 49.694871936200002 ], [ 6.0095671315, 49.694637611700003 ], [ 6.0088390408, 49.695389289399998 ], [ 6.0079418038, 49.695270629200003 ], [ 6.0069208694, 49.695518205 ], [ 6.0066063715, 49.695120291800002 ], [ 6.0061397056, 49.695020852100001 ], [ 6.0057496671, 49.695475930500002 ], [ 6.0065373114, 49.695749161599998 ], [ 6.0060890865, 49.696429903099997 ], [ 6.0063601851, 49.696489296 ], [ 6.0060258377, 49.6979141359 ], [ 6.0049749989, 49.697910744700003 ], [ 6.0043314692, 49.6982636591 ], [ 6.0029036827, 49.698243624699998 ], [ 6.0022007325, 49.698119243699999 ], [ 6.0002858244, 49.697283261800003 ], [ 5.9999232561, 49.696950651900003 ], [ 5.9985904365, 49.696812192700001 ], [ 5.9979581475, 49.6969485431 ], [ 5.9969233757, 49.697557470500001 ], [ 5.9979408272, 49.698327591400002 ], [ 5.9979808358, 49.698904827699998 ], [ 5.9975935616, 49.699888842100002 ], [ 6.0000635, 49.700474312799997 ], [ 5.9991940279, 49.701661368400003 ], [ 6.0016208711, 49.7034976327 ], [ 6.0030412365, 49.7028528341 ], [ 6.003849613, 49.703373918600001 ], [ 6.0024565427, 49.704448061500003 ], [ 6.004207913, 49.705422981700004 ], [ 6.0030864856, 49.706238945700001 ], [ 6.0018466595, 49.706860904899997 ], [ 6.0001247528, 49.708308712600001 ], [ 5.9975760566, 49.7112230607 ], [ 5.9971369846, 49.71202494 ], [ 5.9992033218, 49.713341005799997 ], [ 5.9996526615, 49.714098281200002 ], [ 5.998850353, 49.714627218 ], [ 5.9991181583, 49.714747598800002 ], [ 5.9980033425, 49.715517722599998 ], [ 5.99677262, 49.716724979699997 ], [ 5.9982408856, 49.717239258 ], [ 5.9975499185, 49.718471728200001 ], [ 5.9989259589, 49.718873845700003 ], [ 6.0005383373, 49.719622892899999 ], [ 5.9994955508, 49.720873918899997 ], [ 5.9930725271, 49.719300062800002 ], [ 5.9903552495, 49.719001977 ], [ 5.9899203715, 49.720647098299999 ], [ 5.9903233725, 49.722030001199997 ], [ 5.990054659, 49.722847873200003 ], [ 5.9894265129, 49.723721574800003 ], [ 5.9887188538, 49.723595325200002 ], [ 5.9877056507, 49.72372864 ], [ 5.9860562315, 49.723379664600003 ], [ 5.9850669356, 49.723082710500002 ], [ 5.9851643639, 49.7229036584 ], [ 5.9813218386, 49.721939744499998 ], [ 5.9804193801, 49.721380384500002 ], [ 5.978351217, 49.720674595 ], [ 5.9733791324, 49.7201612677 ], [ 5.9714901285, 49.720212593799999 ], [ 5.9710322616, 49.720399925499997 ], [ 5.9708621696, 49.720934754 ], [ 5.9701717033, 49.720951068700003 ], [ 5.9701744967, 49.721055816700002 ], [ 5.9693964463, 49.720637118 ], [ 5.9685107801, 49.719825222 ], [ 5.9672945319, 49.719426894100003 ], [ 5.9661654908, 49.718597504100003 ], [ 5.9651679468, 49.718245512300001 ], [ 5.9642028936, 49.716982068199997 ], [ 5.9618006366, 49.715922263099998 ], [ 5.961289121, 49.715444660300001 ], [ 5.9596141616, 49.714502963199998 ], [ 5.957173123, 49.713414167400003 ], [ 5.9552787452, 49.712803349 ], [ 5.9542071848, 49.712424424 ], [ 5.9515183451, 49.710467588100002 ], [ 5.9499817914, 49.708668181699998 ], [ 5.9461717506, 49.708718533099997 ], [ 5.9432462038, 49.707437101300002 ], [ 5.9370887462, 49.703813419799999 ], [ 5.9322521567, 49.702418108899998 ], [ 5.9292845833, 49.7019582458 ], [ 5.9281747084, 49.702858473 ], [ 5.9277232386, 49.703599367899997 ], [ 5.9250325437, 49.702709449300002 ], [ 5.9241321175, 49.702732530799999 ], [ 5.9227614871, 49.703546268700002 ], [ 5.9225761671, 49.703963835899998 ], [ 5.9228477765, 49.704918304300001 ], [ 5.922595229, 49.705305574199997 ], [ 5.9211924099, 49.704350713099998 ], [ 5.9196422772, 49.7043850819 ], [ 5.9180571747, 49.704195509100003 ], [ 5.9167211274, 49.704370457800003 ], [ 5.9161753539, 49.703755083 ], [ 5.9154817003, 49.703444435500003 ], [ 5.9145232791, 49.703182107899998 ], [ 5.9137302165, 49.703330846199997 ], [ 5.9122993265, 49.704698516599997 ], [ 5.9117407605, 49.704935885600001 ], [ 5.9098665489, 49.706939199099999 ], [ 5.9097583294, 49.708565558499998 ], [ 5.9103950084, 49.710364847299999 ], [ 5.908346921, 49.711993324600002 ], [ 5.9073519449, 49.711848286 ], [ 5.9040862123, 49.710839268900003 ], [ 5.8999461819, 49.710825771400003 ], [ 5.9003574361, 49.711947340099996 ], [ 5.8986451671, 49.712882684500002 ], [ 5.8957772813, 49.712099594100003 ], [ 5.8932145593, 49.710556995499999 ], [ 5.8921297725, 49.710343265 ], [ 5.8893632605, 49.710426705300002 ], [ 5.8885289838, 49.7101695944 ], [ 5.8869859976, 49.7093110295 ], [ 5.8869270084, 49.709276685600003 ], [ 5.8819253894, 49.705430822899999 ], [ 5.8796580998, 49.702807029399999 ], [ 5.877940988, 49.7012087433 ], [ 5.8731177766, 49.69856734 ], [ 5.872264754, 49.698388554 ], [ 5.8718060151, 49.698461928299999 ], [ 5.8705747766, 49.697163761600002 ], [ 5.8701077311, 49.696209359800001 ], [ 5.8688105667, 49.694616517100002 ], [ 5.8666914853, 49.694351426200001 ], [ 5.8657091151, 49.693026492900003 ], [ 5.8668179187, 49.692428512699998 ], [ 5.8669575201, 49.6918265029 ], [ 5.8657390108, 49.690817094700002 ], [ 5.8650315241, 49.6897699604 ], [ 5.8634206405, 49.688485864900002 ], [ 5.8642910895, 49.688235833299998 ], [ 5.8645610423, 49.687364349900001 ], [ 5.8640824532, 49.687172599 ], [ 5.8642841387, 49.6865890419 ], [ 5.8638259175, 49.686396965599997 ], [ 5.8625893284, 49.6845162571 ], [ 5.8625115972, 49.683980581299998 ], [ 5.8629135668, 49.683087798199999 ], [ 5.8623189058, 49.682182558 ], [ 5.8623431074, 49.681578513600002 ], [ 5.8618044598, 49.681030761700001 ], [ 5.8624756264, 49.679665812300001 ], [ 5.8654088679, 49.676050289700001 ], [ 5.866114095, 49.675671126300003 ], [ 5.8675318547, 49.675136742299998 ], [ 5.8689406701, 49.675135497399999 ], [ 5.8701679601, 49.675343851599997 ], [ 5.8738594774, 49.673265273399998 ], [ 5.876929241, 49.6735025021 ], [ 5.8776471786, 49.673252634699999 ], [ 5.878007765, 49.673307688100003 ], [ 5.8788693889, 49.672823364899998 ], [ 5.8791813694, 49.672888534199998 ], [ 5.8808853145, 49.672038667199999 ], [ 5.8821763666, 49.671807377900002 ], [ 5.8824163334, 49.671694610700001 ], [ 5.8822853897, 49.670333152700003 ], [ 5.8832350101, 49.6701962968 ], [ 5.8845365121, 49.670575391699998 ], [ 5.8850628957, 49.670482207699997 ], [ 5.8850417391, 49.669910315400003 ], [ 5.8846239134, 49.669425081299998 ], [ 5.8847252477, 49.669032856599998 ], [ 5.8850893745, 49.6686681463 ], [ 5.8864985601, 49.667891113400003 ], [ 5.8871638789, 49.667959742699999 ], [ 5.8873303456, 49.668394308 ], [ 5.8870233481, 49.668742926100002 ], [ 5.8874762521, 49.669718799199998 ], [ 5.8896860197, 49.670504069700002 ], [ 5.8901510794, 49.670469192600002 ], [ 5.8901136656, 49.670334374100001 ], [ 5.8902875819, 49.669404229500003 ], [ 5.8914014376, 49.668631465399997 ], [ 5.8915049741, 49.668057776200001 ], [ 5.8922087076, 49.667452058400002 ], [ 5.8918938237, 49.667033061200001 ], [ 5.8919540483, 49.666805671 ], [ 5.892754279, 49.6662369521 ], [ 5.8938359886, 49.666348283 ], [ 5.8941344222, 49.667750780799999 ], [ 5.895056272, 49.66845739 ], [ 5.8957588723, 49.668737973600003 ], [ 5.8963140173, 49.668542021699999 ], [ 5.896493698, 49.668008425799997 ], [ 5.8973089702, 49.667361516699998 ], [ 5.897471334, 49.666903105899998 ], [ 5.8979883644, 49.666419761 ], [ 5.8993248559, 49.665928782 ], [ 5.9001405603, 49.6660474583 ], [ 5.9008937586, 49.666764178599998 ], [ 5.9006726447, 49.667355731400001 ], [ 5.9016100109, 49.668111144900003 ], [ 5.9021617189, 49.668190270399997 ], [ 5.9025333761, 49.668018368799999 ], [ 5.9026102898, 49.6676013477 ], [ 5.9031095513, 49.667157895099997 ], [ 5.9013725486, 49.666192026099999 ], [ 5.9012839287, 49.665809807 ], [ 5.9015606132, 49.665595163299997 ], [ 5.9014964685, 49.6650655133 ], [ 5.9018673172, 49.664258996 ], [ 5.9025108552, 49.664017210200001 ], [ 5.9034524712, 49.6641823824 ], [ 5.9040479078, 49.664752143800001 ], [ 5.9048627433, 49.664858278499999 ], [ 5.905670946, 49.665499550600003 ], [ 5.9069072523, 49.665730966600002 ], [ 5.9083886695, 49.665672258800001 ], [ 5.9094644168, 49.664562003699999 ], [ 5.9099813229, 49.663307812299998 ], [ 5.9106750559, 49.662474111599998 ], [ 5.9076050472, 49.6620885715 ], [ 5.9048719561, 49.661078915600001 ], [ 5.9050590234, 49.660723019499997 ], [ 5.9038690792, 49.658714243299997 ], [ 5.9029641621, 49.657586758699999 ], [ 5.9044289272, 49.655590946899999 ], [ 5.9054143671, 49.654760482699999 ], [ 5.9029624268, 49.6538301852 ], [ 5.9025453137, 49.653249388299997 ], [ 5.9022233804, 49.651792810400003 ], [ 5.9018808024, 49.651811815 ], [ 5.9017334675, 49.651441194 ], [ 5.9028369967, 49.651348333800001 ], [ 5.9023959206, 49.650479375300002 ], [ 5.9022120031, 49.649409399699998 ], [ 5.9026920343, 49.646915282099997 ], [ 5.9025449671, 49.646918272699999 ], [ 5.9022138627, 49.645947184100002 ], [ 5.9023867138, 49.645708447 ], [ 5.902909127, 49.645535710499999 ], [ 5.9041186898, 49.645610464900003 ], [ 5.9041526243, 49.641861642899997 ], [ 5.9043513236, 49.641387092499997 ], [ 5.9053718886, 49.6407638584 ], [ 5.9054933958, 49.640163716300002 ], [ 5.9068152274, 49.639632318399997 ], [ 5.907715202, 49.639072906800003 ], [ 5.9067778277, 49.638646940800001 ], [ 5.9058898528, 49.638231139600002 ], [ 5.9031909167, 49.636163197499997 ], [ 5.8989640198, 49.634378905299997 ], [ 5.8976221507, 49.6358220682 ], [ 5.8953149482, 49.636268793200003 ], [ 5.8922839005, 49.636235606600003 ], [ 5.8896627509, 49.6353937493 ], [ 5.8869073284, 49.634955031700002 ], [ 5.8866528003, 49.634269374500001 ], [ 5.8861914116, 49.633752218200001 ], [ 5.8852936391, 49.633371991799997 ], [ 5.8845483194, 49.633364330399999 ], [ 5.8838614858, 49.632979617700002 ], [ 5.8827060332, 49.630946296200001 ], [ 5.8858217026, 49.629024723599997 ], [ 5.8854921911, 49.628890280199997 ], [ 5.8858834349, 49.628198107199999 ], [ 5.8867591152, 49.627333221599997 ], [ 5.8863354921, 49.627251995 ], [ 5.8854786753, 49.626517776699998 ], [ 5.8843855665, 49.6262143987 ], [ 5.8836967171, 49.625634071500002 ], [ 5.883215951, 49.625576879299999 ], [ 5.8829153076, 49.625227021100002 ], [ 5.8825621397, 49.625291284 ], [ 5.8824076086, 49.624978251100003 ], [ 5.881539793, 49.624700476100003 ], [ 5.8816747522, 49.624588781200003 ], [ 5.8813352248, 49.624313978700002 ], [ 5.8809175007, 49.624448431700003 ], [ 5.8807134488, 49.624036265199997 ], [ 5.88013863, 49.623957986199997 ], [ 5.8802494242, 49.623375230699999 ], [ 5.8791371839, 49.622702764899998 ], [ 5.8770592391, 49.621039248599999 ], [ 5.8761391166, 49.620001427 ], [ 5.8757259255, 49.618867026300002 ], [ 5.8756528487, 49.617917491 ], [ 5.8755550531, 49.615747084900001 ], [ 5.8759270901, 49.615748021599998 ], [ 5.8754364791, 49.6145692873 ], [ 5.8760061059, 49.6138177602 ], [ 5.8770265179, 49.613314533100002 ], [ 5.8768306264, 49.612918554099998 ], [ 5.8770371688, 49.612895623500002 ], [ 5.8771769179, 49.612311054199999 ], [ 5.8757484162, 49.611362546599999 ], [ 5.8763134233, 49.6103223044 ], [ 5.8759493753, 49.6098745623 ], [ 5.8763176559, 49.609611044499999 ], [ 5.8763188943, 49.609051851099998 ], [ 5.8766236356, 49.609025256800003 ], [ 5.8766411501, 49.608776483200003 ], [ 5.876379833, 49.608576514 ], [ 5.8765252543, 49.608484496599999 ], [ 5.875776808, 49.6080904174 ], [ 5.8755921294, 49.6077959908 ], [ 5.8743215471, 49.6073312109 ], [ 5.8741289511, 49.60745934 ], [ 5.872474237, 49.60649024 ], [ 5.8699255435, 49.605720186799999 ], [ 5.8669948629, 49.605417717599998 ], [ 5.8668966099, 49.605243926900002 ], [ 5.8658411658, 49.605151948 ], [ 5.8634987104, 49.6033844022 ], [ 5.8632692604, 49.603267806700003 ], [ 5.8631299485, 49.603394762800001 ], [ 5.8557153071, 49.5998228789 ], [ 5.8546734635, 49.599734763599997 ], [ 5.8530186344, 49.599260843700002 ], [ 5.8490742887, 49.597708205799997 ], [ 5.8486025772, 49.5972500735 ], [ 5.8487893994, 49.596738125100003 ], [ 5.8477613482, 49.595941715899997 ], [ 5.8486690145, 49.594414993299999 ], [ 5.8484020906, 49.593663622800001 ], [ 5.8488450164, 49.590540119099998 ], [ 5.8496313434, 49.588953182300003 ], [ 5.8502660883, 49.588239045199998 ], [ 5.8500882464, 49.586931519099998 ], [ 5.8509508861, 49.586988904599998 ], [ 5.8523942266, 49.586819878299998 ], [ 5.853289274, 49.586956357 ], [ 5.8568027537, 49.586044599899999 ], [ 5.8576842178, 49.586111273500002 ], [ 5.8591242118, 49.585956342300001 ], [ 5.8600111911, 49.586142620899999 ], [ 5.86099665, 49.586590703100001 ], [ 5.8612817091, 49.586424079399997 ], [ 5.8620343587, 49.586782067199998 ], [ 5.8629100358, 49.586257137099999 ], [ 5.8633375964, 49.586598482 ], [ 5.8638876801, 49.586667627499999 ], [ 5.8642942833, 49.586462068800003 ], [ 5.8653942942, 49.587354472599998 ], [ 5.8651891839, 49.587493568699998 ], [ 5.8662639397, 49.5881183423 ], [ 5.8658728688, 49.5884013792 ], [ 5.8677625058, 49.589640125499997 ], [ 5.8691634145, 49.588695805599997 ], [ 5.869784301, 49.589196792700001 ], [ 5.8710094842, 49.588351502800002 ], [ 5.8715607441, 49.587633789599998 ], [ 5.8715566116, 49.586097837 ], [ 5.8731301506, 49.584038217900002 ], [ 5.8732756339, 49.583595544 ], [ 5.8727249294, 49.5831666821 ], [ 5.8697510375, 49.582775995299997 ], [ 5.8691127481, 49.582543732399998 ], [ 5.8683319524, 49.582152612599998 ], [ 5.8676833759, 49.581432406099999 ], [ 5.865971614, 49.580533613299998 ], [ 5.8670521224, 49.580332611 ], [ 5.8689217536, 49.579662341199999 ], [ 5.8711032333, 49.5797674919 ], [ 5.8718965445, 49.579605836299997 ], [ 5.8719029818, 49.579050078900003 ], [ 5.8711651157, 49.577721175100002 ], [ 5.8697410578, 49.576735941599999 ], [ 5.8706566423, 49.576196642 ], [ 5.8723766158, 49.575218878400001 ], [ 5.8727492868, 49.574341596899998 ], [ 5.8701512496, 49.573784731 ], [ 5.8687043708, 49.5733239829 ], [ 5.8680490531, 49.573654744899997 ], [ 5.8675026467, 49.573242798599999 ], [ 5.8675351003, 49.573041077900001 ], [ 5.8653316168, 49.571711370199999 ], [ 5.8692180362, 49.568959786199997 ], [ 5.8704941037, 49.567578878299997 ], [ 5.8711251943, 49.567829691500002 ], [ 5.8716371015, 49.567544175400002 ], [ 5.8711321693, 49.567336988800001 ], [ 5.8713391303, 49.567080723700002 ], [ 5.8711201087, 49.567059133400001 ], [ 5.8718103766, 49.565939897500002 ], [ 5.8712959629, 49.565732786300003 ], [ 5.8720568823, 49.564933012 ], [ 5.8723366264, 49.5650501147 ], [ 5.87423005, 49.563558095700003 ], [ 5.8750814652, 49.561428945300001 ], [ 5.8757938643, 49.561555834399996 ], [ 5.8761034273, 49.560784728 ], [ 5.8856275412, 49.561648645799998 ], [ 5.8857356709, 49.561050515600002 ], [ 5.8853125054, 49.560245349 ], [ 5.8853171856, 49.559674839400003 ], [ 5.8861878777, 49.558189883399997 ], [ 5.8864847906, 49.558250278 ], [ 5.8866099652, 49.558133301600002 ], [ 5.8865821334, 49.557459540099998 ], [ 5.8870343939, 49.557505474499997 ], [ 5.8874633312, 49.556935712200001 ], [ 5.8872854281, 49.556100970700001 ], [ 5.8866817999, 49.555485596600001 ], [ 5.887188816, 49.554189552099999 ], [ 5.8862384751, 49.552153100699996 ], [ 5.8850566393, 49.550261435800003 ], [ 5.8857143113, 49.549229922800002 ], [ 5.8856951044, 49.548359140700001 ], [ 5.8852960504, 49.547042598200001 ], [ 5.88531565, 49.546803949800001 ], [ 5.8868884875, 49.546517006800002 ], [ 5.8899942241, 49.546571449200002 ], [ 5.8900469795, 49.546203083599998 ], [ 5.8985431234, 49.547110193499996 ], [ 5.9007396834, 49.549378137600002 ], [ 5.9024386611, 49.550153150900002 ], [ 5.9035463252, 49.550983041800002 ], [ 5.9042838238, 49.551267220299998 ], [ 5.9038691162, 49.551289726199997 ], [ 5.9036207768, 49.551819123599998 ], [ 5.9048092307, 49.5522137468 ], [ 5.9060230153, 49.552039412900001 ], [ 5.9089072557, 49.5524117167 ], [ 5.911668875, 49.553800976399998 ], [ 5.9127302827, 49.554118003900001 ], [ 5.9160436458, 49.554389805699998 ], [ 5.9165558805, 49.553915628699997 ], [ 5.9204089017, 49.555000729200003 ], [ 5.9205479562, 49.5547499312 ], [ 5.9219354762, 49.555057489799999 ], [ 5.9238405853, 49.555187045700002 ], [ 5.9255567526, 49.555480892699997 ], [ 5.9282197225, 49.556304289 ], [ 5.931714881, 49.5570858663 ], [ 5.9377269931, 49.559462089299998 ], [ 5.9370338689, 49.561505655200001 ], [ 5.9378518247, 49.561854020399998 ], [ 5.9401983415, 49.5620590224 ], [ 5.941901754, 49.5618489298 ], [ 5.9423838291, 49.5619361368 ], [ 5.9426395409, 49.562268853900001 ], [ 5.9430068085, 49.562235705600003 ], [ 5.9458679524, 49.561230695900001 ], [ 5.947430459, 49.560892030399998 ], [ 5.9483365979, 49.559681389300003 ], [ 5.9493854178, 49.5597748705 ], [ 5.9511628582, 49.561079635399999 ], [ 5.951228834, 49.561599425399997 ], [ 5.9528643011, 49.562033489699999 ], [ 5.9546008742, 49.563720597200003 ], [ 5.95497062, 49.564790531299998 ], [ 5.9547984083, 49.565411903600001 ], [ 5.9553036574, 49.566408663799997 ], [ 5.9560977465, 49.567371845700002 ], [ 5.9570736711, 49.567993637400001 ], [ 5.9578880924, 49.5688231014 ] ] ] ] } },
{ "type": "Feature", "properties": { "name": "Clervaux", "district": "Diekirch" }, "geometry": { "type": "MultiPolygon", "coordinates": [ [ [ [ 6.0095417812, 50.007996271800003 ], [ 6.0103870528, 50.00734583 ], [ 6.0108529667, 50.0065237934 ], [ 6.0110767182, 50.006558402 ], [ 6.0113081481, 50.006276379 ], [ 6.0120674879, 50.006559371199998 ], [ 6.0124564845, 50.0059650866 ], [ 6.0082603096, 50.004140370800002 ], [ 6.0097713022, 50.002768869500002 ], [ 6.0120933083, 50.0035513471 ], [ 6.0127792917, 50.002742443499997 ], [ 6.0162069451, 50.003464684800001 ], [ 6.0169059491, 50.002577431399999 ], [ 6.0167793146, 50.001963852700001 ], [ 6.0172540411, 50.001471937399998 ], [ 6.0174129453, 50.000926659400001 ], [ 6.0188967179, 50.0019066395 ], [ 6.020229771, 50.000840348700002 ], [ 6.0196361491, 50.000524598799998 ], [ 6.0213306169, 49.999244980500002 ], [ 6.0215672192, 49.999366162599998 ], [ 6.0220000822, 49.998861184 ], [ 6.0248741124, 50.000089597 ], [ 6.0262228083, 50.0004748729 ], [ 6.0266105806, 49.999214539100002 ], [ 6.0284896217, 49.999639403400003 ], [ 6.0296905835, 49.999419039899998 ], [ 6.0309473264, 49.999459487 ], [ 6.0327183981, 50.000571498699998 ], [ 6.0331640024, 50.000181381600001 ], [ 6.0354998271, 50.0010687475 ], [ 6.0368773258, 50.002011417399999 ], [ 6.0376530275, 50.002989370900004 ], [ 6.0390510805, 50.003729583 ], [ 6.0398610503, 50.004366877499997 ], [ 6.0401023345, 50.005538023299998 ], [ 6.0415976686, 50.005166002199999 ], [ 6.0427867158, 50.004252430299999 ], [ 6.0429866086, 50.003996409400003 ], [ 6.0429758789, 50.0030667196 ], [ 6.0439764942, 50.002184004199997 ], [ 6.0434767427, 50.001557336399998 ], [ 6.0433897647, 50.0004701521 ], [ 6.0435220907, 50.000094036199997 ], [ 6.0440749316, 49.999637912099999 ], [ 6.0441464076, 49.9982304153 ], [ 6.044665769, 49.997146039500002 ], [ 6.0467523167, 49.997885895800003 ], [ 6.0470184091, 49.9982850038 ], [ 6.0473555374, 49.998286764 ], [ 6.0480287871, 49.998697581499997 ], [ 6.0487186275, 49.998599465600002 ], [ 6.0492471181, 49.999124494900002 ], [ 6.0496976251, 49.999317661100001 ], [ 6.0534076503, 50.000531277699999 ], [ 6.053404915, 50.000756448399997 ], [ 6.0537699006, 50.001025052199999 ], [ 6.0554563661, 50.001652824700002 ], [ 6.0561702318, 50.0015878532 ], [ 6.0561299164, 50.001977476199997 ], [ 6.056690017, 50.002138957100001 ], [ 6.0568523338, 50.002004983900001 ], [ 6.0597443638, 50.003725258700001 ], [ 6.060382846, 50.003138461200002 ], [ 6.0608407934, 50.00016771 ], [ 6.060276166, 49.999240371100001 ], [ 6.0593159801, 49.998771702900001 ], [ 6.059682585, 49.998147237600001 ], [ 6.0583856051, 49.997462344500001 ], [ 6.0592293779, 49.996668228700003 ], [ 6.0584641206, 49.996382922899997 ], [ 6.0586854673, 49.996067459099997 ], [ 6.0564433751, 49.995057804 ], [ 6.0567291119, 49.994392211200001 ], [ 6.0549801795, 49.993825737400002 ], [ 6.0537156534, 49.993608701699998 ], [ 6.0515567826, 49.992436657299997 ], [ 6.0522832105, 49.990720363900003 ], [ 6.0523064465, 49.988822565 ], [ 6.0532082896, 49.987803528199997 ], [ 6.0517773324, 49.987187124 ], [ 6.0493808327, 49.986540218899997 ], [ 6.0485512869, 49.986500031399999 ], [ 6.0481941344, 49.986294666100001 ], [ 6.0471682009, 49.986711915299999 ], [ 6.0465695274, 49.98672567 ], [ 6.0456259524, 49.986335130199997 ], [ 6.0450211656, 49.985874014700002 ], [ 6.0444711937, 49.984955988899998 ], [ 6.0430875078, 49.9838940968 ], [ 6.0425879718, 49.983736534599998 ], [ 6.0418321238, 49.983837033299999 ], [ 6.0415270533, 49.983728584399998 ], [ 6.0411645785, 49.983605049300003 ], [ 6.0402769985, 49.985023857900003 ], [ 6.0393315916, 49.985051022599997 ], [ 6.0395207402, 49.984790571700003 ], [ 6.0376861775, 49.984119264199997 ], [ 6.0370433781, 49.98411654 ], [ 6.0359949423, 49.984432568 ], [ 6.0355059989, 49.984303433 ], [ 6.0361967695, 49.983555133199999 ], [ 6.0362463262, 49.983225213600001 ], [ 6.035988188, 49.982825297700003 ], [ 6.0362280387, 49.981816231800003 ], [ 6.0344205371, 49.980443164100002 ], [ 6.0327715161, 49.979790447900001 ], [ 6.0322497997, 49.979385650499999 ], [ 6.0319933294, 49.978723116799998 ], [ 6.0320451477, 49.977907943 ], [ 6.031733833, 49.977244202900003 ], [ 6.0284383716, 49.975696245800002 ], [ 6.0277925559, 49.975092608899999 ], [ 6.0274263427, 49.974171889099999 ], [ 6.0267755027, 49.9734905989 ], [ 6.0263179075, 49.973279955499997 ], [ 6.0256038848, 49.973370671700003 ], [ 6.0258940782, 49.973055272400003 ], [ 6.0294941217, 49.970961026200001 ], [ 6.0250678429, 49.969491917299997 ], [ 6.0240691452, 49.968750092400001 ], [ 6.0233313355, 49.967994737399998 ], [ 6.0233269401, 49.967697103200003 ], [ 6.0235523996, 49.967123828 ], [ 6.0246583597, 49.9660987257 ], [ 6.0248961068, 49.966148114500001 ], [ 6.0256331011, 49.966971102899997 ], [ 6.0275163677, 49.967796614299999 ], [ 6.0261080934, 49.966077266799999 ], [ 6.028339835, 49.9639505265 ], [ 6.0289633368, 49.964382947799997 ], [ 6.0311654626, 49.965027235699999 ], [ 6.032362094, 49.964702081699997 ], [ 6.0364355574, 49.964111874099999 ], [ 6.0385320717, 49.963264728600002 ], [ 6.0413195759, 49.963233857200002 ], [ 6.0419974785, 49.963394441200002 ], [ 6.0428198616, 49.961720323400002 ], [ 6.0422568765, 49.961650069299999 ], [ 6.0418452188, 49.960795567700004 ], [ 6.0389024021, 49.958694885 ], [ 6.0366440432, 49.958125444499998 ], [ 6.0380609046, 49.956058109300002 ], [ 6.0389106492, 49.955145648 ], [ 6.0401623011, 49.954487925499997 ], [ 6.0414925933, 49.954070769700003 ], [ 6.0423185228, 49.953190326300003 ], [ 6.0419611268, 49.952571522600003 ], [ 6.0406178858, 49.951450121400001 ], [ 6.0388863287, 49.9509157221 ], [ 6.0399625789, 49.950235618699999 ], [ 6.0410458102, 49.948988978 ], [ 6.0406374048, 49.948378106699998 ], [ 6.0406899934, 49.947790708299998 ], [ 6.040396637, 49.947129084399997 ], [ 6.0415957531, 49.947357578499997 ], [ 6.0434441901, 49.948066450900001 ], [ 6.0461733277, 49.948852706899999 ], [ 6.0468685794, 49.948814762300003 ], [ 6.047854675, 49.9484461917 ], [ 6.0487420091, 49.9484035065 ], [ 6.0503386104, 49.948030627900003 ], [ 6.0520020969, 49.949495294099997 ], [ 6.0521423145, 49.949713991700001 ], [ 6.0519972189, 49.949939769300002 ], [ 6.0524453254, 49.950257001799997 ], [ 6.0530836458, 49.950573197200001 ], [ 6.054575171, 49.950881850599998 ], [ 6.0541817194, 49.951356497399999 ], [ 6.0520891598, 49.951572521400003 ], [ 6.0507855447, 49.951966378400002 ], [ 6.0506752018, 49.952370847700003 ], [ 6.0530013302, 49.953199502300002 ], [ 6.0545142075, 49.953916749100003 ], [ 6.0556532004, 49.954040201399998 ], [ 6.0567504274, 49.953948739499999 ], [ 6.061108776, 49.955251453700001 ], [ 6.0618260509, 49.954947393799998 ], [ 6.0638296337, 49.954663947199997 ], [ 6.0645888906, 49.954401452500001 ], [ 6.0646542432, 49.954008015600003 ], [ 6.0627931421, 49.953242489200001 ], [ 6.062830867, 49.952666467900002 ], [ 6.0630383805, 49.952378779599997 ], [ 6.0639332359, 49.952084809299997 ], [ 6.0648706488, 49.951396062100002 ], [ 6.065438576, 49.950508249199999 ], [ 6.0653802386, 49.949245234400003 ], [ 6.0649459226, 49.948985944599997 ], [ 6.0641875854, 49.949145537699998 ], [ 6.0632153193, 49.948520012 ], [ 6.0625880453, 49.947305625699997 ], [ 6.062704274, 49.946898255100002 ], [ 6.063281661, 49.9466129666 ], [ 6.0634363357, 49.946296100799998 ], [ 6.064252506, 49.945900671700002 ], [ 6.0651213175, 49.944283117200001 ], [ 6.0649716857, 49.943950256599997 ], [ 6.0644269771, 49.943563634 ], [ 6.0643154625, 49.942906537600003 ], [ 6.0634225822, 49.942037252200002 ], [ 6.0632509109, 49.941583987 ], [ 6.0641920441, 49.939216264800002 ], [ 6.0648420717, 49.9382152457 ], [ 6.0653392863, 49.935235074200001 ], [ 6.0654763039, 49.935004606200003 ], [ 6.065947061, 49.934924912900001 ], [ 6.0667140717, 49.935052310099998 ], [ 6.0677257678, 49.934934085099997 ], [ 6.0686106799, 49.9342210493 ], [ 6.0700833831, 49.934288417099999 ], [ 6.070591166, 49.934088353100002 ], [ 6.0706847658, 49.933886675300002 ], [ 6.0703228421, 49.932328068300002 ], [ 6.070935551, 49.932713558 ], [ 6.0712078174, 49.933261056100001 ], [ 6.0713153934, 49.9339596708 ], [ 6.0710890852, 49.934552460699997 ], [ 6.0737660197, 49.9338994461 ], [ 6.0740110079, 49.933317338499997 ], [ 6.0744504789, 49.933126664299998 ], [ 6.0746843398, 49.933319469899999 ], [ 6.0748457453, 49.932990362 ], [ 6.0756841535, 49.932565859599997 ], [ 6.0759052389, 49.9327121619 ], [ 6.0790796199, 49.932355587300002 ], [ 6.0796800177, 49.932435302199998 ], [ 6.0796231488, 49.932665838600002 ], [ 6.0809121552, 49.933196731800003 ], [ 6.0837735351, 49.9339201242 ], [ 6.0855444707, 49.933908771 ], [ 6.0858122584, 49.933779082599997 ], [ 6.0860106651, 49.933161223799999 ], [ 6.0870136991, 49.933199600899997 ], [ 6.08738472, 49.933303760100003 ], [ 6.0870326406, 49.934115332099999 ], [ 6.0875760003, 49.934216184299999 ], [ 6.087198162, 49.934952533500002 ], [ 6.087505117, 49.935145006600003 ], [ 6.087772636, 49.935867740900001 ], [ 6.0874802573, 49.937187342800001 ], [ 6.0883216647, 49.937401339 ], [ 6.0881080784, 49.937546058199999 ], [ 6.0880877007, 49.9379713736 ], [ 6.0883046164, 49.938045211 ], [ 6.0883802962, 49.938351425500002 ], [ 6.0930486095, 49.940435496799999 ], [ 6.0930805155, 49.941430782 ], [ 6.092017078, 49.9423173773 ], [ 6.0915966344, 49.9423643939 ], [ 6.0915564925, 49.942573090800003 ], [ 6.0910832905, 49.942751682800001 ], [ 6.0898648624, 49.944077746 ], [ 6.0904663171, 49.944708719799998 ], [ 6.0903808379, 49.9450552192 ], [ 6.0908041133, 49.945074351800002 ], [ 6.0907915363, 49.945486035599998 ], [ 6.0910820514, 49.945544484899997 ], [ 6.0907313578, 49.9457803082 ], [ 6.0910458965, 49.945757382700002 ], [ 6.0914551605, 49.946257584199998 ], [ 6.09226, 49.946695053299997 ], [ 6.0919995313, 49.946930066500002 ], [ 6.0919795928, 49.947807398199998 ], [ 6.0914871649, 49.9487088403 ], [ 6.092215009, 49.949191679 ], [ 6.0937445516, 49.949603918100003 ], [ 6.0944882016, 49.950181008599998 ], [ 6.0934832603, 49.9512483432 ], [ 6.0931699513, 49.951891618399998 ], [ 6.0924908206, 49.9524922047 ], [ 6.0923454486, 49.952949635899998 ], [ 6.0926020431, 49.953537544 ], [ 6.0925850032, 49.954248669800002 ], [ 6.0927704519, 49.954487413899997 ], [ 6.0935172081, 49.954814748099999 ], [ 6.0937620777, 49.955257423 ], [ 6.0935240508, 49.955544733099998 ], [ 6.0936685426, 49.955663058399999 ], [ 6.0934889103, 49.955962389699998 ], [ 6.0936719068, 49.956070885899997 ], [ 6.0931810343, 49.9567868257 ], [ 6.0934232002, 49.957270630799997 ], [ 6.0937525056, 49.957198430699997 ], [ 6.0960728981, 49.957973128399999 ], [ 6.096518283, 49.958379940199997 ], [ 6.0967310087, 49.959050083500003 ], [ 6.0974583941, 49.959984838399997 ], [ 6.0980582192, 49.960102576899999 ], [ 6.0983070836, 49.9605868071 ], [ 6.0985751985, 49.9606109526 ], [ 6.0985568175, 49.9604730012 ], [ 6.0988220721, 49.960636802099998 ], [ 6.0991571649, 49.961165628899998 ], [ 6.0988287176, 49.96249774 ], [ 6.0990372903, 49.963331502300001 ], [ 6.0997036987, 49.964285068599999 ], [ 6.1012823527, 49.965056565799998 ], [ 6.1011336178, 49.965295375399997 ], [ 6.1001128136, 49.966142633499999 ], [ 6.0996397427, 49.966224468699998 ], [ 6.0995186478, 49.966454346699997 ], [ 6.0989726566, 49.966599797900002 ], [ 6.0991326152, 49.966773991799997 ], [ 6.0982625494, 49.967295310399997 ], [ 6.0981656304, 49.968030347400003 ], [ 6.0988069918, 49.968908644099997 ], [ 6.0988984409, 49.970092415400003 ], [ 6.0991935177, 49.970715239599997 ], [ 6.1002631093, 49.971988521299998 ], [ 6.1000866316, 49.972911845 ], [ 6.1002222956, 49.973503655899997 ], [ 6.1019623721, 49.974766311099998 ], [ 6.1023220686, 49.975415352399999 ], [ 6.1025203251, 49.976086023400001 ], [ 6.1022812025, 49.977232745 ], [ 6.1024749804, 49.977692947400001 ], [ 6.1029795841, 49.978091620800001 ], [ 6.1030616727, 49.978687992200001 ], [ 6.1021912152, 49.978989271300001 ], [ 6.099724251, 49.979100431600003 ], [ 6.0981031943, 49.979393014599999 ], [ 6.0971399254, 49.979904441499997 ], [ 6.0961491608, 49.980819774300002 ], [ 6.0968899213, 49.981662628300001 ], [ 6.0983162028, 49.984269816699999 ], [ 6.0985280018, 49.9856490624 ], [ 6.0979321609, 49.987564061900002 ], [ 6.0989332918, 49.987545883400003 ], [ 6.1000166957, 49.985653629200002 ], [ 6.1004253308, 49.984029126 ], [ 6.1000853633, 49.982661199299997 ], [ 6.1025540141, 49.982914468 ], [ 6.1027924448, 49.982396159 ], [ 6.1032746702, 49.982276448599997 ], [ 6.1033030405, 49.981920839200001 ], [ 6.103660406, 49.981821637400003 ], [ 6.1044116521, 49.982133969099998 ], [ 6.1060649538, 49.982205984499998 ], [ 6.1076185027, 49.982953735 ], [ 6.1084788902, 49.983121278699997 ], [ 6.1089175579, 49.982777014 ], [ 6.1097704899, 49.982509219299999 ], [ 6.1128193122, 49.982392635499998 ], [ 6.1127453965, 49.982471824400001 ], [ 6.1149325718, 49.982468299499999 ], [ 6.1168741641, 49.981539503699999 ], [ 6.1187429547, 49.979602629600002 ], [ 6.1196571713, 49.976878171400003 ], [ 6.1182132542, 49.976275382499999 ], [ 6.1181397093, 49.976364311799998 ], [ 6.1176581407, 49.976222975299997 ], [ 6.118622201, 49.974871995400001 ], [ 6.1189028838, 49.974156465199997 ], [ 6.12271234, 49.971569741700002 ], [ 6.1250446919, 49.971721454499999 ], [ 6.1257942806, 49.971441807300003 ], [ 6.1270303417, 49.9714344653 ], [ 6.1277571453, 49.971179341400003 ], [ 6.1282391228, 49.971168356100002 ], [ 6.1314849908, 49.971738415 ], [ 6.1321831351, 49.972263246799997 ], [ 6.1324195834, 49.973071108600003 ], [ 6.1329197969, 49.973258213599998 ], [ 6.1351810734, 49.973804732200001 ], [ 6.1358686556, 49.974129834300001 ], [ 6.1370568133, 49.974126157500002 ], [ 6.1394968545, 49.9737938504 ], [ 6.1410303613, 49.973962165899998 ], [ 6.1441482012, 49.975065585199999 ], [ 6.1453087826, 49.9759754349 ], [ 6.1466609273, 49.976629529299998 ], [ 6.1497594207, 49.977744868 ], [ 6.1512429055, 49.978107144200003 ], [ 6.1555623958, 49.979324575500002 ], [ 6.1569321012, 49.978679875700003 ], [ 6.1577749103, 49.978538977500001 ], [ 6.1597935879, 49.978534134500002 ], [ 6.1623081236, 49.977566502599998 ], [ 6.1662186433, 49.976845426 ], [ 6.1666205541, 49.977591742199998 ], [ 6.1667663238, 49.9790851964 ], [ 6.1672580338, 49.979977955400003 ], [ 6.1684829647, 49.980739725 ], [ 6.1687594647, 49.9811462236 ], [ 6.1686105497, 49.9821962527 ], [ 6.1689525196, 49.983751833299998 ], [ 6.1694367445, 49.984300627099998 ], [ 6.1699902629, 49.984571136900001 ], [ 6.1712905873, 49.984279152699997 ], [ 6.1714700827, 49.984016913700003 ], [ 6.1724277478, 49.983987323199997 ], [ 6.1726141123, 49.984245519399998 ], [ 6.1724699945, 49.984618745200002 ], [ 6.1710346202, 49.985359845399998 ], [ 6.1695473524, 49.985672139899997 ], [ 6.1688774437, 49.985581707800002 ], [ 6.1663210022, 49.986404492 ], [ 6.1645044789, 49.986814840199997 ], [ 6.1615909064, 49.987098239200002 ], [ 6.1593939261, 49.986876129599999 ], [ 6.1570717168, 49.987209844699997 ], [ 6.1533904967, 49.989579876100002 ], [ 6.1524564741, 49.990919682399998 ], [ 6.1514683131, 49.992960554200003 ], [ 6.1507809053, 49.994137464399998 ], [ 6.150094012, 49.9943599944 ], [ 6.1468864327, 49.994867380499997 ], [ 6.1428017082, 49.994581911899999 ], [ 6.1416435185, 49.994850097799997 ], [ 6.1396625722, 49.996280475299997 ], [ 6.1376956338, 49.998421755800003 ], [ 6.1377787729, 49.998811195899997 ], [ 6.1383423261, 49.9994712863 ], [ 6.1393142936, 50.000117277100003 ], [ 6.1398084433, 50.000151756100003 ], [ 6.1418240422, 49.999292589299998 ], [ 6.1435725246, 49.998169573 ], [ 6.1448462116, 49.998077647 ], [ 6.1455134449, 49.998758076900003 ], [ 6.1458484692, 49.999808954300001 ], [ 6.1464296401, 50.000748825499997 ], [ 6.1463371179, 50.002500514499999 ], [ 6.1476096063, 50.004217873400002 ], [ 6.1493254203, 50.006409556800001 ], [ 6.1496709519, 50.008707829599999 ], [ 6.148202753, 50.01013465 ], [ 6.1475495677, 50.010308909499997 ], [ 6.1458208254, 50.010115751 ], [ 6.1398719951, 50.0104937877 ], [ 6.1387084115, 50.0108104814 ], [ 6.1377585202, 50.011321185200003 ], [ 6.1359421721, 50.013595148500002 ], [ 6.1343546528, 50.014885942699998 ], [ 6.1295233035, 50.0181621101 ], [ 6.1296060399, 50.018633097200002 ], [ 6.1301155451, 50.019113319600002 ], [ 6.1313550499, 50.019420370500001 ], [ 6.1318170486, 50.019358973300001 ], [ 6.1331344007, 50.018741999500001 ], [ 6.1351855197, 50.016362339600001 ], [ 6.1363397874, 50.0158488979 ], [ 6.1373024276, 50.015803712699999 ], [ 6.1382018583, 50.016251616399998 ], [ 6.1394981371, 50.017585456299997 ], [ 6.1409095622, 50.018045776800001 ], [ 6.144180917, 50.020406918900001 ], [ 6.1453983545, 50.021646691100003 ], [ 6.1458929101, 50.0226284222 ], [ 6.1432311033, 50.024449843200003 ], [ 6.1399883, 50.024991264 ], [ 6.1376252572, 50.025933728600002 ], [ 6.1370022079, 50.026406901100003 ], [ 6.1343698104, 50.027238773299999 ], [ 6.1308050163, 50.028825585100002 ], [ 6.1300145851, 50.0292603953 ], [ 6.1296591472, 50.029799081299998 ], [ 6.1294815269, 50.031256790199997 ], [ 6.1295588126, 50.031818900600001 ], [ 6.1302548247, 50.032991429 ], [ 6.1320644969, 50.034847723200002 ], [ 6.1324203242, 50.0369329412 ], [ 6.134280832, 50.039233966499999 ], [ 6.1344120719, 50.039874142199999 ], [ 6.1341550392, 50.040545682900003 ], [ 6.1331892695, 50.042201179499997 ], [ 6.1322420714, 50.043336663799998 ], [ 6.1298211686, 50.045270159300003 ], [ 6.1274640658, 50.047614815700001 ], [ 6.1252425829, 50.050826911800002 ], [ 6.1243361329, 50.0513680221 ], [ 6.1219184183, 50.052277597600003 ], [ 6.1214994574, 50.052738177800002 ], [ 6.1210275418, 50.054346492199997 ], [ 6.1219648973, 50.055429006799997 ], [ 6.1224551415, 50.0557404682 ], [ 6.1240162669, 50.058347321799999 ], [ 6.1241074586, 50.059372978299997 ], [ 6.1238841457, 50.059791186799998 ], [ 6.12326837, 50.0601433211 ], [ 6.1219479878, 50.060385372 ], [ 6.120715547, 50.060120489100001 ], [ 6.1203305097, 50.0595658485 ], [ 6.1205957569, 50.058950173699998 ], [ 6.1206982854, 50.0574493198 ], [ 6.1203678196, 50.056759720499997 ], [ 6.1196363932, 50.056389247200002 ], [ 6.1179531897, 50.056296268600001 ], [ 6.1167295101, 50.0566389747 ], [ 6.1138680776, 50.057632292199997 ], [ 6.1134718657, 50.057969021 ], [ 6.1124121629, 50.059382780900002 ], [ 6.1123525039, 50.060497765699999 ], [ 6.1139235044, 50.063404161400001 ], [ 6.1135127815, 50.065274915 ], [ 6.1137191205, 50.065580095800001 ], [ 6.1147638897, 50.065911900700002 ], [ 6.1156621004, 50.065843419499998 ], [ 6.1175809555, 50.0647776566 ], [ 6.1183808999, 50.064544940600001 ], [ 6.1193697609, 50.064591760299997 ], [ 6.1204993432, 50.064861200899998 ], [ 6.1208744368, 50.065287230400003 ], [ 6.1209263073, 50.067146532899997 ], [ 6.1213062876, 50.069031056900002 ], [ 6.126063375, 50.071075604 ], [ 6.1269806658, 50.071988556 ], [ 6.1277481973, 50.072296341 ], [ 6.1292150065, 50.073375619 ], [ 6.1285545111, 50.074607914 ], [ 6.1270974983, 50.075371665 ], [ 6.1248564361, 50.076964152199999 ], [ 6.1234436332, 50.076271781599999 ], [ 6.1223666168, 50.0746665255 ], [ 6.1219175349, 50.073088818099997 ], [ 6.1214592972, 50.072649759900003 ], [ 6.1207587911, 50.0723741993 ], [ 6.1190972909, 50.072338145800003 ], [ 6.1176689286, 50.072914109599999 ], [ 6.1169493108, 50.073392856200002 ], [ 6.1157655945, 50.074590777600001 ], [ 6.1165640127, 50.075187750399998 ], [ 6.1177700781, 50.075602892900001 ], [ 6.1180967592, 50.076641327300003 ], [ 6.1205394703, 50.078890811100003 ], [ 6.121871403, 50.081405386500002 ], [ 6.1220438754, 50.083461140700003 ], [ 6.1203065146, 50.084813881599999 ], [ 6.1195110771, 50.085890788500002 ], [ 6.1196918244, 50.087094775 ], [ 6.1193623679, 50.087727607700003 ], [ 6.1192905534, 50.089611602799998 ], [ 6.1199377751, 50.091755449899999 ], [ 6.1199909209, 50.092010057400003 ], [ 6.1210877022, 50.093073694099999 ], [ 6.1219388457, 50.093579218199999 ], [ 6.1226035683, 50.0937515488 ], [ 6.1237201725, 50.093727537 ], [ 6.1247427668, 50.0932921044 ], [ 6.1275975601, 50.092908187200003 ], [ 6.1292720863, 50.092434987399997 ], [ 6.1306540842, 50.092417189599999 ], [ 6.131696068, 50.09256783 ], [ 6.1328898506, 50.093227237199997 ], [ 6.1330619111, 50.0936356789 ], [ 6.1329241939, 50.094274350399999 ], [ 6.1323912448, 50.094904551799999 ], [ 6.1296554921, 50.094919620699997 ], [ 6.1286109782, 50.0951490777 ], [ 6.1283820262, 50.095332051699998 ], [ 6.1273390191, 50.096422052900003 ], [ 6.1260863605, 50.098171809100002 ], [ 6.1254249768, 50.099651573 ], [ 6.1253625971, 50.100808890700002 ], [ 6.1255650922, 50.101489794 ], [ 6.1258193855, 50.101774156099999 ], [ 6.1268041902, 50.102178811900004 ], [ 6.1299582597, 50.102911474 ], [ 6.131122602, 50.1028807625 ], [ 6.1321392217, 50.102609524099996 ], [ 6.1336576357, 50.102655103899998 ], [ 6.135417217, 50.103276509499999 ], [ 6.1355621856, 50.103670653899997 ], [ 6.1347389826, 50.104798574599997 ], [ 6.1321598244, 50.1057315137 ], [ 6.1313669109, 50.106183911599999 ], [ 6.1310247223, 50.1064726165 ], [ 6.1306488763, 50.108330454700003 ], [ 6.1320102193, 50.109842446499997 ], [ 6.1337264028, 50.111318528 ], [ 6.1345846738, 50.112478447599997 ], [ 6.1348637152, 50.113380918700003 ], [ 6.1344000354, 50.113664367 ], [ 6.1317336201, 50.113662504 ], [ 6.1298091882, 50.114057226699998 ], [ 6.1289461395, 50.11465092 ], [ 6.1279026276, 50.116235977400002 ], [ 6.1286641044, 50.118076456799997 ], [ 6.1293512525, 50.1213350843 ], [ 6.1302982807, 50.122074231100001 ], [ 6.1326799561, 50.122940216799996 ], [ 6.1350840717, 50.123333877599997 ], [ 6.1360589642, 50.123825691500002 ], [ 6.1365364866, 50.124360519699998 ], [ 6.137150567, 50.125753756400002 ], [ 6.1373364061, 50.127456754100002 ], [ 6.137819627, 50.128291113499998 ], [ 6.137701894, 50.129872206599998 ], [ 6.1372605456, 50.129888141099997 ], [ 6.1368173547, 50.130140596300002 ], [ 6.1364995825, 50.1298241569 ], [ 6.1361000586, 50.130086501100003 ], [ 6.1355058179, 50.1301873452 ], [ 6.1348083327, 50.1299783555 ], [ 6.1347687762, 50.129676363900003 ], [ 6.1334521028, 50.1294854235 ], [ 6.1328839545, 50.129692651600003 ], [ 6.1320113955, 50.129611838300001 ], [ 6.1308338482, 50.129806256800002 ], [ 6.1305208513, 50.13034076 ], [ 6.1296441848, 50.130887667499998 ], [ 6.1286344778, 50.1322528651 ], [ 6.1276640958, 50.132756987 ], [ 6.1265258637, 50.133994623100001 ], [ 6.1247415155, 50.134724059100002 ], [ 6.1239196862, 50.134697126699997 ], [ 6.1222762324, 50.135562490600002 ], [ 6.1223133725, 50.135752116900001 ], [ 6.1214943886, 50.135834030600002 ], [ 6.1206911088, 50.136305956800001 ], [ 6.119995582, 50.136299364899997 ], [ 6.1197773753, 50.136091890499998 ], [ 6.1191537532, 50.1360783107 ], [ 6.1187658288, 50.136204965 ], [ 6.1182402967, 50.136138181200003 ], [ 6.1179073433, 50.136301994299998 ], [ 6.1160864916, 50.136351659799999 ], [ 6.1159473819, 50.136553392 ], [ 6.1156316705, 50.136373187899999 ], [ 6.1137117341, 50.136354105199999 ], [ 6.1122792088, 50.136023289900002 ], [ 6.1120628758, 50.136162786900002 ], [ 6.1121428668, 50.137992416300001 ], [ 6.1127190297, 50.1384189304 ], [ 6.1135098247, 50.1394923573 ], [ 6.1140428472, 50.1419022838 ], [ 6.114700932, 50.142896455699997 ], [ 6.1150680485, 50.144185973200003 ], [ 6.1155317117, 50.144505565199999 ], [ 6.1170043248, 50.144531707299997 ], [ 6.1171130914, 50.146168791699999 ], [ 6.117436838, 50.146964488599998 ], [ 6.118883219, 50.147899564 ], [ 6.1212427579, 50.14894223 ], [ 6.1227768199, 50.149495721900003 ], [ 6.124927142, 50.149758273300002 ], [ 6.1256811586, 50.150112811600003 ], [ 6.1250893753, 50.150373843499999 ], [ 6.1249515585, 50.150295956599997 ], [ 6.124118095, 50.151241172200002 ], [ 6.1236379567, 50.151395300099999 ], [ 6.1234960181, 50.151203037199998 ], [ 6.1228473867, 50.151436292600003 ], [ 6.1221926199, 50.151461752499998 ], [ 6.121793317, 50.151852803700002 ], [ 6.1214933631, 50.151805307899998 ], [ 6.1214815943, 50.152012418399998 ], [ 6.120442692, 50.151973428 ], [ 6.1203361182, 50.1522285526 ], [ 6.1199317298, 50.152405710499998 ], [ 6.1201011385, 50.152469393700002 ], [ 6.1199494241, 50.152610117899997 ], [ 6.1192946541, 50.152649100600001 ], [ 6.1194120377, 50.153178417299998 ], [ 6.1191740911, 50.153214873099998 ], [ 6.1191676359, 50.15337325 ], [ 6.118597004, 50.153454229600001 ], [ 6.1184543818, 50.1539617898 ], [ 6.1176184158, 50.154759995200003 ], [ 6.1167373749, 50.155056812 ], [ 6.1158292961, 50.155150927299999 ], [ 6.1152331602, 50.155060724499997 ], [ 6.1149763957, 50.155854044100003 ], [ 6.1153666707, 50.156479052400002 ], [ 6.1167948076, 50.157765056499997 ], [ 6.1174668495, 50.158816492200003 ], [ 6.1204029033, 50.161828592500001 ], [ 6.1197815128, 50.163350883500001 ], [ 6.1024497916, 50.170549471100003 ], [ 6.1012383162, 50.170514797599999 ], [ 6.1010514789, 50.170647520499998 ], [ 6.1007271946, 50.170552354599998 ], [ 6.1000069873, 50.170734664500003 ], [ 6.0989277892, 50.170224870200002 ], [ 6.0982058145, 50.170097323100002 ], [ 6.0974309687, 50.1696484056 ], [ 6.0959467795, 50.169562529700002 ], [ 6.0951139061, 50.169307801800002 ], [ 6.0944671279, 50.169423227400003 ], [ 6.0939907105, 50.169287249 ], [ 6.0933688881, 50.1695469398 ], [ 6.0931635856, 50.169398283200003 ], [ 6.0925625493, 50.1693843324 ], [ 6.0924996258, 50.169837745099997 ], [ 6.0919164155, 50.1697888128 ], [ 6.0910235115, 50.1702652468 ], [ 6.0904092026, 50.170211998200003 ], [ 6.0895520084, 50.170577767 ], [ 6.0887930744, 50.1706372393 ], [ 6.0870354289, 50.171273025799998 ], [ 6.0866670914, 50.1716183964 ], [ 6.0850709491, 50.172006452300003 ], [ 6.0833501691, 50.171852417499998 ], [ 6.0792041295, 50.170789486099999 ], [ 6.0799053288, 50.169483228 ], [ 6.0789291766, 50.168055729400002 ], [ 6.0802407508, 50.164024202500002 ], [ 6.0805111724, 50.162521954500001 ], [ 6.0802292158, 50.161187813399998 ], [ 6.0790728448, 50.159977236899998 ], [ 6.0786012298, 50.1585365217 ], [ 6.0785193183, 50.157178236599997 ], [ 6.0787926836, 50.156500758500002 ], [ 6.0773610329, 50.156936698 ], [ 6.0768251719, 50.156810635900001 ], [ 6.0756921146, 50.156887009899997 ], [ 6.0754065521, 50.157092002699997 ], [ 6.0748245607, 50.157073695800001 ], [ 6.0741895908, 50.1574736102 ], [ 6.0720104808, 50.157389710499999 ], [ 6.0710208291, 50.156827613099999 ], [ 6.0707519948, 50.156845954799998 ], [ 6.0707668251, 50.156652454099998 ], [ 6.0702758679, 50.1566613233 ], [ 6.0688391393, 50.1552969026 ], [ 6.0657697205, 50.1540146038 ], [ 6.0645262928, 50.153785709600001 ], [ 6.0646254806, 50.153630833900003 ], [ 6.0641982641, 50.153442651399999 ], [ 6.0634565827, 50.153341301499999 ], [ 6.0633527489, 50.153591854200002 ], [ 6.0626258087, 50.153859000600001 ], [ 6.0614501275, 50.1536408507 ], [ 6.0570192503, 50.154345119699997 ], [ 6.0553727473, 50.155141188400002 ], [ 6.0502912506, 50.156819149699999 ], [ 6.0457242542, 50.157686722900003 ], [ 6.0456536485, 50.157590616299998 ], [ 6.045169783, 50.157699465100002 ], [ 6.04314433, 50.158628294099998 ], [ 6.0400462363, 50.159403373499998 ], [ 6.0372424455, 50.160558398699997 ], [ 6.0352174801, 50.161906650799999 ], [ 6.0335921018, 50.162271446399998 ], [ 6.0313927039, 50.163916725599996 ], [ 6.029410096, 50.165983624 ], [ 6.0292470808, 50.166373962100003 ], [ 6.029576935, 50.1673652733 ], [ 6.0293483086, 50.168915701499998 ], [ 6.0295620239, 50.170738902099998 ], [ 6.0291487314, 50.172859102300002 ], [ 6.028114148, 50.1752189268 ], [ 6.0273731109, 50.176462117299998 ], [ 6.0264465328, 50.177489647900003 ], [ 6.0247808824, 50.182798870600003 ], [ 6.0222057813, 50.182433679900001 ], [ 6.0201850914, 50.181703282400001 ], [ 6.0179741886, 50.181321934300001 ], [ 6.0175724583, 50.181169898100002 ], [ 6.0170208709, 50.180575667799999 ], [ 6.0148698784, 50.179843255900003 ], [ 6.0132122949, 50.178983395 ], [ 6.011505513, 50.178496246599998 ], [ 6.0095132221, 50.178254547800002 ], [ 6.0030103412, 50.176334048900003 ], [ 5.9997365886, 50.175853644699998 ], [ 5.9892958674, 50.1752017118 ], [ 5.9710650211, 50.1750172789 ], [ 5.9707366114, 50.1748675507 ], [ 5.9694908457, 50.173403057400002 ], [ 5.9683561564, 50.172849620800001 ], [ 5.9651017888, 50.173059093 ], [ 5.9636792815, 50.172629946500003 ], [ 5.9642549927, 50.171257486 ], [ 5.964331546, 50.167623967600001 ], [ 5.9640533695, 50.166596366699999 ], [ 5.9641290887, 50.164931713199998 ], [ 5.9637905862, 50.163982705400002 ], [ 5.9617894654, 50.161367473299997 ], [ 5.9615946051, 50.160828915099998 ], [ 5.9635923852, 50.1610733256 ], [ 5.9643063455, 50.158236671200001 ], [ 5.9670680289, 50.155432793700001 ], [ 5.967152268, 50.155160743700002 ], [ 5.9663961341, 50.154323003199998 ], [ 5.9654177737, 50.153714318799999 ], [ 5.9629350139, 50.153054847500002 ], [ 5.9626882426, 50.153334753499998 ], [ 5.9581365038, 50.151393880299999 ], [ 5.9588246229, 50.151176862699998 ], [ 5.9586994029, 50.150525641900003 ], [ 5.96120937, 50.149810565800003 ], [ 5.9605712328, 50.148880900499996 ], [ 5.9601728222, 50.147552908900003 ], [ 5.9603266092, 50.146530811399998 ], [ 5.9610031034, 50.144843803400001 ], [ 5.961345776, 50.142564142300003 ], [ 5.9585396221, 50.138862739300002 ], [ 5.9598298117, 50.134267979599997 ], [ 5.96046038, 50.132754409 ], [ 5.9613313167, 50.131360192300001 ], [ 5.9596739371, 50.131006732300001 ], [ 5.9546668771, 50.131090733699999 ], [ 5.9540088897, 50.130973572 ], [ 5.9537400526, 50.130675466500001 ], [ 5.9540149952, 50.130191166099998 ], [ 5.9500014716, 50.12918222 ], [ 5.9476479421, 50.129122531299998 ], [ 5.9467921165, 50.129259305200002 ], [ 5.9451050738, 50.129101845900003 ], [ 5.9434284158, 50.129155022600003 ], [ 5.9426435485, 50.128999864900003 ], [ 5.9427482092, 50.128836391599997 ], [ 5.9382454244, 50.127560854 ], [ 5.937173018, 50.1269358841 ], [ 5.9362868265, 50.127014596599999 ], [ 5.9343144917, 50.126746363599999 ], [ 5.9341384327, 50.126946590899998 ], [ 5.9319200569, 50.126469726800003 ], [ 5.9296603175, 50.126187805199997 ], [ 5.9258983329, 50.124405479899998 ], [ 5.9216361637, 50.123224328600003 ], [ 5.917409456, 50.121537963500003 ], [ 5.9159478585, 50.121541930399999 ], [ 5.9140957685, 50.121898937300003 ], [ 5.911187816, 50.120735763900001 ], [ 5.9104215273, 50.119779679 ], [ 5.9095220779, 50.119085969799997 ], [ 5.9034912457, 50.1172109679 ], [ 5.9023950992, 50.116620934899998 ], [ 5.9008266795, 50.1161229119 ], [ 5.8983046009, 50.113669894899999 ], [ 5.8953149065, 50.112160565799996 ], [ 5.8955021434, 50.111100902399997 ], [ 5.8950411075, 50.109182537400002 ], [ 5.8953217645, 50.10551229 ], [ 5.8943676179, 50.1030633739 ], [ 5.8945918586, 50.101086270099998 ], [ 5.8919787698, 50.099320577500002 ], [ 5.8909089787, 50.097380744100001 ], [ 5.8892857507, 50.095546776399999 ], [ 5.8883322255, 50.093351998400003 ], [ 5.8864545468, 50.0904111165 ], [ 5.8872995544, 50.085651107700002 ], [ 5.8872347762, 50.083871496599997 ], [ 5.8875480742, 50.081916388899998 ], [ 5.8872382044, 50.079404035 ], [ 5.8864542126, 50.078393395299997 ], [ 5.8855425552, 50.077844838099999 ], [ 5.8835208246, 50.077148849499999 ], [ 5.8826294404, 50.076557516 ], [ 5.8823538985, 50.076045607200001 ], [ 5.8821969567, 50.076821758500003 ], [ 5.8788764795, 50.076420431300001 ], [ 5.872899818, 50.075055000799999 ], [ 5.8677156259, 50.073349075599999 ], [ 5.867884824, 50.072084846400003 ], [ 5.8659314436, 50.070653994099999 ], [ 5.8627350878, 50.069520418899998 ], [ 5.8606610323, 50.069209514699999 ], [ 5.8584430593, 50.066806766 ], [ 5.8569289285, 50.064424683 ], [ 5.8564509704, 50.062124382699999 ], [ 5.8566724033, 50.061608634300001 ], [ 5.8548226012, 50.0600236489 ], [ 5.8542426768, 50.058880612499998 ], [ 5.8556452695, 50.0578422902 ], [ 5.8559886019, 50.057863790100001 ], [ 5.8560664688, 50.0576628763 ], [ 5.8564670617, 50.057681102899998 ], [ 5.857507822, 50.0550212192 ], [ 5.8586692038, 50.054985402 ], [ 5.8605819126, 50.054415134400003 ], [ 5.8610866357, 50.054992782699998 ], [ 5.8613209541, 50.054523754599998 ], [ 5.8636954916, 50.053010891900001 ], [ 5.8657806676, 50.0511641103 ], [ 5.8673390269, 50.050158846899997 ], [ 5.8686805589, 50.047695374500002 ], [ 5.8699251462, 50.045930690399999 ], [ 5.8674834478, 50.0453374672 ], [ 5.8683698661, 50.044204308399998 ], [ 5.8684429821, 50.0438392099 ], [ 5.8674420697, 50.043263620499999 ], [ 5.8671917263, 50.043417122100003 ], [ 5.8652989618, 50.042697211700002 ], [ 5.8653663041, 50.0424325133 ], [ 5.8632529929, 50.042206437799997 ], [ 5.8633100136, 50.041778385800001 ], [ 5.8622968931, 50.041130005699998 ], [ 5.8629564911, 50.040206243 ], [ 5.8625749922, 50.040085275 ], [ 5.8632962372, 50.039396625899997 ], [ 5.8636520367, 50.039375413800002 ], [ 5.8624632088, 50.0390152465 ], [ 5.8611887332, 50.038883349 ], [ 5.859822379, 50.038396281899999 ], [ 5.8576566967, 50.036948733499997 ], [ 5.8560667123, 50.036273216700003 ], [ 5.8561191818, 50.036039841799997 ], [ 5.8568559108, 50.035704028399998 ], [ 5.8565132992, 50.035394086099998 ], [ 5.8580733783, 50.034686629 ], [ 5.8575210309, 50.033225337399998 ], [ 5.8577415873, 50.032866715799997 ], [ 5.8588793976, 50.031992815099997 ], [ 5.8592622067, 50.031373649099997 ], [ 5.8591920517, 50.031257064599998 ], [ 5.8589411589, 50.031338525499997 ], [ 5.8590840487, 50.030996120300003 ], [ 5.8594479079, 50.030916397200002 ], [ 5.8590245, 50.030260433199999 ], [ 5.8598756227, 50.028874244699999 ], [ 5.8590936298, 50.02846248 ], [ 5.8567801641, 50.028344420700002 ], [ 5.8532376545, 50.027564496899998 ], [ 5.8535762182, 50.027228453200003 ], [ 5.8537044302, 50.026597909099998 ], [ 5.8515203086, 50.026100817200003 ], [ 5.8524569284, 50.022900485299999 ], [ 5.8506647134, 50.022558021800002 ], [ 5.8497700485, 50.022223320400002 ], [ 5.8463803521, 50.020783628799997 ], [ 5.8438091698, 50.019374693099998 ], [ 5.8425722902, 50.019500494299997 ], [ 5.8417277471, 50.018601912900003 ], [ 5.841501035, 50.0187176843 ], [ 5.8411293031, 50.018330862799999 ], [ 5.840746079, 50.018333354600003 ], [ 5.840678252, 50.019027293599997 ], [ 5.840150425, 50.019122211199999 ], [ 5.8401295909, 50.019416362900003 ], [ 5.8395386087, 50.019225636800002 ], [ 5.8383706923, 50.019210519799998 ], [ 5.8384706312, 50.018929619600002 ], [ 5.8374745385, 50.018670432699999 ], [ 5.8360226463, 50.018732593300001 ], [ 5.8337521438, 50.018419734699997 ], [ 5.8323931424, 50.017949508100003 ], [ 5.832870483, 50.017300690299997 ], [ 5.8325087903, 50.017085047 ], [ 5.8315246618, 50.016548570600001 ], [ 5.8293019083, 50.015766581199998 ], [ 5.8301334861, 50.014838502700002 ], [ 5.8277546061, 50.014847984799999 ], [ 5.8274367083, 50.014072360900002 ], [ 5.8258572766, 50.014919116199998 ], [ 5.8254573358, 50.014400370899999 ], [ 5.8241620107, 50.014968553899998 ], [ 5.8228863815, 50.0140102294 ], [ 5.8222897061, 50.014403603399998 ], [ 5.8215235153, 50.013959085800003 ], [ 5.8198665588, 50.0133800021 ], [ 5.8189870003, 50.012805351799997 ], [ 5.8200537688, 50.0112333398 ], [ 5.8193722692, 50.011214846500003 ], [ 5.8199966325, 50.009348330500003 ], [ 5.8211092818, 50.007217169800001 ], [ 5.8222363406, 50.005890790300001 ], [ 5.8215784632, 50.005453939399999 ], [ 5.8204280793, 50.005172101 ], [ 5.8213548443, 50.003744663 ], [ 5.8208261636, 50.003512428 ], [ 5.821666702, 50.002843287099999 ], [ 5.8216980689, 50.001812359500001 ], [ 5.8206827202, 50.000808671100003 ], [ 5.8208473211, 50.000179608400003 ], [ 5.8227263289, 49.997935007400002 ], [ 5.8235943582, 49.996989945599999 ], [ 5.8246867965, 49.996745750099997 ], [ 5.8271516558, 49.9957795889 ], [ 5.8296450566, 49.994140839400004 ], [ 5.8324242444, 49.990513107600002 ], [ 5.8357110347, 49.991184078800003 ], [ 5.8366353254, 49.991157407099998 ], [ 5.839439903, 49.989639031099998 ], [ 5.8401338187, 49.989436061399999 ], [ 5.8410435886, 49.989470682300002 ], [ 5.8441209681, 49.990026081700002 ], [ 5.8463934042, 49.990123712100001 ], [ 5.848471271, 49.989954080499999 ], [ 5.8514285633, 49.9901193197 ], [ 5.8512971402, 49.988391675099997 ], [ 5.8534383561, 49.9888852164 ], [ 5.8554639971, 49.989545369 ], [ 5.8558169047, 49.989516045899997 ], [ 5.8565308318, 49.9903712865 ], [ 5.8561551739, 49.990917374600002 ], [ 5.8576385389, 49.990751198 ], [ 5.8577851706, 49.990599210399999 ], [ 5.8580134008, 49.990741885600002 ], [ 5.8586344843, 49.990417582 ], [ 5.8592625284, 49.990534966399998 ], [ 5.8595978382, 49.9903204632 ], [ 5.8593114588, 49.989969679200001 ], [ 5.8599402362, 49.989275306899998 ], [ 5.8597704979, 49.989153414500002 ], [ 5.8591501903, 49.989215924900002 ], [ 5.8586426625, 49.987476428900003 ], [ 5.8592929835, 49.987156272100002 ], [ 5.8597825656, 49.9876737202 ], [ 5.8607732775, 49.988013194600001 ], [ 5.8593082023, 49.986995905100002 ], [ 5.8653480314, 49.989219628699999 ], [ 5.8669036748, 49.990564444299999 ], [ 5.868752143, 49.989205977099999 ], [ 5.8686138329, 49.990015685899998 ], [ 5.8716069279, 49.991267733199997 ], [ 5.8712286345, 49.993135545500003 ], [ 5.8709434289, 49.993253671 ], [ 5.8715397585, 49.994740023299997 ], [ 5.8711145596, 49.994977194199997 ], [ 5.8710703436, 49.995677587899998 ], [ 5.8702932311, 49.996929846199997 ], [ 5.8691725395, 49.997977467299997 ], [ 5.8697464848, 49.998139410100002 ], [ 5.8692379482, 49.998939394 ], [ 5.8692168688, 49.999456909099997 ], [ 5.8699366894, 49.999787373099998 ], [ 5.870825043, 50.000205353299997 ], [ 5.874636516, 49.998923886199997 ], [ 5.8764817682, 49.998157533300002 ], [ 5.8774272738, 49.997288151799999 ], [ 5.8809691578, 49.995823243300002 ], [ 5.8835752345, 49.994413175699997 ], [ 5.8842710838, 49.994274219499999 ], [ 5.8844930995, 49.993987471799997 ], [ 5.885372879, 49.993728269599998 ], [ 5.8856472309, 49.993084547199999 ], [ 5.886769399, 49.992752111 ], [ 5.8874851326, 49.992177453799997 ], [ 5.8892981418, 49.991916593 ], [ 5.89065506, 49.991549232 ], [ 5.8908799555, 49.991546899900001 ], [ 5.8908493343, 49.991838422299999 ], [ 5.8903999744, 49.9923530238 ], [ 5.89104695, 49.993295422099997 ], [ 5.8925926111, 49.992829377200003 ], [ 5.894862406, 49.992854838699998 ], [ 5.8950737136, 49.992300868299999 ], [ 5.8966707671, 49.992447955400003 ], [ 5.8972944135, 49.992719444099997 ], [ 5.8979496445, 49.9933847382 ], [ 5.8988126087, 49.993601024299998 ], [ 5.8977807357, 49.995825145700003 ], [ 5.8963904814, 49.997564431299999 ], [ 5.8976902713, 49.997797441499998 ], [ 5.8987543498, 49.996107193100002 ], [ 5.8988388358, 49.995045260799998 ], [ 5.8995477748, 49.993966439 ], [ 5.8995840311, 49.9933237706 ], [ 5.9003490943, 49.9932843116 ], [ 5.9028794758, 49.994129386399997 ], [ 5.9038867141, 49.994226741299997 ], [ 5.9039115352, 49.994043375099999 ], [ 5.9048708134, 49.993622908500001 ], [ 5.9051913811, 49.993282833 ], [ 5.9061294001, 49.992964205299998 ], [ 5.9060770546, 49.993560422 ], [ 5.90670235, 49.995056978900003 ], [ 5.9078120553, 49.995205433499997 ], [ 5.9082796076, 49.995667641200001 ], [ 5.9094006489, 49.996566077200001 ], [ 5.9095847259, 49.996969211600003 ], [ 5.9103384857, 49.997372196699999 ], [ 5.9105753247, 49.997334565499997 ], [ 5.9107625887, 49.9975525925 ], [ 5.9109366367, 49.998200160700002 ], [ 5.910328608, 49.999226105399998 ], [ 5.9100692298, 50.000203372599998 ], [ 5.9152391504, 50.002127998699997 ], [ 5.9196814565, 50.0041540084 ], [ 5.9199865493, 50.004058569400001 ], [ 5.9205456407, 50.006996104199999 ], [ 5.9204266727, 50.007972280099999 ], [ 5.9211411046, 50.008172988399998 ], [ 5.9209774056, 50.008966448 ], [ 5.9230913357, 50.009383825100002 ], [ 5.9231272546, 50.008109197899998 ], [ 5.9268697179, 50.008053043 ], [ 5.9278063097, 50.0086208524 ], [ 5.9282152071, 50.010252102700001 ], [ 5.9287208765, 50.010821992 ], [ 5.9283185647, 50.011294049900002 ], [ 5.9277560125, 50.0115618289 ], [ 5.9254606548, 50.0117338027 ], [ 5.9252069555, 50.012550086499999 ], [ 5.9250053596, 50.012563655 ], [ 5.9256984376, 50.013161944300002 ], [ 5.9242491193, 50.014335616399997 ], [ 5.9237136062, 50.015685164099999 ], [ 5.9240426223, 50.01592979 ], [ 5.9238702018, 50.016097755499999 ], [ 5.924539193, 50.016327476199997 ], [ 5.9259915121, 50.016730414199998 ], [ 5.9263783359, 50.016579253300002 ], [ 5.9269341355, 50.016744363 ], [ 5.9269590537, 50.018107257099999 ], [ 5.9281814155, 50.018307722499998 ], [ 5.9289508798, 50.018853168699998 ], [ 5.9285518792, 50.018956313499999 ], [ 5.9281493, 50.019780288900002 ], [ 5.9305168931, 50.019803958899999 ], [ 5.930053979, 50.020913729599997 ], [ 5.9270082033, 50.021293359 ], [ 5.9278817793, 50.023047719899999 ], [ 5.9277684772, 50.023377414800002 ], [ 5.9270600294, 50.023638694500001 ], [ 5.9283668463, 50.024976056500002 ], [ 5.9293074261, 50.025122949100002 ], [ 5.929095464, 50.025517991599997 ], [ 5.9293816089, 50.025490789199999 ], [ 5.9296643237, 50.025709096900002 ], [ 5.9301289637, 50.025513095100003 ], [ 5.9311214386, 50.0248782858 ], [ 5.9318837478, 50.023743101 ], [ 5.9318207754, 50.022040161299998 ], [ 5.9313799999, 50.021169259099999 ], [ 5.9314860515, 50.020413141500001 ], [ 5.9327084103, 50.019993726700001 ], [ 5.9348632566, 50.019880556899999 ], [ 5.9363547142, 50.019328234 ], [ 5.9379106992, 50.020751771 ], [ 5.9387781044, 50.021932209200003 ], [ 5.9409741273, 50.0231867209 ], [ 5.942139143, 50.0240827366 ], [ 5.942634206, 50.0249974675 ], [ 5.9433455942, 50.025416741100003 ], [ 5.9461088739, 50.025845107099997 ], [ 5.9479841062, 50.026305366099997 ], [ 5.9483824232, 50.026587282500003 ], [ 5.9483985263, 50.026993101800002 ], [ 5.9488571117, 50.027071894 ], [ 5.9487965808, 50.0272361958 ], [ 5.9496491004, 50.027446751100001 ], [ 5.9507182852, 50.027947185099997 ], [ 5.9514148097, 50.027943510699998 ], [ 5.9544737756, 50.027368471099997 ], [ 5.954906975, 50.027668904099997 ], [ 5.9545280416, 50.028052817800003 ], [ 5.9569733433, 50.028859285300001 ], [ 5.9570466691, 50.028504191099998 ], [ 5.9568120306, 50.028509735500002 ], [ 5.9556655044, 50.027499112800001 ], [ 5.9552038566, 50.027687751199998 ], [ 5.9546377033, 50.027209372400002 ], [ 5.9554512581, 50.026248135800003 ], [ 5.9577424279, 50.027096345 ], [ 5.9609442669, 50.028564101100002 ], [ 5.9625267061, 50.030059472799998 ], [ 5.9635133659, 50.030433553400002 ], [ 5.964273913, 50.030394159399997 ], [ 5.9661781903, 50.0319744536 ], [ 5.9690429279, 50.031874382200002 ], [ 5.972607957, 50.032209515600002 ], [ 5.9730053886, 50.031647879799998 ], [ 5.9730010487, 50.0311839883 ], [ 5.971774506, 50.029053651700004 ], [ 5.9712582637, 50.028625892100003 ], [ 5.969878851, 50.028039685099998 ], [ 5.970939397, 50.027334679500001 ], [ 5.9689313417, 50.026644034 ], [ 5.9698987762, 50.026003528399997 ], [ 5.9714042315, 50.025323242299997 ], [ 5.9717794513, 50.0241961686 ], [ 5.9732483809, 50.024484553500002 ], [ 5.9761465274, 50.024134457599999 ], [ 5.9762074489, 50.0232347663 ], [ 5.9773641264, 50.022401288499999 ], [ 5.9783156985, 50.0209409088 ], [ 5.9782746456, 50.0203931936 ], [ 5.9778165888, 50.019889327900003 ], [ 5.9777117017, 50.019406535599998 ], [ 5.9765883116, 50.017940829499999 ], [ 5.9801831362, 50.018029552100003 ], [ 5.9842186367, 50.019973518599997 ], [ 5.9850108314, 50.017155447500002 ], [ 5.9858526097, 50.017356262500002 ], [ 5.9866546451, 50.016484341100004 ], [ 5.9869786987, 50.016340855 ], [ 5.9871759056, 50.0164297703 ], [ 5.9874574251, 50.016175455499997 ], [ 5.9876246198, 50.0162495613 ], [ 5.9884717911, 50.015160786199999 ], [ 5.9851470703, 50.014155950599999 ], [ 5.9850509797, 50.012311792 ], [ 5.9880447765, 50.013621235800002 ], [ 5.9877491827, 50.013935756899997 ], [ 5.9895525534, 50.014762778700003 ], [ 5.9906013452, 50.013870682099999 ], [ 5.9909727375, 50.014062346199999 ], [ 5.9915658901, 50.013636040800002 ], [ 5.9927814776, 50.013187600199998 ], [ 5.9936587647, 50.013323393699999 ], [ 5.9947196463, 50.013182451 ], [ 5.9946827413, 50.013058616599999 ], [ 5.9961702292, 50.012577747599998 ], [ 5.996568955, 50.012192944 ], [ 5.997700744, 50.012238745600001 ], [ 5.9992728608, 50.0118697017 ], [ 5.9991798814, 50.011460091300002 ], [ 6.0004342358, 50.011483990199999 ], [ 6.0007185822, 50.011364053299999 ], [ 6.0036750753, 50.011629742700002 ], [ 6.0036913441, 50.011534647399998 ], [ 6.0044484042, 50.011648837700001 ], [ 6.004908452, 50.011964837699999 ], [ 6.0054303578, 50.011668209600003 ], [ 6.0057957658, 50.011676432199998 ], [ 6.0064355225, 50.011454709600002 ], [ 6.0057682377, 50.010719385900003 ], [ 6.0067468565, 50.009740414 ], [ 6.0069126897, 50.009441748900002 ], [ 6.0065555609, 50.009348708 ], [ 6.0072674935, 50.008638435199998 ], [ 6.0083442685, 50.008088902700003 ], [ 6.0095417812, 50.007996271800003 ] ] ] ] } },
{ "type": "Feature", "properties": { "name": "Diekirch", "district": "Diekirch" }, "geometry": { "type": "MultiPolygon", "coordinates": [ [ [ [ 6.2556911509, 49.823481696499996 ], [ 6.254675073, 49.8301312436 ], [ 6.2714555522, 49.841085683700001 ], [ 6.268422372, 49.841228238900001 ], [ 6.2663201708, 49.841821981099997 ], [ 6.2627790314, 49.845028202 ], [ 6.2669692862, 49.847265336 ], [ 6.2667849648, 49.847421230199998 ], [ 6.2686778515, 49.848536333299997 ], [ 6.2694987509, 49.849209073099999 ], [ 6.2769141602, 49.8483241964 ], [ 6.2791091034, 49.8478586405 ], [ 6.2860819156, 49.847043514600003 ], [ 6.2870882326, 49.847143488100002 ], [ 6.289526166, 49.8477121345 ], [ 6.2920876328, 49.847652564900002 ], [ 6.2933345302, 49.847476329300001 ], [ 6.2960689276, 49.848106622499998 ], [ 6.2970251278, 49.848489231 ], [ 6.2982010664, 49.848540809200003 ], [ 6.2997616854, 49.848299884500001 ], [ 6.3026982167, 49.846807245199997 ], [ 6.3049471972, 49.846269912899999 ], [ 6.3053773186, 49.8463689274 ], [ 6.3056335265, 49.846751685800001 ], [ 6.3067329286, 49.847501634300002 ], [ 6.3083629024, 49.847755660600001 ], [ 6.3103966386, 49.847793948099998 ], [ 6.3104456329, 49.850107932500002 ], [ 6.3096634038, 49.8525631133 ], [ 6.3097537678, 49.853917889500003 ], [ 6.3092183385, 49.854926539399997 ], [ 6.3074511818, 49.857250833099997 ], [ 6.3141331751, 49.8598819965 ], [ 6.3135829376, 49.860887960200003 ], [ 6.3134097282, 49.862112799099997 ], [ 6.3143105073, 49.864888598500002 ], [ 6.3140115915, 49.866219056799999 ], [ 6.3136792651, 49.867081145699999 ], [ 6.3129304077, 49.868060806400003 ], [ 6.3117351191, 49.869128507 ], [ 6.3106216705, 49.869802476300002 ], [ 6.3093829217, 49.869881959399997 ], [ 6.3073869425, 49.869550200100001 ], [ 6.3052909227, 49.8687112848 ], [ 6.3009690595, 49.866533774399997 ], [ 6.2998229209, 49.866223476599998 ], [ 6.2982245934, 49.866065530599997 ], [ 6.297127921, 49.866140757300002 ], [ 6.2958541261, 49.866671814199997 ], [ 6.2945523046, 49.867610710400001 ], [ 6.2929835107, 49.869120470299997 ], [ 6.2915453989, 49.871381053 ], [ 6.2913916442, 49.872721095300001 ], [ 6.2917788652, 49.873994835799998 ], [ 6.2914834998, 49.8744725532 ], [ 6.2896150381, 49.875082754200001 ], [ 6.2881932935, 49.8750961139 ], [ 6.2871418934, 49.874896446299999 ], [ 6.286549169, 49.875019078100003 ], [ 6.2854003663, 49.875799154600003 ], [ 6.2829225094, 49.878470015 ], [ 6.2812653456, 49.878785221500003 ], [ 6.2800900101, 49.878643151600002 ], [ 6.2796343877, 49.878501929599999 ], [ 6.278437394, 49.877593272699997 ], [ 6.2766117165, 49.876803541299999 ], [ 6.2758651114, 49.8766334042 ], [ 6.2730448014, 49.87706267 ], [ 6.2702645, 49.878657793499997 ], [ 6.2673061447, 49.879436398199999 ], [ 6.2665861194, 49.879523920499999 ], [ 6.2653321516, 49.880057770299999 ], [ 6.2616616945, 49.8809771381 ], [ 6.2614419533, 49.881559960399997 ], [ 6.2608566062, 49.882155601900003 ], [ 6.2589091389, 49.883234867799999 ], [ 6.2579823392, 49.885773932799999 ], [ 6.2563536982, 49.887437409 ], [ 6.2548967719, 49.888268394299999 ], [ 6.2503851806, 49.890364407200003 ], [ 6.2501721286, 49.8912596244 ], [ 6.2495422256, 49.892450262 ], [ 6.2480074544, 49.8935455377 ], [ 6.2473053662, 49.894267454199998 ], [ 6.2470099326, 49.8949350989 ], [ 6.2465346515, 49.895265603200002 ], [ 6.2459578571, 49.895490014 ], [ 6.2422968376, 49.8956971032 ], [ 6.2400814441, 49.896161332299997 ], [ 6.2384755445, 49.896881691499999 ], [ 6.2367725903, 49.898310964799997 ], [ 6.235389025, 49.899145552199997 ], [ 6.2348261058, 49.8988610611 ], [ 6.2344765212, 49.8982959115 ], [ 6.2324354498, 49.897659413500001 ], [ 6.2317090285, 49.896864137800002 ], [ 6.231164793, 49.895884109100002 ], [ 6.2286635272, 49.8927345046 ], [ 6.2257690179, 49.892644514399997 ], [ 6.2243084488, 49.892876569800002 ], [ 6.2217748023, 49.892922562599999 ], [ 6.2186146599, 49.893273919 ], [ 6.2172529343, 49.893050739499998 ], [ 6.2102434128, 49.889131059699999 ], [ 6.208365606, 49.887804104399997 ], [ 6.2073768176, 49.888185291500001 ], [ 6.2053382267, 49.888573293199997 ], [ 6.2044246991, 49.887889767399997 ], [ 6.2024245016, 49.888274828699998 ], [ 6.2001875954, 49.886044926300002 ], [ 6.1999156235, 49.886139224499999 ], [ 6.198421041, 49.884437721099999 ], [ 6.1937779515, 49.886228001399999 ], [ 6.1941128436, 49.886656774400002 ], [ 6.1929753642, 49.8870598102 ], [ 6.1905324258, 49.8836074982 ], [ 6.1901500565, 49.882709506 ], [ 6.1902233705, 49.8815124861 ], [ 6.1899769053, 49.881097439800001 ], [ 6.1888092463, 49.879785002600002 ], [ 6.1885092551, 49.8796956288 ], [ 6.1880408619, 49.879832469599997 ], [ 6.1902920994, 49.8744102717 ], [ 6.1903277917, 49.874167123100001 ], [ 6.1900549367, 49.874117297399998 ], [ 6.189536543, 49.873005127500001 ], [ 6.1884443922, 49.8722691201 ], [ 6.1884707496, 49.871943700800003 ], [ 6.1894703631, 49.871148448200003 ], [ 6.1898441572, 49.870826764299999 ], [ 6.1885195692, 49.870725187799998 ], [ 6.1878738301, 49.871472045300003 ], [ 6.1865398888, 49.871739439800002 ], [ 6.1847827862, 49.873100445299997 ], [ 6.1799267421, 49.872318772100002 ], [ 6.180656357, 49.872522533500003 ], [ 6.179899259, 49.873983778499998 ], [ 6.1776072407, 49.873772215300001 ], [ 6.1777396517, 49.875065472499998 ], [ 6.1764642962, 49.875068997600003 ], [ 6.1765374893, 49.876894440299999 ], [ 6.1751680677, 49.8769887367 ], [ 6.1745689263, 49.877382698700004 ], [ 6.1732011462, 49.877843985299997 ], [ 6.1729403853, 49.8776195935 ], [ 6.1710369583, 49.878729505300001 ], [ 6.1691092185, 49.879413807900001 ], [ 6.166923889, 49.880549719800001 ], [ 6.1657044884, 49.881388486299997 ], [ 6.1660842513, 49.881683822100001 ], [ 6.1651470363, 49.8821950313 ], [ 6.1645084542, 49.882373939600001 ], [ 6.1643507804, 49.881945615799999 ], [ 6.1635003969, 49.882033052 ], [ 6.1614486552, 49.881663617199997 ], [ 6.1606136983, 49.881978944099998 ], [ 6.1593303634, 49.882094815400002 ], [ 6.1582541614, 49.882410099700003 ], [ 6.1586336045, 49.882885613 ], [ 6.1560132239, 49.883935785200002 ], [ 6.155597459, 49.883790285800004 ], [ 6.1554242551, 49.883903225799997 ], [ 6.153064133, 49.886000102600001 ], [ 6.1516016409, 49.887895846 ], [ 6.150480304, 49.888597924800003 ], [ 6.1495387126, 49.888843569199999 ], [ 6.148242063, 49.889521243899999 ], [ 6.1468844385, 49.8904643487 ], [ 6.1467625665, 49.890945133599999 ], [ 6.1428158103, 49.889957521100001 ], [ 6.1428007429, 49.890143424800002 ], [ 6.1418379268, 49.890235865800001 ], [ 6.1406049427, 49.890778646400001 ], [ 6.1389448708, 49.890882652 ], [ 6.1387214129, 49.891528632099998 ], [ 6.1377784685, 49.891404281900002 ], [ 6.1380012447, 49.891907602899998 ], [ 6.1404750616, 49.8925182093 ], [ 6.1425305923, 49.892513981 ], [ 6.1433173282, 49.8921850463 ], [ 6.1439776889, 49.892585440300003 ], [ 6.1448424195, 49.8927368226 ], [ 6.1447510443, 49.8929713506 ], [ 6.1463544686, 49.893373779900003 ], [ 6.1445655524, 49.896199679699997 ], [ 6.1429881224, 49.895814538099998 ], [ 6.1411597827, 49.896025743400003 ], [ 6.1393005159, 49.8970809996 ], [ 6.136573488, 49.897932813200001 ], [ 6.1354777756, 49.898668467 ], [ 6.1349809993, 49.898434719500003 ], [ 6.1345265708, 49.897722055099997 ], [ 6.1328104383, 49.896823654199999 ], [ 6.1316398994, 49.895966618099997 ], [ 6.1308918669, 49.894182318200002 ], [ 6.1296067093, 49.894362645599998 ], [ 6.1291347631, 49.893705821300003 ], [ 6.1283248126, 49.893867769099998 ], [ 6.1275529738, 49.893386782500002 ], [ 6.1259787234, 49.893146077600001 ], [ 6.1255500967, 49.894681484700001 ], [ 6.1258727994, 49.895022297300002 ], [ 6.1255072219, 49.8952413652 ], [ 6.1263521086, 49.896382882099999 ], [ 6.1268785907, 49.897670810400001 ], [ 6.1275208715, 49.898166294500001 ], [ 6.1271827442, 49.898395509300002 ], [ 6.1305564039, 49.9006706674 ], [ 6.1317137076, 49.902260897700003 ], [ 6.1311893364, 49.902683534399998 ], [ 6.1300120357, 49.902580598500002 ], [ 6.1272425756, 49.902696248399998 ], [ 6.1247629874, 49.902517525199997 ], [ 6.1232571264, 49.902666782600001 ], [ 6.1217643458, 49.9030178812 ], [ 6.1198835786, 49.903843413700002 ], [ 6.1169552772, 49.905714911399997 ], [ 6.117467753, 49.905980272299999 ], [ 6.1178518012, 49.906696676700001 ], [ 6.1192333774, 49.907841743 ], [ 6.1186116558, 49.9089535954 ], [ 6.1176419178, 49.909086667399997 ], [ 6.1161433058, 49.908893475799999 ], [ 6.1143030824, 49.908400778599997 ], [ 6.1124993733, 49.908298843 ], [ 6.1123643263, 49.908013653399998 ], [ 6.1108336888, 49.908947818199998 ], [ 6.111063992, 49.9089592849 ], [ 6.1100327662, 49.909766463700002 ], [ 6.1085957892, 49.910473642900001 ], [ 6.1091165408, 49.910691251 ], [ 6.109492403, 49.910285327399997 ], [ 6.1103464458, 49.909900091399997 ], [ 6.111251249, 49.909705715699999 ], [ 6.1121690044, 49.9097084295 ], [ 6.1133483487, 49.910235684699998 ], [ 6.1136255031, 49.911882833600004 ], [ 6.1158816391, 49.911699755100003 ], [ 6.1158281493, 49.912407816600002 ], [ 6.1152606813, 49.9123973775 ], [ 6.1149737368, 49.914255941299999 ], [ 6.1141310448, 49.916250331400001 ], [ 6.113911066, 49.916414945900001 ], [ 6.1134383788, 49.916447767900003 ], [ 6.1137207818, 49.917110940599997 ], [ 6.1149574342, 49.917308217 ], [ 6.1153888898, 49.917843733200002 ], [ 6.1161949143, 49.917891794299997 ], [ 6.1168126231, 49.918308739099999 ], [ 6.1171687178, 49.918081523 ], [ 6.1188378828, 49.917718313 ], [ 6.1185964766, 49.918084422900002 ], [ 6.1187270013, 49.918139661399998 ], [ 6.1182224636, 49.918632237799997 ], [ 6.1170948053, 49.919199794900003 ], [ 6.1166172941, 49.918935077500002 ], [ 6.1155562115, 49.918837242400002 ], [ 6.1132257676, 49.918852336900002 ], [ 6.1123563982, 49.918685181800001 ], [ 6.1112138401, 49.918880161499999 ], [ 6.1087358642, 49.9197820451 ], [ 6.108739124, 49.920621302599997 ], [ 6.1081081072, 49.921110849 ], [ 6.106862197, 49.921313617800003 ], [ 6.1057149668, 49.9217873367 ], [ 6.1052897319, 49.9218544943 ], [ 6.1051119184, 49.9217484371 ], [ 6.1044042295, 49.922144393799996 ], [ 6.1019070488, 49.9226026905 ], [ 6.1007196694, 49.923111301500001 ], [ 6.099363538, 49.924128403899999 ], [ 6.0983551936, 49.924306585899998 ], [ 6.0965956567, 49.924165015200003 ], [ 6.0960329362, 49.9243765955 ], [ 6.0957369909, 49.9247762575 ], [ 6.0958056091, 49.925753433399997 ], [ 6.0953309024, 49.926456485599999 ], [ 6.095423498, 49.926898336500003 ], [ 6.0961540615, 49.927371570200002 ], [ 6.0945322278, 49.928996713899998 ], [ 6.0942674115, 49.929968214299997 ], [ 6.0944798615, 49.9303200202 ], [ 6.0942979635, 49.9309315478 ], [ 6.0940778278, 49.930936183199996 ], [ 6.0940138573, 49.9311569945 ], [ 6.0947196709, 49.931348117299997 ], [ 6.0951849534, 49.931661258600002 ], [ 6.0949489908, 49.932253702600001 ], [ 6.0942070233, 49.932576365499997 ], [ 6.0928618569, 49.932234177700003 ], [ 6.0914414067, 49.932492032 ], [ 6.0906901852, 49.932203015699997 ], [ 6.0900874607, 49.932201474599999 ], [ 6.0895489394, 49.932394078400002 ], [ 6.0887171453, 49.933029497299998 ], [ 6.0875760003, 49.934216184299999 ], [ 6.0870326406, 49.934115332099999 ], [ 6.08738472, 49.933303760100003 ], [ 6.0870136991, 49.933199600899997 ], [ 6.0860106651, 49.933161223799999 ], [ 6.0858122584, 49.933779082599997 ], [ 6.0855444707, 49.933908771 ], [ 6.0837735351, 49.9339201242 ], [ 6.0809121552, 49.933196731800003 ], [ 6.0796231488, 49.932665838600002 ], [ 6.0796800177, 49.932435302199998 ], [ 6.0790796199, 49.932355587300002 ], [ 6.0759052389, 49.9327121619 ], [ 6.0756841535, 49.932565859599997 ], [ 6.0748457453, 49.932990362 ], [ 6.0746843398, 49.933319469899999 ], [ 6.0744504789, 49.933126664299998 ], [ 6.0740110079, 49.933317338499997 ], [ 6.0737660197, 49.9338994461 ], [ 6.0710890852, 49.934552460699997 ], [ 6.0713153934, 49.9339596708 ], [ 6.0712078174, 49.933261056100001 ], [ 6.070935551, 49.932713558 ], [ 6.0703228421, 49.932328068300002 ], [ 6.0706847658, 49.933886675300002 ], [ 6.070591166, 49.934088353100002 ], [ 6.0700833831, 49.934288417099999 ], [ 6.0686106799, 49.9342210493 ], [ 6.0677257678, 49.934934085099997 ], [ 6.0667140717, 49.935052310099998 ], [ 6.065947061, 49.934924912900001 ], [ 6.0654763039, 49.935004606200003 ], [ 6.0653392863, 49.935235074200001 ], [ 6.0648420717, 49.9382152457 ], [ 6.0641920441, 49.939216264800002 ], [ 6.0632509109, 49.941583987 ], [ 6.0634225822, 49.942037252200002 ], [ 6.0643154625, 49.942906537600003 ], [ 6.0644269771, 49.943563634 ], [ 6.0649716857, 49.943950256599997 ], [ 6.0651213175, 49.944283117200001 ], [ 6.064252506, 49.945900671700002 ], [ 6.0634363357, 49.946296100799998 ], [ 6.063281661, 49.9466129666 ], [ 6.062704274, 49.946898255100002 ], [ 6.0625880453, 49.947305625699997 ], [ 6.0632153193, 49.948520012 ], [ 6.0641875854, 49.949145537699998 ], [ 6.0649459226, 49.948985944599997 ], [ 6.0653802386, 49.949245234400003 ], [ 6.065438576, 49.950508249199999 ], [ 6.0648706488, 49.951396062100002 ], [ 6.0639332359, 49.952084809299997 ], [ 6.0630383805, 49.952378779599997 ], [ 6.062830867, 49.952666467900002 ], [ 6.0627931421, 49.953242489200001 ], [ 6.0646542432, 49.954008015600003 ], [ 6.0645888906, 49.954401452500001 ], [ 6.0638296337, 49.954663947199997 ], [ 6.0618260509, 49.954947393799998 ], [ 6.061108776, 49.955251453700001 ], [ 6.0567504274, 49.953948739499999 ], [ 6.0556532004, 49.954040201399998 ], [ 6.0545142075, 49.953916749100003 ], [ 6.0530013302, 49.953199502300002 ], [ 6.0506752018, 49.952370847700003 ], [ 6.0507855447, 49.951966378400002 ], [ 6.0520891598, 49.951572521400003 ], [ 6.0541817194, 49.951356497399999 ], [ 6.054575171, 49.950881850599998 ], [ 6.0530836458, 49.950573197200001 ], [ 6.0524453254, 49.950257001799997 ], [ 6.0519972189, 49.949939769300002 ], [ 6.0521423145, 49.949713991700001 ], [ 6.0520020969, 49.949495294099997 ], [ 6.0503386104, 49.948030627900003 ], [ 6.0487420091, 49.9484035065 ], [ 6.047854675, 49.9484461917 ], [ 6.0468685794, 49.948814762300003 ], [ 6.0461733277, 49.948852706899999 ], [ 6.0434441901, 49.948066450900001 ], [ 6.0415957531, 49.947357578499997 ], [ 6.040396637, 49.947129084399997 ], [ 6.0395167303, 49.946344661700003 ], [ 6.038696822, 49.946013329099998 ], [ 6.0380318533, 49.94551904 ], [ 6.0368111779, 49.944314954399999 ], [ 6.0367325487, 49.942854946200001 ], [ 6.0371617087, 49.942210100099999 ], [ 6.03764089, 49.9400979256 ], [ 6.038234334, 49.938941933499997 ], [ 6.0400300993, 49.9384466793 ], [ 6.0416035584, 49.9385696577 ], [ 6.0421450608, 49.938391368 ], [ 6.0419057788, 49.937889332399997 ], [ 6.0411789199, 49.9374469049 ], [ 6.0412682767, 49.937073635700003 ], [ 6.0408455223, 49.936495428699999 ], [ 6.0409924933, 49.934702973699999 ], [ 6.0415366231, 49.934152078399997 ], [ 6.043829051, 49.933629359699999 ], [ 6.0443085365, 49.9331496143 ], [ 6.0443023067, 49.932658213899998 ], [ 6.0436664444, 49.931882287400001 ], [ 6.0435771788, 49.930793694099997 ], [ 6.0438866236, 49.930406955300001 ], [ 6.047141877, 49.9288757996 ], [ 6.0476439086, 49.9284488017 ], [ 6.0482655935, 49.927517421899999 ], [ 6.0494171079, 49.923961222700001 ], [ 6.0490994299, 49.923483719 ], [ 6.0478037177, 49.924391594 ], [ 6.0465397282, 49.924878758299997 ], [ 6.0410823151, 49.926038418700003 ], [ 6.0400996923, 49.926167465500001 ], [ 6.0394191125, 49.9260341795 ], [ 6.0381913333, 49.924834780499999 ], [ 6.0394184626, 49.922618997199997 ], [ 6.0396742749, 49.921361685100003 ], [ 6.0396399885, 49.920006641199997 ], [ 6.0390704776, 49.9192526796 ], [ 6.038247031, 49.919063909899997 ], [ 6.037744304, 49.919428463899997 ], [ 6.0375236848, 49.920123939900002 ], [ 6.0363583582, 49.919598501499998 ], [ 6.0348644994, 49.919484308 ], [ 6.0322109472, 49.918567830299999 ], [ 6.029272602, 49.916678421199997 ], [ 6.0275441513, 49.915962261899999 ], [ 6.0273321316, 49.915743230899999 ], [ 6.0254897126, 49.915725152699999 ], [ 6.0232780745, 49.916006286799998 ], [ 6.0224204082, 49.915906314399997 ], [ 6.0206019849, 49.914750661799999 ], [ 6.0215962561, 49.913481669299998 ], [ 6.0213512178, 49.912359217 ], [ 6.0209265792, 49.911481457699999 ], [ 6.02028782, 49.911209486700002 ], [ 6.0189014004, 49.910097174800001 ], [ 6.0185412026, 49.909607808200001 ], [ 6.0186398757, 49.909395973700001 ], [ 6.0214989961, 49.908711600399997 ], [ 6.0195761077, 49.905207513900002 ], [ 6.0173114037, 49.903728432800001 ], [ 6.0164490996, 49.902849918299999 ], [ 6.0178943258, 49.902421950099999 ], [ 6.0197982573, 49.901422578 ], [ 6.0202911508, 49.900149278299999 ], [ 6.0203102963, 49.900036965600002 ], [ 6.0195526945, 49.900012888600003 ], [ 6.0184272048, 49.899662526599997 ], [ 6.0174234205, 49.899150912499998 ], [ 6.0161469673, 49.898162003800003 ], [ 6.0146129842, 49.897729185800003 ], [ 6.014044436, 49.896410869900002 ], [ 6.014128861, 49.894567763600001 ], [ 6.0158108526, 49.894536859699997 ], [ 6.0158626465, 49.893786862600003 ], [ 6.011343513, 49.893285756700003 ], [ 6.0122481878, 49.8925677151 ], [ 6.0148512564, 49.8919500963 ], [ 6.0124528346, 49.891374976199998 ], [ 6.0132480691, 49.890252222800001 ], [ 6.0134087104, 49.889706717499998 ], [ 6.0127545342, 49.888316436099998 ], [ 6.0124704412, 49.888257834400001 ], [ 6.0130498111, 49.887065853800003 ], [ 6.0137159607, 49.886349766199999 ], [ 6.0135700931, 49.884468106100002 ], [ 6.0138499762, 49.883341085 ], [ 6.0136716388, 49.883349983400002 ], [ 6.0134392124, 49.882874172599998 ], [ 6.0119370603, 49.881681413199999 ], [ 6.011506358, 49.881112280099998 ], [ 6.0116182964, 49.880612949499998 ], [ 6.0122716669, 49.880564735900002 ], [ 6.0122715477, 49.8800498449 ], [ 6.0122632273, 49.879610859499998 ], [ 6.0118980413, 49.879536162599997 ], [ 6.0110450267, 49.879914015 ], [ 6.010656135, 49.879223202299997 ], [ 6.0101210505, 49.879139837099999 ], [ 6.0098360195, 49.879451540799998 ], [ 6.0086808856, 49.879466959399998 ], [ 6.0075300485, 49.879284552500003 ], [ 6.0069447151, 49.878995264 ], [ 6.005027572, 49.879155498599999 ], [ 6.0042593163, 49.878985865899999 ], [ 6.0032082495, 49.8791028889 ], [ 6.0014799465, 49.878908734100001 ], [ 6.0011260085, 49.878643832400002 ], [ 6.0012152945, 49.878369648499998 ], [ 6.001921262, 49.878390957800001 ], [ 6.0032004748, 49.878165672100003 ], [ 6.0018439108, 49.876984593400003 ], [ 5.9996846075, 49.875977406399997 ], [ 5.9980710694, 49.876558454300003 ], [ 5.9970157379, 49.878611943 ], [ 5.9960061287, 49.878018768 ], [ 5.9934164291, 49.877038051600003 ], [ 5.9944863722, 49.876256758700002 ], [ 5.9936127976, 49.875502348 ], [ 5.9936117864, 49.875039330900002 ], [ 5.9924389158, 49.874249660099998 ], [ 5.9924044085, 49.873230263300002 ], [ 5.9930319094, 49.872821766900003 ], [ 5.996118134, 49.872964520799997 ], [ 5.996492499, 49.8722573238 ], [ 5.9951473221, 49.870250215699997 ], [ 5.9935418975, 49.869766573100001 ], [ 5.9944165847, 49.868745082 ], [ 5.9945136262, 49.868173810800002 ], [ 5.9957385569, 49.866269027 ], [ 5.9977944004, 49.865117160799997 ], [ 5.9936662196, 49.863327911 ], [ 5.9941326503, 49.862494755900002 ], [ 5.9934835263, 49.862290489300001 ], [ 5.9921101739, 49.862213998900003 ], [ 5.9911393092, 49.8617702532 ], [ 5.9905715797, 49.861696394799999 ], [ 5.9900939839, 49.861296689600003 ], [ 5.9877815272, 49.862678101900002 ], [ 5.985463737, 49.862899032100003 ], [ 5.9864354348, 49.862343843600001 ], [ 5.9858369523, 49.862025540099999 ], [ 5.9862034127, 49.861739150399998 ], [ 5.9863985129, 49.861221100900003 ], [ 5.9861809018, 49.8603454888 ], [ 5.9866058596, 49.8589500613 ], [ 5.9861545931, 49.858595207900002 ], [ 5.9866648428, 49.858012404500002 ], [ 5.9867674423, 49.857371461 ], [ 5.9823120905, 49.856288371 ], [ 5.9812360874, 49.856241427100002 ], [ 5.9814688446, 49.855648221199999 ], [ 5.9826253347, 49.854425446199997 ], [ 5.9819198012, 49.853834994 ], [ 5.9832557519, 49.853268410399998 ], [ 5.9826945129, 49.8529617831 ], [ 5.9825335943, 49.852539956199998 ], [ 5.9847171782, 49.85098906 ], [ 5.9860260459, 49.849465717199998 ], [ 5.9873113574, 49.846868256199997 ], [ 5.9871439503, 49.846301352300003 ], [ 5.9872821363, 49.845664732899998 ], [ 5.986630769, 49.845619522100002 ], [ 5.9866127258, 49.845275341200001 ], [ 5.986250184, 49.845287218899998 ], [ 5.9861945186, 49.845770450800003 ], [ 5.985778603, 49.846178533100002 ], [ 5.985219563, 49.846196222499998 ], [ 5.9849870809, 49.845919565899997 ], [ 5.9846957213, 49.845982572499999 ], [ 5.9846057144, 49.845645767199997 ], [ 5.9834654692, 49.8455199036 ], [ 5.9820924175, 49.845900936100001 ], [ 5.9821194982, 49.846156619200002 ], [ 5.9806108228, 49.846113473 ], [ 5.9787711864, 49.846261737699997 ], [ 5.9786998224, 49.846135977499998 ], [ 5.9765378407, 49.846789846100002 ], [ 5.974329658, 49.847163152599997 ], [ 5.9735794414, 49.845475059899996 ], [ 5.9713769488, 49.845584768099997 ], [ 5.9711309273, 49.844513189 ], [ 5.9701871002, 49.843144156599998 ], [ 5.9705234933, 49.8427004821 ], [ 5.9720988984, 49.8421110114 ], [ 5.9732021606, 49.841494576300001 ], [ 5.9733883476, 49.841227721700001 ], [ 5.9727261573, 49.840478087100003 ], [ 5.9737357419, 49.839737490499999 ], [ 5.9734194828, 49.839441349600001 ], [ 5.9749694205, 49.838756694 ], [ 5.9754338058, 49.838166669400003 ], [ 5.9762955017, 49.838034445799998 ], [ 5.9765374311, 49.838131241699998 ], [ 5.9768891599, 49.8365191571 ], [ 5.9775676577, 49.8363113443 ], [ 5.9773468467, 49.835679389200003 ], [ 5.9774026893, 49.834417507 ], [ 5.977098338, 49.834044102699998 ], [ 5.9785828034, 49.833320684900002 ], [ 5.9770214167, 49.8317010552 ], [ 5.9779413526, 49.831135259100002 ], [ 5.9784246835, 49.830116838599999 ], [ 5.9793593469, 49.830179125 ], [ 5.9808227051, 49.8299935195 ], [ 5.9819882057, 49.827779754799998 ], [ 5.9809978749, 49.827469356500004 ], [ 5.9825368352, 49.825516509700002 ], [ 5.9838856787, 49.825900799400003 ], [ 5.9836191578, 49.825289218599998 ], [ 5.9846193422, 49.8240045119 ], [ 5.9827072942, 49.823044831200001 ], [ 5.9813727138, 49.821869694500002 ], [ 5.9818874256, 49.821618500900001 ], [ 5.9810452282, 49.820660498099997 ], [ 5.9797331198, 49.820155804099997 ], [ 5.9792773667, 49.819809572099999 ], [ 5.9822059298, 49.818043703599997 ], [ 5.9815901133, 49.8177317492 ], [ 5.9825669252, 49.817022919499998 ], [ 5.9832525839, 49.817369494899999 ], [ 5.9841855566, 49.8167813807 ], [ 5.9850335175, 49.817242886899997 ], [ 5.9859511812, 49.816941312600001 ], [ 5.986970423, 49.817544100200003 ], [ 5.9882506254, 49.817707844399997 ], [ 5.9900182411, 49.818275283 ], [ 5.9945917851, 49.818368720099997 ], [ 6.0007435298, 49.818785194500002 ], [ 6.0004070374, 49.819540179599997 ], [ 6.0025058075, 49.820181429400002 ], [ 6.0039002798, 49.821284580799997 ], [ 6.0057346197, 49.821893787800001 ], [ 6.0054988011, 49.822188443100003 ], [ 6.0058707141, 49.822898946 ], [ 6.0082872215, 49.822924239800003 ], [ 6.0085617875, 49.8228114323 ], [ 6.0107229251, 49.823112537 ], [ 6.0154954421, 49.825515669300003 ], [ 6.0179238344, 49.825891126099997 ], [ 6.0184936831, 49.827009209899998 ], [ 6.0219464578, 49.827115866299998 ], [ 6.0231750134, 49.826941488099997 ], [ 6.0241753768, 49.825261705800003 ], [ 6.0258537368, 49.826527214400002 ], [ 6.0269994846, 49.825873375199997 ], [ 6.0299723371, 49.825342249199998 ], [ 6.0305566203, 49.825833272600001 ], [ 6.0303468378, 49.826207045899999 ], [ 6.0270979413, 49.829513482 ], [ 6.0267483269, 49.830096885499998 ], [ 6.0338649221, 49.83150787 ], [ 6.0343914999, 49.831566626099999 ], [ 6.0339288727, 49.830359647400002 ], [ 6.033746042, 49.828623879600002 ], [ 6.0330769904, 49.827220518700003 ], [ 6.0332835606, 49.826096420699997 ], [ 6.033981286, 49.826346949600001 ], [ 6.0372000901, 49.8244839352 ], [ 6.0403488658, 49.826087943099999 ], [ 6.0415537496, 49.826475063099998 ], [ 6.0438276124, 49.8267459582 ], [ 6.0450298514, 49.826721860100001 ], [ 6.0490017834, 49.824384925899999 ], [ 6.0514754497, 49.8253183701 ], [ 6.0501417587, 49.826623464500003 ], [ 6.0511320013, 49.826863594199999 ], [ 6.0529099993, 49.827689445499999 ], [ 6.056564074, 49.8288680259 ], [ 6.0572276642, 49.8293608603 ], [ 6.0591986004, 49.830176997800002 ], [ 6.0618430317, 49.8305558168 ], [ 6.0642514791, 49.834164879600003 ], [ 6.0645739363, 49.834438103799997 ], [ 6.0653215642, 49.834173745900003 ], [ 6.0643963292, 49.832834688 ], [ 6.0642345927, 49.832880882300003 ], [ 6.0638953958, 49.832041455499997 ], [ 6.0639395225, 49.830927022 ], [ 6.0643696952, 49.830358178799997 ], [ 6.0724965955, 49.830003122599997 ], [ 6.0724040278, 49.829755174399999 ], [ 6.0740763069, 49.8293138031 ], [ 6.0745655961, 49.829552187 ], [ 6.0750458053, 49.829451523800003 ], [ 6.0750614309, 49.829193612200001 ], [ 6.0747439605, 49.828996589699997 ], [ 6.0748728945, 49.828851781 ], [ 6.0744666194, 49.8287331306 ], [ 6.07352901, 49.827765826399997 ], [ 6.073793176, 49.826443180299997 ], [ 6.0727767816, 49.8254484566 ], [ 6.0770573594, 49.824737520699998 ], [ 6.0812801998, 49.823388046300003 ], [ 6.0835681451, 49.822951020300003 ], [ 6.0847428881, 49.822513144299997 ], [ 6.0911681004, 49.822829613099998 ], [ 6.0912896108, 49.8226359708 ], [ 6.0926838679, 49.822280674300004 ], [ 6.0941993538, 49.8214712467 ], [ 6.0950604356, 49.820642890899997 ], [ 6.096247217, 49.818924229099999 ], [ 6.0965394843, 49.818122223499998 ], [ 6.0947989873, 49.8172398739 ], [ 6.0945012167, 49.816941826300003 ], [ 6.0946551429, 49.81636776 ], [ 6.0957573228, 49.815426572100002 ], [ 6.0964695955, 49.815002208300001 ], [ 6.0972765636, 49.814796919300001 ], [ 6.0984410752, 49.814989027800003 ], [ 6.1010028205, 49.814597968299999 ], [ 6.101777319, 49.814660956399997 ], [ 6.1027249711, 49.815017087 ], [ 6.1037310326, 49.815004057499998 ], [ 6.1051507282, 49.814548926900002 ], [ 6.1061284321, 49.8138427337 ], [ 6.1080070188, 49.812863526199997 ], [ 6.1081048298, 49.811530392199998 ], [ 6.1092779156, 49.810352638 ], [ 6.1110953134, 49.810851832200001 ], [ 6.1121457772, 49.810896102699999 ], [ 6.1132855704, 49.811483874399997 ], [ 6.1160379498, 49.8124873772 ], [ 6.1174808517, 49.813389447299997 ], [ 6.1197360051, 49.814084923300001 ], [ 6.1229325536, 49.815514412399999 ], [ 6.123989343, 49.815789233899999 ], [ 6.1256604694, 49.816735538700001 ], [ 6.1257756953, 49.816676538099998 ], [ 6.1262407422, 49.817075754699999 ], [ 6.1278315228, 49.817569390899997 ], [ 6.1282643184, 49.818104608299997 ], [ 6.1291543702, 49.818320293600003 ], [ 6.1300828793, 49.818953088800001 ], [ 6.1307287566, 49.819051867699997 ], [ 6.1316876891, 49.819496637599997 ], [ 6.1328998438, 49.820402363600003 ], [ 6.1366197724, 49.822359676300003 ], [ 6.1390430988, 49.823872871699997 ], [ 6.1420797047, 49.825144148900002 ], [ 6.1432568039, 49.825445360700002 ], [ 6.1457161816, 49.826738125 ], [ 6.146411185, 49.825960559400002 ], [ 6.1479107738, 49.826396110799998 ], [ 6.1491330506, 49.825657005700002 ], [ 6.1494755581, 49.825155424499997 ], [ 6.1507725692, 49.822873631599997 ], [ 6.1504430825, 49.821693316299999 ], [ 6.1511657043, 49.820994358 ], [ 6.1505250965, 49.820044726600003 ], [ 6.1506824334, 49.819330368199999 ], [ 6.1504964595, 49.819271182900003 ], [ 6.1508435029, 49.818700333599999 ], [ 6.1516604537, 49.818341034900001 ], [ 6.1525249345, 49.818650265099997 ], [ 6.1526506727, 49.818426952599999 ], [ 6.1554754261, 49.819347225900003 ], [ 6.1600009974, 49.821055599 ], [ 6.1615502271, 49.821805354200002 ], [ 6.1626449603, 49.822691397 ], [ 6.1641452273, 49.822119226300003 ], [ 6.1668619536, 49.822438372299999 ], [ 6.1686849614, 49.821789192200001 ], [ 6.1709931586, 49.82125709 ], [ 6.1749985474, 49.820882824400002 ], [ 6.178424047, 49.821890344 ], [ 6.1818627988, 49.822593201700002 ], [ 6.1855255255, 49.823029681400001 ], [ 6.1891371102, 49.822271941399997 ], [ 6.1876936963, 49.8180122447 ], [ 6.1883312453, 49.81769903 ], [ 6.1900422245, 49.816075636500003 ], [ 6.1910808064, 49.814242542199999 ], [ 6.1916430984, 49.812099010099999 ], [ 6.190940571, 49.810347707299997 ], [ 6.1912350589, 49.809635161499997 ], [ 6.190965933, 49.808970697100001 ], [ 6.1901786475, 49.808948226200002 ], [ 6.1886547382, 49.806401895500002 ], [ 6.1903075342, 49.804312670599998 ], [ 6.191452214, 49.804587992800002 ], [ 6.1921242164, 49.804589603499998 ], [ 6.1919049423, 49.804077090699998 ], [ 6.1907150471, 49.803324645799997 ], [ 6.1911871085, 49.802731109 ], [ 6.1935214245, 49.803462463599999 ], [ 6.1952623516, 49.8022373692 ], [ 6.1967319832, 49.801795695599999 ], [ 6.1980343194, 49.801663121399997 ], [ 6.198248437, 49.800652437300002 ], [ 6.1979000228, 49.799726442599997 ], [ 6.201484473, 49.799128994699998 ], [ 6.2026092227, 49.798725675299998 ], [ 6.2024993606, 49.798524325899997 ], [ 6.2045498896, 49.798175994899999 ], [ 6.2053351754, 49.797864525900003 ], [ 6.2054444426, 49.797985235100001 ], [ 6.2081672802, 49.796124810499997 ], [ 6.2082253089, 49.795088871200001 ], [ 6.2081251232, 49.794916968199999 ], [ 6.2076298416, 49.794956089700001 ], [ 6.2075770736, 49.794566154 ], [ 6.2080817392, 49.794047563600003 ], [ 6.2086454749, 49.794000899399997 ], [ 6.2094310008, 49.793674064199998 ], [ 6.2113603499, 49.792194822100001 ], [ 6.2154771552, 49.790696558800001 ], [ 6.21748103, 49.790227964800003 ], [ 6.2172445341, 49.789829841100001 ], [ 6.2180764881, 49.789347207699997 ], [ 6.2184902593, 49.790403066400003 ], [ 6.2190872569, 49.791056983499999 ], [ 6.2191512508, 49.791524238400001 ], [ 6.2212160851, 49.791250210599998 ], [ 6.2217311458, 49.793434812500003 ], [ 6.2223376271, 49.793929878100002 ], [ 6.2245169979, 49.794854747599999 ], [ 6.224374275, 49.795076960599999 ], [ 6.2253757143, 49.795171701 ], [ 6.2263047399, 49.7954709005 ], [ 6.2284206029, 49.795614579800002 ], [ 6.229616917, 49.795996172899997 ], [ 6.2316124112, 49.796550581299996 ], [ 6.2324425492, 49.796142819899998 ], [ 6.2322216371, 49.795443125 ], [ 6.2324920446, 49.794609632799997 ], [ 6.2335270365, 49.793752086200001 ], [ 6.2338439463, 49.7938664192 ], [ 6.2355777061, 49.791841257500003 ], [ 6.2376939353, 49.786154113 ], [ 6.2409481707, 49.787066624799998 ], [ 6.2420354376, 49.786342722900002 ], [ 6.243654705, 49.787896621100003 ], [ 6.243547209, 49.787968096299998 ], [ 6.2450735148, 49.789041679199997 ], [ 6.2467970639, 49.787777662300002 ], [ 6.2464844414, 49.787612842800002 ], [ 6.2485742648, 49.785378547500002 ], [ 6.2514163359, 49.786063507800002 ], [ 6.2516433628, 49.785728662799997 ], [ 6.2519790921, 49.785802959800002 ], [ 6.2505609868, 49.788054340199999 ], [ 6.2512157284, 49.788331869700002 ], [ 6.245271037, 49.792295027199998 ], [ 6.2443350354, 49.793078026099998 ], [ 6.2446336429, 49.7957856234 ], [ 6.2448945506, 49.796421379800002 ], [ 6.2543882275, 49.799940612699999 ], [ 6.2542002258, 49.800375859200003 ], [ 6.2557627337, 49.801153666600001 ], [ 6.2569240429, 49.802134090800003 ], [ 6.2584855709, 49.802839792500002 ], [ 6.2545454845, 49.8084927174 ], [ 6.2527495025, 49.810282934599996 ], [ 6.2543812736, 49.810666583299998 ], [ 6.2544694171, 49.8105146463 ], [ 6.2577072816, 49.810133412699997 ], [ 6.2575810159, 49.810369382 ], [ 6.2637100466, 49.8113230915 ], [ 6.2635455211, 49.811708362399997 ], [ 6.2629960999, 49.811665671500002 ], [ 6.2623986051, 49.812344007599997 ], [ 6.2638730575, 49.812885402299997 ], [ 6.2644973304, 49.813498782 ], [ 6.2644830472, 49.813997848900001 ], [ 6.2636328639, 49.815167204300003 ], [ 6.2644702788, 49.815287609199999 ], [ 6.2666228098, 49.815117063800002 ], [ 6.2674884543, 49.815514677300001 ], [ 6.2675198606, 49.8157722961 ], [ 6.2684964685, 49.816253680099997 ], [ 6.2690169611, 49.816759714100002 ], [ 6.2687574099, 49.8168428448 ], [ 6.2688603228, 49.817316896100003 ], [ 6.2685890316, 49.8184797543 ], [ 6.2692101218, 49.819116118 ], [ 6.2692626592, 49.819471931800003 ], [ 6.2698159727, 49.819924357600001 ], [ 6.269738751, 49.820719048699999 ], [ 6.2704287614, 49.821273475600002 ], [ 6.270191809, 49.821316068400002 ], [ 6.2697544579, 49.821049819700001 ], [ 6.2657778068, 49.821133214500001 ], [ 6.2601909059, 49.822301187699999 ], [ 6.2556911509, 49.823481696499996 ] ] ] ] } },
{ "type": "Feature", "properties": { "name": "Echternach", "district": "Grevenmacher" }, "geometry": { "type": "MultiPolygon", "coordinates": [ [ [ [ 6.5002577507, 49.749978807799998 ], [ 6.500196213, 49.752121547599998 ], [ 6.5012228961, 49.753574176400001 ], [ 6.5024068575, 49.754521417500001 ], [ 6.5038570483, 49.755269994700001 ], [ 6.5052532549, 49.755772552099998 ], [ 6.512767965, 49.757825954399998 ], [ 6.5147955086, 49.7588525456 ], [ 6.5177284463, 49.761208954200001 ], [ 6.518167489, 49.7623515955 ], [ 6.5174905653, 49.765638985800003 ], [ 6.5179156216, 49.767512503399999 ], [ 6.5174402042, 49.768532399100003 ], [ 6.5165236072, 49.769551636599999 ], [ 6.5136733232, 49.771592181700001 ], [ 6.5129459492, 49.772059599899997 ], [ 6.509817195, 49.773447825799998 ], [ 6.5095734824, 49.773798215200003 ], [ 6.5097233222, 49.775215005600003 ], [ 6.5103422116, 49.7766945296 ], [ 6.5107602228, 49.777201853800001 ], [ 6.5149422568, 49.780369413199999 ], [ 6.516367711, 49.781668292900001 ], [ 6.5169003252, 49.782576902400002 ], [ 6.5161886585, 49.783592899600002 ], [ 6.5149240146, 49.784279117600001 ], [ 6.513108942, 49.784977557 ], [ 6.5106091569, 49.785573229699999 ], [ 6.5074341837, 49.786941600600002 ], [ 6.5060338533, 49.788058209799999 ], [ 6.5055784461, 49.789303761 ], [ 6.5058287492, 49.790254062099997 ], [ 6.5073258808, 49.7919431475 ], [ 6.5107579228, 49.793188140799998 ], [ 6.5141817362, 49.794010959700003 ], [ 6.5172644469, 49.795436881100002 ], [ 6.5201158502, 49.796408592399999 ], [ 6.5214173906, 49.797289750899999 ], [ 6.5230031346, 49.799253379100001 ], [ 6.5260743708, 49.802040351199999 ], [ 6.5296741394, 49.804122900899998 ], [ 6.5306401277, 49.805148127300001 ], [ 6.530897832, 49.806006544600002 ], [ 6.5300923487, 49.8069896517 ], [ 6.529404649, 49.809243547 ], [ 6.5269172302, 49.811017619099999 ], [ 6.5241191024, 49.8122023719 ], [ 6.5213170302, 49.813112762199999 ], [ 6.5202309898, 49.812904155 ], [ 6.5192475756, 49.812170276300002 ], [ 6.5186554172, 49.811048620699999 ], [ 6.5184102874, 49.809903074399998 ], [ 6.51852807, 49.808628139299998 ], [ 6.5166612709, 49.805205414100001 ], [ 6.5148064275, 49.803111064200003 ], [ 6.5135387961, 49.802040485100001 ], [ 6.5122721708, 49.801457348500001 ], [ 6.5111280207, 49.801378196500004 ], [ 6.5103012341, 49.8016098027 ], [ 6.5094577024, 49.802444541500002 ], [ 6.5077476837, 49.806091954800003 ], [ 6.5063389536, 49.808251448500002 ], [ 6.5054134864, 49.8091370052 ], [ 6.5044775774, 49.809460413300002 ], [ 6.5012187928, 49.809966983 ], [ 6.4988694733, 49.810774298600002 ], [ 6.4957056166, 49.812235587499998 ], [ 6.4948208395, 49.812063222399999 ], [ 6.4934864691, 49.811245775 ], [ 6.4930310778, 49.811124872299999 ], [ 6.4908647413, 49.811213557599999 ], [ 6.4886484055, 49.811612286900001 ], [ 6.4845088165, 49.813451855 ], [ 6.4839105503, 49.814007390599997 ], [ 6.4812969127, 49.8176430153 ], [ 6.4798489575, 49.818797154899997 ], [ 6.4725657898, 49.821995320699997 ], [ 6.4709859011, 49.822322660399998 ], [ 6.4696252559, 49.822066288499997 ], [ 6.4663735449, 49.820186061100003 ], [ 6.4639807144, 49.819316779499999 ], [ 6.4609294288, 49.817055498 ], [ 6.4568013123, 49.812821349 ], [ 6.4545668803, 49.811441092099997 ], [ 6.4536291485, 49.811284988 ], [ 6.4519151162, 49.811337545100002 ], [ 6.4509489262, 49.811269175500001 ], [ 6.4471979227, 49.811623972200003 ], [ 6.444156556, 49.811346390899999 ], [ 6.4434036957, 49.811404774800003 ], [ 6.4424605792, 49.812137450100003 ], [ 6.441963803, 49.813012327199999 ], [ 6.4418406621, 49.813972565199997 ], [ 6.4413541348, 49.814185241099999 ], [ 6.4372448678, 49.813370009 ], [ 6.4347135918, 49.812219899399999 ], [ 6.4322502112, 49.810566639100003 ], [ 6.4312923905, 49.810256407499999 ], [ 6.4303013086, 49.810371737499999 ], [ 6.4282653976, 49.8110452313 ], [ 6.4267279909, 49.812049447900002 ], [ 6.4259012773, 49.813355567899997 ], [ 6.4257153594, 49.815548948500002 ], [ 6.4251953586, 49.8159240301 ], [ 6.4200474097, 49.815992393099997 ], [ 6.4146348968, 49.816797987599998 ], [ 6.4088325994, 49.817755042100003 ], [ 6.405126375, 49.819072427400002 ], [ 6.4025802686, 49.8193984583 ], [ 6.4013004587, 49.819960918 ], [ 6.3982929304, 49.8215849435 ], [ 6.3968735736, 49.822540426099998 ], [ 6.3940715087, 49.825833817199999 ], [ 6.3923610368, 49.827523443099999 ], [ 6.3888042635, 49.829436616099997 ], [ 6.38781871, 49.830398969100003 ], [ 6.3845041838, 49.832642691899999 ], [ 6.3822666092, 49.835521035399999 ], [ 6.3805789087, 49.836816390400003 ], [ 6.3789585237, 49.837665849899999 ], [ 6.3772597795, 49.839266939399998 ], [ 6.3767358653, 49.8400978146 ], [ 6.3725838151, 49.842246502899997 ], [ 6.3709552136, 49.844479048 ], [ 6.3678747157, 49.847647787299998 ], [ 6.3664093667, 49.849523657699997 ], [ 6.3639433561, 49.850716547499999 ], [ 6.3628418569, 49.850762843200002 ], [ 6.3607048292, 49.850583461299998 ], [ 6.3571580695, 49.850677866399998 ], [ 6.3499693508, 49.850396327200002 ], [ 6.3434814236, 49.849247148 ], [ 6.3410761811, 49.8484936698 ], [ 6.3403813239, 49.8480733277 ], [ 6.3398721651, 49.8474383772 ], [ 6.3381764837, 49.840739508299997 ], [ 6.3370423818, 49.839123811599997 ], [ 6.3352312931, 49.8378441861 ], [ 6.333581034, 49.837152173299998 ], [ 6.3297922774, 49.836045450100002 ], [ 6.3276133288, 49.835894214900001 ], [ 6.3260769915, 49.8362377057 ], [ 6.3216033186, 49.838483609299999 ], [ 6.3214215335, 49.838453373 ], [ 6.3200286765, 49.839874571199999 ], [ 6.3197139677, 49.8406777605 ], [ 6.3198254782, 49.841959769699997 ], [ 6.3195568038, 49.843211800399999 ], [ 6.3199177228, 49.843832309200003 ], [ 6.3200912715, 49.845075755700002 ], [ 6.3215599502, 49.846934592899999 ], [ 6.3225713511, 49.850754611900001 ], [ 6.3225473635, 49.851513273400002 ], [ 6.3219920264, 49.852388175 ], [ 6.3212596887, 49.853016246700001 ], [ 6.3174928783, 49.855390589 ], [ 6.3141331751, 49.8598819965 ], [ 6.3074511818, 49.857250833099997 ], [ 6.3092183385, 49.854926539399997 ], [ 6.3097537678, 49.853917889500003 ], [ 6.3096634038, 49.8525631133 ], [ 6.3104456329, 49.850107932500002 ], [ 6.3103966386, 49.847793948099998 ], [ 6.3083629024, 49.847755660600001 ], [ 6.3067329286, 49.847501634300002 ], [ 6.3056335265, 49.846751685800001 ], [ 6.3053773186, 49.8463689274 ], [ 6.3049471972, 49.846269912899999 ], [ 6.3026982167, 49.846807245199997 ], [ 6.2997616854, 49.848299884500001 ], [ 6.2982010664, 49.848540809200003 ], [ 6.2970251278, 49.848489231 ], [ 6.2960689276, 49.848106622499998 ], [ 6.2933345302, 49.847476329300001 ], [ 6.2920876328, 49.847652564900002 ], [ 6.289526166, 49.8477121345 ], [ 6.2870882326, 49.847143488100002 ], [ 6.2860819156, 49.847043514600003 ], [ 6.2791091034, 49.8478586405 ], [ 6.2769141602, 49.8483241964 ], [ 6.2694987509, 49.849209073099999 ], [ 6.2686778515, 49.848536333299997 ], [ 6.2667849648, 49.847421230199998 ], [ 6.2669692862, 49.847265336 ], [ 6.2627790314, 49.845028202 ], [ 6.2663201708, 49.841821981099997 ], [ 6.268422372, 49.841228238900001 ], [ 6.2714555522, 49.841085683700001 ], [ 6.254675073, 49.8301312436 ], [ 6.2556911509, 49.823481696499996 ], [ 6.2601909059, 49.822301187699999 ], [ 6.2657778068, 49.821133214500001 ], [ 6.2697544579, 49.821049819700001 ], [ 6.270191809, 49.821316068400002 ], [ 6.2704287614, 49.821273475600002 ], [ 6.269738751, 49.820719048699999 ], [ 6.2698159727, 49.819924357600001 ], [ 6.2692626592, 49.819471931800003 ], [ 6.2692101218, 49.819116118 ], [ 6.2685890316, 49.8184797543 ], [ 6.2688603228, 49.817316896100003 ], [ 6.2687574099, 49.8168428448 ], [ 6.2690169611, 49.816759714100002 ], [ 6.2684964685, 49.816253680099997 ], [ 6.2675198606, 49.8157722961 ], [ 6.2674884543, 49.815514677300001 ], [ 6.2666228098, 49.815117063800002 ], [ 6.2644702788, 49.815287609199999 ], [ 6.2636328639, 49.815167204300003 ], [ 6.2644830472, 49.813997848900001 ], [ 6.2644973304, 49.813498782 ], [ 6.2638730575, 49.812885402299997 ], [ 6.2623986051, 49.812344007599997 ], [ 6.2629960999, 49.811665671500002 ], [ 6.2635455211, 49.811708362399997 ], [ 6.2637100466, 49.8113230915 ], [ 6.2575810159, 49.810369382 ], [ 6.2577072816, 49.810133412699997 ], [ 6.2544694171, 49.8105146463 ], [ 6.2543812736, 49.810666583299998 ], [ 6.2527495025, 49.810282934599996 ], [ 6.2545454845, 49.8084927174 ], [ 6.2584855709, 49.802839792500002 ], [ 6.2569240429, 49.802134090800003 ], [ 6.2557627337, 49.801153666600001 ], [ 6.2542002258, 49.800375859200003 ], [ 6.2543882275, 49.799940612699999 ], [ 6.2448945506, 49.796421379800002 ], [ 6.2446336429, 49.7957856234 ], [ 6.2443350354, 49.793078026099998 ], [ 6.245271037, 49.792295027199998 ], [ 6.2512157284, 49.788331869700002 ], [ 6.2505609868, 49.788054340199999 ], [ 6.2519790921, 49.785802959800002 ], [ 6.2516433628, 49.785728662799997 ], [ 6.2514163359, 49.786063507800002 ], [ 6.2485742648, 49.785378547500002 ], [ 6.2451577983, 49.784049755300003 ], [ 6.2432436207, 49.783631825100002 ], [ 6.2424679111, 49.783590003100002 ], [ 6.2422929544, 49.783761129299997 ], [ 6.2385097137, 49.783147833299999 ], [ 6.2366575067, 49.782869454199997 ], [ 6.236848796, 49.782369508599999 ], [ 6.2374314602, 49.781083158400001 ], [ 6.2400989614, 49.781350199499997 ], [ 6.2425727949, 49.781982904499998 ], [ 6.2429819214, 49.781290791700002 ], [ 6.2428022161, 49.781232298500001 ], [ 6.2440134609, 49.780091521700001 ], [ 6.2459331466, 49.780863185100003 ], [ 6.2462834662, 49.780458534300003 ], [ 6.2479390226, 49.7808665433 ], [ 6.2482656179, 49.780499628100003 ], [ 6.2477309163, 49.7803709748 ], [ 6.25122201, 49.776851121599996 ], [ 6.2528977603, 49.777616400299998 ], [ 6.2536498488, 49.778203620399999 ], [ 6.2539135213, 49.778765101899999 ], [ 6.2552183877, 49.778555272299997 ], [ 6.2567712803, 49.777124860500003 ], [ 6.2593624663, 49.778199119600004 ], [ 6.2628175684, 49.7787891969 ], [ 6.2636700628, 49.776975031 ], [ 6.2632698495, 49.776937746199998 ], [ 6.2633572907, 49.776665227199999 ], [ 6.261329381, 49.776407733799999 ], [ 6.2627662606, 49.774027184200001 ], [ 6.2629318988, 49.774063873599999 ], [ 6.2632978508, 49.773524134900001 ], [ 6.2646683225, 49.770488009799998 ], [ 6.2645170576, 49.770441780600002 ], [ 6.2646139346, 49.769961907700001 ], [ 6.2631966342, 49.770073406900003 ], [ 6.2630986102, 49.7687123149 ], [ 6.2647492933, 49.768418773599997 ], [ 6.2648839597, 49.7687943838 ], [ 6.2672667472, 49.769649430500003 ], [ 6.2674667109, 49.769434234800002 ], [ 6.2665059716, 49.769099527100003 ], [ 6.266596976, 49.768983252600002 ], [ 6.2674324701, 49.7690999163 ], [ 6.267644065, 49.7688989695 ], [ 6.2682697137, 49.768754168900003 ], [ 6.2687217291, 49.768999994600001 ], [ 6.2717978321, 49.769754478400003 ], [ 6.2752262755, 49.7702442963 ], [ 6.2758005938, 49.769171522199997 ], [ 6.2767044285, 49.7692225483 ], [ 6.2773252035, 49.767892227200001 ], [ 6.2786840567, 49.768212437400003 ], [ 6.2795370197, 49.7669673738 ], [ 6.2794425497, 49.766697859399997 ], [ 6.2779697161, 49.766041431700003 ], [ 6.2750409767, 49.764196466800001 ], [ 6.2756543468, 49.763213527600001 ], [ 6.2771358457, 49.763057993899999 ], [ 6.2774449665, 49.763244897 ], [ 6.2777635364, 49.763215796099999 ], [ 6.2788189143, 49.762941276299998 ], [ 6.2790320481, 49.762536333500002 ], [ 6.2788411534, 49.7621208475 ], [ 6.2783046021, 49.762046856700003 ], [ 6.2781200778, 49.761433027 ], [ 6.2773826452, 49.760812450499998 ], [ 6.2773190314, 49.760184505799998 ], [ 6.2756207518, 49.758324082599998 ], [ 6.2731441265, 49.7575708607 ], [ 6.2724831015, 49.757494619 ], [ 6.2723824606, 49.7567579165 ], [ 6.2724756183, 49.755633940099997 ], [ 6.2714523471, 49.754669966100003 ], [ 6.2718682176, 49.753946444900002 ], [ 6.2718961428, 49.752994386 ], [ 6.2694650636, 49.750528272700002 ], [ 6.2660609363, 49.748126695300002 ], [ 6.2654803746, 49.747177761899998 ], [ 6.2657275351, 49.746761404399997 ], [ 6.2656159221, 49.746595520299998 ], [ 6.2651221837, 49.7464996832 ], [ 6.2652113404, 49.7461053436 ], [ 6.2647693612, 49.745477017600003 ], [ 6.2652573001, 49.744772869400002 ], [ 6.2649034347, 49.744296962 ], [ 6.2731826061, 49.7441617283 ], [ 6.2748546264, 49.744334203699999 ], [ 6.276884824, 49.743478470900001 ], [ 6.2793609798, 49.7429359514 ], [ 6.2821941063, 49.742598465 ], [ 6.285380132, 49.740777859200001 ], [ 6.2863634381, 49.740906337600002 ], [ 6.288338244, 49.741188291100002 ], [ 6.2883997684, 49.740740997400003 ], [ 6.2886330727, 49.740639939300003 ], [ 6.2892378037, 49.7403618389 ], [ 6.2911407537, 49.739902600699999 ], [ 6.2906679184, 49.739574267 ], [ 6.2955619861, 49.7388534603 ], [ 6.29625859, 49.738314047400003 ], [ 6.298415254, 49.738747975800003 ], [ 6.2999571796, 49.736292457600001 ], [ 6.3022336963, 49.737130853799997 ], [ 6.3032273501, 49.737239604099997 ], [ 6.3032145582, 49.737760204799997 ], [ 6.3041331572, 49.737797801200003 ], [ 6.3034414006, 49.735738544100002 ], [ 6.3046664576, 49.736020730100002 ], [ 6.3048319164, 49.735538023899998 ], [ 6.3072323155, 49.735782754500001 ], [ 6.3073233337, 49.735302643200001 ], [ 6.3081438923, 49.735390414100003 ], [ 6.3092432506, 49.734732553599997 ], [ 6.3096405507, 49.734089501500002 ], [ 6.3131571775, 49.734624924099997 ], [ 6.3164100122, 49.735494381700001 ], [ 6.3164940828, 49.7353566691 ], [ 6.3194269649, 49.735234929299999 ], [ 6.3220484577, 49.7353538562 ], [ 6.3220794579, 49.735039028400003 ], [ 6.3248540336, 49.7351533625 ], [ 6.3248650902, 49.735038013400001 ], [ 6.326785822, 49.735099542100002 ], [ 6.3268024508, 49.734848936299997 ], [ 6.3287188567, 49.734958584700003 ], [ 6.3288827913, 49.733158683 ], [ 6.3328438387, 49.733064294199998 ], [ 6.3327170506, 49.732446446799997 ], [ 6.336260708, 49.731779426099997 ], [ 6.3393884514, 49.731745905300002 ], [ 6.3395360755, 49.731502466199998 ], [ 6.3421171876, 49.7311840363 ], [ 6.341185293, 49.731610516400004 ], [ 6.3428039559, 49.731636503200001 ], [ 6.3439509973, 49.731939718500001 ], [ 6.3441635169, 49.731078954799997 ], [ 6.3447967144, 49.730415848 ], [ 6.3460096223, 49.7308432401 ], [ 6.3466656107, 49.731516375399998 ], [ 6.3469100526, 49.7313885067 ], [ 6.3482506717, 49.732025271 ], [ 6.3461516726, 49.733888776900002 ], [ 6.3449619111, 49.735384117499997 ], [ 6.3461854867, 49.735996234200002 ], [ 6.3475644549, 49.736326054400003 ], [ 6.3474674996, 49.736620915099998 ], [ 6.3496924429, 49.737075010200002 ], [ 6.3503984808, 49.737567941 ], [ 6.3505629836, 49.7375211803 ], [ 6.3512424111, 49.7381670097 ], [ 6.3519873207, 49.736967484 ], [ 6.3526130979, 49.737546984799998 ], [ 6.3532851416, 49.737694876100001 ], [ 6.3544341517, 49.736613120800001 ], [ 6.3550371483, 49.7350650327 ], [ 6.3571879683, 49.7347820102 ], [ 6.3595208056, 49.7349815874 ], [ 6.3602554966, 49.734899520100001 ], [ 6.3622326477, 49.735156169100001 ], [ 6.3643945078, 49.735060048100003 ], [ 6.3665278887, 49.734796463899997 ], [ 6.3681213211, 49.734259612099997 ], [ 6.3687221907, 49.734186066600003 ], [ 6.370792044, 49.7343724057 ], [ 6.3766441007, 49.735324198299999 ], [ 6.3794273069, 49.735497861900001 ], [ 6.3806557462, 49.735715017 ], [ 6.3813365989, 49.736637548700003 ], [ 6.3795842807, 49.737011105800001 ], [ 6.3797713234, 49.738666555599998 ], [ 6.3797252244, 49.739054099100002 ], [ 6.379469791, 49.739049217900003 ], [ 6.3793096569, 49.740576860700003 ], [ 6.3773642605, 49.740735614099997 ], [ 6.3765196141, 49.741296928799997 ], [ 6.3778464912, 49.743939285800003 ], [ 6.3764880733, 49.744256434599997 ], [ 6.3764007284, 49.744148486900002 ], [ 6.3755213187, 49.744303112899999 ], [ 6.3758547841, 49.744878175799997 ], [ 6.3753217749, 49.7452915155 ], [ 6.3769233191, 49.747467628400003 ], [ 6.3771272369, 49.748215410199997 ], [ 6.3770685553, 49.749919478700001 ], [ 6.3773674625, 49.750521535700003 ], [ 6.3777799093, 49.750555491299998 ], [ 6.3780595476, 49.751370294700003 ], [ 6.3812496577, 49.751465061200001 ], [ 6.383226644, 49.7519703428 ], [ 6.3857976937, 49.754706047799999 ], [ 6.3865815086, 49.755653390900001 ], [ 6.3880059963, 49.755580044600002 ], [ 6.3883717209, 49.755325995699998 ], [ 6.3904855039, 49.754823843200001 ], [ 6.3911334904, 49.754905164 ], [ 6.3914073675, 49.754705227800002 ], [ 6.3912978357, 49.754045965400003 ], [ 6.3918946577, 49.753627682 ], [ 6.3923069713, 49.753523038099999 ], [ 6.3930309939, 49.754113438899999 ], [ 6.3959759859, 49.753153307399998 ], [ 6.395902615, 49.752591689699997 ], [ 6.3941349698, 49.750451544699999 ], [ 6.3973826768, 49.748997575399997 ], [ 6.397102735, 49.748824186299998 ], [ 6.3974942507, 49.748631167500001 ], [ 6.3970579797, 49.748352968500001 ], [ 6.4095929879, 49.744440852399997 ], [ 6.4047370353, 49.742283496299997 ], [ 6.4056209316, 49.741536243900001 ], [ 6.40775446, 49.741017847199998 ], [ 6.4081044286, 49.740790668499997 ], [ 6.4082665257, 49.740110482200002 ], [ 6.407877192, 49.7393505971 ], [ 6.4083243408, 49.738837775500002 ], [ 6.4088936217, 49.738477253399999 ], [ 6.4130809292, 49.739186152199999 ], [ 6.4137893268, 49.738946911500001 ], [ 6.4149627654, 49.738229494499997 ], [ 6.4150580771, 49.737225834699998 ], [ 6.4180833664, 49.736958094899997 ], [ 6.4193666732, 49.736639973899997 ], [ 6.4195308484, 49.736449748399998 ], [ 6.4194663217, 49.735013812399998 ], [ 6.4199470502, 49.733465723 ], [ 6.4237144556, 49.733291418199997 ], [ 6.4249072433, 49.733090838099997 ], [ 6.4273680713, 49.731821093199997 ], [ 6.4279171689, 49.731276579099998 ], [ 6.4293514593, 49.731740460899999 ], [ 6.4313232349, 49.733076685299999 ], [ 6.4315463438, 49.733054805199998 ], [ 6.4320746685, 49.733919289 ], [ 6.432333158, 49.733964559900002 ], [ 6.4345438048, 49.7332289123 ], [ 6.4351723908, 49.732634488199999 ], [ 6.4355450248, 49.732368504199997 ], [ 6.4356649791, 49.732426118200003 ], [ 6.4360081852, 49.732960708100002 ], [ 6.4373600677, 49.733896709100001 ], [ 6.4379188544, 49.734576369700001 ], [ 6.4398315103, 49.735761271400001 ], [ 6.442682783, 49.736985208199997 ], [ 6.443317191, 49.737403910899999 ], [ 6.4438529442, 49.738109724700003 ], [ 6.4445216607, 49.7401601539 ], [ 6.445356821, 49.741543132799997 ], [ 6.4463862839, 49.742187329899998 ], [ 6.4471463191, 49.742453575 ], [ 6.4494821797, 49.741760245099996 ], [ 6.4512316042, 49.741428685899997 ], [ 6.4537604338, 49.741831037300003 ], [ 6.4552933757, 49.741864763300001 ], [ 6.4559682653, 49.741583154200001 ], [ 6.4575657414, 49.741472845200001 ], [ 6.4590717315, 49.740791747 ], [ 6.459429792, 49.7411274066 ], [ 6.4597148093, 49.740534642100002 ], [ 6.4601140214, 49.740536231900002 ], [ 6.4604148293, 49.739536114700002 ], [ 6.4612630069, 49.7397242017 ], [ 6.4613981534, 49.739555982 ], [ 6.4653354478, 49.740689683900001 ], [ 6.4691249838, 49.742076980299998 ], [ 6.469454007, 49.742221351 ], [ 6.4693575528, 49.742368134899998 ], [ 6.4704844385, 49.7426468548 ], [ 6.4706369329, 49.742205276200004 ], [ 6.4717932028, 49.740920898 ], [ 6.4724617878, 49.7412792115 ], [ 6.4742355829, 49.741647130799997 ], [ 6.4756648165, 49.742589285100003 ], [ 6.4761956691, 49.7418462451 ], [ 6.4772751439, 49.740835526399998 ], [ 6.4773861826, 49.739690257299998 ], [ 6.4781946887, 49.738292543599997 ], [ 6.4786384599, 49.737978309100001 ], [ 6.4803005486, 49.737438506499998 ], [ 6.4814791957, 49.736460494 ], [ 6.482254994, 49.736075108 ], [ 6.4846177276, 49.736435124700002 ], [ 6.4884551376, 49.736341382299997 ], [ 6.4910938745, 49.735446541599998 ], [ 6.4916628367, 49.734788538099998 ], [ 6.49277863, 49.734183462700003 ], [ 6.4944209109, 49.733785271099997 ], [ 6.4994312042, 49.7332893365 ], [ 6.4993963614, 49.733129021899998 ], [ 6.5000541919, 49.733310375899997 ], [ 6.5010770837, 49.732981164199998 ], [ 6.5016047261, 49.733154765800002 ], [ 6.5014548524, 49.736120374499997 ], [ 6.5020739892, 49.739571972 ], [ 6.5019290277, 49.741993655199998 ], [ 6.5015375971, 49.7429528292 ], [ 6.5017238448, 49.744396189900002 ], [ 6.5023499982, 49.745786482200003 ], [ 6.5004267075, 49.748134001399997 ], [ 6.5001868448, 49.748991677 ], [ 6.5002577507, 49.749978807799998 ] ] ] ] } },
{ "type": "Feature", "properties": { "name": "Esch-sur-Alzette", "district": "Luxembourg" }, "geometry": { "type": "MultiPolygon", "coordinates": [ [ [ [ 6.032581545, 49.449535819799998 ], [ 6.0343322895, 49.449305735300001 ], [ 6.0361390529, 49.448743298899998 ], [ 6.0382341514, 49.4485899258 ], [ 6.0417731537, 49.447858675100001 ], [ 6.0447207565, 49.452378581799998 ], [ 6.0457111382, 49.453322098199997 ], [ 6.0469199747, 49.455087228700002 ], [ 6.0469311249, 49.455552627199999 ], [ 6.0494822798, 49.458722911899997 ], [ 6.0499042429, 49.459673732600002 ], [ 6.0530944926, 49.463902517 ], [ 6.0544894084, 49.4645767166 ], [ 6.0559749407, 49.464880044399997 ], [ 6.0566208294, 49.4651758368 ], [ 6.0571669587, 49.465452685099997 ], [ 6.0581049539, 49.466437816499997 ], [ 6.061133695, 49.465389532300001 ], [ 6.0636561906, 49.464990485599998 ], [ 6.0662449189, 49.464825528399999 ], [ 6.0695428427, 49.464977893399997 ], [ 6.0714926677, 49.465549099699999 ], [ 6.0722329455, 49.465612100100003 ], [ 6.0730766372, 49.464954290199998 ], [ 6.0736681144, 49.463646716900001 ], [ 6.079227324, 49.463870384300002 ], [ 6.0793839732, 49.462615786 ], [ 6.0800718619, 49.461444442800001 ], [ 6.080063776, 49.460512441200002 ], [ 6.0805241386, 49.459666837699999 ], [ 6.080755907, 49.4585423961 ], [ 6.0830507973, 49.457644470200002 ], [ 6.0846200363, 49.456699534 ], [ 6.0847487288, 49.456779063500001 ], [ 6.0859850111, 49.4561072495 ], [ 6.0855700746, 49.455730718799998 ], [ 6.0862287521, 49.455356651599999 ], [ 6.0884124875, 49.454606402099998 ], [ 6.0903219728, 49.4544266216 ], [ 6.0903770143, 49.4542523808 ], [ 6.0920786909, 49.454285723399998 ], [ 6.0923203807, 49.453139685099998 ], [ 6.0962240653, 49.453508926799998 ], [ 6.0961815786, 49.45324668 ], [ 6.0997973751, 49.4530949229 ], [ 6.0997875669, 49.452995941600001 ], [ 6.100773128, 49.452888760800001 ], [ 6.1008804943, 49.453504408100002 ], [ 6.1016286704, 49.454300362200001 ], [ 6.1008606627, 49.456640102100003 ], [ 6.1010203899, 49.457865133200002 ], [ 6.0999177555, 49.459035111299997 ], [ 6.099793064, 49.4597874703 ], [ 6.0987830695, 49.460629068300001 ], [ 6.0987481805, 49.461354649299999 ], [ 6.099125446, 49.462225654900003 ], [ 6.0980927165, 49.463475525 ], [ 6.0982045528, 49.464270011899998 ], [ 6.0997180186, 49.465979193300001 ], [ 6.0998065076, 49.467464136899999 ], [ 6.1004695519, 49.468217608300002 ], [ 6.1015647593, 49.469002602400003 ], [ 6.1025987668, 49.469403716499997 ], [ 6.1019786678, 49.470381865 ], [ 6.10406286, 49.471156248500002 ], [ 6.1060246404, 49.471398807100002 ], [ 6.1094794684, 49.472521158399999 ], [ 6.1110770408, 49.472554528899998 ], [ 6.112143174, 49.472065541600003 ], [ 6.1126052861, 49.4716796688 ], [ 6.112770936, 49.471217580299999 ], [ 6.113222812, 49.471132663200002 ], [ 6.1137942845, 49.470585453200002 ], [ 6.1141889521, 49.470487064099999 ], [ 6.1148017824, 49.470845157900001 ], [ 6.1177915726, 49.471362857599999 ], [ 6.1192078768, 49.472043891399998 ], [ 6.1198837144, 49.472049978299999 ], [ 6.1212844819, 49.472444645899998 ], [ 6.1234488992, 49.47346606 ], [ 6.1225617801, 49.475151402599998 ], [ 6.1229980597, 49.476518504 ], [ 6.1243682802, 49.477527176899997 ], [ 6.1254242903, 49.479517218399998 ], [ 6.1274702684, 49.482305284200002 ], [ 6.1267461353, 49.490024432399998 ], [ 6.1275335513, 49.491412800699997 ], [ 6.1278281429, 49.4927016169 ], [ 6.128035636, 49.493922096699997 ], [ 6.1280712977, 49.493912596100003 ], [ 6.1302146704, 49.492559615799998 ], [ 6.1317476051, 49.490627764099997 ], [ 6.1327925773, 49.489994560600003 ], [ 6.1337294321, 49.489977356700003 ], [ 6.1364984311, 49.490658794 ], [ 6.1372214158, 49.490707149400002 ], [ 6.1389398166, 49.491294868499999 ], [ 6.1417758642, 49.491683964099998 ], [ 6.1416446956, 49.490626005199999 ], [ 6.1408303039, 49.488299451 ], [ 6.1407653587, 49.4866739904 ], [ 6.1422352927, 49.486901650500002 ], [ 6.1426683216, 49.487213234099997 ], [ 6.1446960293, 49.487891555399997 ], [ 6.1486246363, 49.490080097700002 ], [ 6.1503773257, 49.490871509599998 ], [ 6.1531347867, 49.4917122843 ], [ 6.1528054269, 49.492741203900003 ], [ 6.1550287626, 49.493312507500001 ], [ 6.1558532786, 49.493392630899997 ], [ 6.1573328177, 49.491479703400003 ], [ 6.1594345625, 49.491771115299997 ], [ 6.1618316884, 49.4926677897 ], [ 6.1624900692, 49.493485809299997 ], [ 6.1622911293, 49.493834623 ], [ 6.1612632422, 49.494458634600001 ], [ 6.1611137448, 49.494389026100002 ], [ 6.1603595576, 49.495313592 ], [ 6.1596239487, 49.495888055499996 ], [ 6.1582847264, 49.496226675499997 ], [ 6.1570819468, 49.497064167600001 ], [ 6.156254003, 49.498016446599998 ], [ 6.153887794, 49.501634048500001 ], [ 6.1547972112, 49.502053219099999 ], [ 6.1546864234, 49.502151139 ], [ 6.1555397298, 49.502829800699999 ], [ 6.1560611543, 49.503541709899999 ], [ 6.1559576078, 49.503666146599997 ], [ 6.1565455071, 49.5040141335 ], [ 6.1571125798, 49.504234216199997 ], [ 6.1573477265, 49.503968475599997 ], [ 6.1583196808, 49.504286814700002 ], [ 6.1585396515, 49.504002350900002 ], [ 6.1616525585, 49.504921673299997 ], [ 6.1619352052, 49.504145892799997 ], [ 6.163626677, 49.5045436909 ], [ 6.1653221723, 49.505499321 ], [ 6.171991007, 49.5081463888 ], [ 6.1735323773, 49.509411829500003 ], [ 6.1751392931, 49.510346918800003 ], [ 6.17620557, 49.510247353700002 ], [ 6.1768574466, 49.509978213899998 ], [ 6.1769028763, 49.508868431400003 ], [ 6.1766016006, 49.508609717699997 ], [ 6.178306303, 49.506959104400003 ], [ 6.180255006, 49.507286727900002 ], [ 6.1808406718, 49.508013155199997 ], [ 6.1827281523, 49.507760706399999 ], [ 6.1871694453, 49.506821824900001 ], [ 6.1883602168, 49.506373323 ], [ 6.1913586561, 49.5059785905 ], [ 6.1952437224, 49.506425654200001 ], [ 6.1957591074, 49.505359868500001 ], [ 6.2025009382, 49.5070123737 ], [ 6.2074026645, 49.506252280299996 ], [ 6.2091631124, 49.5061945705 ], [ 6.2145010369, 49.5063485895 ], [ 6.21723036, 49.506897970700003 ], [ 6.2170345451, 49.507859731899998 ], [ 6.2173029041, 49.507887128900002 ], [ 6.2168108401, 49.508775631600002 ], [ 6.2163688249, 49.509016055 ], [ 6.2171293035, 49.509758507 ], [ 6.218102388, 49.509963063500003 ], [ 6.2183694583, 49.509405026400003 ], [ 6.2198669325, 49.509544427900003 ], [ 6.2200018862, 49.508771252599999 ], [ 6.2245733911, 49.509529162100002 ], [ 6.2275745478, 49.510356781900001 ], [ 6.2282709782, 49.509510528299998 ], [ 6.2292314193, 49.509598337600004 ], [ 6.2323052661, 49.509378397699997 ], [ 6.2338328956, 49.509000474899999 ], [ 6.2361636035, 49.508152187 ], [ 6.2387492293, 49.512044031400002 ], [ 6.2389582563, 49.513503472 ], [ 6.2395529042, 49.513959357700003 ], [ 6.2404631463, 49.514250601900002 ], [ 6.2406510528, 49.514937208900001 ], [ 6.2406454082, 49.5150224486 ], [ 6.2383306923, 49.516861847199998 ], [ 6.2372532571, 49.517012521700003 ], [ 6.2351323359, 49.516613473299998 ], [ 6.234656606, 49.517489102699997 ], [ 6.2354866487, 49.517810750700001 ], [ 6.2365257014, 49.519868610499998 ], [ 6.2370705446, 49.520516777899999 ], [ 6.2371999658, 49.521184202 ], [ 6.2380196145, 49.521933177800001 ], [ 6.2388749116, 49.523412296 ], [ 6.238659594, 49.523464101199998 ], [ 6.2394926127, 49.5246687108 ], [ 6.2378180368, 49.525998526499997 ], [ 6.2375548185, 49.525886297600003 ], [ 6.2360362448, 49.526968996900003 ], [ 6.2363876802, 49.527203464899998 ], [ 6.2353127362, 49.527992966299998 ], [ 6.2397096255, 49.530365571300003 ], [ 6.2367526283, 49.533251819699998 ], [ 6.2358035705, 49.533593770099998 ], [ 6.2354366664, 49.5331842975 ], [ 6.2337281387, 49.533652551800003 ], [ 6.2318786461, 49.535601139599997 ], [ 6.2308453943, 49.537671809099997 ], [ 6.2288005297, 49.5375592858 ], [ 6.2291629821, 49.538432462199999 ], [ 6.2287803334, 49.5385398584 ], [ 6.2282011918, 49.538702400799998 ], [ 6.2279307844, 49.537843055400003 ], [ 6.2258825763, 49.5375461645 ], [ 6.2261000942, 49.536951660299998 ], [ 6.2212117327, 49.536803362599997 ], [ 6.2203923582, 49.5386934315 ], [ 6.2198938898, 49.538383547099997 ], [ 6.2195699359, 49.538514065199998 ], [ 6.2214747304, 49.539604591900002 ], [ 6.2212980609, 49.540066673799998 ], [ 6.2199376777, 49.540430344699999 ], [ 6.2198049699, 49.540262505100003 ], [ 6.2174286582, 49.540804978399997 ], [ 6.2157719854, 49.538522590500001 ], [ 6.2160466037, 49.537218143 ], [ 6.2164816136, 49.536310116599999 ], [ 6.2161998162, 49.535460476799997 ], [ 6.2154796255, 49.535309162200001 ], [ 6.2150702313, 49.534616233900003 ], [ 6.2152408326, 49.533208261699997 ], [ 6.2147414481, 49.533045036300003 ], [ 6.2118596725, 49.532972870400002 ], [ 6.2097585181, 49.532031329500001 ], [ 6.2077756808, 49.5323295938 ], [ 6.2073152017, 49.532519125299999 ], [ 6.2060694034, 49.531505666299999 ], [ 6.2051962337, 49.530378451200001 ], [ 6.2036623782, 49.530672109199998 ], [ 6.2020907243, 49.528675808199999 ], [ 6.2010374024, 49.527755797899999 ], [ 6.2024266511, 49.526932074699999 ], [ 6.2005644385, 49.526461617 ], [ 6.2001144485, 49.526845028799997 ], [ 6.1988324748, 49.526382423800001 ], [ 6.1986400981, 49.526668861799998 ], [ 6.1970213199, 49.526219023199999 ], [ 6.1969926024, 49.525784525100001 ], [ 6.1959651208, 49.525628285400003 ], [ 6.1944227527, 49.525646811400001 ], [ 6.1930684485, 49.526025513800001 ], [ 6.1930441018, 49.5264537129 ], [ 6.1907904833, 49.526066244699997 ], [ 6.190837871, 49.525974633399997 ], [ 6.1890702106, 49.525530252400003 ], [ 6.1889118689, 49.526159418699997 ], [ 6.1870350777, 49.525552728100003 ], [ 6.1850440047, 49.5277795079 ], [ 6.179820673, 49.526190122400003 ], [ 6.1802817504, 49.525219370599999 ], [ 6.1765362608, 49.524724231599997 ], [ 6.1742831024, 49.524155351300003 ], [ 6.1744873705, 49.523903829600002 ], [ 6.1738527972, 49.523675933500002 ], [ 6.172282738, 49.5226609586 ], [ 6.1716166587, 49.521808356199998 ], [ 6.1721289099, 49.517051643599999 ], [ 6.1691131183, 49.516988821399998 ], [ 6.1652306501, 49.517406881299998 ], [ 6.1625805531, 49.517282161300002 ], [ 6.162055521, 49.517858525400001 ], [ 6.1614553139, 49.517554398599998 ], [ 6.1605823633, 49.518612249900002 ], [ 6.1602723494, 49.518512232200003 ], [ 6.159739777, 49.51891324 ], [ 6.159540146, 49.518746881799999 ], [ 6.1567063884, 49.520658086099999 ], [ 6.1554834632, 49.521109278799997 ], [ 6.1566111881, 49.521496627 ], [ 6.1577826736, 49.5228762837 ], [ 6.1588464877, 49.523714249599998 ], [ 6.1602909165, 49.523850389899998 ], [ 6.1638546914, 49.523062637 ], [ 6.165474937, 49.523190697399997 ], [ 6.165351539, 49.5233230451 ], [ 6.1661533528, 49.525606731400003 ], [ 6.1655470505, 49.526352601600003 ], [ 6.1643796088, 49.527219252 ], [ 6.1614022275, 49.527465380899997 ], [ 6.1612684096, 49.528598741800003 ], [ 6.1608323357, 49.528864685199999 ], [ 6.1598650366, 49.528688015100002 ], [ 6.1603399917, 49.527187074099999 ], [ 6.1573196713, 49.526359329599998 ], [ 6.1560733271, 49.526299407300002 ], [ 6.1554097279, 49.527355682500001 ], [ 6.1554923783, 49.5276667121 ], [ 6.1584446623, 49.528810510200003 ], [ 6.1595651771, 49.529594966600001 ], [ 6.1627683698, 49.530064740500002 ], [ 6.1626717316, 49.531391467100001 ], [ 6.1631016106, 49.531514922299998 ], [ 6.1633793089, 49.531386403799999 ], [ 6.1635191537, 49.531667641699997 ], [ 6.1645296603, 49.531948192500003 ], [ 6.1662339698, 49.532096914699999 ], [ 6.1662007594, 49.532823882599999 ], [ 6.1682051234, 49.532896288300002 ], [ 6.1687488888, 49.533054786800001 ], [ 6.1686419302, 49.533268579100003 ], [ 6.1688826081, 49.533342384 ], [ 6.1708042527, 49.533661039499997 ], [ 6.170766009, 49.535118393200001 ], [ 6.1735658643, 49.534811019899998 ], [ 6.1740822567, 49.536034573599999 ], [ 6.174628555, 49.535959536 ], [ 6.1748060738, 49.536362416400003 ], [ 6.1764527504, 49.535996861699999 ], [ 6.1742375376, 49.537946291099999 ], [ 6.1739066058, 49.538433296400001 ], [ 6.1732581212, 49.538374826899997 ], [ 6.173978657, 49.540143257700002 ], [ 6.1734407788, 49.540204400500002 ], [ 6.1733194008, 49.542748252099997 ], [ 6.1715729734, 49.5455693169 ], [ 6.1741691873, 49.546875327199999 ], [ 6.1731411767, 49.549854836199998 ], [ 6.1695466838, 49.549883996699997 ], [ 6.169575032, 49.549991376800001 ], [ 6.1646502144, 49.551255115700002 ], [ 6.165955391, 49.552667170200003 ], [ 6.1652136419, 49.552814640599998 ], [ 6.1642928085, 49.553429971200003 ], [ 6.1626979498, 49.552388823599998 ], [ 6.1610654851, 49.553783131599999 ], [ 6.1604814277, 49.553181154599997 ], [ 6.1592067127, 49.5536469647 ], [ 6.1604533732, 49.5552822804 ], [ 6.1588680622, 49.555757589599999 ], [ 6.1568777512, 49.553164588 ], [ 6.1549912221, 49.55358133 ], [ 6.1544773885, 49.553047042 ], [ 6.1522052008, 49.553841725799998 ], [ 6.1502326702, 49.5541802284 ], [ 6.1499025207, 49.553540976 ], [ 6.1460761386, 49.554801475399998 ], [ 6.1454687834, 49.553957072700001 ], [ 6.1439987692, 49.554434852299998 ], [ 6.1418029185, 49.554820369399998 ], [ 6.1395362164, 49.555425534 ], [ 6.1394716648, 49.555343744600002 ], [ 6.1384356841, 49.555713843500001 ], [ 6.1378049824, 49.555812577899999 ], [ 6.1376943279, 49.555660402599997 ], [ 6.1374265939, 49.555816284400002 ], [ 6.1373159314, 49.5556793306 ], [ 6.136939603, 49.555795091900002 ], [ 6.1366966479, 49.5556828283 ], [ 6.1358355839, 49.556311587400003 ], [ 6.1356665369, 49.556058604199997 ], [ 6.1325333738, 49.5563467172 ], [ 6.1302230506, 49.556800447199997 ], [ 6.1273386166, 49.5569869264 ], [ 6.1275361511, 49.557119999400001 ], [ 6.1272621559, 49.557175865600001 ], [ 6.1276954029, 49.557937109599997 ], [ 6.1250079352, 49.5588565957 ], [ 6.1212464369, 49.559783464900001 ], [ 6.1172726119, 49.559802192100001 ], [ 6.1167472703, 49.559665488599997 ], [ 6.1137146002, 49.560987532299997 ], [ 6.1125181914, 49.561328885800002 ], [ 6.1082314335, 49.562096506499998 ], [ 6.1089969037, 49.565058616899996 ], [ 6.1091468079, 49.566524677300002 ], [ 6.107081681, 49.566792941199999 ], [ 6.1061900082, 49.566739696900001 ], [ 6.1058879512, 49.5664676293 ], [ 6.1042495513, 49.565952145700003 ], [ 6.102554466, 49.564841497099998 ], [ 6.1021177427, 49.5646557305 ], [ 6.1017531947, 49.5647175183 ], [ 6.1016507962, 49.5650959755 ], [ 6.0996192313, 49.566460505499997 ], [ 6.1018534281, 49.568279252400004 ], [ 6.1036184115, 49.569170710800002 ], [ 6.1043134919, 49.569917726699998 ], [ 6.1043165921, 49.570140985499997 ], [ 6.1027786599, 49.570959953699997 ], [ 6.100397268, 49.571572270300003 ], [ 6.0997171238, 49.571429403300002 ], [ 6.0993599892, 49.571191066200001 ], [ 6.0981917664, 49.571453768600001 ], [ 6.0970848769, 49.572660135200003 ], [ 6.0951796221, 49.575033161900002 ], [ 6.0952691867, 49.575184869799998 ], [ 6.09398154, 49.575566991300001 ], [ 6.0941177985, 49.577354076500001 ], [ 6.0935072276, 49.578512752800002 ], [ 6.0911083549, 49.577971278600003 ], [ 6.0867537042, 49.576597008900002 ], [ 6.0849162423, 49.576230752100003 ], [ 6.083249875, 49.577102155 ], [ 6.0825661587, 49.577090436200002 ], [ 6.0811283785, 49.577663175799998 ], [ 6.0793958454, 49.577376992700003 ], [ 6.0790298644, 49.578234586699999 ], [ 6.0792287826, 49.579110835199998 ], [ 6.0788110193, 49.5798971798 ], [ 6.0782296502, 49.580414681699999 ], [ 6.0785631416, 49.580876322199998 ], [ 6.0781381517, 49.581333954900003 ], [ 6.0790625001, 49.584196782 ], [ 6.0795346449, 49.584458717 ], [ 6.0797568034, 49.5843674642 ], [ 6.0792862986, 49.5852396883 ], [ 6.0769627112, 49.586696192700003 ], [ 6.07622517, 49.587275204599997 ], [ 6.0767548048, 49.587500242799997 ], [ 6.0761928437, 49.589352405299998 ], [ 6.0743630032, 49.589394306700001 ], [ 6.0742320692, 49.5897740009 ], [ 6.0737636233, 49.589337612400001 ], [ 6.072942096, 49.589313236800002 ], [ 6.0709791934, 49.587688694500002 ], [ 6.0705867553, 49.588810583799997 ], [ 6.0698784372, 49.5886615394 ], [ 6.0692871725, 49.589822502600001 ], [ 6.064222048, 49.588499814 ], [ 6.059864525, 49.587664597299998 ], [ 6.0572238465, 49.587523269499997 ], [ 6.0518532079, 49.586554849400002 ], [ 6.0493118525, 49.585856840700004 ], [ 6.0466084827, 49.584843012699999 ], [ 6.044394496, 49.584860644700001 ], [ 6.0418039241, 49.584276074400002 ], [ 6.0398929847, 49.5842384555 ], [ 6.040705968, 49.584864512199999 ], [ 6.0410642016, 49.585435843399999 ], [ 6.0407659729, 49.586271487099999 ], [ 6.0397313356, 49.586697237899998 ], [ 6.0372652872, 49.586074761 ], [ 6.0374384751, 49.585875606 ], [ 6.0342257376, 49.585807817199999 ], [ 6.032363547, 49.585594795699997 ], [ 6.0327054774, 49.584109891099999 ], [ 6.033716521, 49.582506258700001 ], [ 6.0295149442, 49.581871135900002 ], [ 6.0294325441, 49.582140535599997 ], [ 6.0282193613, 49.581790897700003 ], [ 6.0275279188, 49.583624391900003 ], [ 6.0269028449, 49.584672216500003 ], [ 6.0255356555, 49.584262285699999 ], [ 6.0248413274, 49.584811910500001 ], [ 6.0241288136, 49.584145748499999 ], [ 6.022774827, 49.583473460599997 ], [ 6.0224663749, 49.583124411500002 ], [ 6.0216706194, 49.583596099899999 ], [ 6.0205185047, 49.583478526100002 ], [ 6.0144375842, 49.581653964099999 ], [ 6.0146030511, 49.581490032799998 ], [ 6.0138727605, 49.5810098356 ], [ 6.0095324728, 49.579719074800003 ], [ 6.0098770204, 49.579411842900001 ], [ 6.0076223885, 49.578824076799997 ], [ 6.0075003486, 49.578582588499998 ], [ 6.0069937549, 49.578398192100003 ], [ 6.0071305711, 49.5780866076 ], [ 6.0055781707, 49.577501424899999 ], [ 6.0052282361, 49.577092723699998 ], [ 6.0056287552, 49.576879934799997 ], [ 6.0036735009, 49.575989429400003 ], [ 6.0007868152, 49.573435611199997 ], [ 6.0008772298, 49.572501659499999 ], [ 6.0004840837, 49.572356499500003 ], [ 6.0007175577, 49.571916651 ], [ 5.9999953213, 49.571770718700002 ], [ 5.9999662028, 49.5720465765 ], [ 5.9979307782, 49.571628841399999 ], [ 5.9994779838, 49.570268030199998 ], [ 5.9975946566, 49.569147479599998 ], [ 5.9970456301, 49.569257956199998 ], [ 5.9964341709, 49.568710038799999 ], [ 5.9942478886, 49.569081405 ], [ 5.9942103927, 49.568726462400001 ], [ 5.993008621, 49.568469178400001 ], [ 5.9930471757, 49.568360804100003 ], [ 5.9942128746, 49.568556166199997 ], [ 5.9944943961, 49.566816121700001 ], [ 5.9935425264, 49.566709627500003 ], [ 5.9936454177, 49.565996025399997 ], [ 5.9931122051, 49.565192734900002 ], [ 5.9926500976, 49.564875561900003 ], [ 5.991636298, 49.5651973744 ], [ 5.9900823032, 49.565400326700001 ], [ 5.990017796, 49.565092778100002 ], [ 5.9883230799, 49.5645148678 ], [ 5.9880167666, 49.564776367 ], [ 5.9862741946, 49.564005853600001 ], [ 5.9859889072, 49.5642799588 ], [ 5.9831494891, 49.562939340200003 ], [ 5.9826598464, 49.563316105 ], [ 5.9808330148, 49.562576744799998 ], [ 5.9798496944, 49.564057498700002 ], [ 5.980083034, 49.564139425299999 ], [ 5.9796232836, 49.564559373599998 ], [ 5.9799796151, 49.564698125500001 ], [ 5.9791397559, 49.565319405 ], [ 5.9785866703, 49.565988618900001 ], [ 5.9796191537, 49.566517578700001 ], [ 5.9775339936, 49.567841011100001 ], [ 5.9752646051, 49.568286445600002 ], [ 5.9726938143, 49.567183929499997 ], [ 5.9715336235, 49.568102623900003 ], [ 5.9712581218, 49.568243560399999 ], [ 5.9711253144, 49.567956358300002 ], [ 5.9705321058, 49.568395824500001 ], [ 5.9710761029, 49.570291616200002 ], [ 5.9696566758, 49.570598863500003 ], [ 5.9666362331, 49.570412849 ], [ 5.9611306778, 49.568154644 ], [ 5.9609266854, 49.568407469299999 ], [ 5.9610741214, 49.568381469099997 ], [ 5.9615918427, 49.568924884499999 ], [ 5.9593447538, 49.569434836200003 ], [ 5.9585513662, 49.5692442812 ], [ 5.9578880924, 49.5688231014 ], [ 5.9570736711, 49.567993637400001 ], [ 5.9560977465, 49.567371845700002 ], [ 5.9553036574, 49.566408663799997 ], [ 5.9547984083, 49.565411903600001 ], [ 5.95497062, 49.564790531299998 ], [ 5.9546008742, 49.563720597200003 ], [ 5.9528643011, 49.562033489699999 ], [ 5.951228834, 49.561599425399997 ], [ 5.9511628582, 49.561079635399999 ], [ 5.9493854178, 49.5597748705 ], [ 5.9483365979, 49.559681389300003 ], [ 5.947430459, 49.560892030399998 ], [ 5.9458679524, 49.561230695900001 ], [ 5.9430068085, 49.562235705600003 ], [ 5.9426395409, 49.562268853900001 ], [ 5.9423838291, 49.5619361368 ], [ 5.941901754, 49.5618489298 ], [ 5.9401983415, 49.5620590224 ], [ 5.9378518247, 49.561854020399998 ], [ 5.9370338689, 49.561505655200001 ], [ 5.9377269931, 49.559462089299998 ], [ 5.931714881, 49.5570858663 ], [ 5.9282197225, 49.556304289 ], [ 5.9255567526, 49.555480892699997 ], [ 5.9238405853, 49.555187045700002 ], [ 5.9219354762, 49.555057489799999 ], [ 5.9205479562, 49.5547499312 ], [ 5.9204089017, 49.555000729200003 ], [ 5.9165558805, 49.553915628699997 ], [ 5.9160436458, 49.554389805699998 ], [ 5.9127302827, 49.554118003900001 ], [ 5.911668875, 49.553800976399998 ], [ 5.9089072557, 49.5524117167 ], [ 5.9060230153, 49.552039412900001 ], [ 5.9048092307, 49.5522137468 ], [ 5.9036207768, 49.551819123599998 ], [ 5.9038691162, 49.551289726199997 ], [ 5.9042838238, 49.551267220299998 ], [ 5.9035463252, 49.550983041800002 ], [ 5.9024386611, 49.550153150900002 ], [ 5.9007396834, 49.549378137600002 ], [ 5.8985431234, 49.547110193499996 ], [ 5.8900469795, 49.546203083599998 ], [ 5.8899942241, 49.546571449200002 ], [ 5.8868884875, 49.546517006800002 ], [ 5.88531565, 49.546803949800001 ], [ 5.8852960504, 49.547042598200001 ], [ 5.8856951044, 49.548359140700001 ], [ 5.8857143113, 49.549229922800002 ], [ 5.8850566393, 49.550261435800003 ], [ 5.8862384751, 49.552153100699996 ], [ 5.887188816, 49.554189552099999 ], [ 5.8866817999, 49.555485596600001 ], [ 5.8872854281, 49.556100970700001 ], [ 5.8874633312, 49.556935712200001 ], [ 5.8870343939, 49.557505474499997 ], [ 5.8865821334, 49.557459540099998 ], [ 5.8866099652, 49.558133301600002 ], [ 5.8864847906, 49.558250278 ], [ 5.8861878777, 49.558189883399997 ], [ 5.8853171856, 49.559674839400003 ], [ 5.8853125054, 49.560245349 ], [ 5.8857356709, 49.561050515600002 ], [ 5.8856275412, 49.561648645799998 ], [ 5.8761034273, 49.560784728 ], [ 5.8757938643, 49.561555834399996 ], [ 5.8750814652, 49.561428945300001 ], [ 5.87423005, 49.563558095700003 ], [ 5.8723366264, 49.5650501147 ], [ 5.8720568823, 49.564933012 ], [ 5.8712959629, 49.565732786300003 ], [ 5.8718103766, 49.565939897500002 ], [ 5.8711201087, 49.567059133400001 ], [ 5.8713391303, 49.567080723700002 ], [ 5.8711321693, 49.567336988800001 ], [ 5.8716371015, 49.567544175400002 ], [ 5.8711251943, 49.567829691500002 ], [ 5.8704941037, 49.567578878299997 ], [ 5.8692180362, 49.568959786199997 ], [ 5.8653316168, 49.571711370199999 ], [ 5.8632510551, 49.570493756099999 ], [ 5.8623754242, 49.57070429 ], [ 5.8619143431, 49.5706004054 ], [ 5.8612553324, 49.570803859599998 ], [ 5.8605026286, 49.570150364500002 ], [ 5.8604305153, 49.569691933800001 ], [ 5.861070404, 49.5682335929 ], [ 5.8610881081, 49.567036125800001 ], [ 5.8597836031, 49.566523538600002 ], [ 5.8579903272, 49.566206545500002 ], [ 5.8558279507, 49.56623789 ], [ 5.8537370491, 49.565166783099997 ], [ 5.8520762644, 49.565274706399997 ], [ 5.8509438731, 49.563827530899999 ], [ 5.8511503863, 49.562787429799997 ], [ 5.8509475289, 49.562989777699997 ], [ 5.8501972613, 49.5632102366 ], [ 5.8499557737, 49.563157039799997 ], [ 5.8474271592, 49.56212657 ], [ 5.8465124322, 49.562099259299998 ], [ 5.8459026009, 49.561409074499998 ], [ 5.8450415051, 49.5609868142 ], [ 5.8436046363, 49.560681216799999 ], [ 5.8428048903, 49.5609304229 ], [ 5.8434817507, 49.560230517900003 ], [ 5.8458549506, 49.558768516599997 ], [ 5.8453257205, 49.558581046800001 ], [ 5.8463064017, 49.557706436399997 ], [ 5.8458576015, 49.557450392100002 ], [ 5.8462044128, 49.556867346300002 ], [ 5.8460028719, 49.556663084599997 ], [ 5.8460973094, 49.556260760900003 ], [ 5.8449676586, 49.556123248799999 ], [ 5.8443521373, 49.555484711 ], [ 5.8435442814, 49.555226162799997 ], [ 5.8436602285, 49.554424066499998 ], [ 5.84276918, 49.554309659499999 ], [ 5.8419903143, 49.554511850200001 ], [ 5.8421663913, 49.553790682399999 ], [ 5.8419561229, 49.553096562199997 ], [ 5.8377886573, 49.552865292 ], [ 5.8355891217, 49.552450480600001 ], [ 5.8313653903, 49.550899982799997 ], [ 5.8302679281, 49.550767859899999 ], [ 5.8280038728, 49.549992235300003 ], [ 5.8266920689, 49.551455643300002 ], [ 5.8264005615, 49.552041059899999 ], [ 5.8260520973, 49.552207492699999 ], [ 5.824900352, 49.55177446 ], [ 5.8239633637, 49.551158859 ], [ 5.8226491754, 49.549678279 ], [ 5.8222680298, 49.549617496400003 ], [ 5.8214217892, 49.549842653 ], [ 5.820196559, 49.549184548699998 ], [ 5.8198546059, 49.5480915419 ], [ 5.8200823167, 49.547554286299999 ], [ 5.8190745364, 49.5470888993 ], [ 5.8179478547, 49.545747435800003 ], [ 5.8141655849, 49.544474583899998 ], [ 5.8105581158, 49.543477599100001 ], [ 5.8105198062, 49.543176880499999 ], [ 5.8081259655, 49.542563465599997 ], [ 5.8085477817, 49.540910755500001 ], [ 5.8119364223, 49.542010835699998 ], [ 5.8133122853, 49.541498439100003 ], [ 5.8143198523, 49.540011082600003 ], [ 5.815401112, 49.539127399400002 ], [ 5.8154340896, 49.538492455499998 ], [ 5.81601163, 49.537496921600003 ], [ 5.8172141454, 49.537708071600001 ], [ 5.8171694294, 49.537026416899998 ], [ 5.8215675692, 49.538050961300002 ], [ 5.8224968445, 49.538570328200002 ], [ 5.8227156737, 49.538024264800001 ], [ 5.824435877, 49.539168829099999 ], [ 5.8280188261, 49.540106229400003 ], [ 5.8280104851, 49.540333177100003 ], [ 5.8289724542, 49.540722018300002 ], [ 5.8315265338, 49.5411759104 ], [ 5.8338475593, 49.541812170299998 ], [ 5.8350738175, 49.542338890400003 ], [ 5.8369224303, 49.542666513599997 ], [ 5.8391569487, 49.537315404300003 ], [ 5.8435065038, 49.532869262 ], [ 5.845808449, 49.529902747599998 ], [ 5.8430256263, 49.5294999312 ], [ 5.8406808217, 49.528772445500003 ], [ 5.8382594368, 49.527767263400001 ], [ 5.834870645, 49.527114343500003 ], [ 5.8341152102, 49.526384687899998 ], [ 5.834418094, 49.525613138300002 ], [ 5.8342997631, 49.5237214 ], [ 5.8346374205, 49.5237763449 ], [ 5.8347126938, 49.522874199500002 ], [ 5.8353410722, 49.522952671200002 ], [ 5.8357675798, 49.522677999899997 ], [ 5.8357533431, 49.522087069 ], [ 5.8361919357, 49.521326035900003 ], [ 5.8358379879, 49.520998481699998 ], [ 5.8359340779, 49.520275831399999 ], [ 5.8362725589, 49.5197879953 ], [ 5.8375509035, 49.519426531400001 ], [ 5.8382189318, 49.519488844500003 ], [ 5.8397038258, 49.5185740521 ], [ 5.8397402068, 49.517911542100002 ], [ 5.8400819958, 49.517855451 ], [ 5.8401079422, 49.517565999699997 ], [ 5.8412637048, 49.516890958700003 ], [ 5.8421157007, 49.516831199899997 ], [ 5.8428388061, 49.516435442099997 ], [ 5.8431637152, 49.516490794100001 ], [ 5.8435720314, 49.516312455200001 ], [ 5.843514089, 49.516086003399998 ], [ 5.8439878727, 49.515827923700002 ], [ 5.844994208, 49.515524635200002 ], [ 5.8454329805, 49.515660903700002 ], [ 5.846266864, 49.515433738299997 ], [ 5.8465921149, 49.515195537799997 ], [ 5.8477925258, 49.514964197499999 ], [ 5.8479297539, 49.514694041 ], [ 5.8484021117, 49.514530706199999 ], [ 5.8491653265, 49.512730004600002 ], [ 5.848914615, 49.510412675700003 ], [ 5.8493575811, 49.509987999300002 ], [ 5.8497646096, 49.508912818799999 ], [ 5.8505367595, 49.508239067799998 ], [ 5.8509321285, 49.5080645245 ], [ 5.8513668532, 49.5081011284 ], [ 5.8532240021, 49.507055042399998 ], [ 5.8536784753, 49.5071784111 ], [ 5.8542615009, 49.5068507326 ], [ 5.8546599843, 49.506892189200002 ], [ 5.8549699105, 49.506603779700001 ], [ 5.8551209769, 49.506755041399998 ], [ 5.8554253141, 49.506552535300003 ], [ 5.8557400974, 49.506607168499997 ], [ 5.8558803516, 49.506432649499999 ], [ 5.8562439962, 49.506561527099997 ], [ 5.8563744265, 49.506315914699996 ], [ 5.8568967733, 49.506395998800002 ], [ 5.8572099896, 49.506222373600004 ], [ 5.8573441154, 49.506346038 ], [ 5.8578705763, 49.506089256 ], [ 5.858879926, 49.505919886100003 ], [ 5.858854468, 49.5056450027 ], [ 5.8591878795, 49.5054107534 ], [ 5.8591217928, 49.5051921636 ], [ 5.8593927123, 49.505001822099999 ], [ 5.8597214311, 49.504222063500002 ], [ 5.8599510161, 49.504215453599997 ], [ 5.8605630414, 49.503671105599999 ], [ 5.8611240554, 49.503582400600003 ], [ 5.8612796704, 49.503328982 ], [ 5.8620320076, 49.503164101599999 ], [ 5.8622311068, 49.502053019 ], [ 5.8641092413, 49.500938704600003 ], [ 5.8643825789, 49.500984888799998 ], [ 5.8662623496, 49.499913269700002 ], [ 5.8670835162, 49.499958686500001 ], [ 5.8696854133, 49.499281159500001 ], [ 5.8719232896, 49.500264883100002 ], [ 5.8724764733, 49.499628854199997 ], [ 5.8724624474, 49.499111699099998 ], [ 5.872981709, 49.498677919 ], [ 5.8736533266, 49.498462793599998 ], [ 5.8755307948, 49.498387835499997 ], [ 5.8756296286, 49.498256669299998 ], [ 5.8773073423, 49.498500348100002 ], [ 5.8786687945, 49.498945471100001 ], [ 5.87894204, 49.498772748100002 ], [ 5.8818249099, 49.499168126299999 ], [ 5.8843579626, 49.498764151099998 ], [ 5.8850757442, 49.498833292800001 ], [ 5.8871436115, 49.498207935899998 ], [ 5.8885168323, 49.497117581399998 ], [ 5.889353831, 49.496756278600003 ], [ 5.8901601804, 49.496682075 ], [ 5.8932461356, 49.496832321200003 ], [ 5.8948233041, 49.496577045099997 ], [ 5.89614217, 49.496548880500001 ], [ 5.8977855923, 49.496818301399998 ], [ 5.9023466229, 49.498031945100003 ], [ 5.9034092329, 49.4981236016 ], [ 5.9041146634, 49.49873856 ], [ 5.9072639782, 49.5000843682 ], [ 5.907371892, 49.501612374899999 ], [ 5.9076748015, 49.502131486499998 ], [ 5.9085980095, 49.501590648200001 ], [ 5.9099479827, 49.501828247 ], [ 5.913072853, 49.501986439299998 ], [ 5.9157576929, 49.501437505 ], [ 5.9176863795, 49.500712343 ], [ 5.9200138206, 49.500231887399998 ], [ 5.9205979036, 49.500984581200001 ], [ 5.9219453229, 49.500727708299998 ], [ 5.9239022142, 49.499365692799998 ], [ 5.9275384841, 49.498382679199999 ], [ 5.9305574528, 49.500643820500002 ], [ 5.9319992358, 49.499822889599997 ], [ 5.9321206606, 49.499913156200002 ], [ 5.932410161, 49.499573931299999 ], [ 5.9341410281, 49.500617864100001 ], [ 5.9349260127, 49.500232309499999 ], [ 5.93597534, 49.500860072099997 ], [ 5.9401183622, 49.500962272599999 ], [ 5.9431541175, 49.500231697 ], [ 5.9426420879, 49.499377063300003 ], [ 5.9427366214, 49.499169397499998 ], [ 5.9424046912, 49.498980828199997 ], [ 5.9419930965, 49.498349997299997 ], [ 5.941968395, 49.497996173 ], [ 5.943030843, 49.495920984599998 ], [ 5.9438224387, 49.495179241099997 ], [ 5.9445147786, 49.495584064600003 ], [ 5.943781734, 49.496509876600001 ], [ 5.9434182599, 49.497402448499997 ], [ 5.945184428, 49.497644567599998 ], [ 5.9462079771, 49.497603585599997 ], [ 5.9462873712, 49.497001453599999 ], [ 5.9491113909, 49.496504555199998 ], [ 5.9488600341, 49.495855519700001 ], [ 5.9511532309, 49.495171019200001 ], [ 5.9520444812, 49.494141858200003 ], [ 5.9537467407, 49.494014046 ], [ 5.9544721348, 49.494126234699998 ], [ 5.9551629949, 49.493091591800003 ], [ 5.9569496716, 49.493540474500001 ], [ 5.9584608406, 49.493199864499999 ], [ 5.9590170585, 49.493374522700002 ], [ 5.9608905601, 49.493062090599999 ], [ 5.9634011753, 49.492898783299999 ], [ 5.9645945959, 49.493004745900002 ], [ 5.9652348988, 49.492759102299999 ], [ 5.9654929274, 49.492038377900002 ], [ 5.9660189101, 49.492146855500003 ], [ 5.9661299455, 49.491343703299997 ], [ 5.9679440555, 49.491517594199998 ], [ 5.9679363168, 49.491774863800003 ], [ 5.9690908827, 49.491503649499997 ], [ 5.9696279346, 49.491218486199998 ], [ 5.9721114693, 49.491412981899998 ], [ 5.9729905474, 49.490527165099998 ], [ 5.9738239504, 49.489126150399997 ], [ 5.9708365515, 49.488357252500002 ], [ 5.970644421, 49.488097539100004 ], [ 5.970106814, 49.487925917399998 ], [ 5.9701197778, 49.487687717699998 ], [ 5.9681054497, 49.4863961438 ], [ 5.9710362212, 49.483328379900001 ], [ 5.9714104544, 49.4830669292 ], [ 5.9729685307, 49.483411221899999 ], [ 5.9731778453, 49.482827144700003 ], [ 5.9748036679, 49.481999756 ], [ 5.9749757901, 49.4815711615 ], [ 5.9749248057, 49.480635613300002 ], [ 5.9746360226, 49.480342972499997 ], [ 5.9745300861, 49.479814688300003 ], [ 5.9750351832, 49.478796392500001 ], [ 5.9750042862, 49.478190135600002 ], [ 5.9742866097, 49.476948153099997 ], [ 5.9724135227, 49.475530524500002 ], [ 5.9696459383, 49.475508055100001 ], [ 5.969833498, 49.475243529899998 ], [ 5.97121459, 49.474511790100003 ], [ 5.9715942462, 49.474645404 ], [ 5.9723100679, 49.474378485099997 ], [ 5.9724709125, 49.473434713700001 ], [ 5.9722220794, 49.472393632399999 ], [ 5.9727956807, 49.471015469900003 ], [ 5.9719401638, 49.469566944699999 ], [ 5.9736263574, 49.4685917491 ], [ 5.9740051382, 49.465485938699999 ], [ 5.9757566598, 49.463428293600003 ], [ 5.9757782206, 49.462787532699998 ], [ 5.9774784829, 49.462532906100002 ], [ 5.9779641583, 49.462193626100003 ], [ 5.9787193315, 49.461184468600003 ], [ 5.9793095725, 49.460906331899999 ], [ 5.9814384355, 49.461219141299999 ], [ 5.981989132, 49.462780678900003 ], [ 5.9825788112, 49.463518660399998 ], [ 5.9873181281, 49.462640428599997 ], [ 5.9876886563, 49.462336920600002 ], [ 5.9880676725, 49.461293086 ], [ 5.9877834909, 49.460278703199997 ], [ 5.9867318418, 49.458700992099999 ], [ 5.9857208185, 49.455739401800002 ], [ 5.982359357, 49.457036730299997 ], [ 5.979299742, 49.455244879200002 ], [ 5.9787522926, 49.4539921366 ], [ 5.9790898258, 49.452684638599997 ], [ 5.9803126735, 49.451869226100001 ], [ 5.9819720628, 49.451067538 ], [ 5.9979347817, 49.456497542500003 ], [ 6.0012336002, 49.456504391499998 ], [ 6.0078491249, 49.451639898899998 ], [ 6.0114964058, 49.453518913499998 ], [ 6.0138164151, 49.452530278700003 ], [ 6.015521402, 49.453631528 ], [ 6.0155925469, 49.453951709800002 ], [ 6.0180263172, 49.453949659700001 ], [ 6.01977588, 49.454262281 ], [ 6.0217468866, 49.454975894599997 ], [ 6.0237143796, 49.455022859 ], [ 6.0266943996, 49.454195097099998 ], [ 6.02807474, 49.455749104699997 ], [ 6.0292821881, 49.4550472556 ], [ 6.0272486666, 49.453774079600002 ], [ 6.0259204975, 49.451851034500002 ], [ 6.0258782155, 49.450727525799998 ], [ 6.026356154, 49.450173078699997 ], [ 6.0268407254, 49.448595882200003 ], [ 6.0272512612, 49.448261005799999 ], [ 6.028703629, 49.4491612506 ], [ 6.0293216463, 49.449339746200003 ], [ 6.032581545, 49.449535819799998 ] ] ] ] } },
{ "type": "Feature", "properties": { "name": "Grevenmacher", "district": "Grevenmacher" }, "geometry": { "type": "MultiPolygon", "coordinates": [ [ [ [ 6.4432681529, 49.676042691600003 ], [ 6.4468810422, 49.678602520200002 ], [ 6.4495303511, 49.681085279400001 ], [ 6.4495050959, 49.681272801399999 ], [ 6.4506772656, 49.682412799399998 ], [ 6.4510389405, 49.682560632200001 ], [ 6.4522379835, 49.683734983500003 ], [ 6.4554023573, 49.687207063 ], [ 6.4574508029, 49.690510462699997 ], [ 6.4610566062, 49.692349232799998 ], [ 6.4621559555, 49.6926535853 ], [ 6.467501465, 49.6932719088 ], [ 6.4694690703, 49.693690027899997 ], [ 6.474075988, 49.6955188612 ], [ 6.4781180765, 49.696655300700002 ], [ 6.4796842412, 49.697251515399998 ], [ 6.481885186, 49.698654994899996 ], [ 6.4860382007, 49.702417155699997 ], [ 6.4903530731, 49.705545495800003 ], [ 6.4932637735, 49.708181464900001 ], [ 6.4981172161, 49.711574341599999 ], [ 6.5001077117, 49.7125818548 ], [ 6.5039752801, 49.713554419700003 ], [ 6.5062625687, 49.713500320500003 ], [ 6.506413127, 49.715249178100002 ], [ 6.5060920284, 49.716312909700001 ], [ 6.500910478, 49.719313618500003 ], [ 6.4975099706, 49.721729065 ], [ 6.4962558246, 49.722518578399999 ], [ 6.4954529697, 49.7232752512 ], [ 6.4947733075, 49.724334292 ], [ 6.4947215955, 49.7250193518 ], [ 6.4951540803, 49.725793399899999 ], [ 6.495860676, 49.726285803899998 ], [ 6.4971255768, 49.726806113899997 ], [ 6.4988795956, 49.72701052 ], [ 6.5006648105, 49.727087769100002 ], [ 6.5025655829, 49.726966507100002 ], [ 6.5051463211, 49.726138368 ], [ 6.5058354039, 49.725708859100003 ], [ 6.5109512626, 49.721268396299998 ], [ 6.5144609376, 49.721547640899999 ], [ 6.5155462795, 49.722081145300002 ], [ 6.5171487933, 49.723468189199998 ], [ 6.5170158136, 49.724032407099997 ], [ 6.5158918767, 49.724880288100003 ], [ 6.5140615533, 49.725494885800003 ], [ 6.5110357839, 49.727127976399998 ], [ 6.5077538416, 49.728132363699999 ], [ 6.5057003871, 49.729203212199998 ], [ 6.5023022164, 49.731701225099997 ], [ 6.5018249376, 49.732290236600001 ], [ 6.5016047261, 49.733154765800002 ], [ 6.5010770837, 49.732981164199998 ], [ 6.5000541919, 49.733310375899997 ], [ 6.4993963614, 49.733129021899998 ], [ 6.4994312042, 49.7332893365 ], [ 6.4944209109, 49.733785271099997 ], [ 6.49277863, 49.734183462700003 ], [ 6.4916628367, 49.734788538099998 ], [ 6.4910938745, 49.735446541599998 ], [ 6.4884551376, 49.736341382299997 ], [ 6.4846177276, 49.736435124700002 ], [ 6.482254994, 49.736075108 ], [ 6.4814791957, 49.736460494 ], [ 6.4803005486, 49.737438506499998 ], [ 6.4786384599, 49.737978309100001 ], [ 6.4781946887, 49.738292543599997 ], [ 6.4773861826, 49.739690257299998 ], [ 6.4772751439, 49.740835526399998 ], [ 6.4761956691, 49.7418462451 ], [ 6.4756648165, 49.742589285100003 ], [ 6.4742355829, 49.741647130799997 ], [ 6.4724617878, 49.7412792115 ], [ 6.4717932028, 49.740920898 ], [ 6.4706369329, 49.742205276200004 ], [ 6.4704844385, 49.7426468548 ], [ 6.4693575528, 49.742368134899998 ], [ 6.469454007, 49.742221351 ], [ 6.4691249838, 49.742076980299998 ], [ 6.4653354478, 49.740689683900001 ], [ 6.4613981534, 49.739555982 ], [ 6.4612630069, 49.7397242017 ], [ 6.4604148293, 49.739536114700002 ], [ 6.4601140214, 49.740536231900002 ], [ 6.4597148093, 49.740534642100002 ], [ 6.459429792, 49.7411274066 ], [ 6.4590717315, 49.740791747 ], [ 6.4575657414, 49.741472845200001 ], [ 6.4559682653, 49.741583154200001 ], [ 6.4552933757, 49.741864763300001 ], [ 6.4537604338, 49.741831037300003 ], [ 6.4512316042, 49.741428685899997 ], [ 6.4494821797, 49.741760245099996 ], [ 6.4471463191, 49.742453575 ], [ 6.4463862839, 49.742187329899998 ], [ 6.445356821, 49.741543132799997 ], [ 6.4445216607, 49.7401601539 ], [ 6.4438529442, 49.738109724700003 ], [ 6.443317191, 49.737403910899999 ], [ 6.442682783, 49.736985208199997 ], [ 6.4398315103, 49.735761271400001 ], [ 6.4379188544, 49.734576369700001 ], [ 6.4373600677, 49.733896709100001 ], [ 6.4360081852, 49.732960708100002 ], [ 6.4356649791, 49.732426118200003 ], [ 6.4355450248, 49.732368504199997 ], [ 6.4351723908, 49.732634488199999 ], [ 6.4345438048, 49.7332289123 ], [ 6.432333158, 49.733964559900002 ], [ 6.4320746685, 49.733919289 ], [ 6.4315463438, 49.733054805199998 ], [ 6.4313232349, 49.733076685299999 ], [ 6.4293514593, 49.731740460899999 ], [ 6.4279171689, 49.731276579099998 ], [ 6.4273680713, 49.731821093199997 ], [ 6.4249072433, 49.733090838099997 ], [ 6.4237144556, 49.733291418199997 ], [ 6.4199470502, 49.733465723 ], [ 6.4194663217, 49.735013812399998 ], [ 6.4195308484, 49.736449748399998 ], [ 6.4193666732, 49.736639973899997 ], [ 6.4180833664, 49.736958094899997 ], [ 6.4150580771, 49.737225834699998 ], [ 6.4149627654, 49.738229494499997 ], [ 6.4137893268, 49.738946911500001 ], [ 6.4130809292, 49.739186152199999 ], [ 6.4088936217, 49.738477253399999 ], [ 6.4083243408, 49.738837775500002 ], [ 6.407877192, 49.7393505971 ], [ 6.4082665257, 49.740110482200002 ], [ 6.4081044286, 49.740790668499997 ], [ 6.40775446, 49.741017847199998 ], [ 6.4056209316, 49.741536243900001 ], [ 6.4047370353, 49.742283496299997 ], [ 6.4095929879, 49.744440852399997 ], [ 6.3970579797, 49.748352968500001 ], [ 6.3974942507, 49.748631167500001 ], [ 6.397102735, 49.748824186299998 ], [ 6.3973826768, 49.748997575399997 ], [ 6.3941349698, 49.750451544699999 ], [ 6.395902615, 49.752591689699997 ], [ 6.3959759859, 49.753153307399998 ], [ 6.3930309939, 49.754113438899999 ], [ 6.3923069713, 49.753523038099999 ], [ 6.3918946577, 49.753627682 ], [ 6.3912978357, 49.754045965400003 ], [ 6.3914073675, 49.754705227800002 ], [ 6.3911334904, 49.754905164 ], [ 6.3904855039, 49.754823843200001 ], [ 6.3883717209, 49.755325995699998 ], [ 6.3880059963, 49.755580044600002 ], [ 6.3865815086, 49.755653390900001 ], [ 6.3857976937, 49.754706047799999 ], [ 6.383226644, 49.7519703428 ], [ 6.3812496577, 49.751465061200001 ], [ 6.3780595476, 49.751370294700003 ], [ 6.3777799093, 49.750555491299998 ], [ 6.3773674625, 49.750521535700003 ], [ 6.3770685553, 49.749919478700001 ], [ 6.3771272369, 49.748215410199997 ], [ 6.3769233191, 49.747467628400003 ], [ 6.3753217749, 49.7452915155 ], [ 6.3758547841, 49.744878175799997 ], [ 6.3755213187, 49.744303112899999 ], [ 6.3764007284, 49.744148486900002 ], [ 6.3764880733, 49.744256434599997 ], [ 6.3778464912, 49.743939285800003 ], [ 6.3765196141, 49.741296928799997 ], [ 6.3773642605, 49.740735614099997 ], [ 6.3793096569, 49.740576860700003 ], [ 6.379469791, 49.739049217900003 ], [ 6.3797252244, 49.739054099100002 ], [ 6.3797713234, 49.738666555599998 ], [ 6.3795842807, 49.737011105800001 ], [ 6.3813365989, 49.736637548700003 ], [ 6.3806557462, 49.735715017 ], [ 6.3794273069, 49.735497861900001 ], [ 6.3766441007, 49.735324198299999 ], [ 6.370792044, 49.7343724057 ], [ 6.3687221907, 49.734186066600003 ], [ 6.3681213211, 49.734259612099997 ], [ 6.3665278887, 49.734796463899997 ], [ 6.3643945078, 49.735060048100003 ], [ 6.3622326477, 49.735156169100001 ], [ 6.3602554966, 49.734899520100001 ], [ 6.3595208056, 49.7349815874 ], [ 6.3571879683, 49.7347820102 ], [ 6.3550371483, 49.7350650327 ], [ 6.3544341517, 49.736613120800001 ], [ 6.3532851416, 49.737694876100001 ], [ 6.3526130979, 49.737546984799998 ], [ 6.3519873207, 49.736967484 ], [ 6.3512424111, 49.7381670097 ], [ 6.3505629836, 49.7375211803 ], [ 6.3503984808, 49.737567941 ], [ 6.3496924429, 49.737075010200002 ], [ 6.3474674996, 49.736620915099998 ], [ 6.3475644549, 49.736326054400003 ], [ 6.3461854867, 49.735996234200002 ], [ 6.3449619111, 49.735384117499997 ], [ 6.3461516726, 49.733888776900002 ], [ 6.3482506717, 49.732025271 ], [ 6.3469100526, 49.7313885067 ], [ 6.3466656107, 49.731516375399998 ], [ 6.3460096223, 49.7308432401 ], [ 6.3447967144, 49.730415848 ], [ 6.3441635169, 49.731078954799997 ], [ 6.3439509973, 49.731939718500001 ], [ 6.3428039559, 49.731636503200001 ], [ 6.341185293, 49.731610516400004 ], [ 6.3421171876, 49.7311840363 ], [ 6.3395360755, 49.731502466199998 ], [ 6.3393884514, 49.731745905300002 ], [ 6.336260708, 49.731779426099997 ], [ 6.3327170506, 49.732446446799997 ], [ 6.3328438387, 49.733064294199998 ], [ 6.3288827913, 49.733158683 ], [ 6.3287188567, 49.734958584700003 ], [ 6.3268024508, 49.734848936299997 ], [ 6.326785822, 49.735099542100002 ], [ 6.3248650902, 49.735038013400001 ], [ 6.3248540336, 49.7351533625 ], [ 6.3220794579, 49.735039028400003 ], [ 6.3220484577, 49.7353538562 ], [ 6.3194269649, 49.735234929299999 ], [ 6.3164940828, 49.7353566691 ], [ 6.3164100122, 49.735494381700001 ], [ 6.3131571775, 49.734624924099997 ], [ 6.3096405507, 49.734089501500002 ], [ 6.3092432506, 49.734732553599997 ], [ 6.3081438923, 49.735390414100003 ], [ 6.3073233337, 49.735302643200001 ], [ 6.3072323155, 49.735782754500001 ], [ 6.3048319164, 49.735538023899998 ], [ 6.3046664576, 49.736020730100002 ], [ 6.3034414006, 49.735738544100002 ], [ 6.3041331572, 49.737797801200003 ], [ 6.3032145582, 49.737760204799997 ], [ 6.3032273501, 49.737239604099997 ], [ 6.3022336963, 49.737130853799997 ], [ 6.2999571796, 49.736292457600001 ], [ 6.298415254, 49.738747975800003 ], [ 6.29625859, 49.738314047400003 ], [ 6.2955619861, 49.7388534603 ], [ 6.2906679184, 49.739574267 ], [ 6.2911407537, 49.739902600699999 ], [ 6.2892378037, 49.7403618389 ], [ 6.2886330727, 49.740639939300003 ], [ 6.2883997684, 49.740740997400003 ], [ 6.288338244, 49.741188291100002 ], [ 6.2863634381, 49.740906337600002 ], [ 6.285380132, 49.740777859200001 ], [ 6.2821941063, 49.742598465 ], [ 6.2793609798, 49.7429359514 ], [ 6.276884824, 49.743478470900001 ], [ 6.2748546264, 49.744334203699999 ], [ 6.2731826061, 49.7441617283 ], [ 6.2649034347, 49.744296962 ], [ 6.2643345954, 49.744251533300002 ], [ 6.2633577573, 49.7448522137 ], [ 6.2615590105, 49.7454273679 ], [ 6.2550208481, 49.745064082900001 ], [ 6.2550158862, 49.745189957800001 ], [ 6.2514146295, 49.745080524800002 ], [ 6.2501631891, 49.7452017154 ], [ 6.2490798791, 49.745605983600001 ], [ 6.2475519695, 49.745838467200002 ], [ 6.2413634848, 49.746131548100003 ], [ 6.2372484631, 49.747044524899998 ], [ 6.2353630604, 49.747319643499999 ], [ 6.2308409201, 49.7476420984 ], [ 6.2306470379, 49.747554274800002 ], [ 6.2291125379, 49.748438557500002 ], [ 6.2276430935, 49.74970787 ], [ 6.2274665194, 49.748640261299997 ], [ 6.2259801514, 49.746841716600002 ], [ 6.2262856259, 49.746455083299999 ], [ 6.2258062361, 49.745638711300003 ], [ 6.2253015392, 49.742287000200001 ], [ 6.2230261197, 49.739318314499997 ], [ 6.2225588406, 49.737513590299997 ], [ 6.2219834308, 49.736417821899998 ], [ 6.2214328011, 49.735315799299997 ], [ 6.2208715797, 49.735354235499997 ], [ 6.2207602163, 49.7347480639 ], [ 6.22011198, 49.733850629599999 ], [ 6.2187925873, 49.732807445600002 ], [ 6.2173988986, 49.732256543399998 ], [ 6.2162023996, 49.731264901499998 ], [ 6.2139486313, 49.729911771300003 ], [ 6.2140266453, 49.729372201 ], [ 6.2136132425, 49.728826885499998 ], [ 6.2120780242, 49.728401424499999 ], [ 6.2105296877, 49.728291597499997 ], [ 6.2084252901, 49.727881449 ], [ 6.2056741064, 49.726500461299999 ], [ 6.2062452494, 49.725404505100002 ], [ 6.2041978911, 49.724322241300001 ], [ 6.2044451036, 49.723802690299998 ], [ 6.2019464725, 49.723264448499997 ], [ 6.2019014249, 49.722617311500002 ], [ 6.2025795639, 49.721914419400001 ], [ 6.2030644631, 49.721021130600001 ], [ 6.2017949465, 49.720861084200003 ], [ 6.1988174853, 49.719872718799998 ], [ 6.1959462942, 49.719701867600001 ], [ 6.1894508748, 49.716841460799998 ], [ 6.1848932457, 49.714583163599997 ], [ 6.1865108019, 49.713528118299998 ], [ 6.1867989497, 49.7128942067 ], [ 6.186907807, 49.711421074900002 ], [ 6.1870642346, 49.711055687299996 ], [ 6.18678727, 49.710190203800003 ], [ 6.1867934549, 49.709331064600001 ], [ 6.1860199753, 49.7084615172 ], [ 6.1859256084, 49.708043574900003 ], [ 6.1861390378, 49.707206699 ], [ 6.1872295672, 49.706183950400003 ], [ 6.1857331767, 49.704943335899998 ], [ 6.1848890231, 49.702335427599998 ], [ 6.1837773466, 49.701517396900002 ], [ 6.185261881, 49.699611005 ], [ 6.1849392023, 49.699127751100001 ], [ 6.184970229, 49.698760631399999 ], [ 6.1845584307, 49.698742487300002 ], [ 6.1835947101, 49.697961078900001 ], [ 6.1831024988, 49.697820548300001 ], [ 6.1825831699, 49.697390252700004 ], [ 6.1821063912, 49.697284663300003 ], [ 6.1810148194, 49.697190924899999 ], [ 6.1790723862, 49.696168842699997 ], [ 6.1829148977, 49.693113387300002 ], [ 6.1809756504, 49.691797828699997 ], [ 6.1811839675, 49.691160252 ], [ 6.1808888676, 49.690676901800003 ], [ 6.1797915107, 49.690031481299997 ], [ 6.1790770815, 49.69057421 ], [ 6.1778943954, 49.689932808099996 ], [ 6.1771495505, 49.689235272300003 ], [ 6.1755900271, 49.689552557699997 ], [ 6.1734338362, 49.689336373099998 ], [ 6.1710523557, 49.688289147100001 ], [ 6.1679982839, 49.687445665799999 ], [ 6.1669980783, 49.686917148299997 ], [ 6.1690309889, 49.6859514597 ], [ 6.169297752, 49.686020019600001 ], [ 6.173218102, 49.685535624800004 ], [ 6.1748559001, 49.686696161299999 ], [ 6.1785509682, 49.686706962300001 ], [ 6.1798655489, 49.686523942699999 ], [ 6.178963857, 49.684723379600001 ], [ 6.1799513552, 49.684397049899999 ], [ 6.1796854979, 49.6836135052 ], [ 6.1803313443, 49.683661517200001 ], [ 6.1810496039, 49.684375984200003 ], [ 6.1877642926, 49.684487409399999 ], [ 6.190565291, 49.684235241700001 ], [ 6.1937200756, 49.682711326700002 ], [ 6.1986017921, 49.684752476200003 ], [ 6.1980784294, 49.6856732384 ], [ 6.1966917496, 49.686373665700003 ], [ 6.1962752677, 49.6879082086 ], [ 6.19814686, 49.688275055200002 ], [ 6.2043286888, 49.688113345399998 ], [ 6.2120151306, 49.6890626263 ], [ 6.213098653, 49.688434989400001 ], [ 6.2144769834, 49.6866237168 ], [ 6.2141994302, 49.685724076200003 ], [ 6.2147496015, 49.685024190100002 ], [ 6.2148056729, 49.684957652500003 ], [ 6.214953044, 49.684785479399999 ], [ 6.2233439618, 49.685574541800001 ], [ 6.2229647412, 49.684525084199997 ], [ 6.2238253557, 49.684389623599998 ], [ 6.2235742751, 49.6835133055 ], [ 6.2242984391, 49.683428958 ], [ 6.2252839622, 49.685025141399997 ], [ 6.226442551, 49.685252123 ], [ 6.229331656, 49.685145038500004 ], [ 6.2317526454, 49.684849838700003 ], [ 6.232815056, 49.685123967199999 ], [ 6.2342725888, 49.6852403197 ], [ 6.2354507872, 49.683721790200003 ], [ 6.2374706292, 49.683384224400001 ], [ 6.2411947168, 49.6841831642 ], [ 6.2411335222, 49.683962908600002 ], [ 6.2452988523, 49.684945899900001 ], [ 6.2474080887, 49.685285114300001 ], [ 6.2487044186, 49.685759998 ], [ 6.2492551199, 49.685208036399999 ], [ 6.2494423737, 49.684615251399997 ], [ 6.2521287377, 49.684688638600001 ], [ 6.2527806225, 49.685128064899999 ], [ 6.2530353589, 49.685125278 ], [ 6.2532885546, 49.684869883799998 ], [ 6.2555350878, 49.6855380943 ], [ 6.2560429437, 49.68527421 ], [ 6.2568718639, 49.685609740499999 ], [ 6.2575431461, 49.686286807800002 ], [ 6.2587772515, 49.685771326400001 ], [ 6.2599839531, 49.684945137699998 ], [ 6.2608021043, 49.684741546200001 ], [ 6.2611442761, 49.684450081400001 ], [ 6.26217644, 49.684097929700002 ], [ 6.2638638564, 49.684393511800003 ], [ 6.2638340211, 49.684120483500003 ], [ 6.2645395048, 49.683767530899999 ], [ 6.2659519993, 49.6821339225 ], [ 6.2673871771, 49.6810121372 ], [ 6.2677768458, 49.677949689599998 ], [ 6.2687056758, 49.676108262600003 ], [ 6.2700238461, 49.677904101800003 ], [ 6.2713418349, 49.677123161700003 ], [ 6.2712050479, 49.676963084699999 ], [ 6.2724148966, 49.675051758400002 ], [ 6.2743055769, 49.675582520600003 ], [ 6.2741032038, 49.676001063100003 ], [ 6.2779306897, 49.677899671699997 ], [ 6.2784628463, 49.675913135099997 ], [ 6.2785084642, 49.673336262500001 ], [ 6.2788814575, 49.6716841032 ], [ 6.2786337493, 49.669243633599997 ], [ 6.2773310838, 49.669014163900002 ], [ 6.279777146, 49.664628525200001 ], [ 6.2803726963, 49.6645927004 ], [ 6.2812982389, 49.664867741599998 ], [ 6.2821712983, 49.6647273301 ], [ 6.2833656688, 49.665011779799997 ], [ 6.2836655186, 49.664786085300001 ], [ 6.2845241136, 49.66463044 ], [ 6.2864023449, 49.664780864199997 ], [ 6.2856400978, 49.663398168500002 ], [ 6.2855492099, 49.659424893500002 ], [ 6.280231009, 49.658762620799997 ], [ 6.2811728406, 49.657134735200003 ], [ 6.2820503372, 49.657243548700002 ], [ 6.2816602252, 49.65484635 ], [ 6.2817324386, 49.6531075487 ], [ 6.2840414673, 49.651341615600003 ], [ 6.2869530467, 49.650551457600002 ], [ 6.289180153, 49.649734041400002 ], [ 6.289444764, 49.649004516 ], [ 6.2890220333, 49.648842045499997 ], [ 6.2895992735, 49.648199177800002 ], [ 6.2885875409, 49.647918799199999 ], [ 6.2895127734, 49.6472823995 ], [ 6.2898418469, 49.64716935 ], [ 6.290058785, 49.647274844599998 ], [ 6.2890851681, 49.646503641 ], [ 6.2897626855, 49.645547601700002 ], [ 6.2902097217, 49.644073717799998 ], [ 6.2900987567, 49.642608445299999 ], [ 6.2902934946, 49.640632188399998 ], [ 6.2926695128, 49.638503456499997 ], [ 6.2934328489, 49.638694062399999 ], [ 6.2939186392, 49.638046569300002 ], [ 6.2954670558, 49.638293644400001 ], [ 6.2957251883, 49.637076296700002 ], [ 6.2955633158, 49.636355805599997 ], [ 6.3006874669, 49.637231656700003 ], [ 6.3015413187, 49.637560574600002 ], [ 6.3020291868, 49.636981628 ], [ 6.3026640269, 49.637288306 ], [ 6.3026033752, 49.636713395900003 ], [ 6.3031724001, 49.636636467700001 ], [ 6.3039973729, 49.634703958099998 ], [ 6.3074744786, 49.632921114799998 ], [ 6.308600864, 49.631021615900003 ], [ 6.3092112215, 49.628908934099996 ], [ 6.3092800971, 49.628751993 ], [ 6.3096337768, 49.62841125 ], [ 6.3100153884, 49.628303951600003 ], [ 6.3112162067, 49.6280212375 ], [ 6.314932764, 49.627760757799997 ], [ 6.3169511838, 49.627756913900001 ], [ 6.3180242138, 49.627690144100001 ], [ 6.3213434381, 49.627390774399998 ], [ 6.3229933235, 49.626883992400003 ], [ 6.3241236615, 49.626713390600003 ], [ 6.3278970485, 49.6269257788 ], [ 6.3299674242, 49.626737106199997 ], [ 6.3288595787, 49.625542462200002 ], [ 6.3281762031, 49.625126835099998 ], [ 6.3286553748, 49.624537024699997 ], [ 6.3298217611, 49.624333005300002 ], [ 6.3309085983, 49.624484185599997 ], [ 6.3313795605, 49.624119545699998 ], [ 6.3326803521, 49.623551180900002 ], [ 6.3329321785, 49.623684148 ], [ 6.3330539095, 49.622459167599999 ], [ 6.3348791535, 49.622471256799997 ], [ 6.3353363587, 49.6218069779 ], [ 6.3377306855, 49.622029078 ], [ 6.3378512949, 49.622575309699997 ], [ 6.3388535992, 49.622131768099997 ], [ 6.3384855692, 49.619827553699999 ], [ 6.3400346566, 49.619569368 ], [ 6.3397039271, 49.618653391300001 ], [ 6.3398954295, 49.618086682200001 ], [ 6.3404522374, 49.617502523500001 ], [ 6.3399935764, 49.617414791500003 ], [ 6.3403571715, 49.615671451300003 ], [ 6.3443739572, 49.616685079200003 ], [ 6.3449101135, 49.616057629899998 ], [ 6.3451116546, 49.613998947799999 ], [ 6.3456340284, 49.613939135899997 ], [ 6.3448213482, 49.611717836499999 ], [ 6.3444147481, 49.611562133 ], [ 6.3448780763, 49.610940665800001 ], [ 6.3458028483, 49.610611772399999 ], [ 6.3455778278, 49.610459928600001 ], [ 6.3458543271, 49.610322353400001 ], [ 6.344054511, 49.609393090899999 ], [ 6.344033344, 49.608831338 ], [ 6.3446276321, 49.607893151900001 ], [ 6.3452566085, 49.607414161100003 ], [ 6.3460058256, 49.6071537236 ], [ 6.3490374564, 49.609056004 ], [ 6.3492333388, 49.609496633299997 ], [ 6.3482749791, 49.610711841300002 ], [ 6.3481617761, 49.611763768300001 ], [ 6.3495516269, 49.614145633 ], [ 6.3523212806, 49.6158860671 ], [ 6.3538532054, 49.615120658199999 ], [ 6.3550336029, 49.615025962 ], [ 6.3562109316, 49.615079988 ], [ 6.3567829724, 49.6156638633 ], [ 6.3585980001, 49.6160137647 ], [ 6.3596328567, 49.615358412600003 ], [ 6.3598383663, 49.615454876900003 ], [ 6.3607228179, 49.614669080900001 ], [ 6.360993286, 49.6140062164 ], [ 6.3606893036, 49.613235881100003 ], [ 6.3615219399, 49.613369486499998 ], [ 6.3625899938, 49.613815108200001 ], [ 6.3645928916, 49.615802875900002 ], [ 6.365547709, 49.615570175400002 ], [ 6.3667891724, 49.615322497599998 ], [ 6.3673006098, 49.6145141509 ], [ 6.3686125079, 49.613909748499999 ], [ 6.3696137677, 49.613076882800001 ], [ 6.3721136162, 49.6130336441 ], [ 6.3723580445, 49.612822102400003 ], [ 6.3720035173, 49.612350531399997 ], [ 6.3720590124, 49.6120919508 ], [ 6.3733490044, 49.611437453299999 ], [ 6.374562637, 49.611222477699997 ], [ 6.3755154829, 49.610617659200003 ], [ 6.3758538673, 49.610304018900003 ], [ 6.3769681164, 49.610266221099998 ], [ 6.3779736897, 49.609961038 ], [ 6.3788470743, 49.610202219900003 ], [ 6.3791720411, 49.609713089800003 ], [ 6.3797285551, 49.609665334200002 ], [ 6.3801509731, 49.6094533232 ], [ 6.3790665351, 49.607952546 ], [ 6.3803682788, 49.607253784299999 ], [ 6.3801703553, 49.607213698 ], [ 6.3801721228, 49.606850844299998 ], [ 6.3780750327, 49.606944287700003 ], [ 6.3779168958, 49.606726075899999 ], [ 6.3775819083, 49.606775371499999 ], [ 6.3775260857, 49.606605497799997 ], [ 6.3772717774, 49.6066239146 ], [ 6.3764410689, 49.604415319 ], [ 6.3765716784, 49.603852550699997 ], [ 6.3770468013, 49.603332198300002 ], [ 6.3792705187, 49.604170946399996 ], [ 6.3796299332, 49.604055022499999 ], [ 6.3819587135, 49.604164803899998 ], [ 6.381476554, 49.603261955900003 ], [ 6.3818945257, 49.6029779104 ], [ 6.3821987333, 49.602101970900002 ], [ 6.3804730815, 49.6000410483 ], [ 6.3793185009, 49.599490212500001 ], [ 6.379630571, 49.599393247499997 ], [ 6.3776877856, 49.598093879399997 ], [ 6.3765855086, 49.596669325500002 ], [ 6.3757117485, 49.596021102800002 ], [ 6.3761513135, 49.595886478700002 ], [ 6.3742661897, 49.5940970089 ], [ 6.373651031, 49.593140931 ], [ 6.3731083185, 49.592829450099998 ], [ 6.3726665223, 49.592728007 ], [ 6.3724099883, 49.592884906099997 ], [ 6.3721154564, 49.592665021599998 ], [ 6.3726299739, 49.591725301399997 ], [ 6.3719089157, 49.590540103199999 ], [ 6.3718501273, 49.590425742199997 ], [ 6.372310474, 49.590286024900003 ], [ 6.3724677228, 49.590390374899997 ], [ 6.3738873881, 49.590039248099998 ], [ 6.3744548471, 49.591480711099997 ], [ 6.3767774142, 49.594056651499997 ], [ 6.3805704952, 49.5973680878 ], [ 6.3842745105, 49.5996959649 ], [ 6.3859811126, 49.600072524200002 ], [ 6.3915104684, 49.600242742799999 ], [ 6.3939682909, 49.6006284077 ], [ 6.3973225285, 49.601690282100002 ], [ 6.4000850554, 49.603392755599998 ], [ 6.4023828126, 49.605413670799997 ], [ 6.4037504834, 49.607809840800002 ], [ 6.4055006132, 49.609641650500002 ], [ 6.4075473125, 49.611097092500003 ], [ 6.4092356905, 49.612843297600001 ], [ 6.4129274037, 49.615246333599998 ], [ 6.4183715981, 49.617421856199996 ], [ 6.4190288521, 49.618056901499997 ], [ 6.4200550325, 49.619590543699999 ], [ 6.4211298609, 49.620840655400002 ], [ 6.4217144314, 49.621903887899997 ], [ 6.4225174201, 49.625615804900001 ], [ 6.424552569, 49.628593574200004 ], [ 6.4253176817, 49.630262468 ], [ 6.4261091013, 49.632967310200002 ], [ 6.4276471228, 49.635883788699999 ], [ 6.4293387068, 49.638510829099999 ], [ 6.4308659791, 49.6404066769 ], [ 6.434423756, 49.645889860499999 ], [ 6.4352630778, 49.647826533200003 ], [ 6.4388942947, 49.652732912300003 ], [ 6.43980534, 49.655801863199997 ], [ 6.4399463145, 49.657187917 ], [ 6.4395123424, 49.658116704699999 ], [ 6.4388988068, 49.65869068 ], [ 6.4374845063, 49.659571136799997 ], [ 6.4363795576, 49.659974077 ], [ 6.4338924655, 49.6601987608 ], [ 6.4304136175, 49.659773815599998 ], [ 6.4290679011, 49.659763928499999 ], [ 6.4278588186, 49.659899362600001 ], [ 6.426805945, 49.6602400477 ], [ 6.4260002331, 49.660729699299999 ], [ 6.4252936368, 49.661575965700003 ], [ 6.4250880493, 49.662718524100001 ], [ 6.4252537417, 49.663814329499999 ], [ 6.4254396675, 49.664366254900003 ], [ 6.4271757046, 49.666811176099998 ], [ 6.4294222171, 49.668415900500001 ], [ 6.4298607657, 49.669059025499998 ], [ 6.4314413035, 49.670415522900001 ], [ 6.4342482824, 49.671774328700003 ], [ 6.4370710137, 49.672691746300004 ], [ 6.4393311183, 49.673727686900001 ], [ 6.440160483, 49.674348257200002 ], [ 6.4400729742, 49.674434146899998 ], [ 6.4432681529, 49.676042691600003 ] ] ] ] } },
{ "type": "Feature", "properties": { "name": "Luxembourg", "district": "Luxembourg" }, "geometry": { "type": "MultiPolygon", "coordinates": [ [ [ [ 6.0783704882, 49.646839933400003 ], [ 6.0790066351, 49.647701563399998 ], [ 6.0793766771, 49.648994490500002 ], [ 6.0790601164, 49.650689329899997 ], [ 6.0768352923, 49.653032208399999 ], [ 6.0753418916, 49.655841257299997 ], [ 6.0729320039, 49.657469627499999 ], [ 6.0712925322, 49.6575891731 ], [ 6.0698575792, 49.657961108 ], [ 6.06926266, 49.658287606400002 ], [ 6.0683055757, 49.657648544799997 ], [ 6.0679213918, 49.657598460199999 ], [ 6.0679207773, 49.657206140500001 ], [ 6.0667401353, 49.655833384799998 ], [ 6.0668646514, 49.655490533699997 ], [ 6.065929502, 49.654560156 ], [ 6.0653829028, 49.6543157885 ], [ 6.0649827909, 49.654320273099998 ], [ 6.0644978607, 49.653776234 ], [ 6.0629902193, 49.653066005500001 ], [ 6.0624609988, 49.653262555399998 ], [ 6.0619590825, 49.653061287699998 ], [ 6.0612399246, 49.65328456 ], [ 6.0606202828, 49.653136557800003 ], [ 6.0598378556, 49.6520579385 ], [ 6.0589647941, 49.652038046800001 ], [ 6.0587117603, 49.651870893199998 ], [ 6.05862269, 49.65111148 ], [ 6.0580294769, 49.650369421400001 ], [ 6.0577133137, 49.648694532900002 ], [ 6.0573285088, 49.648415089499998 ], [ 6.0548816795, 49.6476535822 ], [ 6.0543170515, 49.647334969399999 ], [ 6.0543907514, 49.646960154799999 ], [ 6.0540625434, 49.646471131600002 ], [ 6.0544737851, 49.646128618100001 ], [ 6.0548253918, 49.645302026400003 ], [ 6.0540481579, 49.6448877487 ], [ 6.0533376569, 49.644878699499998 ], [ 6.0532796163, 49.644260820299998 ], [ 6.0530320433, 49.644028052499998 ], [ 6.05136901, 49.643667841400003 ], [ 6.0509672841, 49.643374468600001 ], [ 6.0503448865, 49.643315364899998 ], [ 6.0502574661, 49.643089720699997 ], [ 6.0487468317, 49.642498998800001 ], [ 6.0484219028, 49.642012228299997 ], [ 6.0480378475, 49.641934169800003 ], [ 6.0476211987, 49.6415747673 ], [ 6.0475626834, 49.641181748199998 ], [ 6.046548345, 49.640946777899998 ], [ 6.0465613999, 49.640689362400003 ], [ 6.0470457822, 49.640343255799998 ], [ 6.0471587169, 49.639840769499997 ], [ 6.0487907094, 49.638770440199998 ], [ 6.0491569359, 49.6381389656 ], [ 6.0489845572, 49.6376095818 ], [ 6.048069385, 49.636975635 ], [ 6.0474400012, 49.635871066199996 ], [ 6.0468906035, 49.6354015549 ], [ 6.0463829713, 49.635215857299997 ], [ 6.0462051331, 49.634945142399999 ], [ 6.0463102464, 49.634284497199999 ], [ 6.0458445934, 49.633471909900003 ], [ 6.0471494407, 49.632571233500002 ], [ 6.0471425886, 49.632329117600001 ], [ 6.0475521957, 49.6319921196 ], [ 6.0475349012, 49.630875719899997 ], [ 6.0478773355, 49.630231447600003 ], [ 6.0472974543, 49.629454990500001 ], [ 6.0460857819, 49.628456917800001 ], [ 6.0455442311, 49.628560024800002 ], [ 6.0449824925, 49.628427157899999 ], [ 6.0443946252, 49.627947190900002 ], [ 6.0426252482, 49.627181624800002 ], [ 6.0422845532, 49.6264667266 ], [ 6.0416150589, 49.626171107200001 ], [ 6.0412648059, 49.625650310799998 ], [ 6.0415159314, 49.625401974100001 ], [ 6.0409069259, 49.624650951 ], [ 6.040358644, 49.6244214142 ], [ 6.0396454438, 49.624601663900002 ], [ 6.0388224329, 49.624396038500002 ], [ 6.037690696, 49.62387224 ], [ 6.0373269744, 49.623509612699998 ], [ 6.0361571135, 49.622620983099999 ], [ 6.0361372421, 49.621319991900002 ], [ 6.0352847947, 49.620140916499999 ], [ 6.0347092868, 49.618731982500002 ], [ 6.0344996849, 49.618702261 ], [ 6.0339585125, 49.616535304599999 ], [ 6.0339744416, 49.615890120099998 ], [ 6.0345553952, 49.614859861699998 ], [ 6.0334655917, 49.614729443 ], [ 6.0334829284, 49.613354460700002 ], [ 6.033424781, 49.613162722 ], [ 6.0334012843, 49.613093791 ], [ 6.0333094963, 49.613110742800004 ], [ 6.0332524186, 49.613121283 ], [ 6.0330015832, 49.613167600300002 ], [ 6.0329438055, 49.613043978199997 ], [ 6.0328062922, 49.612751666699999 ], [ 6.0334176982, 49.6126023777 ], [ 6.033423414, 49.612599450200001 ], [ 6.0335691236, 49.612528088600001 ], [ 6.0335822952, 49.612481047899998 ], [ 6.0334800906, 49.612387033899999 ], [ 6.0327272629, 49.611805190699997 ], [ 6.0325715497, 49.611641284 ], [ 6.0322168117, 49.6112824995 ], [ 6.0320278619, 49.611115717300002 ], [ 6.0316086947, 49.610711882099999 ], [ 6.0313550193, 49.610348008300001 ], [ 6.0310807076, 49.6104016066 ], [ 6.0302671473, 49.6104507075 ], [ 6.02921988, 49.610441560799998 ], [ 6.0286289826, 49.610424221499997 ], [ 6.0264544587, 49.610060600099999 ], [ 6.0219056034, 49.609543760100003 ], [ 6.0197345169, 49.609771741700001 ], [ 6.0174167225, 49.609781964500002 ], [ 6.0141392506, 49.6108546647 ], [ 6.0133570504, 49.611360882200003 ], [ 6.0126968434, 49.610099455 ], [ 6.0126742038, 49.609072103400003 ], [ 6.0111183189, 49.607802391600003 ], [ 6.0099915404, 49.607531514 ], [ 6.0095105566, 49.607203955700001 ], [ 6.0085908998, 49.604310955599999 ], [ 6.007983759, 49.6042680981 ], [ 6.0070912998, 49.6039074332 ], [ 6.0057030284, 49.602354293399998 ], [ 6.0047812237, 49.601618877900002 ], [ 6.0009505951, 49.599602066899998 ], [ 5.9997512971, 49.5987865695 ], [ 5.9991344189, 49.597087324599997 ], [ 5.9986404325, 49.596734382800001 ], [ 5.9986845573, 49.595237278900001 ], [ 5.9984344785, 49.594510888800002 ], [ 5.999711844, 49.594332294300003 ], [ 5.9996653171, 49.594117449199999 ], [ 6.0032172693, 49.5930860498 ], [ 6.0090139234, 49.592541591299998 ], [ 6.0104505548, 49.592701590300003 ], [ 6.0097387036, 49.592288753799998 ], [ 6.0108974674, 49.591940627100001 ], [ 6.0109853047, 49.5916039775 ], [ 6.0100857169, 49.590905334200002 ], [ 6.0077161927, 49.5896629577 ], [ 6.0076485336, 49.588035009800002 ], [ 6.0038723059, 49.587151299699997 ], [ 6.0040850482, 49.586499991899998 ], [ 6.0034793943, 49.585848661699998 ], [ 6.0041817802, 49.585177671499999 ], [ 6.0054886578, 49.585659231 ], [ 6.0090126103, 49.586472818499999 ], [ 6.0092360095, 49.585835371 ], [ 6.0077661124, 49.585392398700002 ], [ 6.0065291632, 49.584343492 ], [ 6.0077953009, 49.583220822400001 ], [ 6.0082351676, 49.5832992809 ], [ 6.0082751613, 49.582690066399998 ], [ 6.0101710155, 49.582795673699998 ], [ 6.0105559151, 49.582264797299999 ], [ 6.0145586329, 49.582802820300003 ], [ 6.0144375842, 49.581653964099999 ], [ 6.0205185047, 49.583478526100002 ], [ 6.0216706194, 49.583596099899999 ], [ 6.0224663749, 49.583124411500002 ], [ 6.022774827, 49.583473460599997 ], [ 6.0241288136, 49.584145748499999 ], [ 6.0248413274, 49.584811910500001 ], [ 6.0255356555, 49.584262285699999 ], [ 6.0269028449, 49.584672216500003 ], [ 6.0275279188, 49.583624391900003 ], [ 6.0282193613, 49.581790897700003 ], [ 6.0294325441, 49.582140535599997 ], [ 6.0295149442, 49.581871135900002 ], [ 6.033716521, 49.582506258700001 ], [ 6.0327054774, 49.584109891099999 ], [ 6.032363547, 49.585594795699997 ], [ 6.0342257376, 49.585807817199999 ], [ 6.0374384751, 49.585875606 ], [ 6.0372652872, 49.586074761 ], [ 6.0397313356, 49.586697237899998 ], [ 6.0407659729, 49.586271487099999 ], [ 6.0410642016, 49.585435843399999 ], [ 6.040705968, 49.584864512199999 ], [ 6.0398929847, 49.5842384555 ], [ 6.0418039241, 49.584276074400002 ], [ 6.044394496, 49.584860644700001 ], [ 6.0466084827, 49.584843012699999 ], [ 6.0493118525, 49.585856840700004 ], [ 6.0518532079, 49.586554849400002 ], [ 6.0572238465, 49.587523269499997 ], [ 6.059864525, 49.587664597299998 ], [ 6.064222048, 49.588499814 ], [ 6.0692871725, 49.589822502600001 ], [ 6.0698784372, 49.5886615394 ], [ 6.0705867553, 49.588810583799997 ], [ 6.0709791934, 49.587688694500002 ], [ 6.072942096, 49.589313236800002 ], [ 6.0737636233, 49.589337612400001 ], [ 6.0742320692, 49.5897740009 ], [ 6.0743630032, 49.589394306700001 ], [ 6.0761928437, 49.589352405299998 ], [ 6.0767548048, 49.587500242799997 ], [ 6.07622517, 49.587275204599997 ], [ 6.0769627112, 49.586696192700003 ], [ 6.0792862986, 49.5852396883 ], [ 6.0797568034, 49.5843674642 ], [ 6.0795346449, 49.584458717 ], [ 6.0790625001, 49.584196782 ], [ 6.0781381517, 49.581333954900003 ], [ 6.0785631416, 49.580876322199998 ], [ 6.0782296502, 49.580414681699999 ], [ 6.0788110193, 49.5798971798 ], [ 6.0792287826, 49.579110835199998 ], [ 6.0790298644, 49.578234586699999 ], [ 6.0793958454, 49.577376992700003 ], [ 6.0811283785, 49.577663175799998 ], [ 6.0825661587, 49.577090436200002 ], [ 6.083249875, 49.577102155 ], [ 6.0849162423, 49.576230752100003 ], [ 6.0867537042, 49.576597008900002 ], [ 6.0911083549, 49.577971278600003 ], [ 6.0935072276, 49.578512752800002 ], [ 6.0941177985, 49.577354076500001 ], [ 6.09398154, 49.575566991300001 ], [ 6.0952691867, 49.575184869799998 ], [ 6.0951796221, 49.575033161900002 ], [ 6.0970848769, 49.572660135200003 ], [ 6.0981917664, 49.571453768600001 ], [ 6.0993599892, 49.571191066200001 ], [ 6.0997171238, 49.571429403300002 ], [ 6.100397268, 49.571572270300003 ], [ 6.1027786599, 49.570959953699997 ], [ 6.1043165921, 49.570140985499997 ], [ 6.1043134919, 49.569917726699998 ], [ 6.1036184115, 49.569170710800002 ], [ 6.1018534281, 49.568279252400004 ], [ 6.0996192313, 49.566460505499997 ], [ 6.1016507962, 49.5650959755 ], [ 6.1017531947, 49.5647175183 ], [ 6.1021177427, 49.5646557305 ], [ 6.102554466, 49.564841497099998 ], [ 6.1042495513, 49.565952145700003 ], [ 6.1058879512, 49.5664676293 ], [ 6.1061900082, 49.566739696900001 ], [ 6.107081681, 49.566792941199999 ], [ 6.1091468079, 49.566524677300002 ], [ 6.1089969037, 49.565058616899996 ], [ 6.1082314335, 49.562096506499998 ], [ 6.1125181914, 49.561328885800002 ], [ 6.1137146002, 49.560987532299997 ], [ 6.1167472703, 49.559665488599997 ], [ 6.1172726119, 49.559802192100001 ], [ 6.1212464369, 49.559783464900001 ], [ 6.1250079352, 49.5588565957 ], [ 6.1276954029, 49.557937109599997 ], [ 6.1272621559, 49.557175865600001 ], [ 6.1275361511, 49.557119999400001 ], [ 6.1273386166, 49.5569869264 ], [ 6.1302230506, 49.556800447199997 ], [ 6.1325333738, 49.5563467172 ], [ 6.1356665369, 49.556058604199997 ], [ 6.1358355839, 49.556311587400003 ], [ 6.1366966479, 49.5556828283 ], [ 6.136939603, 49.555795091900002 ], [ 6.1373159314, 49.5556793306 ], [ 6.1374265939, 49.555816284400002 ], [ 6.1376943279, 49.555660402599997 ], [ 6.1378049824, 49.555812577899999 ], [ 6.1384356841, 49.555713843500001 ], [ 6.1394716648, 49.555343744600002 ], [ 6.1395362164, 49.555425534 ], [ 6.1418029185, 49.554820369399998 ], [ 6.1439987692, 49.554434852299998 ], [ 6.1454687834, 49.553957072700001 ], [ 6.1460761386, 49.554801475399998 ], [ 6.1499025207, 49.553540976 ], [ 6.1502326702, 49.5541802284 ], [ 6.1522052008, 49.553841725799998 ], [ 6.1544773885, 49.553047042 ], [ 6.1549912221, 49.55358133 ], [ 6.1568777512, 49.553164588 ], [ 6.1588680622, 49.555757589599999 ], [ 6.1604533732, 49.5552822804 ], [ 6.1592067127, 49.5536469647 ], [ 6.1604814277, 49.553181154599997 ], [ 6.1610654851, 49.553783131599999 ], [ 6.1626979498, 49.552388823599998 ], [ 6.1642928085, 49.553429971200003 ], [ 6.1652136419, 49.552814640599998 ], [ 6.165955391, 49.552667170200003 ], [ 6.1646502144, 49.551255115700002 ], [ 6.169575032, 49.549991376800001 ], [ 6.1695466838, 49.549883996699997 ], [ 6.1731411767, 49.549854836199998 ], [ 6.1741691873, 49.546875327199999 ], [ 6.1715729734, 49.5455693169 ], [ 6.1733194008, 49.542748252099997 ], [ 6.1734407788, 49.540204400500002 ], [ 6.173978657, 49.540143257700002 ], [ 6.1732581212, 49.538374826899997 ], [ 6.1739066058, 49.538433296400001 ], [ 6.1742375376, 49.537946291099999 ], [ 6.1764527504, 49.535996861699999 ], [ 6.1748060738, 49.536362416400003 ], [ 6.174628555, 49.535959536 ], [ 6.1740822567, 49.536034573599999 ], [ 6.1735658643, 49.534811019899998 ], [ 6.170766009, 49.535118393200001 ], [ 6.1708042527, 49.533661039499997 ], [ 6.1688826081, 49.533342384 ], [ 6.1686419302, 49.533268579100003 ], [ 6.1687488888, 49.533054786800001 ], [ 6.1682051234, 49.532896288300002 ], [ 6.1662007594, 49.532823882599999 ], [ 6.1662339698, 49.532096914699999 ], [ 6.1645296603, 49.531948192500003 ], [ 6.1635191537, 49.531667641699997 ], [ 6.1633793089, 49.531386403799999 ], [ 6.1631016106, 49.531514922299998 ], [ 6.1626717316, 49.531391467100001 ], [ 6.1627683698, 49.530064740500002 ], [ 6.1595651771, 49.529594966600001 ], [ 6.1584446623, 49.528810510200003 ], [ 6.1554923783, 49.5276667121 ], [ 6.1554097279, 49.527355682500001 ], [ 6.1560733271, 49.526299407300002 ], [ 6.1573196713, 49.526359329599998 ], [ 6.1603399917, 49.527187074099999 ], [ 6.1598650366, 49.528688015100002 ], [ 6.1608323357, 49.528864685199999 ], [ 6.1612684096, 49.528598741800003 ], [ 6.1614022275, 49.527465380899997 ], [ 6.1643796088, 49.527219252 ], [ 6.1655470505, 49.526352601600003 ], [ 6.1661533528, 49.525606731400003 ], [ 6.165351539, 49.5233230451 ], [ 6.165474937, 49.523190697399997 ], [ 6.1638546914, 49.523062637 ], [ 6.1602909165, 49.523850389899998 ], [ 6.1588464877, 49.523714249599998 ], [ 6.1577826736, 49.5228762837 ], [ 6.1566111881, 49.521496627 ], [ 6.1554834632, 49.521109278799997 ], [ 6.1567063884, 49.520658086099999 ], [ 6.159540146, 49.518746881799999 ], [ 6.159739777, 49.51891324 ], [ 6.1602723494, 49.518512232200003 ], [ 6.1605823633, 49.518612249900002 ], [ 6.1614553139, 49.517554398599998 ], [ 6.162055521, 49.517858525400001 ], [ 6.1625805531, 49.517282161300002 ], [ 6.1652306501, 49.517406881299998 ], [ 6.1691131183, 49.516988821399998 ], [ 6.1721289099, 49.517051643599999 ], [ 6.1716166587, 49.521808356199998 ], [ 6.172282738, 49.5226609586 ], [ 6.1738527972, 49.523675933500002 ], [ 6.1744873705, 49.523903829600002 ], [ 6.1742831024, 49.524155351300003 ], [ 6.1765362608, 49.524724231599997 ], [ 6.1802817504, 49.525219370599999 ], [ 6.179820673, 49.526190122400003 ], [ 6.1850440047, 49.5277795079 ], [ 6.1870350777, 49.525552728100003 ], [ 6.1889118689, 49.526159418699997 ], [ 6.1890702106, 49.525530252400003 ], [ 6.190837871, 49.525974633399997 ], [ 6.1907904833, 49.526066244699997 ], [ 6.1930441018, 49.5264537129 ], [ 6.1930684485, 49.526025513800001 ], [ 6.1944227527, 49.525646811400001 ], [ 6.1959651208, 49.525628285400003 ], [ 6.1969926024, 49.525784525100001 ], [ 6.1970213199, 49.526219023199999 ], [ 6.1986400981, 49.526668861799998 ], [ 6.1988324748, 49.526382423800001 ], [ 6.2001144485, 49.526845028799997 ], [ 6.2005644385, 49.526461617 ], [ 6.2024266511, 49.526932074699999 ], [ 6.2010374024, 49.527755797899999 ], [ 6.2020907243, 49.528675808199999 ], [ 6.2036623782, 49.530672109199998 ], [ 6.2051962337, 49.530378451200001 ], [ 6.2060694034, 49.531505666299999 ], [ 6.2073152017, 49.532519125299999 ], [ 6.2077756808, 49.5323295938 ], [ 6.2097585181, 49.532031329500001 ], [ 6.2118596725, 49.532972870400002 ], [ 6.2147414481, 49.533045036300003 ], [ 6.2152408326, 49.533208261699997 ], [ 6.2150702313, 49.534616233900003 ], [ 6.2154796255, 49.535309162200001 ], [ 6.2161998162, 49.535460476799997 ], [ 6.2164816136, 49.536310116599999 ], [ 6.2160466037, 49.537218143 ], [ 6.2157719854, 49.538522590500001 ], [ 6.2174286582, 49.540804978399997 ], [ 6.2198049699, 49.540262505100003 ], [ 6.2199376777, 49.540430344699999 ], [ 6.2212980609, 49.540066673799998 ], [ 6.2214747304, 49.539604591900002 ], [ 6.2195699359, 49.538514065199998 ], [ 6.2198938898, 49.538383547099997 ], [ 6.2203923582, 49.5386934315 ], [ 6.2212117327, 49.536803362599997 ], [ 6.2261000942, 49.536951660299998 ], [ 6.2258825763, 49.5375461645 ], [ 6.2279307844, 49.537843055400003 ], [ 6.2282011918, 49.538702400799998 ], [ 6.2287803334, 49.5385398584 ], [ 6.2290754494, 49.539530791399997 ], [ 6.2301142125, 49.540287660600001 ], [ 6.2283789703, 49.540967113900003 ], [ 6.2294167449, 49.542333847599998 ], [ 6.2281494793, 49.543302945 ], [ 6.2303600227, 49.544577948300002 ], [ 6.2292628057, 49.5453859339 ], [ 6.2275026635, 49.544660868699999 ], [ 6.2252593997, 49.546987797900002 ], [ 6.2264579413, 49.547418205900001 ], [ 6.2247585637, 49.548113221199998 ], [ 6.2237382393, 49.5498281554 ], [ 6.2222440646, 49.5506685629 ], [ 6.2206180586, 49.552044701200003 ], [ 6.2195105911, 49.554522504099999 ], [ 6.2192148599, 49.554989904199999 ], [ 6.2217316644, 49.555567897800003 ], [ 6.2234862267, 49.556173623600003 ], [ 6.223789705, 49.555825466599998 ], [ 6.2251690831, 49.556507396299999 ], [ 6.2264760694, 49.556829226600001 ], [ 6.2271068175, 49.555739802700003 ], [ 6.2279581269, 49.554851426200003 ], [ 6.230256487, 49.553007545200003 ], [ 6.2317565181, 49.5533475975 ], [ 6.2332630119, 49.553996380699999 ], [ 6.234953247, 49.553305670199997 ], [ 6.2354755085, 49.554197935799998 ], [ 6.233711531, 49.555204076599999 ], [ 6.2312165439, 49.557677510399998 ], [ 6.2310524938, 49.558108705400002 ], [ 6.2310242753, 49.558886836200003 ], [ 6.2312962432, 49.55969912 ], [ 6.2319683905, 49.560202093500003 ], [ 6.2330721562, 49.560442701299998 ], [ 6.2323648975, 49.561973904600002 ], [ 6.2316390177, 49.5626445957 ], [ 6.2338885121, 49.564975795 ], [ 6.2335296417, 49.566087396599997 ], [ 6.2320366814, 49.567612381499998 ], [ 6.2324014754, 49.567894514099997 ], [ 6.2308223405, 49.569005879400002 ], [ 6.2312350327, 49.570043436500001 ], [ 6.2329694413, 49.569992383900001 ], [ 6.2365666891, 49.570209054800003 ], [ 6.23948026, 49.569650806299997 ], [ 6.2403838652, 49.568546000799998 ], [ 6.2416217436, 49.567663295700001 ], [ 6.2480414564, 49.567676540900003 ], [ 6.2488169204, 49.567567240800003 ], [ 6.2506725561, 49.567864187300003 ], [ 6.2537749713, 49.568645084400003 ], [ 6.254803549, 49.569316204 ], [ 6.257505216, 49.570112363600003 ], [ 6.2563815892, 49.570986222199998 ], [ 6.2555381397, 49.572154133600002 ], [ 6.2553801453, 49.572784986 ], [ 6.2556710822, 49.573468444200003 ], [ 6.2554385282, 49.574486400600001 ], [ 6.2566257424, 49.575558743099997 ], [ 6.2569266818, 49.576340093699997 ], [ 6.2582114784, 49.57787951 ], [ 6.2594528052, 49.578776490800003 ], [ 6.2631884285, 49.578585405600002 ], [ 6.2658032193, 49.578250700799998 ], [ 6.2655236401, 49.578549540499999 ], [ 6.2656533389, 49.579119768600002 ], [ 6.2654157032, 49.579837375399997 ], [ 6.2655510906, 49.579899964 ], [ 6.2658165687, 49.579200800899997 ], [ 6.2657714722, 49.578648923599999 ], [ 6.2664484273, 49.578955722300002 ], [ 6.2674503695, 49.579960867600001 ], [ 6.2672454437, 49.5805019194 ], [ 6.2687547599, 49.583140457500001 ], [ 6.2686119156, 49.583983385300002 ], [ 6.2698712596, 49.584378465500002 ], [ 6.2710552621, 49.5845940576 ], [ 6.2748101009, 49.584734116100002 ], [ 6.2846092063, 49.5865600865 ], [ 6.2911783737, 49.586293468299999 ], [ 6.2919070791, 49.586561400800001 ], [ 6.2972629269, 49.585000452400003 ], [ 6.3007684712, 49.582655399099998 ], [ 6.3023699531, 49.583772224199997 ], [ 6.3028542736, 49.5850134019 ], [ 6.3022704268, 49.586697585400003 ], [ 6.302001504, 49.588843322700001 ], [ 6.3013248843, 49.589915166 ], [ 6.3017633971, 49.590474942500002 ], [ 6.2997291329, 49.591163143300001 ], [ 6.2996101328, 49.593135615400001 ], [ 6.2966512787, 49.595542138 ], [ 6.2951797967, 49.598216410200003 ], [ 6.2933124393, 49.598592387099998 ], [ 6.2919765819, 49.598652060500001 ], [ 6.2903682103, 49.599155778499998 ], [ 6.2895516628, 49.599760256499998 ], [ 6.2891236917, 49.600953843299997 ], [ 6.288512585, 49.601820329200002 ], [ 6.2863341143, 49.601818599399998 ], [ 6.284935222, 49.602610313900001 ], [ 6.2821880114, 49.602749208 ], [ 6.2807272157, 49.602493012099998 ], [ 6.2798318448, 49.602165894400002 ], [ 6.2775388711, 49.602115765800001 ], [ 6.2774464381, 49.601639401900002 ], [ 6.2764258931, 49.601434780600002 ], [ 6.2754099161, 49.600689938800002 ], [ 6.2737857129, 49.601299912599998 ], [ 6.2754878556, 49.603551984900001 ], [ 6.2760636089, 49.6043398849 ], [ 6.2770199947, 49.605253727200001 ], [ 6.2783562044, 49.606004244300003 ], [ 6.2799199901, 49.607487345700001 ], [ 6.281855693, 49.6089105645 ], [ 6.2890439204, 49.614131148600002 ], [ 6.3044658882, 49.626051363099997 ], [ 6.3055776791, 49.626719786800003 ], [ 6.3096337733, 49.628411248600003 ], [ 6.3092800971, 49.628751993 ], [ 6.3092112215, 49.628908934099996 ], [ 6.308600864, 49.631021615900003 ], [ 6.3074744786, 49.632921114799998 ], [ 6.3039973729, 49.634703958099998 ], [ 6.3031724001, 49.636636467700001 ], [ 6.3026033752, 49.636713395900003 ], [ 6.3026640269, 49.637288306 ], [ 6.3020291868, 49.636981628 ], [ 6.3015413187, 49.637560574600002 ], [ 6.3006874669, 49.637231656700003 ], [ 6.2955633158, 49.636355805599997 ], [ 6.2957251883, 49.637076296700002 ], [ 6.2954670558, 49.638293644400001 ], [ 6.2939186392, 49.638046569300002 ], [ 6.2934328489, 49.638694062399999 ], [ 6.2926695128, 49.638503456499997 ], [ 6.2902934946, 49.640632188399998 ], [ 6.2900987567, 49.642608445299999 ], [ 6.2902097217, 49.644073717799998 ], [ 6.2897626855, 49.645547601700002 ], [ 6.2890851681, 49.646503641 ], [ 6.290058785, 49.647274844599998 ], [ 6.2898418469, 49.64716935 ], [ 6.2895127734, 49.6472823995 ], [ 6.2885875409, 49.647918799199999 ], [ 6.2895992735, 49.648199177800002 ], [ 6.2890220333, 49.648842045499997 ], [ 6.289444764, 49.649004516 ], [ 6.289180153, 49.649734041400002 ], [ 6.2869530467, 49.650551457600002 ], [ 6.2840414673, 49.651341615600003 ], [ 6.2817324386, 49.6531075487 ], [ 6.2816602252, 49.65484635 ], [ 6.2820503372, 49.657243548700002 ], [ 6.2811728406, 49.657134735200003 ], [ 6.280231009, 49.658762620799997 ], [ 6.2855492099, 49.659424893500002 ], [ 6.2856400978, 49.663398168500002 ], [ 6.2864023449, 49.664780864199997 ], [ 6.2845241136, 49.66463044 ], [ 6.2836655186, 49.664786085300001 ], [ 6.2833656688, 49.665011779799997 ], [ 6.2821712983, 49.6647273301 ], [ 6.2812982389, 49.664867741599998 ], [ 6.2803726963, 49.6645927004 ], [ 6.279777146, 49.664628525200001 ], [ 6.2773310838, 49.669014163900002 ], [ 6.2786337493, 49.669243633599997 ], [ 6.2788814575, 49.6716841032 ], [ 6.2785084642, 49.673336262500001 ], [ 6.2784628463, 49.675913135099997 ], [ 6.2779306897, 49.677899671699997 ], [ 6.2741032038, 49.676001063100003 ], [ 6.2743055769, 49.675582520600003 ], [ 6.2724148966, 49.675051758400002 ], [ 6.2712050479, 49.676963084699999 ], [ 6.2713418349, 49.677123161700003 ], [ 6.2700238461, 49.677904101800003 ], [ 6.2687056758, 49.676108262600003 ], [ 6.2677768458, 49.677949689599998 ], [ 6.2673871771, 49.6810121372 ], [ 6.2659519993, 49.6821339225 ], [ 6.2645395048, 49.683767530899999 ], [ 6.2638340211, 49.684120483500003 ], [ 6.2638638564, 49.684393511800003 ], [ 6.26217644, 49.684097929700002 ], [ 6.2611442761, 49.684450081400001 ], [ 6.2608021043, 49.684741546200001 ], [ 6.2599839531, 49.684945137699998 ], [ 6.2587772515, 49.685771326400001 ], [ 6.2575431461, 49.686286807800002 ], [ 6.2568718639, 49.685609740499999 ], [ 6.2560429437, 49.68527421 ], [ 6.2555350878, 49.6855380943 ], [ 6.2532885546, 49.684869883799998 ], [ 6.2530353589, 49.685125278 ], [ 6.2527806225, 49.685128064899999 ], [ 6.2521287377, 49.684688638600001 ], [ 6.2494423737, 49.684615251399997 ], [ 6.2492551199, 49.685208036399999 ], [ 6.2487044186, 49.685759998 ], [ 6.2474080887, 49.685285114300001 ], [ 6.2452988523, 49.684945899900001 ], [ 6.2411335222, 49.683962908600002 ], [ 6.2411947168, 49.6841831642 ], [ 6.2374706292, 49.683384224400001 ], [ 6.2354507872, 49.683721790200003 ], [ 6.2342725888, 49.6852403197 ], [ 6.232815056, 49.685123967199999 ], [ 6.2317526454, 49.684849838700003 ], [ 6.229331656, 49.685145038500004 ], [ 6.226442551, 49.685252123 ], [ 6.2252839622, 49.685025141399997 ], [ 6.2242984391, 49.683428958 ], [ 6.2235742751, 49.6835133055 ], [ 6.2238253557, 49.684389623599998 ], [ 6.2229647412, 49.684525084199997 ], [ 6.2233439618, 49.685574541800001 ], [ 6.214953044, 49.684785479399999 ], [ 6.2148056729, 49.684957652500003 ], [ 6.2147496015, 49.685024190100002 ], [ 6.2141994302, 49.685724076200003 ], [ 6.2144769834, 49.6866237168 ], [ 6.213098653, 49.688434989400001 ], [ 6.2120151306, 49.6890626263 ], [ 6.2043286888, 49.688113345399998 ], [ 6.19814686, 49.688275055200002 ], [ 6.1962752677, 49.6879082086 ], [ 6.1966917496, 49.686373665700003 ], [ 6.1980784294, 49.6856732384 ], [ 6.1986017921, 49.684752476200003 ], [ 6.1937200756, 49.682711326700002 ], [ 6.190565291, 49.684235241700001 ], [ 6.1877642926, 49.684487409399999 ], [ 6.1810496039, 49.684375984200003 ], [ 6.1803313443, 49.683661517200001 ], [ 6.1796854979, 49.6836135052 ], [ 6.1799513552, 49.684397049899999 ], [ 6.178963857, 49.684723379600001 ], [ 6.1798655489, 49.686523942699999 ], [ 6.1785509682, 49.686706962300001 ], [ 6.1748559001, 49.686696161299999 ], [ 6.173218102, 49.685535624800004 ], [ 6.169297752, 49.686020019600001 ], [ 6.1690309889, 49.6859514597 ], [ 6.1639858103, 49.684738684599999 ], [ 6.160411705, 49.682229227500002 ], [ 6.1560594415, 49.682404994599999 ], [ 6.1559075432, 49.681993646700001 ], [ 6.1535949011, 49.682037839800003 ], [ 6.1479627896, 49.681343006799999 ], [ 6.144324291, 49.681782628699999 ], [ 6.1426733649, 49.683149579899997 ], [ 6.1417711327, 49.682639781699997 ], [ 6.1383867256, 49.683245846600002 ], [ 6.1382416298, 49.682499845499997 ], [ 6.134095158, 49.6829021191 ], [ 6.1344670301, 49.684742758100001 ], [ 6.1355148535, 49.6853582958 ], [ 6.1343398706, 49.685468924699997 ], [ 6.1350195654, 49.686397325400002 ], [ 6.1325582683, 49.686864968 ], [ 6.133183504, 49.687370485899997 ], [ 6.1339925095, 49.687717822700002 ], [ 6.1336637973, 49.6881152327 ], [ 6.1338842164, 49.688556676499999 ], [ 6.1346428335, 49.688628037199997 ], [ 6.1356353718, 49.689188237 ], [ 6.1357078834, 49.689482977700003 ], [ 6.1349935605, 49.689763539300003 ], [ 6.1349884062, 49.689615044500002 ], [ 6.1345041307, 49.689527517400002 ], [ 6.1330340422, 49.689765405099998 ], [ 6.133077246, 49.689855785100001 ], [ 6.1307527428, 49.690000845699998 ], [ 6.1306891463, 49.690405603899997 ], [ 6.1296749591, 49.690356854800001 ], [ 6.1296217006, 49.690768502700003 ], [ 6.1274434337, 49.690819436799998 ], [ 6.1276060369, 49.691542044099997 ], [ 6.1259098135, 49.691643039500001 ], [ 6.125866745, 49.692305642500003 ], [ 6.1245897001, 49.691249444199997 ], [ 6.1236253397, 49.690812515399998 ], [ 6.1213839945, 49.691067143799998 ], [ 6.120805832, 49.690035120700003 ], [ 6.119487371, 49.690503252299997 ], [ 6.1196029632, 49.691076333300003 ], [ 6.1189995878, 49.692117613500002 ], [ 6.1187788805, 49.691932228500001 ], [ 6.1179929735, 49.692053256 ], [ 6.1167949386, 49.691196018299998 ], [ 6.1155153071, 49.690844315500001 ], [ 6.1137425316, 49.691305920300003 ], [ 6.1135617398, 49.6908262364 ], [ 6.1088519842, 49.690309213299997 ], [ 6.1072056719, 49.6899928192 ], [ 6.1070165429, 49.6896430209 ], [ 6.1063053368, 49.689823941100002 ], [ 6.1060480846, 49.6892982707 ], [ 6.1050736097, 49.689411630499997 ], [ 6.1049328007, 49.688992526 ], [ 6.101083326, 49.687360282500002 ], [ 6.0984637381, 49.6861885398 ], [ 6.0934060349, 49.684744044399999 ], [ 6.0901454726, 49.685332738600003 ], [ 6.0900634776, 49.684781138200002 ], [ 6.0887621842, 49.682132528499999 ], [ 6.0881648736, 49.681530973500003 ], [ 6.0883245878, 49.680697087299997 ], [ 6.0879723632, 49.679716839599998 ], [ 6.0869531586, 49.678777776099999 ], [ 6.0852735083, 49.678193018800002 ], [ 6.085047515, 49.677812786499999 ], [ 6.0846324796, 49.677860772400003 ], [ 6.0842586497, 49.677696781 ], [ 6.0839491103, 49.677500575300002 ], [ 6.0841576586, 49.677363002500002 ], [ 6.084061385, 49.677180481100002 ], [ 6.0834857079, 49.677072328400001 ], [ 6.0827137306, 49.676630278700003 ], [ 6.0826921452, 49.675710502900003 ], [ 6.0821936659, 49.674692565900003 ], [ 6.0855380833, 49.673863449300001 ], [ 6.0887103958, 49.673719001599999 ], [ 6.0916914873, 49.671562070199997 ], [ 6.0942173956, 49.670757835 ], [ 6.0946505697, 49.6702779118 ], [ 6.0963638666, 49.669381347399998 ], [ 6.0984497057, 49.668959915099997 ], [ 6.0980431598, 49.668593248400001 ], [ 6.0939198517, 49.668011373799999 ], [ 6.0955800619, 49.666478491 ], [ 6.0972830227, 49.665208027799999 ], [ 6.0976839885, 49.664295565400003 ], [ 6.0989133746, 49.662894487 ], [ 6.1024095557, 49.660043164500003 ], [ 6.1041848419, 49.656551547100001 ], [ 6.1028426104, 49.655803716400001 ], [ 6.1012966525, 49.6540881142 ], [ 6.0996697665, 49.651840351 ], [ 6.0981406587, 49.650802713 ], [ 6.1011643958, 49.646271199499999 ], [ 6.0914336071, 49.646007406499997 ], [ 6.0822247897, 49.646474809300003 ], [ 6.0797404938, 49.646462080100001 ], [ 6.0783704882, 49.646839933400003 ] ] ] ] } },
{ "type": "Feature", "properties": { "name": "Mersch", "district": "Luxembourg" }, "geometry": { "type": "MultiPolygon", "coordinates": [ [ [ [ 6.2355777061, 49.791841257500003 ], [ 6.2338439463, 49.7938664192 ], [ 6.2335270365, 49.793752086200001 ], [ 6.2324920446, 49.794609632799997 ], [ 6.2322216371, 49.795443125 ], [ 6.2324425492, 49.796142819899998 ], [ 6.2316124112, 49.796550581299996 ], [ 6.229616917, 49.795996172899997 ], [ 6.2284206029, 49.795614579800002 ], [ 6.2263047399, 49.7954709005 ], [ 6.2253757143, 49.795171701 ], [ 6.224374275, 49.795076960599999 ], [ 6.2245169979, 49.794854747599999 ], [ 6.2223376271, 49.793929878100002 ], [ 6.2217311458, 49.793434812500003 ], [ 6.2212160851, 49.791250210599998 ], [ 6.2191512508, 49.791524238400001 ], [ 6.2190872569, 49.791056983499999 ], [ 6.2184902593, 49.790403066400003 ], [ 6.2180764881, 49.789347207699997 ], [ 6.2172445341, 49.789829841100001 ], [ 6.21748103, 49.790227964800003 ], [ 6.2154771552, 49.790696558800001 ], [ 6.2113603499, 49.792194822100001 ], [ 6.2094310008, 49.793674064199998 ], [ 6.2086454749, 49.794000899399997 ], [ 6.2080817392, 49.794047563600003 ], [ 6.2075770736, 49.794566154 ], [ 6.2076298416, 49.794956089700001 ], [ 6.2081251232, 49.794916968199999 ], [ 6.2082253089, 49.795088871200001 ], [ 6.2081672802, 49.796124810499997 ], [ 6.2054444426, 49.797985235100001 ], [ 6.2053351754, 49.797864525900003 ], [ 6.2045498896, 49.798175994899999 ], [ 6.2024993606, 49.798524325899997 ], [ 6.2026092227, 49.798725675299998 ], [ 6.201484473, 49.799128994699998 ], [ 6.1979000228, 49.799726442599997 ], [ 6.198248437, 49.800652437300002 ], [ 6.1980343194, 49.801663121399997 ], [ 6.1967319832, 49.801795695599999 ], [ 6.1952623516, 49.8022373692 ], [ 6.1935214245, 49.803462463599999 ], [ 6.1911871085, 49.802731109 ], [ 6.1907150471, 49.803324645799997 ], [ 6.1919049423, 49.804077090699998 ], [ 6.1921242164, 49.804589603499998 ], [ 6.191452214, 49.804587992800002 ], [ 6.1903075342, 49.804312670599998 ], [ 6.1886547382, 49.806401895500002 ], [ 6.1901786475, 49.808948226200002 ], [ 6.190965933, 49.808970697100001 ], [ 6.1912350589, 49.809635161499997 ], [ 6.190940571, 49.810347707299997 ], [ 6.1916430984, 49.812099010099999 ], [ 6.1910808064, 49.814242542199999 ], [ 6.1900422245, 49.816075636500003 ], [ 6.1883312453, 49.81769903 ], [ 6.1876936963, 49.8180122447 ], [ 6.1891371102, 49.822271941399997 ], [ 6.1855255255, 49.823029681400001 ], [ 6.1818627988, 49.822593201700002 ], [ 6.178424047, 49.821890344 ], [ 6.1749985474, 49.820882824400002 ], [ 6.1709931586, 49.82125709 ], [ 6.1686849614, 49.821789192200001 ], [ 6.1668619536, 49.822438372299999 ], [ 6.1641452273, 49.822119226300003 ], [ 6.1626449603, 49.822691397 ], [ 6.1615502271, 49.821805354200002 ], [ 6.1600009974, 49.821055599 ], [ 6.1554754261, 49.819347225900003 ], [ 6.1526506727, 49.818426952599999 ], [ 6.1525249345, 49.818650265099997 ], [ 6.1516604537, 49.818341034900001 ], [ 6.1508435029, 49.818700333599999 ], [ 6.1504964595, 49.819271182900003 ], [ 6.1506824334, 49.819330368199999 ], [ 6.1505250965, 49.820044726600003 ], [ 6.1511657043, 49.820994358 ], [ 6.1504430825, 49.821693316299999 ], [ 6.1507725692, 49.822873631599997 ], [ 6.1494755581, 49.825155424499997 ], [ 6.1491330506, 49.825657005700002 ], [ 6.1479107738, 49.826396110799998 ], [ 6.146411185, 49.825960559400002 ], [ 6.1457161816, 49.826738125 ], [ 6.1432568039, 49.825445360700002 ], [ 6.1420797047, 49.825144148900002 ], [ 6.1390430988, 49.823872871699997 ], [ 6.1366197724, 49.822359676300003 ], [ 6.1328998438, 49.820402363600003 ], [ 6.1316876891, 49.819496637599997 ], [ 6.1307287566, 49.819051867699997 ], [ 6.1300828793, 49.818953088800001 ], [ 6.1291543702, 49.818320293600003 ], [ 6.1282643184, 49.818104608299997 ], [ 6.1278315228, 49.817569390899997 ], [ 6.1262407422, 49.817075754699999 ], [ 6.1257756953, 49.816676538099998 ], [ 6.1256604694, 49.816735538700001 ], [ 6.123989343, 49.815789233899999 ], [ 6.1229325536, 49.815514412399999 ], [ 6.1197360051, 49.814084923300001 ], [ 6.1174808517, 49.813389447299997 ], [ 6.1160379498, 49.8124873772 ], [ 6.1132855704, 49.811483874399997 ], [ 6.1121457772, 49.810896102699999 ], [ 6.1110953134, 49.810851832200001 ], [ 6.1092779156, 49.810352638 ], [ 6.1081048298, 49.811530392199998 ], [ 6.1080070188, 49.812863526199997 ], [ 6.1061284321, 49.8138427337 ], [ 6.1051507282, 49.814548926900002 ], [ 6.1037310326, 49.815004057499998 ], [ 6.1027249711, 49.815017087 ], [ 6.101777319, 49.814660956399997 ], [ 6.1010028205, 49.814597968299999 ], [ 6.0984410752, 49.814989027800003 ], [ 6.0972765636, 49.814796919300001 ], [ 6.0964695955, 49.815002208300001 ], [ 6.0957573228, 49.815426572100002 ], [ 6.0946551429, 49.81636776 ], [ 6.0945012167, 49.816941826300003 ], [ 6.0947989873, 49.8172398739 ], [ 6.0965394843, 49.818122223499998 ], [ 6.096247217, 49.818924229099999 ], [ 6.0950604356, 49.820642890899997 ], [ 6.0941993538, 49.8214712467 ], [ 6.0926838679, 49.822280674300004 ], [ 6.0912896108, 49.8226359708 ], [ 6.0911681004, 49.822829613099998 ], [ 6.0847428881, 49.822513144299997 ], [ 6.0835681451, 49.822951020300003 ], [ 6.0812801998, 49.823388046300003 ], [ 6.0770573594, 49.824737520699998 ], [ 6.0727767816, 49.8254484566 ], [ 6.073793176, 49.826443180299997 ], [ 6.07352901, 49.827765826399997 ], [ 6.0744666194, 49.8287331306 ], [ 6.0748728945, 49.828851781 ], [ 6.0747439605, 49.828996589699997 ], [ 6.0750614309, 49.829193612200001 ], [ 6.0750458053, 49.829451523800003 ], [ 6.0745655961, 49.829552187 ], [ 6.0740763069, 49.8293138031 ], [ 6.0724040278, 49.829755174399999 ], [ 6.0724965955, 49.830003122599997 ], [ 6.0643696952, 49.830358178799997 ], [ 6.0639395225, 49.830927022 ], [ 6.0638953958, 49.832041455499997 ], [ 6.0642345927, 49.832880882300003 ], [ 6.0643963292, 49.832834688 ], [ 6.0653215642, 49.834173745900003 ], [ 6.0645739363, 49.834438103799997 ], [ 6.0642514791, 49.834164879600003 ], [ 6.0618430317, 49.8305558168 ], [ 6.0591986004, 49.830176997800002 ], [ 6.0572276642, 49.8293608603 ], [ 6.056564074, 49.8288680259 ], [ 6.0529099993, 49.827689445499999 ], [ 6.0511320013, 49.826863594199999 ], [ 6.0501417587, 49.826623464500003 ], [ 6.0514754497, 49.8253183701 ], [ 6.0490017834, 49.824384925899999 ], [ 6.0450298514, 49.826721860100001 ], [ 6.0438276124, 49.8267459582 ], [ 6.0415537496, 49.826475063099998 ], [ 6.0403488658, 49.826087943099999 ], [ 6.0407749725, 49.825462487400003 ], [ 6.0411567898, 49.824153052699998 ], [ 6.0407657509, 49.822820856600003 ], [ 6.0364761625, 49.822027148 ], [ 6.0322604274, 49.819737057300003 ], [ 6.0315970272, 49.816897709599999 ], [ 6.0297752725, 49.813911537499997 ], [ 6.0285969226, 49.812699717900003 ], [ 6.0288718812, 49.811569044700001 ], [ 6.0279175245, 49.810362852200001 ], [ 6.0283456562, 49.809639327500001 ], [ 6.0305921825, 49.808866738900001 ], [ 6.0299442811, 49.808198540100001 ], [ 6.0306021779, 49.807699452800001 ], [ 6.0369008349, 49.804767098200003 ], [ 6.0385692561, 49.803769960399997 ], [ 6.0350641914, 49.803439663299997 ], [ 6.029842083, 49.801582611800001 ], [ 6.0291352246, 49.801257054499999 ], [ 6.0287964096, 49.8007637348 ], [ 6.0265008516, 49.800428161299997 ], [ 6.0259743148, 49.799896898199997 ], [ 6.0255688675, 49.799999347 ], [ 6.0195024135, 49.798467416800001 ], [ 6.0197184803, 49.7978966019 ], [ 6.0207000288, 49.796819968400001 ], [ 6.0190833411, 49.796287937599999 ], [ 6.0152233982, 49.795439934 ], [ 6.0155897488, 49.793623965199998 ], [ 6.0153354158, 49.792663153600003 ], [ 6.0145321225, 49.791436761500002 ], [ 6.0145369541, 49.790951205900001 ], [ 6.0126065745, 49.790240546200003 ], [ 6.0135014857, 49.788996602 ], [ 6.0135647557, 49.787982271099999 ], [ 6.0132600562, 49.787981048600003 ], [ 6.0131160587, 49.787597627399997 ], [ 6.0132812176, 49.787162246100003 ], [ 6.0136095648, 49.786968931499999 ], [ 6.0127377496, 49.786989071699999 ], [ 6.0109655796, 49.786735980300001 ], [ 6.0098758679, 49.786779999 ], [ 6.0076768265, 49.7872963959 ], [ 6.006443315, 49.787391512299997 ], [ 6.0053556815, 49.787122901700002 ], [ 6.0031376501, 49.786598787599999 ], [ 6.0014352213, 49.785944114099998 ], [ 6.0018235798, 49.785408749399998 ], [ 5.9985104867, 49.783572668700003 ], [ 5.9990052533, 49.782710924600003 ], [ 5.9976920079, 49.781872809299998 ], [ 5.9990665521, 49.7810953957 ], [ 5.9982518836, 49.7806898252 ], [ 5.9992766756, 49.779768343400001 ], [ 5.9990292213, 49.779665831700001 ], [ 6.0002977616, 49.778422951400003 ], [ 6.0008220812, 49.7767029038 ], [ 5.9987420454, 49.775050033100001 ], [ 5.9999516358, 49.775126615399998 ], [ 6.0000061991, 49.774443891700002 ], [ 6.0015825824, 49.774465908300002 ], [ 6.0013895467, 49.773784681800002 ], [ 6.0030875315, 49.773384511400003 ], [ 6.0028268554, 49.773065177 ], [ 6.0020655105, 49.772812092599999 ], [ 6.0000116531, 49.772447044499998 ], [ 5.9996689953, 49.772004177500001 ], [ 5.9990616252, 49.771670001499999 ], [ 5.9987575584, 49.771611983 ], [ 5.9980135763, 49.771835119499997 ], [ 5.9975341575, 49.771285991299997 ], [ 5.997421713, 49.770634383400001 ], [ 5.9971108967, 49.770373348500001 ], [ 5.9966623955, 49.770257553500002 ], [ 5.9960154482, 49.770317943400002 ], [ 5.9971756173, 49.769126218499999 ], [ 5.9968555061, 49.768886504199997 ], [ 5.9973140218, 49.768528464100001 ], [ 5.9968330541, 49.768195162700003 ], [ 5.9975617615, 49.765525049499999 ], [ 5.9981142683, 49.764435807700004 ], [ 5.9986125366, 49.764378983900002 ], [ 5.9998132734, 49.761890704800003 ], [ 5.9965032287, 49.760984172800001 ], [ 5.9954580643, 49.7605408756 ], [ 5.9961644644, 49.759841296700003 ], [ 5.9935910591, 49.758184919599998 ], [ 5.993551719, 49.7577405814 ], [ 5.9929802149, 49.7568776337 ], [ 5.9908260032, 49.755730828 ], [ 5.989743329, 49.754948271400004 ], [ 5.9879649513, 49.754627601700001 ], [ 5.9879544686, 49.754350462600001 ], [ 5.9896856964, 49.754016872900003 ], [ 5.989063359, 49.753363267700003 ], [ 5.98902972, 49.752484933200002 ], [ 5.9883311377, 49.752203335200001 ], [ 5.988955471, 49.751779392899998 ], [ 5.9894656679, 49.750309292899999 ], [ 5.9889811915, 49.750255071399998 ], [ 5.9892224945, 49.749834304799997 ], [ 5.9870473397, 49.749223902499999 ], [ 5.9859216044, 49.748590966 ], [ 5.9882098683, 49.7469855497 ], [ 5.9901290993, 49.744640031300001 ], [ 5.9908789384, 49.744935425900003 ], [ 5.9910198167, 49.744786869499997 ], [ 5.9869776596, 49.742965130499996 ], [ 5.9888265231, 49.741928844299999 ], [ 5.9885953109, 49.741806392900003 ], [ 5.9888975968, 49.741156823600001 ], [ 5.9905340193, 49.741882766700002 ], [ 5.9906603221, 49.741703772500003 ], [ 5.9927978944, 49.742321684499998 ], [ 5.993094249, 49.742023779500002 ], [ 5.9937057981, 49.742343097300001 ], [ 5.9951628724, 49.740927007300002 ], [ 5.9977464087, 49.741774557100001 ], [ 5.9972570754, 49.74239372 ], [ 5.997464557, 49.7424812979 ], [ 5.9977368359, 49.742591069600003 ], [ 5.9985125747, 49.741895181 ], [ 6.000904172, 49.739404320399998 ], [ 6.0020048089, 49.737936554699999 ], [ 6.0031881213, 49.737762528799998 ], [ 6.0046605978, 49.737326032699997 ], [ 6.0052602772, 49.736936141 ], [ 6.0068638127, 49.736782381099999 ], [ 6.00704198, 49.736274404100001 ], [ 6.0067977708, 49.736301614 ], [ 6.00660333, 49.735560879499999 ], [ 6.0052086933, 49.735283980600002 ], [ 6.0010090589, 49.734024370699998 ], [ 6.0017163114, 49.733051399399997 ], [ 6.0020069806, 49.733128874499997 ], [ 6.0028600404, 49.732413960499997 ], [ 6.0033320174, 49.73135356 ], [ 6.0048746398, 49.731140428899998 ], [ 6.0038079598, 49.728514994400001 ], [ 6.0038225298, 49.7279551385 ], [ 6.0052386799, 49.727219987600002 ], [ 6.0050091898, 49.727047141600003 ], [ 6.0040976586, 49.726768144099999 ], [ 6.0044510316, 49.726316798299997 ], [ 6.0051574994, 49.725300162099998 ], [ 6.0033173191, 49.724728220099998 ], [ 6.0033939707, 49.724551227200003 ], [ 6.0018043055, 49.724048376799999 ], [ 6.0030380075, 49.722732301 ], [ 6.0029033262, 49.722689394600003 ], [ 6.0035776624, 49.721736727600003 ], [ 5.9994955508, 49.720873918899997 ], [ 6.0005383373, 49.719622892899999 ], [ 5.9989259589, 49.718873845700003 ], [ 5.9975499185, 49.718471728200001 ], [ 5.9982408856, 49.717239258 ], [ 5.99677262, 49.716724979699997 ], [ 5.9980033425, 49.715517722599998 ], [ 5.9991181583, 49.714747598800002 ], [ 5.998850353, 49.714627218 ], [ 5.9996526615, 49.714098281200002 ], [ 5.9992033218, 49.713341005799997 ], [ 5.9971369846, 49.71202494 ], [ 5.9975760566, 49.7112230607 ], [ 6.0001247528, 49.708308712600001 ], [ 6.0018466595, 49.706860904899997 ], [ 6.0030864856, 49.706238945700001 ], [ 6.004207913, 49.705422981700004 ], [ 6.0024565427, 49.704448061500003 ], [ 6.003849613, 49.703373918600001 ], [ 6.0030412365, 49.7028528341 ], [ 6.0016208711, 49.7034976327 ], [ 5.9991940279, 49.701661368400003 ], [ 6.0000635, 49.700474312799997 ], [ 5.9975935616, 49.699888842100002 ], [ 5.9979808358, 49.698904827699998 ], [ 5.9979408272, 49.698327591400002 ], [ 5.9969233757, 49.697557470500001 ], [ 5.9979581475, 49.6969485431 ], [ 5.9985904365, 49.696812192700001 ], [ 5.9999232561, 49.696950651900003 ], [ 6.0002858244, 49.697283261800003 ], [ 6.0022007325, 49.698119243699999 ], [ 6.0029036827, 49.698243624699998 ], [ 6.0043314692, 49.6982636591 ], [ 6.0049749989, 49.697910744700003 ], [ 6.0060258377, 49.6979141359 ], [ 6.0063601851, 49.696489296 ], [ 6.0060890865, 49.696429903099997 ], [ 6.0065373114, 49.695749161599998 ], [ 6.0057496671, 49.695475930500002 ], [ 6.0061397056, 49.695020852100001 ], [ 6.0066063715, 49.695120291800002 ], [ 6.0069208694, 49.695518205 ], [ 6.0079418038, 49.695270629200003 ], [ 6.0088390408, 49.695389289399998 ], [ 6.0095671315, 49.694637611700003 ], [ 6.0104048472, 49.694871936200002 ], [ 6.0110039766, 49.6942425035 ], [ 6.0129303929, 49.694979289499997 ], [ 6.0151051494, 49.696639822100003 ], [ 6.0170772803, 49.697238067400001 ], [ 6.0185213784, 49.697178495700001 ], [ 6.0186462792, 49.697419287599999 ], [ 6.0189356135, 49.6973506175 ], [ 6.0225361937, 49.695871021199999 ], [ 6.0239060738, 49.697104068900003 ], [ 6.0257134509, 49.696868185900001 ], [ 6.0271663916, 49.6962514429 ], [ 6.0295822005, 49.695745068900003 ], [ 6.0310652664, 49.695969534600003 ], [ 6.0316287218, 49.69624947 ], [ 6.0319997394, 49.696320527099999 ], [ 6.0325724052, 49.6961197627 ], [ 6.0331354135, 49.696384612599999 ], [ 6.0328249492, 49.695771300200001 ], [ 6.0332201639, 49.694753991399999 ], [ 6.03550444, 49.695494744100003 ], [ 6.0378041181, 49.693191339400002 ], [ 6.0358977264, 49.692110747100003 ], [ 6.0370587684, 49.691312867599997 ], [ 6.0431441693, 49.693754931800001 ], [ 6.0466902789, 49.694158320500001 ], [ 6.0470652968, 49.693564881 ], [ 6.0491143008, 49.694139707 ], [ 6.0492069804, 49.694043356400002 ], [ 6.0514088553, 49.6951416112 ], [ 6.0510989298, 49.695349187799998 ], [ 6.0542655655, 49.697590128400002 ], [ 6.0550578763, 49.697667051 ], [ 6.0559359131, 49.696605887600001 ], [ 6.0589163335, 49.697512546699997 ], [ 6.0585233214, 49.698363244900001 ], [ 6.0593710016, 49.698489262099997 ], [ 6.0588245693, 49.699053890800002 ], [ 6.0576886683, 49.701120199199998 ], [ 6.0586958483, 49.701445762299997 ], [ 6.0597505968, 49.7014221377 ], [ 6.0586139978, 49.702326637 ], [ 6.0583837248, 49.702807144099999 ], [ 6.0585904633, 49.702897022 ], [ 6.0598724298, 49.703171719 ], [ 6.0610586651, 49.703222046199997 ], [ 6.0627044523, 49.703651687499999 ], [ 6.0652005935, 49.703588180700002 ], [ 6.0660523113, 49.703437413800003 ], [ 6.0671176657, 49.703527007200002 ], [ 6.0680929452, 49.703370793700003 ], [ 6.0693245998, 49.702817905400003 ], [ 6.0697269594, 49.702318371 ], [ 6.0697483961, 49.701490933300001 ], [ 6.0719978011, 49.698814903 ], [ 6.0727861228, 49.698371381699999 ], [ 6.0720169741, 49.697479550499999 ], [ 6.0723531562, 49.696946227399998 ], [ 6.0717393508, 49.696589316 ], [ 6.0733628826, 49.6952503292 ], [ 6.0752191188, 49.694336026400002 ], [ 6.0766164838, 49.694495780799997 ], [ 6.0781450446, 49.694973860099999 ], [ 6.0788839081, 49.695003367600002 ], [ 6.0812773133, 49.6955591766 ], [ 6.0826238139, 49.6961718166 ], [ 6.0830552262, 49.6964516659 ], [ 6.0832094501, 49.696799526600003 ], [ 6.0840767547, 49.697330298899999 ], [ 6.0856259129, 49.697921785699997 ], [ 6.0867718229, 49.6987104747 ], [ 6.0903979117, 49.698692616899997 ], [ 6.0905881737, 49.697818759 ], [ 6.0910281451, 49.697512272 ], [ 6.0905885445, 49.697009941 ], [ 6.0905342228, 49.696385264600003 ], [ 6.0902367246, 49.696205618500002 ], [ 6.0901642894, 49.695819709299997 ], [ 6.0912497311, 49.695490749100003 ], [ 6.0906148883, 49.694950060700002 ], [ 6.0909963519, 49.694620644099999 ], [ 6.0910133865, 49.694292281800003 ], [ 6.0904104841, 49.693397948200001 ], [ 6.0908548839, 49.693062100299997 ], [ 6.0907076376, 49.692329822399998 ], [ 6.0912900922, 49.6921011811 ], [ 6.0912963101, 49.691668346599997 ], [ 6.0918785902, 49.691518777 ], [ 6.0915152087, 49.690960251600004 ], [ 6.0919929654, 49.690570206 ], [ 6.0922490642, 49.6896249005 ], [ 6.0914265617, 49.689028710499997 ], [ 6.0914734433, 49.688824729099998 ], [ 6.0920347274, 49.688599172 ], [ 6.0920050276, 49.688465179600001 ], [ 6.0907682903, 49.688006329499999 ], [ 6.0907303779, 49.686926337800003 ], [ 6.09017662, 49.686536827399998 ], [ 6.0904238878, 49.686104251499998 ], [ 6.0901454726, 49.685332738600003 ], [ 6.0934060349, 49.684744044399999 ], [ 6.0984637381, 49.6861885398 ], [ 6.101083326, 49.687360282500002 ], [ 6.1049328007, 49.688992526 ], [ 6.1050736097, 49.689411630499997 ], [ 6.1060480846, 49.6892982707 ], [ 6.1063053368, 49.689823941100002 ], [ 6.1070165429, 49.6896430209 ], [ 6.1072056719, 49.6899928192 ], [ 6.1088519842, 49.690309213299997 ], [ 6.1135617398, 49.6908262364 ], [ 6.1137425316, 49.691305920300003 ], [ 6.1155153071, 49.690844315500001 ], [ 6.1167949386, 49.691196018299998 ], [ 6.1179929735, 49.692053256 ], [ 6.1187788805, 49.691932228500001 ], [ 6.1189995878, 49.692117613500002 ], [ 6.1196029632, 49.691076333300003 ], [ 6.119487371, 49.690503252299997 ], [ 6.120805832, 49.690035120700003 ], [ 6.1213839945, 49.691067143799998 ], [ 6.1236253397, 49.690812515399998 ], [ 6.1245897001, 49.691249444199997 ], [ 6.125866745, 49.692305642500003 ], [ 6.1259098135, 49.691643039500001 ], [ 6.1276060369, 49.691542044099997 ], [ 6.1274434337, 49.690819436799998 ], [ 6.1296217006, 49.690768502700003 ], [ 6.1296749591, 49.690356854800001 ], [ 6.1306891463, 49.690405603899997 ], [ 6.1307527428, 49.690000845699998 ], [ 6.133077246, 49.689855785100001 ], [ 6.1330340422, 49.689765405099998 ], [ 6.1345041307, 49.689527517400002 ], [ 6.1349884062, 49.689615044500002 ], [ 6.1349935605, 49.689763539300003 ], [ 6.1357078834, 49.689482977700003 ], [ 6.1356353718, 49.689188237 ], [ 6.1346428335, 49.688628037199997 ], [ 6.1338842164, 49.688556676499999 ], [ 6.1336637973, 49.6881152327 ], [ 6.1339925095, 49.687717822700002 ], [ 6.133183504, 49.687370485899997 ], [ 6.1325582683, 49.686864968 ], [ 6.1350195654, 49.686397325400002 ], [ 6.1343398706, 49.685468924699997 ], [ 6.1355148535, 49.6853582958 ], [ 6.1344670301, 49.684742758100001 ], [ 6.134095158, 49.6829021191 ], [ 6.1382416298, 49.682499845499997 ], [ 6.1383867256, 49.683245846600002 ], [ 6.1417711327, 49.682639781699997 ], [ 6.1426733649, 49.683149579899997 ], [ 6.144324291, 49.681782628699999 ], [ 6.1479627896, 49.681343006799999 ], [ 6.1535949011, 49.682037839800003 ], [ 6.1559075432, 49.681993646700001 ], [ 6.1560594415, 49.682404994599999 ], [ 6.160411705, 49.682229227500002 ], [ 6.1639858103, 49.684738684599999 ], [ 6.1690309889, 49.6859514597 ], [ 6.1669980783, 49.686917148299997 ], [ 6.1679982839, 49.687445665799999 ], [ 6.1710523557, 49.688289147100001 ], [ 6.1734338362, 49.689336373099998 ], [ 6.1755900271, 49.689552557699997 ], [ 6.1771495505, 49.689235272300003 ], [ 6.1778943954, 49.689932808099996 ], [ 6.1790770815, 49.69057421 ], [ 6.1797915107, 49.690031481299997 ], [ 6.1808888676, 49.690676901800003 ], [ 6.1811839675, 49.691160252 ], [ 6.1809756504, 49.691797828699997 ], [ 6.1829148977, 49.693113387300002 ], [ 6.1790723862, 49.696168842699997 ], [ 6.1810148194, 49.697190924899999 ], [ 6.1821063912, 49.697284663300003 ], [ 6.1825831699, 49.697390252700004 ], [ 6.1831024988, 49.697820548300001 ], [ 6.1835947101, 49.697961078900001 ], [ 6.1845584307, 49.698742487300002 ], [ 6.184970229, 49.698760631399999 ], [ 6.1849392023, 49.699127751100001 ], [ 6.185261881, 49.699611005 ], [ 6.1837773466, 49.701517396900002 ], [ 6.1848890231, 49.702335427599998 ], [ 6.1857331767, 49.704943335899998 ], [ 6.1872295672, 49.706183950400003 ], [ 6.1861390378, 49.707206699 ], [ 6.1859256084, 49.708043574900003 ], [ 6.1860199753, 49.7084615172 ], [ 6.1867934549, 49.709331064600001 ], [ 6.18678727, 49.710190203800003 ], [ 6.1870642346, 49.711055687299996 ], [ 6.186907807, 49.711421074900002 ], [ 6.1867989497, 49.7128942067 ], [ 6.1865108019, 49.713528118299998 ], [ 6.1848932457, 49.714583163599997 ], [ 6.1894508748, 49.716841460799998 ], [ 6.1959462942, 49.719701867600001 ], [ 6.1988174853, 49.719872718799998 ], [ 6.2017949465, 49.720861084200003 ], [ 6.2030644631, 49.721021130600001 ], [ 6.2025795639, 49.721914419400001 ], [ 6.2019014249, 49.722617311500002 ], [ 6.2019464725, 49.723264448499997 ], [ 6.2044451036, 49.723802690299998 ], [ 6.2041978911, 49.724322241300001 ], [ 6.2062452494, 49.725404505100002 ], [ 6.2056741064, 49.726500461299999 ], [ 6.2084252901, 49.727881449 ], [ 6.2105296877, 49.728291597499997 ], [ 6.2120780242, 49.728401424499999 ], [ 6.2136132425, 49.728826885499998 ], [ 6.2140266453, 49.729372201 ], [ 6.2139486313, 49.729911771300003 ], [ 6.2162023996, 49.731264901499998 ], [ 6.2173988986, 49.732256543399998 ], [ 6.2187925873, 49.732807445600002 ], [ 6.22011198, 49.733850629599999 ], [ 6.2207602163, 49.7347480639 ], [ 6.2208715797, 49.735354235499997 ], [ 6.2214328011, 49.735315799299997 ], [ 6.2219834308, 49.736417821899998 ], [ 6.2225588406, 49.737513590299997 ], [ 6.2230261197, 49.739318314499997 ], [ 6.2253015392, 49.742287000200001 ], [ 6.2258062361, 49.745638711300003 ], [ 6.2262856259, 49.746455083299999 ], [ 6.2259801514, 49.746841716600002 ], [ 6.2274665194, 49.748640261299997 ], [ 6.2276430935, 49.74970787 ], [ 6.2291125379, 49.748438557500002 ], [ 6.2306470379, 49.747554274800002 ], [ 6.2308409201, 49.7476420984 ], [ 6.2353630604, 49.747319643499999 ], [ 6.2372484631, 49.747044524899998 ], [ 6.2413634848, 49.746131548100003 ], [ 6.2475519695, 49.745838467200002 ], [ 6.2490798791, 49.745605983600001 ], [ 6.2501631891, 49.7452017154 ], [ 6.2514146295, 49.745080524800002 ], [ 6.2550158862, 49.745189957800001 ], [ 6.2550208481, 49.745064082900001 ], [ 6.2615590105, 49.7454273679 ], [ 6.2633577573, 49.7448522137 ], [ 6.2643345954, 49.744251533300002 ], [ 6.2649034347, 49.744296962 ], [ 6.2652573001, 49.744772869400002 ], [ 6.2647693612, 49.745477017600003 ], [ 6.2652113404, 49.7461053436 ], [ 6.2651221837, 49.7464996832 ], [ 6.2656159221, 49.746595520299998 ], [ 6.2657275351, 49.746761404399997 ], [ 6.2654803746, 49.747177761899998 ], [ 6.2660609363, 49.748126695300002 ], [ 6.2694650636, 49.750528272700002 ], [ 6.2718961428, 49.752994386 ], [ 6.2718682176, 49.753946444900002 ], [ 6.2714523471, 49.754669966100003 ], [ 6.2724756183, 49.755633940099997 ], [ 6.2723824606, 49.7567579165 ], [ 6.2724831015, 49.757494619 ], [ 6.2731441265, 49.7575708607 ], [ 6.2756207518, 49.758324082599998 ], [ 6.2773190314, 49.760184505799998 ], [ 6.2773826452, 49.760812450499998 ], [ 6.2781200778, 49.761433027 ], [ 6.2783046021, 49.762046856700003 ], [ 6.2788411534, 49.7621208475 ], [ 6.2790320481, 49.762536333500002 ], [ 6.2788189143, 49.762941276299998 ], [ 6.2777635364, 49.763215796099999 ], [ 6.2774449665, 49.763244897 ], [ 6.2771358457, 49.763057993899999 ], [ 6.2756543468, 49.763213527600001 ], [ 6.2750409767, 49.764196466800001 ], [ 6.2779697161, 49.766041431700003 ], [ 6.2794425497, 49.766697859399997 ], [ 6.2795370197, 49.7669673738 ], [ 6.2786840567, 49.768212437400003 ], [ 6.2773252035, 49.767892227200001 ], [ 6.2767044285, 49.7692225483 ], [ 6.2758005938, 49.769171522199997 ], [ 6.2752262755, 49.7702442963 ], [ 6.2717978321, 49.769754478400003 ], [ 6.2687217291, 49.768999994600001 ], [ 6.2682697137, 49.768754168900003 ], [ 6.267644065, 49.7688989695 ], [ 6.2674324701, 49.7690999163 ], [ 6.266596976, 49.768983252600002 ], [ 6.2665059716, 49.769099527100003 ], [ 6.2674667109, 49.769434234800002 ], [ 6.2672667472, 49.769649430500003 ], [ 6.2648839597, 49.7687943838 ], [ 6.2647492933, 49.768418773599997 ], [ 6.2630986102, 49.7687123149 ], [ 6.2631966342, 49.770073406900003 ], [ 6.2646139346, 49.769961907700001 ], [ 6.2645170576, 49.770441780600002 ], [ 6.2646683225, 49.770488009799998 ], [ 6.2632978508, 49.773524134900001 ], [ 6.2629318988, 49.774063873599999 ], [ 6.2627662606, 49.774027184200001 ], [ 6.261329381, 49.776407733799999 ], [ 6.2633572907, 49.776665227199999 ], [ 6.2632698495, 49.776937746199998 ], [ 6.2636700628, 49.776975031 ], [ 6.2628175684, 49.7787891969 ], [ 6.2593624663, 49.778199119600004 ], [ 6.2567712803, 49.777124860500003 ], [ 6.2552183877, 49.778555272299997 ], [ 6.2539135213, 49.778765101899999 ], [ 6.2536498488, 49.778203620399999 ], [ 6.2528977603, 49.777616400299998 ], [ 6.25122201, 49.776851121599996 ], [ 6.2477309163, 49.7803709748 ], [ 6.2482656179, 49.780499628100003 ], [ 6.2479390226, 49.7808665433 ], [ 6.2462834662, 49.780458534300003 ], [ 6.2459331466, 49.780863185100003 ], [ 6.2440134609, 49.780091521700001 ], [ 6.2428022161, 49.781232298500001 ], [ 6.2429819214, 49.781290791700002 ], [ 6.2425727949, 49.781982904499998 ], [ 6.2400989614, 49.781350199499997 ], [ 6.2374314602, 49.781083158400001 ], [ 6.236848796, 49.782369508599999 ], [ 6.2366575067, 49.782869454199997 ], [ 6.2385097137, 49.783147833299999 ], [ 6.2422929544, 49.783761129299997 ], [ 6.2424679111, 49.783590003100002 ], [ 6.2432436207, 49.783631825100002 ], [ 6.2451577983, 49.784049755300003 ], [ 6.2485742648, 49.785378547500002 ], [ 6.2464844414, 49.787612842800002 ], [ 6.2467970639, 49.787777662300002 ], [ 6.2450735148, 49.789041679199997 ], [ 6.243547209, 49.787968096299998 ], [ 6.243654705, 49.787896621100003 ], [ 6.2420354376, 49.786342722900002 ], [ 6.2409481707, 49.787066624799998 ], [ 6.2376939353, 49.786154113 ], [ 6.2355777061, 49.791841257500003 ] ] ] ] } },
{ "type": "Feature", "properties": { "name": "Redange", "district": "Diekirch" }, "geometry": { "type": "MultiPolygon", "coordinates": [ [ [ [ 5.88381021, 49.711321175899997 ], [ 5.8836269712, 49.711259274900002 ], [ 5.8848495239, 49.710335807299998 ], [ 5.8869859976, 49.7093110295 ], [ 5.8885289838, 49.7101695944 ], [ 5.8893632605, 49.710426705300002 ], [ 5.8921297725, 49.710343265 ], [ 5.8932145593, 49.710556995499999 ], [ 5.8957772813, 49.712099594100003 ], [ 5.8986451671, 49.712882684500002 ], [ 5.9003574361, 49.711947340099996 ], [ 5.8999461819, 49.710825771400003 ], [ 5.9040862123, 49.710839268900003 ], [ 5.9073519449, 49.711848286 ], [ 5.908346921, 49.711993324600002 ], [ 5.9103950084, 49.710364847299999 ], [ 5.9097583294, 49.708565558499998 ], [ 5.9098665489, 49.706939199099999 ], [ 5.9117407605, 49.704935885600001 ], [ 5.9122993265, 49.704698516599997 ], [ 5.9137302165, 49.703330846199997 ], [ 5.9145232791, 49.703182107899998 ], [ 5.9154817003, 49.703444435500003 ], [ 5.9161753539, 49.703755083 ], [ 5.9167211274, 49.704370457800003 ], [ 5.9180571747, 49.704195509100003 ], [ 5.9196422772, 49.7043850819 ], [ 5.9211924099, 49.704350713099998 ], [ 5.922595229, 49.705305574199997 ], [ 5.9228477765, 49.704918304300001 ], [ 5.9225761671, 49.703963835899998 ], [ 5.9227614871, 49.703546268700002 ], [ 5.9241321175, 49.702732530799999 ], [ 5.9250325437, 49.702709449300002 ], [ 5.9277232386, 49.703599367899997 ], [ 5.9281747084, 49.702858473 ], [ 5.9292845833, 49.7019582458 ], [ 5.9322521567, 49.702418108899998 ], [ 5.9370887462, 49.703813419799999 ], [ 5.9432462038, 49.707437101300002 ], [ 5.9461717506, 49.708718533099997 ], [ 5.9499817914, 49.708668181699998 ], [ 5.9515183451, 49.710467588100002 ], [ 5.9542071848, 49.712424424 ], [ 5.9552787452, 49.712803349 ], [ 5.957173123, 49.713414167400003 ], [ 5.9596141616, 49.714502963199998 ], [ 5.961289121, 49.715444660300001 ], [ 5.9618006366, 49.715922263099998 ], [ 5.9642028936, 49.716982068199997 ], [ 5.9651679468, 49.718245512300001 ], [ 5.9661654908, 49.718597504100003 ], [ 5.9672945319, 49.719426894100003 ], [ 5.9685107801, 49.719825222 ], [ 5.9693964463, 49.720637118 ], [ 5.9701744967, 49.721055816700002 ], [ 5.9701717033, 49.720951068700003 ], [ 5.9708621696, 49.720934754 ], [ 5.9710322616, 49.720399925499997 ], [ 5.9714901285, 49.720212593799999 ], [ 5.9733791324, 49.7201612677 ], [ 5.978351217, 49.720674595 ], [ 5.9804193801, 49.721380384500002 ], [ 5.9813218386, 49.721939744499998 ], [ 5.9851643639, 49.7229036584 ], [ 5.9850669356, 49.723082710500002 ], [ 5.9860562315, 49.723379664600003 ], [ 5.9877056507, 49.72372864 ], [ 5.9887188538, 49.723595325200002 ], [ 5.9894265129, 49.723721574800003 ], [ 5.990054659, 49.722847873200003 ], [ 5.9903233725, 49.722030001199997 ], [ 5.9899203715, 49.720647098299999 ], [ 5.9903552495, 49.719001977 ], [ 5.9930725271, 49.719300062800002 ], [ 5.9994955508, 49.720873918899997 ], [ 6.0035776624, 49.721736727600003 ], [ 6.0029033262, 49.722689394600003 ], [ 6.0030380075, 49.722732301 ], [ 6.0018043055, 49.724048376799999 ], [ 6.0033939707, 49.724551227200003 ], [ 6.0033173191, 49.724728220099998 ], [ 6.0051574994, 49.725300162099998 ], [ 6.0044510316, 49.726316798299997 ], [ 6.0040976586, 49.726768144099999 ], [ 6.0050091898, 49.727047141600003 ], [ 6.0052386799, 49.727219987600002 ], [ 6.0038225298, 49.7279551385 ], [ 6.0038079598, 49.728514994400001 ], [ 6.0048746398, 49.731140428899998 ], [ 6.0033320174, 49.73135356 ], [ 6.0028600404, 49.732413960499997 ], [ 6.0020069806, 49.733128874499997 ], [ 6.0017163114, 49.733051399399997 ], [ 6.0010090589, 49.734024370699998 ], [ 6.0052086933, 49.735283980600002 ], [ 6.00660333, 49.735560879499999 ], [ 6.0067977708, 49.736301614 ], [ 6.00704198, 49.736274404100001 ], [ 6.0068638127, 49.736782381099999 ], [ 6.0052602772, 49.736936141 ], [ 6.0046605978, 49.737326032699997 ], [ 6.0031881213, 49.737762528799998 ], [ 6.0020048089, 49.737936554699999 ], [ 6.000904172, 49.739404320399998 ], [ 5.9985125747, 49.741895181 ], [ 5.9977368359, 49.742591069600003 ], [ 5.997464557, 49.7424812979 ], [ 5.9972570754, 49.74239372 ], [ 5.9977464087, 49.741774557100001 ], [ 5.9951628724, 49.740927007300002 ], [ 5.9937057981, 49.742343097300001 ], [ 5.993094249, 49.742023779500002 ], [ 5.9927978944, 49.742321684499998 ], [ 5.9906603221, 49.741703772500003 ], [ 5.9905340193, 49.741882766700002 ], [ 5.9888975968, 49.741156823600001 ], [ 5.9885953109, 49.741806392900003 ], [ 5.9888265231, 49.741928844299999 ], [ 5.9869776596, 49.742965130499996 ], [ 5.9910198167, 49.744786869499997 ], [ 5.9908789384, 49.744935425900003 ], [ 5.9901290993, 49.744640031300001 ], [ 5.9882098683, 49.7469855497 ], [ 5.9859216044, 49.748590966 ], [ 5.9870473397, 49.749223902499999 ], [ 5.9892224945, 49.749834304799997 ], [ 5.9889811915, 49.750255071399998 ], [ 5.9894656679, 49.750309292899999 ], [ 5.988955471, 49.751779392899998 ], [ 5.9883311377, 49.752203335200001 ], [ 5.98902972, 49.752484933200002 ], [ 5.989063359, 49.753363267700003 ], [ 5.9896856964, 49.754016872900003 ], [ 5.9879544686, 49.754350462600001 ], [ 5.9879649513, 49.754627601700001 ], [ 5.989743329, 49.754948271400004 ], [ 5.9908260032, 49.755730828 ], [ 5.9929802149, 49.7568776337 ], [ 5.993551719, 49.7577405814 ], [ 5.9935910591, 49.758184919599998 ], [ 5.9961644644, 49.759841296700003 ], [ 5.9954580643, 49.7605408756 ], [ 5.9965032287, 49.760984172800001 ], [ 5.9998132734, 49.761890704800003 ], [ 5.9986125366, 49.764378983900002 ], [ 5.9981142683, 49.764435807700004 ], [ 5.9975617615, 49.765525049499999 ], [ 5.9968330541, 49.768195162700003 ], [ 5.9973140218, 49.768528464100001 ], [ 5.9968555061, 49.768886504199997 ], [ 5.9971756173, 49.769126218499999 ], [ 5.9960154482, 49.770317943400002 ], [ 5.9966623955, 49.770257553500002 ], [ 5.9971108967, 49.770373348500001 ], [ 5.997421713, 49.770634383400001 ], [ 5.9975341575, 49.771285991299997 ], [ 5.9980135763, 49.771835119499997 ], [ 5.9987575584, 49.771611983 ], [ 5.9990616252, 49.771670001499999 ], [ 5.9996689953, 49.772004177500001 ], [ 6.0000116531, 49.772447044499998 ], [ 6.0020655105, 49.772812092599999 ], [ 6.0028268554, 49.773065177 ], [ 6.0030875315, 49.773384511400003 ], [ 6.0013895467, 49.773784681800002 ], [ 6.0015825824, 49.774465908300002 ], [ 6.0000061991, 49.774443891700002 ], [ 5.9999516358, 49.775126615399998 ], [ 5.9987420454, 49.775050033100001 ], [ 6.0008220812, 49.7767029038 ], [ 6.0002977616, 49.778422951400003 ], [ 5.9990292213, 49.779665831700001 ], [ 5.9992766756, 49.779768343400001 ], [ 5.9982518836, 49.7806898252 ], [ 5.9990665521, 49.7810953957 ], [ 5.9976920079, 49.781872809299998 ], [ 5.9990052533, 49.782710924600003 ], [ 5.9985104867, 49.783572668700003 ], [ 6.0018235798, 49.785408749399998 ], [ 6.0014352213, 49.785944114099998 ], [ 6.0031376501, 49.786598787599999 ], [ 6.0053556815, 49.787122901700002 ], [ 6.006443315, 49.787391512299997 ], [ 6.0076768265, 49.7872963959 ], [ 6.0098758679, 49.786779999 ], [ 6.0109655796, 49.786735980300001 ], [ 6.0127377496, 49.786989071699999 ], [ 6.0136095648, 49.786968931499999 ], [ 6.0132812176, 49.787162246100003 ], [ 6.0131160587, 49.787597627399997 ], [ 6.0132600562, 49.787981048600003 ], [ 6.0135647557, 49.787982271099999 ], [ 6.0135014857, 49.788996602 ], [ 6.0126065745, 49.790240546200003 ], [ 6.0145369541, 49.790951205900001 ], [ 6.0145321225, 49.791436761500002 ], [ 6.0153354158, 49.792663153600003 ], [ 6.0155897488, 49.793623965199998 ], [ 6.0152233982, 49.795439934 ], [ 6.0190833411, 49.796287937599999 ], [ 6.0207000288, 49.796819968400001 ], [ 6.0197184803, 49.7978966019 ], [ 6.0195024135, 49.798467416800001 ], [ 6.0255688675, 49.799999347 ], [ 6.0259743148, 49.799896898199997 ], [ 6.0265008516, 49.800428161299997 ], [ 6.0287964096, 49.8007637348 ], [ 6.0291352246, 49.801257054499999 ], [ 6.029842083, 49.801582611800001 ], [ 6.0350641914, 49.803439663299997 ], [ 6.0385692561, 49.803769960399997 ], [ 6.0369008349, 49.804767098200003 ], [ 6.0306021779, 49.807699452800001 ], [ 6.0299442811, 49.808198540100001 ], [ 6.0305921825, 49.808866738900001 ], [ 6.0283456562, 49.809639327500001 ], [ 6.0279175245, 49.810362852200001 ], [ 6.0288718812, 49.811569044700001 ], [ 6.0285969226, 49.812699717900003 ], [ 6.0297752725, 49.813911537499997 ], [ 6.0315970272, 49.816897709599999 ], [ 6.0322604274, 49.819737057300003 ], [ 6.0364761625, 49.822027148 ], [ 6.0407657509, 49.822820856600003 ], [ 6.0411567898, 49.824153052699998 ], [ 6.0407749725, 49.825462487400003 ], [ 6.0403488658, 49.826087943099999 ], [ 6.0372000901, 49.8244839352 ], [ 6.033981286, 49.826346949600001 ], [ 6.0332835606, 49.826096420699997 ], [ 6.0330769904, 49.827220518700003 ], [ 6.033746042, 49.828623879600002 ], [ 6.0339288727, 49.830359647400002 ], [ 6.0343914999, 49.831566626099999 ], [ 6.0338649221, 49.83150787 ], [ 6.0267483269, 49.830096885499998 ], [ 6.0270979413, 49.829513482 ], [ 6.0303468378, 49.826207045899999 ], [ 6.0305566203, 49.825833272600001 ], [ 6.0299723371, 49.825342249199998 ], [ 6.0269994846, 49.825873375199997 ], [ 6.0258537368, 49.826527214400002 ], [ 6.0241753768, 49.825261705800003 ], [ 6.0231750134, 49.826941488099997 ], [ 6.0219464578, 49.827115866299998 ], [ 6.0184936831, 49.827009209899998 ], [ 6.0179238344, 49.825891126099997 ], [ 6.0154954421, 49.825515669300003 ], [ 6.0107229251, 49.823112537 ], [ 6.0085617875, 49.8228114323 ], [ 6.0082872215, 49.822924239800003 ], [ 6.0058707141, 49.822898946 ], [ 6.0054988011, 49.822188443100003 ], [ 6.0057346197, 49.821893787800001 ], [ 6.0039002798, 49.821284580799997 ], [ 6.0025058075, 49.820181429400002 ], [ 6.0004070374, 49.819540179599997 ], [ 6.0007435298, 49.818785194500002 ], [ 5.9945917851, 49.818368720099997 ], [ 5.9900182411, 49.818275283 ], [ 5.9882506254, 49.817707844399997 ], [ 5.986970423, 49.817544100200003 ], [ 5.9859511812, 49.816941312600001 ], [ 5.9850335175, 49.817242886899997 ], [ 5.9841855566, 49.8167813807 ], [ 5.9832525839, 49.817369494899999 ], [ 5.9825669252, 49.817022919499998 ], [ 5.9815901133, 49.8177317492 ], [ 5.9822059298, 49.818043703599997 ], [ 5.9792773667, 49.819809572099999 ], [ 5.9797331198, 49.820155804099997 ], [ 5.9810452282, 49.820660498099997 ], [ 5.9818874256, 49.821618500900001 ], [ 5.9813727138, 49.821869694500002 ], [ 5.9827072942, 49.823044831200001 ], [ 5.9846193422, 49.8240045119 ], [ 5.9836191578, 49.825289218599998 ], [ 5.9838856787, 49.825900799400003 ], [ 5.9825368352, 49.825516509700002 ], [ 5.9809978749, 49.827469356500004 ], [ 5.9819882057, 49.827779754799998 ], [ 5.9808227051, 49.8299935195 ], [ 5.9793593469, 49.830179125 ], [ 5.9784246835, 49.830116838599999 ], [ 5.9779413526, 49.831135259100002 ], [ 5.9770214167, 49.8317010552 ], [ 5.9785828034, 49.833320684900002 ], [ 5.977098338, 49.834044102699998 ], [ 5.9774026893, 49.834417507 ], [ 5.9773468467, 49.835679389200003 ], [ 5.9775676577, 49.8363113443 ], [ 5.9768891599, 49.8365191571 ], [ 5.9765374311, 49.838131241699998 ], [ 5.9762955017, 49.838034445799998 ], [ 5.9754338058, 49.838166669400003 ], [ 5.9749694205, 49.838756694 ], [ 5.9734194828, 49.839441349600001 ], [ 5.9737357419, 49.839737490499999 ], [ 5.9727261573, 49.840478087100003 ], [ 5.9733883476, 49.841227721700001 ], [ 5.9732021606, 49.841494576300001 ], [ 5.9720988984, 49.8421110114 ], [ 5.9705234933, 49.8427004821 ], [ 5.9701871002, 49.843144156599998 ], [ 5.9711309273, 49.844513189 ], [ 5.9713769488, 49.845584768099997 ], [ 5.9735794414, 49.845475059899996 ], [ 5.974329658, 49.847163152599997 ], [ 5.9765378407, 49.846789846100002 ], [ 5.9786998224, 49.846135977499998 ], [ 5.9787711864, 49.846261737699997 ], [ 5.9806108228, 49.846113473 ], [ 5.9821194982, 49.846156619200002 ], [ 5.9820924175, 49.845900936100001 ], [ 5.9834654692, 49.8455199036 ], [ 5.9846057144, 49.845645767199997 ], [ 5.9846957213, 49.845982572499999 ], [ 5.9849870809, 49.845919565899997 ], [ 5.985219563, 49.846196222499998 ], [ 5.985778603, 49.846178533100002 ], [ 5.9861945186, 49.845770450800003 ], [ 5.986250184, 49.845287218899998 ], [ 5.9866127258, 49.845275341200001 ], [ 5.986630769, 49.845619522100002 ], [ 5.9872821363, 49.845664732899998 ], [ 5.9871439503, 49.846301352300003 ], [ 5.9873113574, 49.846868256199997 ], [ 5.9860260459, 49.849465717199998 ], [ 5.9847171782, 49.85098906 ], [ 5.9825335943, 49.852539956199998 ], [ 5.9826945129, 49.8529617831 ], [ 5.981708106, 49.852431685699997 ], [ 5.9806384408, 49.8526932328 ], [ 5.9796161499, 49.853372434400001 ], [ 5.9788425472, 49.854459522500001 ], [ 5.9772002288, 49.855108725699999 ], [ 5.9778030878, 49.855181808099999 ], [ 5.9780567938, 49.855429995 ], [ 5.9779062228, 49.856058994100003 ], [ 5.9775118648, 49.856738526199997 ], [ 5.9764268288, 49.8574833 ], [ 5.9759239474, 49.8587766534 ], [ 5.9765484242, 49.858855738700001 ], [ 5.9763736802, 49.859502299299997 ], [ 5.9758634118, 49.860131952400003 ], [ 5.974994429, 49.860704485 ], [ 5.975132086, 49.8609185639 ], [ 5.9745796842, 49.860716536299996 ], [ 5.9727963017, 49.860514650900001 ], [ 5.9706047122, 49.860044279 ], [ 5.9696534774, 49.860128486299999 ], [ 5.9680448755, 49.860574653599997 ], [ 5.967175481, 49.861064242399998 ], [ 5.96688763, 49.862144741199998 ], [ 5.9662379088, 49.862820619099999 ], [ 5.9651497374, 49.864889679599997 ], [ 5.9652703491, 49.865021107700002 ], [ 5.9643134927, 49.866189448299998 ], [ 5.9642069659, 49.866616738399998 ], [ 5.9638568819, 49.866033794 ], [ 5.9629150238, 49.866192386800002 ], [ 5.9628335227, 49.865693012599998 ], [ 5.9618688575, 49.865739929199997 ], [ 5.9611518454, 49.865952615600001 ], [ 5.9607501447, 49.866250892700002 ], [ 5.9593389527, 49.86625898 ], [ 5.9593184036, 49.866474070499997 ], [ 5.9583170168, 49.866545867699998 ], [ 5.9578753558, 49.866378412099998 ], [ 5.9571776792, 49.866584518800003 ], [ 5.9568296122, 49.8669402035 ], [ 5.956958517, 49.867175838500003 ], [ 5.9552119972, 49.868343568 ], [ 5.9544479324, 49.868590497900001 ], [ 5.9503629484, 49.869153626299997 ], [ 5.9491477525, 49.86988935 ], [ 5.9473755593, 49.870508530800002 ], [ 5.9454011957, 49.8706730026 ], [ 5.9419548032, 49.8702134113 ], [ 5.9384176027, 49.870542518 ], [ 5.9372492052, 49.870235919300001 ], [ 5.9365616089, 49.870313553899997 ], [ 5.9338621116, 49.867644963 ], [ 5.9324642188, 49.86688559 ], [ 5.9319260685, 49.867156887699998 ], [ 5.9314824211, 49.866883553 ], [ 5.9309206295, 49.865829698399999 ], [ 5.9305910285, 49.865928858 ], [ 5.9301602465, 49.865170599599999 ], [ 5.9289271491, 49.864436406499998 ], [ 5.9281576316, 49.86350468 ], [ 5.9265167114, 49.859903013500002 ], [ 5.9251817847, 49.859042564699998 ], [ 5.9250116722, 49.859153944900001 ], [ 5.9250878497, 49.859241412 ], [ 5.9217459366, 49.861503680699997 ], [ 5.9194705651, 49.862032766900001 ], [ 5.9179963939, 49.861355634399999 ], [ 5.9175767668, 49.860354452800003 ], [ 5.9152392113, 49.859513843099997 ], [ 5.9139369105, 49.85871235 ], [ 5.9135804239, 49.858838653200003 ], [ 5.9112654475, 49.860711374600001 ], [ 5.91087388, 49.860910883499997 ], [ 5.9105420255, 49.860696307300003 ], [ 5.910203371, 49.860841286099998 ], [ 5.9096930418, 49.861273375800003 ], [ 5.9095519103, 49.861798150600002 ], [ 5.9098944869, 49.862526747300002 ], [ 5.912216384, 49.864021605300003 ], [ 5.9134629486, 49.864447259099997 ], [ 5.9145337942, 49.865017508199998 ], [ 5.9153993728, 49.864551330899999 ], [ 5.9179000927, 49.864658904800002 ], [ 5.9206101622, 49.864286097 ], [ 5.9209004578, 49.864500546899997 ], [ 5.9204335091, 49.865315308600003 ], [ 5.9208028349, 49.866121554400003 ], [ 5.9198902583, 49.8666874675 ], [ 5.9194244117, 49.867282056 ], [ 5.9179960616, 49.867181581200001 ], [ 5.9170532276, 49.866956979100003 ], [ 5.9163203777, 49.867086865200001 ], [ 5.9163754533, 49.867799769199998 ], [ 5.9156589302, 49.870206657700002 ], [ 5.9159344058, 49.870684827200002 ], [ 5.9157251497, 49.8708966238 ], [ 5.9163944511, 49.870752344800003 ], [ 5.9169683865, 49.871056128 ], [ 5.9143331736, 49.871315723099997 ], [ 5.9131417826, 49.873410285200002 ], [ 5.9130900757, 49.874006527699997 ], [ 5.9139513575, 49.873850087699999 ], [ 5.9139430541, 49.874030645799998 ], [ 5.9129768955, 49.874262952300001 ], [ 5.912275389, 49.874694624100002 ], [ 5.9124682614, 49.874810676199999 ], [ 5.9107002791, 49.876140498 ], [ 5.9109409805, 49.8764752469 ], [ 5.9096089116, 49.8771098454 ], [ 5.9091958989, 49.8785479712 ], [ 5.9085093657, 49.879718842099997 ], [ 5.9074112274, 49.879836878699997 ], [ 5.906649838, 49.879391214599998 ], [ 5.9063830094, 49.8799139212 ], [ 5.9065345651, 49.880459173 ], [ 5.9063176487, 49.880858335 ], [ 5.9065176039, 49.880965790799998 ], [ 5.9069327008, 49.8807994983 ], [ 5.9069670308, 49.880935621 ], [ 5.9066282003, 49.881384830199998 ], [ 5.9057716745, 49.881922148900003 ], [ 5.9044983868, 49.8823175092 ], [ 5.9041990212, 49.882554928300003 ], [ 5.9040065674, 49.8846989181 ], [ 5.9025561028, 49.886068668 ], [ 5.9021496297, 49.887078398200003 ], [ 5.9012285802, 49.887225847400003 ], [ 5.9006687154, 49.887473385200003 ], [ 5.8997931194, 49.888234633700002 ], [ 5.8995276216, 49.888391275399997 ], [ 5.8985985775, 49.887598773699999 ], [ 5.8970413968, 49.886696025600003 ], [ 5.896951544, 49.8865844408 ], [ 5.8978943254, 49.885842519500002 ], [ 5.8958430168, 49.8841418421 ], [ 5.894699339, 49.884559928400002 ], [ 5.8942977557, 49.884196744100002 ], [ 5.8928301499, 49.881759419300003 ], [ 5.8927512005, 49.881264237300002 ], [ 5.8930775396, 49.880468532499997 ], [ 5.8929193337, 49.879991728599997 ], [ 5.8923535205, 49.879453776 ], [ 5.8947158689, 49.878652005200003 ], [ 5.8955003497, 49.878213981199998 ], [ 5.8939453412, 49.876883943499998 ], [ 5.8949203479, 49.876402605899997 ], [ 5.893502772, 49.874967748300001 ], [ 5.8958412339, 49.875183562300002 ], [ 5.896326711, 49.875079471500001 ], [ 5.8968223165, 49.874745665399999 ], [ 5.8969626889, 49.874278822900003 ], [ 5.8977050419, 49.873552671399999 ], [ 5.8943873276, 49.871753893 ], [ 5.8947871897, 49.871440440599997 ], [ 5.8935943123, 49.870678446500001 ], [ 5.8937267794, 49.870587711100001 ], [ 5.8925111163, 49.8700973662 ], [ 5.8924499347, 49.869899472699998 ], [ 5.8899151898, 49.869973130799998 ], [ 5.8892331145, 49.870300104400002 ], [ 5.8889510086, 49.8701457871 ], [ 5.8881879745, 49.869362956700002 ], [ 5.8878413171, 49.868712478100001 ], [ 5.8884417374, 49.866931461699998 ], [ 5.887048988, 49.866020178 ], [ 5.8860897878, 49.865703472100002 ], [ 5.8851511321, 49.865637179099998 ], [ 5.8826003175, 49.8642325709 ], [ 5.8818490379, 49.863971335700001 ], [ 5.8809110911, 49.864043555599999 ], [ 5.8807680233, 49.863940772 ], [ 5.8793482597, 49.864669892400002 ], [ 5.8785288652, 49.865386727100002 ], [ 5.8791628124, 49.866452559599999 ], [ 5.8781908202, 49.867762456299999 ], [ 5.8779397579, 49.869810881500001 ], [ 5.8775113017, 49.871656240900002 ], [ 5.8785683376, 49.872291285800003 ], [ 5.8781219456, 49.8728488681 ], [ 5.8786144805, 49.872839818899998 ], [ 5.8801954745, 49.873659443400001 ], [ 5.8769663256, 49.875703223099997 ], [ 5.875165613, 49.878041320100003 ], [ 5.8742794583, 49.877453553599999 ], [ 5.8744155454, 49.877339231199997 ], [ 5.8732372355, 49.876692945 ], [ 5.873149874, 49.875963279700002 ], [ 5.8734341527, 49.875520556700003 ], [ 5.8716859273, 49.875486993300001 ], [ 5.8713329103, 49.876617078800003 ], [ 5.8722880568, 49.877068247799997 ], [ 5.8714191613, 49.878257334200001 ], [ 5.8705990903, 49.880210982599998 ], [ 5.8724351111, 49.880669582300001 ], [ 5.8722941625, 49.880892181699998 ], [ 5.8697030363, 49.880233743700003 ], [ 5.8687234261, 49.881487482399997 ], [ 5.8684157825, 49.881417633200002 ], [ 5.8692484043, 49.8802343025 ], [ 5.8683635669, 49.880569802099998 ], [ 5.8667801187, 49.880854640899997 ], [ 5.8652930063, 49.881801524899998 ], [ 5.8646826082, 49.8829846159 ], [ 5.8630708374, 49.885119351599997 ], [ 5.8649466815, 49.886322927400002 ], [ 5.8667629189, 49.888168138200001 ], [ 5.8630992902, 49.887175142899999 ], [ 5.8627713566, 49.887191805 ], [ 5.8621754138, 49.887288209300003 ], [ 5.8614487024, 49.887764181 ], [ 5.8596617166, 49.888401266199999 ], [ 5.8567990922, 49.888691271600003 ], [ 5.8546276654, 49.887779681399998 ], [ 5.8550473534, 49.887207976600003 ], [ 5.855307622, 49.8871326975 ], [ 5.8542112865, 49.886891303799999 ], [ 5.8550693379, 49.88476121 ], [ 5.8536655436, 49.884492496599997 ], [ 5.8540958157, 49.884428675300001 ], [ 5.854477434, 49.883517456500002 ], [ 5.8513893031, 49.8824560714 ], [ 5.8489572807, 49.882242754700002 ], [ 5.8486913004, 49.8831484655 ], [ 5.84704531, 49.883036602399997 ], [ 5.8460598353, 49.883181170100002 ], [ 5.8430455485, 49.884078234199997 ], [ 5.8414618076, 49.884815969500004 ], [ 5.8400265577, 49.883820400399998 ], [ 5.8389115302, 49.883273749 ], [ 5.8400310491, 49.8823714611 ], [ 5.8409419246, 49.880584817200003 ], [ 5.8404247725, 49.880418940699997 ], [ 5.8404084394, 49.879138749399999 ], [ 5.8431466997, 49.8786851451 ], [ 5.8438263593, 49.878311388199997 ], [ 5.8460844252, 49.875966683199998 ], [ 5.8462857704, 49.875161124599998 ], [ 5.846110703, 49.874666237200003 ], [ 5.845200842, 49.873791507599996 ], [ 5.8441490812, 49.873446039400001 ], [ 5.8435258369, 49.873577892599997 ], [ 5.8418980503, 49.874614665599999 ], [ 5.8407672746, 49.874597785600002 ], [ 5.839905191, 49.8744035315 ], [ 5.8388292908, 49.873715404499997 ], [ 5.8386619887, 49.873002442299999 ], [ 5.8374363087, 49.870981387299999 ], [ 5.8368200768, 49.870472669900003 ], [ 5.8353398985, 49.870447889899999 ], [ 5.8348958423, 49.870323302599999 ], [ 5.8341843205, 49.8698142979 ], [ 5.8322111044, 49.869762940900003 ], [ 5.8315925596, 49.869600157 ], [ 5.8293024459, 49.868000681300003 ], [ 5.8266092541, 49.867012363900002 ], [ 5.8242773385, 49.866365698800003 ], [ 5.8212107564, 49.867504106200002 ], [ 5.8204789017, 49.867642362399998 ], [ 5.8124464559, 49.8686128298 ], [ 5.8109696559, 49.868595741599997 ], [ 5.8078778374, 49.868075811399997 ], [ 5.8076013941, 49.867146662899998 ], [ 5.8068092175, 49.866846190700002 ], [ 5.8063788779, 49.8663173359 ], [ 5.8061369239, 49.8657411103 ], [ 5.8060754293, 49.864398149800003 ], [ 5.8048234723, 49.8636275669 ], [ 5.8036094614, 49.863467661400001 ], [ 5.8023987248, 49.863716207099998 ], [ 5.8018345014, 49.864313323499999 ], [ 5.8030193443, 49.8663162446 ], [ 5.8046520091, 49.867240150199997 ], [ 5.806220517, 49.869042783499999 ], [ 5.8064227437, 49.869955556900003 ], [ 5.8059066308, 49.8705428536 ], [ 5.8047692272, 49.870840399499997 ], [ 5.8030428364, 49.870863759800002 ], [ 5.8011138557, 49.869710517 ], [ 5.800488634, 49.869598307099999 ], [ 5.8004590297, 49.8701241471 ], [ 5.8007706233, 49.870721408500003 ], [ 5.7999787176, 49.871285680900002 ], [ 5.7986238178, 49.871651264699999 ], [ 5.795686869, 49.872049381799997 ], [ 5.7952665277, 49.872298800499998 ], [ 5.795279885, 49.873220409200002 ], [ 5.7956835344, 49.874478664 ], [ 5.796963365, 49.876604867499999 ], [ 5.7972177323, 49.877373648899997 ], [ 5.7968087596, 49.878801706899999 ], [ 5.7959032732, 49.880085816799998 ], [ 5.7955406846, 49.880322807299997 ], [ 5.7944484261, 49.880671202400002 ], [ 5.7938175629, 49.880633722600002 ], [ 5.7932185509, 49.8803293299 ], [ 5.791935435, 49.879229776800003 ], [ 5.7917870877, 49.878913123700002 ], [ 5.7920963509, 49.877924401900003 ], [ 5.7919964451, 49.877123617099997 ], [ 5.7923435566, 49.8755729863 ], [ 5.7917922534, 49.875124656499999 ], [ 5.7889568935, 49.873712346799998 ], [ 5.787992506, 49.873487928400003 ], [ 5.7871469567, 49.873538330300001 ], [ 5.7849315538, 49.874278050800001 ], [ 5.7828475727, 49.875412673100001 ], [ 5.7825658523, 49.875725062 ], [ 5.781356281, 49.876358378900001 ], [ 5.7802856441, 49.877051386200002 ], [ 5.7792583779, 49.877177310500002 ], [ 5.7787213472, 49.876821740499999 ], [ 5.7780377084, 49.875887480199999 ], [ 5.7788551185, 49.874942528600002 ], [ 5.7798529355, 49.874711445099997 ], [ 5.7839963989, 49.873064241400002 ], [ 5.7837363367, 49.87240801 ], [ 5.7830006829, 49.871865984099998 ], [ 5.7797624226, 49.872296755500003 ], [ 5.7784943655, 49.872283223700002 ], [ 5.7775325178, 49.8720984562 ], [ 5.7772153389, 49.8713240879 ], [ 5.7764779897, 49.871005000399997 ], [ 5.7763786696, 49.870049824799999 ], [ 5.7754534418, 49.868797409 ], [ 5.7750705184, 49.867779795399997 ], [ 5.7745327563, 49.867299412800001 ], [ 5.7737653472, 49.867596415 ], [ 5.7720639855, 49.871397612899997 ], [ 5.7715657332, 49.871877604600002 ], [ 5.7704821376, 49.872369564099998 ], [ 5.7693159273, 49.872540093700003 ], [ 5.7689070566, 49.8722742215 ], [ 5.7687325989, 49.871616578 ], [ 5.7681155154, 49.8706545529 ], [ 5.7671561692, 49.869862390599998 ], [ 5.7655580556, 49.869364691100003 ], [ 5.7646550502, 49.869319671900001 ], [ 5.7626591069, 49.869522152400002 ], [ 5.7614234952, 49.870523112900003 ], [ 5.7612718501, 49.870990319699999 ], [ 5.7587147693, 49.872805231699999 ], [ 5.7564458699, 49.873249156500002 ], [ 5.7539242734, 49.871917565899999 ], [ 5.7539867031, 49.8712184161 ], [ 5.7535678401, 49.870708502200003 ], [ 5.7533989777, 49.869748239400003 ], [ 5.752701386, 49.868840471299997 ], [ 5.7531624866, 49.868014036399998 ], [ 5.7546388525, 49.867516048500001 ], [ 5.7560338422, 49.866800503500002 ], [ 5.7569722819, 49.865110467900003 ], [ 5.7569211439, 49.864768300900003 ], [ 5.7546765213, 49.862459360099997 ], [ 5.7545626436, 49.861871263300003 ], [ 5.7553514179, 49.861256482599998 ], [ 5.7552462828, 49.860962780199998 ], [ 5.7554263769, 49.860702259599996 ], [ 5.7565277708, 49.860174918 ], [ 5.7574245029, 49.858926332 ], [ 5.7584509343, 49.858504176300002 ], [ 5.7604664522, 49.857014582399998 ], [ 5.7607365734, 49.856374721 ], [ 5.7591469324, 49.855867763699997 ], [ 5.7578295, 49.855760193899997 ], [ 5.7570663772, 49.8559135474 ], [ 5.7564791306, 49.856353071299999 ], [ 5.7545539587, 49.856548776099999 ], [ 5.7516992556, 49.854875101300003 ], [ 5.7510035073, 49.854733151399998 ], [ 5.7502125515, 49.854351793299998 ], [ 5.748978851, 49.8545664874 ], [ 5.7478658427, 49.8545691108 ], [ 5.7460868655, 49.854111097199997 ], [ 5.7456978116, 49.853495432400003 ], [ 5.7459834855, 49.852331038099997 ], [ 5.7471280354, 49.851800615400002 ], [ 5.7479197157, 49.852089034 ], [ 5.7487185908, 49.851957582099999 ], [ 5.7497900648, 49.851402261899999 ], [ 5.7507653687, 49.851545277699998 ], [ 5.7511577118, 49.851755953100003 ], [ 5.752217647, 49.851511601 ], [ 5.7537527242, 49.8518189746 ], [ 5.7549174823, 49.8517179141 ], [ 5.7581557348, 49.849388558599998 ], [ 5.758541158, 49.848533485099999 ], [ 5.7581583275, 49.846236008 ], [ 5.7570581076, 49.845502500599999 ], [ 5.7543398838, 49.844817651699998 ], [ 5.7526605609, 49.8453700062 ], [ 5.7522877994, 49.846292787800003 ], [ 5.7514789245, 49.847252053299997 ], [ 5.7503209642, 49.847280827600002 ], [ 5.7491399346, 49.8470276587 ], [ 5.748229368, 49.846210256900001 ], [ 5.7486142762, 49.8450618392 ], [ 5.7482908292, 49.8442031672 ], [ 5.7483717675, 49.843719329800003 ], [ 5.7485792557, 49.8423376099 ], [ 5.7493060165, 49.841602169399998 ], [ 5.7503972933, 49.841156061 ], [ 5.7506033169, 49.840808763399998 ], [ 5.7505748744, 49.840255401699999 ], [ 5.7500185501, 49.839409139799997 ], [ 5.7493164107, 49.8388882259 ], [ 5.7477706624, 49.838498992600002 ], [ 5.7455272432, 49.838809420099999 ], [ 5.7438802612, 49.8396106816 ], [ 5.7429605512, 49.839563930099999 ], [ 5.7418205398, 49.8392879998 ], [ 5.7407887131, 49.838747554699999 ], [ 5.7403733498, 49.8374295108 ], [ 5.7396749055, 49.836450871700002 ], [ 5.7400441549, 49.8357922625 ], [ 5.7393131306, 49.833665227600001 ], [ 5.7427044841, 49.832145413299997 ], [ 5.7438499607, 49.831474131699999 ], [ 5.7446883224, 49.829771835300001 ], [ 5.7460020706, 49.827938405300003 ], [ 5.746349095, 49.826288649200002 ], [ 5.747079592, 49.825399457499998 ], [ 5.748272097, 49.824554601700001 ], [ 5.7481254835, 49.823471626500002 ], [ 5.7474915108, 49.822976066400003 ], [ 5.7433940362, 49.820978938300001 ], [ 5.7440502019, 49.819271131199997 ], [ 5.7456489692, 49.817137184800004 ], [ 5.7462375681, 49.815764571300001 ], [ 5.7471914732, 49.815274765200002 ], [ 5.7485138996, 49.815296677399999 ], [ 5.7498158893, 49.8149291398 ], [ 5.7511795948, 49.814864364800002 ], [ 5.7512501412, 49.814043675199997 ], [ 5.75079479, 49.813575035 ], [ 5.7509117086, 49.813409890899997 ], [ 5.7504937532, 49.812591986299999 ], [ 5.7508050267, 49.81217634 ], [ 5.7499506586, 49.811971164799999 ], [ 5.7504548774, 49.811265337 ], [ 5.7500521065, 49.811143996600002 ], [ 5.7505143882, 49.809261364900003 ], [ 5.7500328926, 49.809070090200002 ], [ 5.7505168851, 49.808046474500003 ], [ 5.7503673332, 49.8071872859 ], [ 5.7508917613, 49.8070989669 ], [ 5.750352157, 49.806257787299998 ], [ 5.7509908735, 49.805760144200001 ], [ 5.752895632, 49.7969525277 ], [ 5.753527782, 49.796709293600003 ], [ 5.7531537892, 49.796224966 ], [ 5.7535497306, 49.795117550800001 ], [ 5.7532812366, 49.794665571099998 ], [ 5.753090707, 49.793397275300002 ], [ 5.7542081607, 49.793417347499997 ], [ 5.7541195713, 49.792642874 ], [ 5.7548389619, 49.7926168905 ], [ 5.7551548334, 49.791454718200001 ], [ 5.7614113371, 49.792873554300002 ], [ 5.7613566818, 49.793048682600002 ], [ 5.7619285891, 49.793164866700003 ], [ 5.7640040344, 49.793282863500004 ], [ 5.7640792082, 49.793146106 ], [ 5.7651849272, 49.793820198600002 ], [ 5.766045809, 49.793417833900001 ], [ 5.7669727247, 49.793769295700002 ], [ 5.7692689322, 49.79426933 ], [ 5.7698355096, 49.793854508 ], [ 5.7702572016, 49.794237322800001 ], [ 5.771136162, 49.793773323700002 ], [ 5.7716993728, 49.793187683799999 ], [ 5.7721745529, 49.793320138 ], [ 5.7737021687, 49.7942684828 ], [ 5.7743731448, 49.794453451300001 ], [ 5.7769914656, 49.794587898099998 ], [ 5.7774644817, 49.794403372399998 ], [ 5.7781466635, 49.7937498796 ], [ 5.7813456917, 49.792267230100002 ], [ 5.7820428324, 49.793154679499999 ], [ 5.7824528656, 49.793239394799997 ], [ 5.7834164338, 49.793923378400002 ], [ 5.7849165399, 49.795263129799999 ], [ 5.7851914374, 49.796169503100003 ], [ 5.7867930723, 49.796487631600002 ], [ 5.78690527, 49.7963989016 ], [ 5.7885744091, 49.796596229499997 ], [ 5.7903621442, 49.795756099800002 ], [ 5.793297, 49.790572677 ], [ 5.791772479, 49.788377429900002 ], [ 5.7916249885, 49.787836526600003 ], [ 5.7919267243, 49.787131388299997 ], [ 5.7944332613, 49.7850016923 ], [ 5.7946547927, 49.784629351100001 ], [ 5.797083848, 49.783147015499999 ], [ 5.7984257828, 49.781902324199997 ], [ 5.7995005392, 49.777974734099999 ], [ 5.7999859968, 49.777667197900001 ], [ 5.8034305247, 49.776604618900002 ], [ 5.8040555833, 49.776250661900001 ], [ 5.805248031, 49.774580823599997 ], [ 5.8072348342, 49.7724651272 ], [ 5.8076484028, 49.771506394100001 ], [ 5.8081821223, 49.768457009899997 ], [ 5.8086278613, 49.767708208199998 ], [ 5.8086173924, 49.7670236445 ], [ 5.8094455908, 49.765333770200002 ], [ 5.811113918, 49.765355308700002 ], [ 5.8159715749, 49.762208714099998 ], [ 5.8166331111, 49.7580162155 ], [ 5.8179107095, 49.754728506500001 ], [ 5.8178494694, 49.7539769965 ], [ 5.8197898892, 49.753693246600001 ], [ 5.8208593447, 49.753259216799997 ], [ 5.8204588612, 49.751265692300002 ], [ 5.8219156726, 49.750500475099997 ], [ 5.8230189046, 49.7494691136 ], [ 5.824025186, 49.749316476799997 ], [ 5.827720973, 49.750259694199997 ], [ 5.828885539, 49.7500891197 ], [ 5.8304654212, 49.749617326600003 ], [ 5.8308586042, 49.748610383299997 ], [ 5.8319048515, 49.7476739393 ], [ 5.8323644101, 49.746942921900001 ], [ 5.831526709, 49.7451323282 ], [ 5.8303869273, 49.743368914900003 ], [ 5.8313887305, 49.742556994300003 ], [ 5.8317564731, 49.741916672599999 ], [ 5.8319431051, 49.741994641799998 ], [ 5.8326454844, 49.741470475600003 ], [ 5.8299542763, 49.740537193199998 ], [ 5.8274391553, 49.739130323399998 ], [ 5.8278057186, 49.738016400600003 ], [ 5.8284882935, 49.737176695099997 ], [ 5.8278749791, 49.736966753600001 ], [ 5.8282132318, 49.735661547200003 ], [ 5.828091938, 49.733817918900002 ], [ 5.8282641054, 49.733398182199998 ], [ 5.8280812507, 49.732964837300003 ], [ 5.8275521736, 49.732629790200001 ], [ 5.8253715307, 49.732036966700001 ], [ 5.826089912, 49.7304619835 ], [ 5.827153406, 49.728901989900002 ], [ 5.8265710789, 49.728332867 ], [ 5.8269098218, 49.7269022057 ], [ 5.8243276624, 49.726065752399997 ], [ 5.8249836803, 49.724849279700003 ], [ 5.82628688, 49.723563106599997 ], [ 5.8278458416, 49.7236666286 ], [ 5.8311816164, 49.724466513800003 ], [ 5.8325039021, 49.7244173319 ], [ 5.8344739467, 49.724055803299997 ], [ 5.8346877881, 49.7244209602 ], [ 5.8352590841, 49.724509801 ], [ 5.8355123517, 49.724312673900002 ], [ 5.8379841626, 49.723864689599999 ], [ 5.8379082199, 49.723751737599997 ], [ 5.8383079808, 49.723599462499998 ], [ 5.8378515321, 49.723008680600003 ], [ 5.8389334326, 49.722274897699997 ], [ 5.8408569146, 49.721486863300001 ], [ 5.842836144, 49.721259874200001 ], [ 5.8445865819, 49.721336006199998 ], [ 5.8459665414, 49.721965784299996 ], [ 5.8476136841, 49.722977090699999 ], [ 5.8500174727, 49.723946752300002 ], [ 5.8519135941, 49.724397964600001 ], [ 5.8544735289, 49.724660576700003 ], [ 5.8559028172, 49.725210539400003 ], [ 5.857466215, 49.726226119 ], [ 5.8596171186, 49.726923443700002 ], [ 5.860020445, 49.727214909099999 ], [ 5.8603786419, 49.7268576994 ], [ 5.8616254078, 49.726272985100003 ], [ 5.8629511709, 49.726713204900001 ], [ 5.8651076273, 49.726889432 ], [ 5.8661925423, 49.726344588300002 ], [ 5.8668151675, 49.726201488 ], [ 5.8672906479, 49.725647014300002 ], [ 5.8697685883, 49.723911391900003 ], [ 5.8695970201, 49.723782247300001 ], [ 5.8704830437, 49.723382557699999 ], [ 5.8702928994, 49.722551784 ], [ 5.8706942579, 49.721615642300002 ], [ 5.8735094119, 49.721600409099999 ], [ 5.875168829, 49.721879337799997 ], [ 5.8756181349, 49.720976404200002 ], [ 5.8750080671, 49.720699360399998 ], [ 5.8749189943, 49.720468565399997 ], [ 5.8753116413, 49.719633154900002 ], [ 5.8765968938, 49.718119711100002 ], [ 5.8742031333, 49.717448303799998 ], [ 5.874794246, 49.716646222100003 ], [ 5.8748329939, 49.7157469558 ], [ 5.8758855253, 49.7152221682 ], [ 5.8777997571, 49.714711314200002 ], [ 5.8816925335, 49.713013152800002 ], [ 5.8826086884, 49.711990665400002 ], [ 5.8834379871, 49.711676689299999 ], [ 5.88381021, 49.711321175899997 ] ] ] ] } },
{ "type": "Feature", "properties": { "name": "Remich", "district": "Grevenmacher" }, "geometry": { "type": "MultiPolygon", "coordinates": [ [ [ [ 6.3426743084, 49.469082786500003 ], [ 6.3458619742, 49.466534764800002 ], [ 6.3472522281, 49.465877759800001 ], [ 6.3487429671, 49.4661680225 ], [ 6.3498970303, 49.466911938400003 ], [ 6.3528535113, 49.467317186499997 ], [ 6.356038425, 49.464618509300003 ], [ 6.3605455851, 49.461422599599999 ], [ 6.3644492384, 49.459505333800003 ], [ 6.3688512139, 49.4598681469 ], [ 6.3678460557, 49.463519907200002 ], [ 6.3675026254, 49.465572311599999 ], [ 6.3677267646, 49.469416987800003 ], [ 6.3666792865, 49.469598992 ], [ 6.3672638765, 49.472401446900001 ], [ 6.3672030134, 49.478920734699997 ], [ 6.3674519788, 49.483114056600002 ], [ 6.3687054446, 49.4886379187 ], [ 6.3683130046, 49.490485159800002 ], [ 6.3670046265, 49.492769733599999 ], [ 6.3666609996, 49.493748208600003 ], [ 6.3666086679, 49.496241483600002 ], [ 6.3667784764, 49.499084230500003 ], [ 6.367293145, 49.501555143099999 ], [ 6.367311836, 49.503877217099998 ], [ 6.3665704822, 49.505541603399998 ], [ 6.3660490778, 49.507910370399998 ], [ 6.3612899594, 49.517296394500001 ], [ 6.3587326237, 49.522751414299996 ], [ 6.357108552, 49.527019084099997 ], [ 6.3560017708, 49.529175738 ], [ 6.3557917787, 49.530209395500002 ], [ 6.3559853438, 49.531373935 ], [ 6.3562420671, 49.531948462800003 ], [ 6.3583145483, 49.534491031500004 ], [ 6.3604014443, 49.536685869400003 ], [ 6.3616067193, 49.537588762399999 ], [ 6.3664169009, 49.540396762500002 ], [ 6.3699703738, 49.544066347700003 ], [ 6.3729469394, 49.546056545399999 ], [ 6.3769798943, 49.548715375599997 ], [ 6.3782605033, 49.549794245599998 ], [ 6.3809644338, 49.553549541499997 ], [ 6.3817340337, 49.556139063899998 ], [ 6.3815223786, 49.557449503400001 ], [ 6.380775284, 49.558296074099999 ], [ 6.3751760306, 49.5614563711 ], [ 6.3673011407, 49.565523532599997 ], [ 6.3672617139, 49.565685449199997 ], [ 6.3584902069, 49.569712842400001 ], [ 6.3577259101, 49.570374721900002 ], [ 6.3568644013, 49.571778635800001 ], [ 6.3568028149, 49.572861584899997 ], [ 6.3573125872, 49.5738139276 ], [ 6.3586802406, 49.575233385300002 ], [ 6.3597964554, 49.575993184300003 ], [ 6.3622463917, 49.577242462800001 ], [ 6.3660700187, 49.578569061 ], [ 6.3680307928, 49.579165648900002 ], [ 6.3696814073, 49.579344711799997 ], [ 6.3718032619, 49.579110166699998 ], [ 6.3757632702, 49.577261954900003 ], [ 6.3783491852, 49.576726101600002 ], [ 6.37969873, 49.576758049699997 ], [ 6.3807092893, 49.5769904072 ], [ 6.3814903995, 49.577459205300002 ], [ 6.382169564, 49.5783876486 ], [ 6.3822904017, 49.579693708199997 ], [ 6.3815903254, 49.581114047500002 ], [ 6.3805172916, 49.581980753700002 ], [ 6.3768809661, 49.584055304 ], [ 6.3748837013, 49.586215803400002 ], [ 6.3740235269, 49.587950008 ], [ 6.3738873881, 49.590039248099998 ], [ 6.3724677228, 49.590390374899997 ], [ 6.372310474, 49.590286024900003 ], [ 6.3718501273, 49.590425742199997 ], [ 6.3719089157, 49.590540103199999 ], [ 6.3726299739, 49.591725301399997 ], [ 6.3721154564, 49.592665021599998 ], [ 6.3724099883, 49.592884906099997 ], [ 6.3726665223, 49.592728007 ], [ 6.3731083185, 49.592829450099998 ], [ 6.373651031, 49.593140931 ], [ 6.3742661897, 49.5940970089 ], [ 6.3761513135, 49.595886478700002 ], [ 6.3757117485, 49.596021102800002 ], [ 6.3765855086, 49.596669325500002 ], [ 6.3776877856, 49.598093879399997 ], [ 6.379630571, 49.599393247499997 ], [ 6.3793185009, 49.599490212500001 ], [ 6.3804730815, 49.6000410483 ], [ 6.3821987333, 49.602101970900002 ], [ 6.3818945257, 49.6029779104 ], [ 6.381476554, 49.603261955900003 ], [ 6.3819587135, 49.604164803899998 ], [ 6.3796299332, 49.604055022499999 ], [ 6.3792705187, 49.604170946399996 ], [ 6.3770468013, 49.603332198300002 ], [ 6.3765716784, 49.603852550699997 ], [ 6.3764410689, 49.604415319 ], [ 6.3772717774, 49.6066239146 ], [ 6.3775260857, 49.606605497799997 ], [ 6.3775819083, 49.606775371499999 ], [ 6.3779168958, 49.606726075899999 ], [ 6.3780750327, 49.606944287700003 ], [ 6.3801721228, 49.606850844299998 ], [ 6.3801703553, 49.607213698 ], [ 6.3803682788, 49.607253784299999 ], [ 6.3790665351, 49.607952546 ], [ 6.3801509731, 49.6094533232 ], [ 6.3797285551, 49.609665334200002 ], [ 6.3791720411, 49.609713089800003 ], [ 6.3788470743, 49.610202219900003 ], [ 6.3779736897, 49.609961038 ], [ 6.3769681164, 49.610266221099998 ], [ 6.3758538673, 49.610304018900003 ], [ 6.3755154829, 49.610617659200003 ], [ 6.374562637, 49.611222477699997 ], [ 6.3733490044, 49.611437453299999 ], [ 6.3720590124, 49.6120919508 ], [ 6.3720035173, 49.612350531399997 ], [ 6.3723580445, 49.612822102400003 ], [ 6.3721136162, 49.6130336441 ], [ 6.3696137677, 49.613076882800001 ], [ 6.3686125079, 49.613909748499999 ], [ 6.3673006098, 49.6145141509 ], [ 6.3667891724, 49.615322497599998 ], [ 6.365547709, 49.615570175400002 ], [ 6.3645928916, 49.615802875900002 ], [ 6.3625899938, 49.613815108200001 ], [ 6.3615219399, 49.613369486499998 ], [ 6.3606893036, 49.613235881100003 ], [ 6.360993286, 49.6140062164 ], [ 6.3607228179, 49.614669080900001 ], [ 6.3598383663, 49.615454876900003 ], [ 6.3596328567, 49.615358412600003 ], [ 6.3585980001, 49.6160137647 ], [ 6.3567829724, 49.6156638633 ], [ 6.3562109316, 49.615079988 ], [ 6.3550336029, 49.615025962 ], [ 6.3538532054, 49.615120658199999 ], [ 6.3523212806, 49.6158860671 ], [ 6.3495516269, 49.614145633 ], [ 6.3481617761, 49.611763768300001 ], [ 6.3482749791, 49.610711841300002 ], [ 6.3492333388, 49.609496633299997 ], [ 6.3490374564, 49.609056004 ], [ 6.3460058256, 49.6071537236 ], [ 6.3452566085, 49.607414161100003 ], [ 6.3446276321, 49.607893151900001 ], [ 6.344033344, 49.608831338 ], [ 6.344054511, 49.609393090899999 ], [ 6.3458543271, 49.610322353400001 ], [ 6.3455778278, 49.610459928600001 ], [ 6.3458028483, 49.610611772399999 ], [ 6.3448780763, 49.610940665800001 ], [ 6.3444147481, 49.611562133 ], [ 6.3448213482, 49.611717836499999 ], [ 6.3456340284, 49.613939135899997 ], [ 6.3451116546, 49.613998947799999 ], [ 6.3449101135, 49.616057629899998 ], [ 6.3443739572, 49.616685079200003 ], [ 6.3403571715, 49.615671451300003 ], [ 6.3399935764, 49.617414791500003 ], [ 6.3404522374, 49.617502523500001 ], [ 6.3398954295, 49.618086682200001 ], [ 6.3397039271, 49.618653391300001 ], [ 6.3400346566, 49.619569368 ], [ 6.3384855692, 49.619827553699999 ], [ 6.3388535992, 49.622131768099997 ], [ 6.3378512949, 49.622575309699997 ], [ 6.3377306855, 49.622029078 ], [ 6.3353363587, 49.6218069779 ], [ 6.3348791535, 49.622471256799997 ], [ 6.3330539095, 49.622459167599999 ], [ 6.3329321785, 49.623684148 ], [ 6.3326803521, 49.623551180900002 ], [ 6.3313795605, 49.624119545699998 ], [ 6.3309085983, 49.624484185599997 ], [ 6.3298217611, 49.624333005300002 ], [ 6.3286553748, 49.624537024699997 ], [ 6.3281762031, 49.625126835099998 ], [ 6.3288595787, 49.625542462200002 ], [ 6.3299674242, 49.626737106199997 ], [ 6.3278970485, 49.6269257788 ], [ 6.3241236615, 49.626713390600003 ], [ 6.3229933235, 49.626883992400003 ], [ 6.3213434381, 49.627390774399998 ], [ 6.3180242138, 49.627690144100001 ], [ 6.3169511838, 49.627756913900001 ], [ 6.314932764, 49.627760757799997 ], [ 6.3112162067, 49.6280212375 ], [ 6.3100153884, 49.628303951600003 ], [ 6.3096337733, 49.628411248600003 ], [ 6.3055776791, 49.626719786800003 ], [ 6.3044658882, 49.626051363099997 ], [ 6.2890439204, 49.614131148600002 ], [ 6.281855693, 49.6089105645 ], [ 6.2799199901, 49.607487345700001 ], [ 6.2783562044, 49.606004244300003 ], [ 6.2770199947, 49.605253727200001 ], [ 6.2760636089, 49.6043398849 ], [ 6.2754878556, 49.603551984900001 ], [ 6.2737857129, 49.601299912599998 ], [ 6.2754099161, 49.600689938800002 ], [ 6.2764258931, 49.601434780600002 ], [ 6.2774464381, 49.601639401900002 ], [ 6.2775388711, 49.602115765800001 ], [ 6.2798318448, 49.602165894400002 ], [ 6.2807272157, 49.602493012099998 ], [ 6.2821880114, 49.602749208 ], [ 6.284935222, 49.602610313900001 ], [ 6.2863341143, 49.601818599399998 ], [ 6.288512585, 49.601820329200002 ], [ 6.2891236917, 49.600953843299997 ], [ 6.2895516628, 49.599760256499998 ], [ 6.2903682103, 49.599155778499998 ], [ 6.2919765819, 49.598652060500001 ], [ 6.2933124393, 49.598592387099998 ], [ 6.2951797967, 49.598216410200003 ], [ 6.2966512787, 49.595542138 ], [ 6.2996101328, 49.593135615400001 ], [ 6.2997291329, 49.591163143300001 ], [ 6.3017633971, 49.590474942500002 ], [ 6.3013248843, 49.589915166 ], [ 6.302001504, 49.588843322700001 ], [ 6.3022704268, 49.586697585400003 ], [ 6.3028542736, 49.5850134019 ], [ 6.3023699531, 49.583772224199997 ], [ 6.3007684712, 49.582655399099998 ], [ 6.2972629269, 49.585000452400003 ], [ 6.2919070791, 49.586561400800001 ], [ 6.2911783737, 49.586293468299999 ], [ 6.2846092063, 49.5865600865 ], [ 6.2748101009, 49.584734116100002 ], [ 6.2710552621, 49.5845940576 ], [ 6.2698712596, 49.584378465500002 ], [ 6.2686119156, 49.583983385300002 ], [ 6.2687547599, 49.583140457500001 ], [ 6.2672454437, 49.5805019194 ], [ 6.2674503695, 49.579960867600001 ], [ 6.2664484273, 49.578955722300002 ], [ 6.2657714722, 49.578648923599999 ], [ 6.2658165687, 49.579200800899997 ], [ 6.2655510906, 49.579899964 ], [ 6.2654157032, 49.579837375399997 ], [ 6.2656533389, 49.579119768600002 ], [ 6.2655236401, 49.578549540499999 ], [ 6.2658032193, 49.578250700799998 ], [ 6.2631884285, 49.578585405600002 ], [ 6.2594528052, 49.578776490800003 ], [ 6.2582114784, 49.57787951 ], [ 6.2569266818, 49.576340093699997 ], [ 6.2566257424, 49.575558743099997 ], [ 6.2554385282, 49.574486400600001 ], [ 6.2556710822, 49.573468444200003 ], [ 6.2553801453, 49.572784986 ], [ 6.2555381397, 49.572154133600002 ], [ 6.2563815892, 49.570986222199998 ], [ 6.257505216, 49.570112363600003 ], [ 6.254803549, 49.569316204 ], [ 6.2537749713, 49.568645084400003 ], [ 6.2506725561, 49.567864187300003 ], [ 6.2488169204, 49.567567240800003 ], [ 6.2480414564, 49.567676540900003 ], [ 6.2416217436, 49.567663295700001 ], [ 6.2403838652, 49.568546000799998 ], [ 6.23948026, 49.569650806299997 ], [ 6.2365666891, 49.570209054800003 ], [ 6.2329694413, 49.569992383900001 ], [ 6.2312350327, 49.570043436500001 ], [ 6.2308223405, 49.569005879400002 ], [ 6.2324014754, 49.567894514099997 ], [ 6.2320366814, 49.567612381499998 ], [ 6.2335296417, 49.566087396599997 ], [ 6.2338885121, 49.564975795 ], [ 6.2316390177, 49.5626445957 ], [ 6.2323648975, 49.561973904600002 ], [ 6.2330721562, 49.560442701299998 ], [ 6.2319683905, 49.560202093500003 ], [ 6.2312962432, 49.55969912 ], [ 6.2310242753, 49.558886836200003 ], [ 6.2310524938, 49.558108705400002 ], [ 6.2312165439, 49.557677510399998 ], [ 6.233711531, 49.555204076599999 ], [ 6.2354755085, 49.554197935799998 ], [ 6.234953247, 49.553305670199997 ], [ 6.2332630119, 49.553996380699999 ], [ 6.2317565181, 49.5533475975 ], [ 6.230256487, 49.553007545200003 ], [ 6.2279581269, 49.554851426200003 ], [ 6.2271068175, 49.555739802700003 ], [ 6.2264760694, 49.556829226600001 ], [ 6.2251690831, 49.556507396299999 ], [ 6.223789705, 49.555825466599998 ], [ 6.2234862267, 49.556173623600003 ], [ 6.2217316644, 49.555567897800003 ], [ 6.2192148599, 49.554989904199999 ], [ 6.2195105911, 49.554522504099999 ], [ 6.2206180586, 49.552044701200003 ], [ 6.2222440646, 49.5506685629 ], [ 6.2237382393, 49.5498281554 ], [ 6.2247585637, 49.548113221199998 ], [ 6.2264579413, 49.547418205900001 ], [ 6.2252593997, 49.546987797900002 ], [ 6.2275026635, 49.544660868699999 ], [ 6.2292628057, 49.5453859339 ], [ 6.2303600227, 49.544577948300002 ], [ 6.2281494793, 49.543302945 ], [ 6.2294167449, 49.542333847599998 ], [ 6.2283789703, 49.540967113900003 ], [ 6.2301142125, 49.540287660600001 ], [ 6.2290754494, 49.539530791399997 ], [ 6.2287803334, 49.5385398584 ], [ 6.2291629821, 49.538432462199999 ], [ 6.2288005297, 49.5375592858 ], [ 6.2308453943, 49.537671809099997 ], [ 6.2318786461, 49.535601139599997 ], [ 6.2337281387, 49.533652551800003 ], [ 6.2354366664, 49.5331842975 ], [ 6.2358035705, 49.533593770099998 ], [ 6.2367526283, 49.533251819699998 ], [ 6.2397096255, 49.530365571300003 ], [ 6.2353127362, 49.527992966299998 ], [ 6.2363876802, 49.527203464899998 ], [ 6.2360362448, 49.526968996900003 ], [ 6.2375548185, 49.525886297600003 ], [ 6.2378180368, 49.525998526499997 ], [ 6.2394926127, 49.5246687108 ], [ 6.238659594, 49.523464101199998 ], [ 6.2388749116, 49.523412296 ], [ 6.2380196145, 49.521933177800001 ], [ 6.2371999658, 49.521184202 ], [ 6.2370705446, 49.520516777899999 ], [ 6.2365257014, 49.519868610499998 ], [ 6.2354866487, 49.517810750700001 ], [ 6.234656606, 49.517489102699997 ], [ 6.2351323359, 49.516613473299998 ], [ 6.2372532571, 49.517012521700003 ], [ 6.2383306923, 49.516861847199998 ], [ 6.2406454082, 49.5150224486 ], [ 6.2406510528, 49.514937208900001 ], [ 6.2415108108, 49.514448341600001 ], [ 6.2417657149, 49.514085537500002 ], [ 6.2417261846, 49.513352505299999 ], [ 6.2413350555, 49.512680577899999 ], [ 6.2416436704, 49.511965097500003 ], [ 6.2438872994, 49.511834744200002 ], [ 6.2451332857, 49.511511408 ], [ 6.246403727, 49.509197120400003 ], [ 6.2469148095, 49.508894306899997 ], [ 6.2484145208, 49.508510375500002 ], [ 6.2491840927, 49.508558681799997 ], [ 6.2502354069, 49.508810143200002 ], [ 6.252269544, 49.508965003900002 ], [ 6.253942093, 49.509592810800001 ], [ 6.2562793817, 49.509966991399999 ], [ 6.2570611707, 49.5097332012 ], [ 6.2574186745, 49.508421957899998 ], [ 6.2580484965, 49.507546544199997 ], [ 6.2590901249, 49.507125474699997 ], [ 6.2599359738, 49.507015143700002 ], [ 6.26111074, 49.507234677600003 ], [ 6.2619448402, 49.507140651299999 ], [ 6.2628171364, 49.506484298099998 ], [ 6.262691324, 49.5060779294 ], [ 6.2623677669, 49.505660592300003 ], [ 6.2623516928, 49.505046670699997 ], [ 6.2630545111, 49.504098448599997 ], [ 6.2634266576, 49.5039290518 ], [ 6.2666672255, 49.504026940599999 ], [ 6.2685092689, 49.504316080899997 ], [ 6.2703671031, 49.504034930899998 ], [ 6.2711996548, 49.50456016 ], [ 6.2718565567, 49.504725940199997 ], [ 6.2741503989, 49.504435514 ], [ 6.2746282339, 49.503816326100001 ], [ 6.2758848532, 49.503615054100003 ], [ 6.2767408955, 49.503272402500002 ], [ 6.2772724977, 49.5035871105 ], [ 6.2798557228, 49.503283447 ], [ 6.2799982586, 49.503086293599999 ], [ 6.2796422853, 49.502682379100001 ], [ 6.2804213018, 49.502242958099998 ], [ 6.2797394753, 49.501892338200001 ], [ 6.2798344331, 49.501436357400003 ], [ 6.2813322547, 49.501053978500003 ], [ 6.2815296864, 49.5008469327 ], [ 6.2813867003, 49.500637426700003 ], [ 6.2808829997, 49.500612927200002 ], [ 6.2804538579, 49.500395303 ], [ 6.2800522865, 49.499216071100001 ], [ 6.2794000744, 49.498593634800002 ], [ 6.2794559133, 49.497862804699999 ], [ 6.279063099, 49.497308285499997 ], [ 6.2794587808, 49.496991961200003 ], [ 6.2788802812, 49.4963041293 ], [ 6.2794990514, 49.495183390900003 ], [ 6.2794981566, 49.4946896589 ], [ 6.2814087586, 49.493872872700003 ], [ 6.2816663983, 49.493405112399998 ], [ 6.2820728926, 49.493158566799998 ], [ 6.284104176, 49.493000121599998 ], [ 6.2851559354, 49.493139181700002 ], [ 6.286411081, 49.493626557299997 ], [ 6.2874673833, 49.494298993800001 ], [ 6.2884140721, 49.494473945400003 ], [ 6.2889187494, 49.494326121900002 ], [ 6.2896147035, 49.493715470600002 ], [ 6.2896703577, 49.493101017 ], [ 6.2889066743, 49.492773968199998 ], [ 6.2889411091, 49.491831745399999 ], [ 6.2885561852, 49.491522466299998 ], [ 6.2882780193, 49.491432944700001 ], [ 6.2872056415, 49.491899167200003 ], [ 6.2856474231, 49.492177431800002 ], [ 6.2843869178, 49.491472979 ], [ 6.284754137, 49.490204174299997 ], [ 6.2854035568, 49.489541662100002 ], [ 6.286220657, 49.488146299299999 ], [ 6.2870729471, 49.487882202199998 ], [ 6.2884795947, 49.487700858300002 ], [ 6.2894778391, 49.4870690033 ], [ 6.289471918, 49.486326201799997 ], [ 6.2890603743, 49.486291066900002 ], [ 6.288670004, 49.486708579 ], [ 6.28810963, 49.4866983406 ], [ 6.2875421873, 49.486152042599997 ], [ 6.2888428757, 49.484823887200001 ], [ 6.29022932, 49.484614391699999 ], [ 6.2912114499, 49.484679320600002 ], [ 6.2911189541, 49.4849570859 ], [ 6.291520816, 49.485227496699999 ], [ 6.2917368535, 49.485667365600001 ], [ 6.2916556447, 49.486842197900003 ], [ 6.2922660014, 49.487493949899999 ], [ 6.2931864653, 49.487583600400001 ], [ 6.2936084059, 49.4877704807 ], [ 6.2941333725, 49.4871325111 ], [ 6.2953465308, 49.4871252485 ], [ 6.296310063, 49.487412525 ], [ 6.2982605263, 49.488606997 ], [ 6.2987967616, 49.488634369 ], [ 6.2992070309, 49.488267663199998 ], [ 6.2994802406, 49.4877975343 ], [ 6.2990641118, 49.4876092931 ], [ 6.2983878664, 49.486660996099999 ], [ 6.2981999934, 49.485969543099998 ], [ 6.2971755398, 49.484616003500001 ], [ 6.296477638, 49.483175504899997 ], [ 6.29570466, 49.482756620700002 ], [ 6.2952938476, 49.481970975400003 ], [ 6.2951238653, 49.481358898300002 ], [ 6.2962221032, 49.480194351500003 ], [ 6.2968121953, 49.480046748600003 ], [ 6.2976769476, 49.4803509292 ], [ 6.2989733539, 49.480317100400001 ], [ 6.2992559658, 49.479653901399999 ], [ 6.3015442578, 49.479118106100003 ], [ 6.303331457, 49.478363740299997 ], [ 6.303874428, 49.477875524700003 ], [ 6.3042917398, 49.478322712299999 ], [ 6.305140219, 49.477671477400001 ], [ 6.3054401954, 49.477138461899997 ], [ 6.3061419726, 49.477432775700002 ], [ 6.3080212016, 49.478926488200003 ], [ 6.3129633636, 49.4803968672 ], [ 6.3144316431, 49.478032064 ], [ 6.3146015459, 49.4770699587 ], [ 6.3161529313, 49.477375929600001 ], [ 6.3163132439, 49.477830121 ], [ 6.317713278, 49.478055785700001 ], [ 6.3180711707, 49.47773356 ], [ 6.3186511529, 49.478025529 ], [ 6.3198251725, 49.477495141 ], [ 6.3206498574, 49.477420528899998 ], [ 6.3215063602, 49.476678441700003 ], [ 6.3247004596, 49.474763377899997 ], [ 6.3244958907, 49.474677277600001 ], [ 6.3251038627, 49.474005093 ], [ 6.3274445752, 49.472368304500002 ], [ 6.3283007761, 49.472732482600001 ], [ 6.3291174229, 49.471674712099997 ], [ 6.3298960645, 49.470062491199997 ], [ 6.332787755, 49.469633435799999 ], [ 6.3340247675, 49.466939208200003 ], [ 6.3379590985, 49.468448237899999 ], [ 6.3387501751, 49.468622342400003 ], [ 6.3400993983, 49.468227048400003 ], [ 6.3426743084, 49.469082786500003 ] ] ] ] } },
{ "type": "Feature", "properties": { "name": "Vianden", "district": "Diekirch" }, "geometry": { "type": "MultiPolygon", "coordinates": [ [ [ [ 6.2317090285, 49.896864137800002 ], [ 6.2324354498, 49.897659413500001 ], [ 6.2344765212, 49.8982959115 ], [ 6.2348261058, 49.8988610611 ], [ 6.235389025, 49.899145552199997 ], [ 6.2335929798, 49.900141011899997 ], [ 6.2333891097, 49.900456714599997 ], [ 6.23299536, 49.902518291299998 ], [ 6.2320696076, 49.904822549599999 ], [ 6.2320738597, 49.906478056300003 ], [ 6.2307013621, 49.9079132472 ], [ 6.2273631637, 49.910060959399999 ], [ 6.2269348957, 49.910585805300002 ], [ 6.2269670409, 49.911238932899998 ], [ 6.2272383312, 49.911522605899997 ], [ 6.2284257733, 49.911503743499999 ], [ 6.2302519528, 49.911102165099997 ], [ 6.231329382, 49.911143964899999 ], [ 6.2338200443, 49.912681056799997 ], [ 6.2339753859, 49.913796206599997 ], [ 6.2337211474, 49.9144995917 ], [ 6.2310145818, 49.9193060972 ], [ 6.2292140768, 49.921017528599997 ], [ 6.2258086472, 49.921151999099997 ], [ 6.2225871933, 49.921642072499999 ], [ 6.2186656776, 49.9225358813 ], [ 6.2179928981, 49.923049877700002 ], [ 6.2177984363, 49.923842782 ], [ 6.2185588717, 49.925251593600002 ], [ 6.2198519847, 49.925980827499998 ], [ 6.2226730644, 49.927027266700001 ], [ 6.2235746739, 49.927849157700003 ], [ 6.223860981, 49.927788017700003 ], [ 6.224422418, 49.927649036600002 ], [ 6.2258275011, 49.928663066399999 ], [ 6.2261856743, 49.929309715599999 ], [ 6.2246175992, 49.931961531399999 ], [ 6.2240571505, 49.931940769599997 ], [ 6.2240264231, 49.932069303900001 ], [ 6.2244533482, 49.9327989067 ], [ 6.2249089051, 49.932731566900003 ], [ 6.2252235606, 49.933359054599997 ], [ 6.2237863538, 49.9336243638 ], [ 6.2235230102, 49.933998172899997 ], [ 6.2236035052, 49.9342975892 ], [ 6.2252403988, 49.935457562700002 ], [ 6.2273313467, 49.9366189506 ], [ 6.2253043269, 49.938754451699999 ], [ 6.2246173375, 49.938647627100003 ], [ 6.2244093836, 49.938771474900001 ], [ 6.224562582, 49.9393664527 ], [ 6.2238798856, 49.940039843 ], [ 6.2231373389, 49.940425005199998 ], [ 6.2228732148, 49.941004245400002 ], [ 6.2213332376, 49.941543405200001 ], [ 6.220776677, 49.942427086499997 ], [ 6.2197981107, 49.942820229500001 ], [ 6.21999936, 49.943329260100001 ], [ 6.2182277649, 49.943817759300003 ], [ 6.2165389493, 49.944502782100002 ], [ 6.2168910616, 49.945385829499997 ], [ 6.2185043428, 49.9454932919 ], [ 6.21862095, 49.945987554699997 ], [ 6.2201698679, 49.947169078599998 ], [ 6.2235452188, 49.949010113299998 ], [ 6.2239085251, 49.950081213899999 ], [ 6.211736076, 49.950227737600002 ], [ 6.2088388456, 49.953009466300003 ], [ 6.2085106783, 49.953819480699998 ], [ 6.2084891103, 49.954604850300001 ], [ 6.2055988017, 49.955194556199999 ], [ 6.2044896273, 49.955004418900003 ], [ 6.2007815186, 49.952928421199999 ], [ 6.2004741391, 49.952190554300003 ], [ 6.199602348, 49.9512530951 ], [ 6.1995864679, 49.949492450900003 ], [ 6.1984811213, 49.948691685 ], [ 6.1984547526, 49.948507423400002 ], [ 6.1978929767, 49.948458503300003 ], [ 6.1967877675, 49.948525841299997 ], [ 6.1967628799, 49.950023201699999 ], [ 6.1961658775, 49.9514830898 ], [ 6.1934634765, 49.954996676199997 ], [ 6.1928288142, 49.955564880399997 ], [ 6.1921700154, 49.956834135400001 ], [ 6.1921409369, 49.957436466499999 ], [ 6.1927782343, 49.958599063800001 ], [ 6.1932191123, 49.960499305299997 ], [ 6.1927934069, 49.962170050899999 ], [ 6.1917638359, 49.963724209699997 ], [ 6.19168219, 49.964848626399998 ], [ 6.1920454926, 49.966242104300001 ], [ 6.1918541531, 49.9673361113 ], [ 6.1914175979, 49.967931847099997 ], [ 6.1899023074, 49.968201399 ], [ 6.1878556492, 49.967957115300003 ], [ 6.1860653672, 49.967464141400001 ], [ 6.1854366858, 49.967075980499999 ], [ 6.1848294583, 49.9661720581 ], [ 6.1832153897, 49.9650005851 ], [ 6.1823875938, 49.963584089400001 ], [ 6.1825303467, 49.9626429773 ], [ 6.1840153127, 49.961160264199997 ], [ 6.1847268366, 49.959419310400001 ], [ 6.1862975533, 49.957701139100003 ], [ 6.1870175956, 49.957382315700002 ], [ 6.1886503082, 49.957188577799997 ], [ 6.1890000388, 49.956930144799998 ], [ 6.1890499837, 49.956377393 ], [ 6.1887536038, 49.955922782800002 ], [ 6.1864711382, 49.954322036699999 ], [ 6.1840328551, 49.953187576399998 ], [ 6.1810580686, 49.952308531100002 ], [ 6.1797242847, 49.952153561099998 ], [ 6.1788673277, 49.9525253252 ], [ 6.1788534747, 49.952803617500003 ], [ 6.1777736493, 49.953428180499998 ], [ 6.1769858434, 49.954304109600002 ], [ 6.17632904, 49.957777223100003 ], [ 6.1755850041, 49.961612211800002 ], [ 6.1743836473, 49.961954432799999 ], [ 6.1720126732, 49.9622234056 ], [ 6.1707298854, 49.962582071600004 ], [ 6.1700330776, 49.962993313799998 ], [ 6.1679018974, 49.966031092400002 ], [ 6.166910215, 49.968236216100003 ], [ 6.1655290786, 49.969247467 ], [ 6.1648976271, 49.969996656500001 ], [ 6.1645679185, 49.972431026099997 ], [ 6.1647296146, 49.973882211599999 ], [ 6.1651196663, 49.975040618500003 ], [ 6.1662186433, 49.976845426 ], [ 6.1623081236, 49.977566502599998 ], [ 6.1597935879, 49.978534134500002 ], [ 6.1577749103, 49.978538977500001 ], [ 6.1569321012, 49.978679875700003 ], [ 6.1555623958, 49.979324575500002 ], [ 6.1512429055, 49.978107144200003 ], [ 6.1497594207, 49.977744868 ], [ 6.1466609273, 49.976629529299998 ], [ 6.1453087826, 49.9759754349 ], [ 6.1441482012, 49.975065585199999 ], [ 6.1410303613, 49.973962165899998 ], [ 6.1394968545, 49.9737938504 ], [ 6.1370568133, 49.974126157500002 ], [ 6.1358686556, 49.974129834300001 ], [ 6.1351810734, 49.973804732200001 ], [ 6.1329197969, 49.973258213599998 ], [ 6.1324195834, 49.973071108600003 ], [ 6.1321831351, 49.972263246799997 ], [ 6.1314849908, 49.971738415 ], [ 6.1282391228, 49.971168356100002 ], [ 6.1277571453, 49.971179341400003 ], [ 6.1270303417, 49.9714344653 ], [ 6.1257942806, 49.971441807300003 ], [ 6.1250446919, 49.971721454499999 ], [ 6.12271234, 49.971569741700002 ], [ 6.1189028838, 49.974156465199997 ], [ 6.118622201, 49.974871995400001 ], [ 6.1176581407, 49.976222975299997 ], [ 6.1181397093, 49.976364311799998 ], [ 6.1182132542, 49.976275382499999 ], [ 6.1196571713, 49.976878171400003 ], [ 6.1187429547, 49.979602629600002 ], [ 6.1168741641, 49.981539503699999 ], [ 6.1149325718, 49.982468299499999 ], [ 6.1127453965, 49.982471824400001 ], [ 6.1128193122, 49.982392635499998 ], [ 6.1097704899, 49.982509219299999 ], [ 6.1089175579, 49.982777014 ], [ 6.1084788902, 49.983121278699997 ], [ 6.1076185027, 49.982953735 ], [ 6.1060649538, 49.982205984499998 ], [ 6.1044116521, 49.982133969099998 ], [ 6.103660406, 49.981821637400003 ], [ 6.1033030405, 49.981920839200001 ], [ 6.1032746702, 49.982276448599997 ], [ 6.1027924448, 49.982396159 ], [ 6.1025540141, 49.982914468 ], [ 6.1000853633, 49.982661199299997 ], [ 6.1004253308, 49.984029126 ], [ 6.1000166957, 49.985653629200002 ], [ 6.0989332918, 49.987545883400003 ], [ 6.0979321609, 49.987564061900002 ], [ 6.0985280018, 49.9856490624 ], [ 6.0983162028, 49.984269816699999 ], [ 6.0968899213, 49.981662628300001 ], [ 6.0961491608, 49.980819774300002 ], [ 6.0971399254, 49.979904441499997 ], [ 6.0981031943, 49.979393014599999 ], [ 6.099724251, 49.979100431600003 ], [ 6.1021912152, 49.978989271300001 ], [ 6.1030616727, 49.978687992200001 ], [ 6.1029795841, 49.978091620800001 ], [ 6.1024749804, 49.977692947400001 ], [ 6.1022812025, 49.977232745 ], [ 6.1025203251, 49.976086023400001 ], [ 6.1023220686, 49.975415352399999 ], [ 6.1019623721, 49.974766311099998 ], [ 6.1002222956, 49.973503655899997 ], [ 6.1000866316, 49.972911845 ], [ 6.1002631093, 49.971988521299998 ], [ 6.0991935177, 49.970715239599997 ], [ 6.0988984409, 49.970092415400003 ], [ 6.0988069918, 49.968908644099997 ], [ 6.0981656304, 49.968030347400003 ], [ 6.0982625494, 49.967295310399997 ], [ 6.0991326152, 49.966773991799997 ], [ 6.0989726566, 49.966599797900002 ], [ 6.0995186478, 49.966454346699997 ], [ 6.0996397427, 49.966224468699998 ], [ 6.1001128136, 49.966142633499999 ], [ 6.1011336178, 49.965295375399997 ], [ 6.1012823527, 49.965056565799998 ], [ 6.0997036987, 49.964285068599999 ], [ 6.0990372903, 49.963331502300001 ], [ 6.0988287176, 49.96249774 ], [ 6.0991571649, 49.961165628899998 ], [ 6.0988220721, 49.960636802099998 ], [ 6.0985568175, 49.9604730012 ], [ 6.0985751985, 49.9606109526 ], [ 6.0983070836, 49.9605868071 ], [ 6.0980582192, 49.960102576899999 ], [ 6.0974583941, 49.959984838399997 ], [ 6.0967310087, 49.959050083500003 ], [ 6.096518283, 49.958379940199997 ], [ 6.0960728981, 49.957973128399999 ], [ 6.0937525056, 49.957198430699997 ], [ 6.0934232002, 49.957270630799997 ], [ 6.0931810343, 49.9567868257 ], [ 6.0936719068, 49.956070885899997 ], [ 6.0934889103, 49.955962389699998 ], [ 6.0936685426, 49.955663058399999 ], [ 6.0935240508, 49.955544733099998 ], [ 6.0937620777, 49.955257423 ], [ 6.0935172081, 49.954814748099999 ], [ 6.0927704519, 49.954487413899997 ], [ 6.0925850032, 49.954248669800002 ], [ 6.0926020431, 49.953537544 ], [ 6.0923454486, 49.952949635899998 ], [ 6.0924908206, 49.9524922047 ], [ 6.0931699513, 49.951891618399998 ], [ 6.0934832603, 49.9512483432 ], [ 6.0944882016, 49.950181008599998 ], [ 6.0937445516, 49.949603918100003 ], [ 6.092215009, 49.949191679 ], [ 6.0914871649, 49.9487088403 ], [ 6.0919795928, 49.947807398199998 ], [ 6.0919995313, 49.946930066500002 ], [ 6.09226, 49.946695053299997 ], [ 6.0914551605, 49.946257584199998 ], [ 6.0910458965, 49.945757382700002 ], [ 6.0907313578, 49.9457803082 ], [ 6.0910820514, 49.945544484899997 ], [ 6.0907915363, 49.945486035599998 ], [ 6.0908041133, 49.945074351800002 ], [ 6.0903808379, 49.9450552192 ], [ 6.0904663171, 49.944708719799998 ], [ 6.0898648624, 49.944077746 ], [ 6.0910832905, 49.942751682800001 ], [ 6.0915564925, 49.942573090800003 ], [ 6.0915966344, 49.9423643939 ], [ 6.092017078, 49.9423173773 ], [ 6.0930805155, 49.941430782 ], [ 6.0930486095, 49.940435496799999 ], [ 6.0883802962, 49.938351425500002 ], [ 6.0883046164, 49.938045211 ], [ 6.0880877007, 49.9379713736 ], [ 6.0881080784, 49.937546058199999 ], [ 6.0883216647, 49.937401339 ], [ 6.0874802573, 49.937187342800001 ], [ 6.087772636, 49.935867740900001 ], [ 6.087505117, 49.935145006600003 ], [ 6.087198162, 49.934952533500002 ], [ 6.0875760003, 49.934216184299999 ], [ 6.0887171453, 49.933029497299998 ], [ 6.0895489394, 49.932394078400002 ], [ 6.0900874607, 49.932201474599999 ], [ 6.0906901852, 49.932203015699997 ], [ 6.0914414067, 49.932492032 ], [ 6.0928618569, 49.932234177700003 ], [ 6.0942070233, 49.932576365499997 ], [ 6.0949489908, 49.932253702600001 ], [ 6.0951849534, 49.931661258600002 ], [ 6.0947196709, 49.931348117299997 ], [ 6.0940138573, 49.9311569945 ], [ 6.0940778278, 49.930936183199996 ], [ 6.0942979635, 49.9309315478 ], [ 6.0944798615, 49.9303200202 ], [ 6.0942674115, 49.929968214299997 ], [ 6.0945322278, 49.928996713899998 ], [ 6.0961540615, 49.927371570200002 ], [ 6.095423498, 49.926898336500003 ], [ 6.0953309024, 49.926456485599999 ], [ 6.0958056091, 49.925753433399997 ], [ 6.0957369909, 49.9247762575 ], [ 6.0960329362, 49.9243765955 ], [ 6.0965956567, 49.924165015200003 ], [ 6.0983551936, 49.924306585899998 ], [ 6.099363538, 49.924128403899999 ], [ 6.1007196694, 49.923111301500001 ], [ 6.1019070488, 49.9226026905 ], [ 6.1044042295, 49.922144393799996 ], [ 6.1051119184, 49.9217484371 ], [ 6.1052897319, 49.9218544943 ], [ 6.1057149668, 49.9217873367 ], [ 6.106862197, 49.921313617800003 ], [ 6.1081081072, 49.921110849 ], [ 6.108739124, 49.920621302599997 ], [ 6.1087358642, 49.9197820451 ], [ 6.1112138401, 49.918880161499999 ], [ 6.1123563982, 49.918685181800001 ], [ 6.1132257676, 49.918852336900002 ], [ 6.1155562115, 49.918837242400002 ], [ 6.1166172941, 49.918935077500002 ], [ 6.1170948053, 49.919199794900003 ], [ 6.1182224636, 49.918632237799997 ], [ 6.1187270013, 49.918139661399998 ], [ 6.1185964766, 49.918084422900002 ], [ 6.1188378828, 49.917718313 ], [ 6.1171687178, 49.918081523 ], [ 6.1168126231, 49.918308739099999 ], [ 6.1161949143, 49.917891794299997 ], [ 6.1153888898, 49.917843733200002 ], [ 6.1149574342, 49.917308217 ], [ 6.1137207818, 49.917110940599997 ], [ 6.1134383788, 49.916447767900003 ], [ 6.113911066, 49.916414945900001 ], [ 6.1141310448, 49.916250331400001 ], [ 6.1149737368, 49.914255941299999 ], [ 6.1152606813, 49.9123973775 ], [ 6.1158281493, 49.912407816600002 ], [ 6.1158816391, 49.911699755100003 ], [ 6.1136255031, 49.911882833600004 ], [ 6.1133483487, 49.910235684699998 ], [ 6.1121690044, 49.9097084295 ], [ 6.111251249, 49.909705715699999 ], [ 6.1103464458, 49.909900091399997 ], [ 6.109492403, 49.910285327399997 ], [ 6.1091165408, 49.910691251 ], [ 6.1085957892, 49.910473642900001 ], [ 6.1100327662, 49.909766463700002 ], [ 6.111063992, 49.9089592849 ], [ 6.1108336888, 49.908947818199998 ], [ 6.1123643263, 49.908013653399998 ], [ 6.1124993733, 49.908298843 ], [ 6.1143030824, 49.908400778599997 ], [ 6.1161433058, 49.908893475799999 ], [ 6.1176419178, 49.909086667399997 ], [ 6.1186116558, 49.9089535954 ], [ 6.1192333774, 49.907841743 ], [ 6.1178518012, 49.906696676700001 ], [ 6.117467753, 49.905980272299999 ], [ 6.1169552772, 49.905714911399997 ], [ 6.1198835786, 49.903843413700002 ], [ 6.1217643458, 49.9030178812 ], [ 6.1232571264, 49.902666782600001 ], [ 6.1247629874, 49.902517525199997 ], [ 6.1272425756, 49.902696248399998 ], [ 6.1300120357, 49.902580598500002 ], [ 6.1311893364, 49.902683534399998 ], [ 6.1317137076, 49.902260897700003 ], [ 6.1305564039, 49.9006706674 ], [ 6.1271827442, 49.898395509300002 ], [ 6.1275208715, 49.898166294500001 ], [ 6.1268785907, 49.897670810400001 ], [ 6.1263521086, 49.896382882099999 ], [ 6.1255072219, 49.8952413652 ], [ 6.1258727994, 49.895022297300002 ], [ 6.1255500967, 49.894681484700001 ], [ 6.1259787234, 49.893146077600001 ], [ 6.1275529738, 49.893386782500002 ], [ 6.1283248126, 49.893867769099998 ], [ 6.1291347631, 49.893705821300003 ], [ 6.1296067093, 49.894362645599998 ], [ 6.1308918669, 49.894182318200002 ], [ 6.1316398994, 49.895966618099997 ], [ 6.1328104383, 49.896823654199999 ], [ 6.1345265708, 49.897722055099997 ], [ 6.1349809993, 49.898434719500003 ], [ 6.1354777756, 49.898668467 ], [ 6.136573488, 49.897932813200001 ], [ 6.1393005159, 49.8970809996 ], [ 6.1411597827, 49.896025743400003 ], [ 6.1429881224, 49.895814538099998 ], [ 6.1445655524, 49.896199679699997 ], [ 6.1463544686, 49.893373779900003 ], [ 6.1447510443, 49.8929713506 ], [ 6.1448424195, 49.8927368226 ], [ 6.1439776889, 49.892585440300003 ], [ 6.1433173282, 49.8921850463 ], [ 6.1425305923, 49.892513981 ], [ 6.1404750616, 49.8925182093 ], [ 6.1380012447, 49.891907602899998 ], [ 6.1377784685, 49.891404281900002 ], [ 6.1387214129, 49.891528632099998 ], [ 6.1389448708, 49.890882652 ], [ 6.1406049427, 49.890778646400001 ], [ 6.1418379268, 49.890235865800001 ], [ 6.1428007429, 49.890143424800002 ], [ 6.1428158103, 49.889957521100001 ], [ 6.1467625665, 49.890945133599999 ], [ 6.1468844385, 49.8904643487 ], [ 6.148242063, 49.889521243899999 ], [ 6.1495387126, 49.888843569199999 ], [ 6.150480304, 49.888597924800003 ], [ 6.1516016409, 49.887895846 ], [ 6.153064133, 49.886000102600001 ], [ 6.1554242551, 49.883903225799997 ], [ 6.155597459, 49.883790285800004 ], [ 6.1560132239, 49.883935785200002 ], [ 6.1586336045, 49.882885613 ], [ 6.1582541614, 49.882410099700003 ], [ 6.1593303634, 49.882094815400002 ], [ 6.1606136983, 49.881978944099998 ], [ 6.1614486552, 49.881663617199997 ], [ 6.1635003969, 49.882033052 ], [ 6.1643507804, 49.881945615799999 ], [ 6.1645084542, 49.882373939600001 ], [ 6.1651470363, 49.8821950313 ], [ 6.1660842513, 49.881683822100001 ], [ 6.1657044884, 49.881388486299997 ], [ 6.166923889, 49.880549719800001 ], [ 6.1691092185, 49.879413807900001 ], [ 6.1710369583, 49.878729505300001 ], [ 6.1729403853, 49.8776195935 ], [ 6.1732011462, 49.877843985299997 ], [ 6.1745689263, 49.877382698700004 ], [ 6.1751680677, 49.8769887367 ], [ 6.1765374893, 49.876894440299999 ], [ 6.1764642962, 49.875068997600003 ], [ 6.1777396517, 49.875065472499998 ], [ 6.1776072407, 49.873772215300001 ], [ 6.179899259, 49.873983778499998 ], [ 6.180656357, 49.872522533500003 ], [ 6.1799267421, 49.872318772100002 ], [ 6.1847827862, 49.873100445299997 ], [ 6.1865398888, 49.871739439800002 ], [ 6.1878738301, 49.871472045300003 ], [ 6.1885195692, 49.870725187799998 ], [ 6.1898441572, 49.870826764299999 ], [ 6.1894703631, 49.871148448200003 ], [ 6.1884707496, 49.871943700800003 ], [ 6.1884443922, 49.8722691201 ], [ 6.189536543, 49.873005127500001 ], [ 6.1900549367, 49.874117297399998 ], [ 6.1903277917, 49.874167123100001 ], [ 6.1902920994, 49.8744102717 ], [ 6.1880408619, 49.879832469599997 ], [ 6.1885092551, 49.8796956288 ], [ 6.1888092463, 49.879785002600002 ], [ 6.1899769053, 49.881097439800001 ], [ 6.1902233705, 49.8815124861 ], [ 6.1901500565, 49.882709506 ], [ 6.1905324258, 49.8836074982 ], [ 6.1929753642, 49.8870598102 ], [ 6.1941128436, 49.886656774400002 ], [ 6.1937779515, 49.886228001399999 ], [ 6.198421041, 49.884437721099999 ], [ 6.1999156235, 49.886139224499999 ], [ 6.2001875954, 49.886044926300002 ], [ 6.2024245016, 49.888274828699998 ], [ 6.2044246991, 49.887889767399997 ], [ 6.2053382267, 49.888573293199997 ], [ 6.2073768176, 49.888185291500001 ], [ 6.208365606, 49.887804104399997 ], [ 6.2102434128, 49.889131059699999 ], [ 6.2172529343, 49.893050739499998 ], [ 6.2186146599, 49.893273919 ], [ 6.2217748023, 49.892922562599999 ], [ 6.2243084488, 49.892876569800002 ], [ 6.2257690179, 49.892644514399997 ], [ 6.2286635272, 49.8927345046 ], [ 6.231164793, 49.895884109100002 ], [ 6.2317090285, 49.896864137800002 ] ] ] ] } },
{ "type": "Feature", "properties": { "name": "Wiltz", "district": "Diekirch" }, "geometry": { "type": "MultiPolygon", "coordinates": [ [ [ [ 5.9765883116, 50.017940829499999 ], [ 5.9777117017, 50.019406535599998 ], [ 5.9778165888, 50.019889327900003 ], [ 5.9782746456, 50.0203931936 ], [ 5.9783156985, 50.0209409088 ], [ 5.9773641264, 50.022401288499999 ], [ 5.9762074489, 50.0232347663 ], [ 5.9761465274, 50.024134457599999 ], [ 5.9732483809, 50.024484553500002 ], [ 5.9717794513, 50.0241961686 ], [ 5.9714042315, 50.025323242299997 ], [ 5.9698987762, 50.026003528399997 ], [ 5.9689313417, 50.026644034 ], [ 5.970939397, 50.027334679500001 ], [ 5.969878851, 50.028039685099998 ], [ 5.9712582637, 50.028625892100003 ], [ 5.971774506, 50.029053651700004 ], [ 5.9730010487, 50.0311839883 ], [ 5.9730053886, 50.031647879799998 ], [ 5.972607957, 50.032209515600002 ], [ 5.9690429279, 50.031874382200002 ], [ 5.9661781903, 50.0319744536 ], [ 5.964273913, 50.030394159399997 ], [ 5.9635133659, 50.030433553400002 ], [ 5.9625267061, 50.030059472799998 ], [ 5.9609442669, 50.028564101100002 ], [ 5.9577424279, 50.027096345 ], [ 5.9554512581, 50.026248135800003 ], [ 5.9546377033, 50.027209372400002 ], [ 5.9552038566, 50.027687751199998 ], [ 5.9556655044, 50.027499112800001 ], [ 5.9568120306, 50.028509735500002 ], [ 5.9570466691, 50.028504191099998 ], [ 5.9569733433, 50.028859285300001 ], [ 5.9545280416, 50.028052817800003 ], [ 5.954906975, 50.027668904099997 ], [ 5.9544737756, 50.027368471099997 ], [ 5.9514148097, 50.027943510699998 ], [ 5.9507182852, 50.027947185099997 ], [ 5.9496491004, 50.027446751100001 ], [ 5.9487965808, 50.0272361958 ], [ 5.9488571117, 50.027071894 ], [ 5.9483985263, 50.026993101800002 ], [ 5.9483824232, 50.026587282500003 ], [ 5.9479841062, 50.026305366099997 ], [ 5.9461088739, 50.025845107099997 ], [ 5.9433455942, 50.025416741100003 ], [ 5.942634206, 50.0249974675 ], [ 5.942139143, 50.0240827366 ], [ 5.9409741273, 50.0231867209 ], [ 5.9387781044, 50.021932209200003 ], [ 5.9379106992, 50.020751771 ], [ 5.9363547142, 50.019328234 ], [ 5.9348632566, 50.019880556899999 ], [ 5.9327084103, 50.019993726700001 ], [ 5.9314860515, 50.020413141500001 ], [ 5.9313799999, 50.021169259099999 ], [ 5.9318207754, 50.022040161299998 ], [ 5.9318837478, 50.023743101 ], [ 5.9311214386, 50.0248782858 ], [ 5.9301289637, 50.025513095100003 ], [ 5.9296643237, 50.025709096900002 ], [ 5.9293816089, 50.025490789199999 ], [ 5.929095464, 50.025517991599997 ], [ 5.9293074261, 50.025122949100002 ], [ 5.9283668463, 50.024976056500002 ], [ 5.9270600294, 50.023638694500001 ], [ 5.9277684772, 50.023377414800002 ], [ 5.9278817793, 50.023047719899999 ], [ 5.9270082033, 50.021293359 ], [ 5.930053979, 50.020913729599997 ], [ 5.9305168931, 50.019803958899999 ], [ 5.9281493, 50.019780288900002 ], [ 5.9285518792, 50.018956313499999 ], [ 5.9289508798, 50.018853168699998 ], [ 5.9281814155, 50.018307722499998 ], [ 5.9269590537, 50.018107257099999 ], [ 5.9269341355, 50.016744363 ], [ 5.9263783359, 50.016579253300002 ], [ 5.9259915121, 50.016730414199998 ], [ 5.924539193, 50.016327476199997 ], [ 5.9238702018, 50.016097755499999 ], [ 5.9240426223, 50.01592979 ], [ 5.9237136062, 50.015685164099999 ], [ 5.9242491193, 50.014335616399997 ], [ 5.9256984376, 50.013161944300002 ], [ 5.9250053596, 50.012563655 ], [ 5.9252069555, 50.012550086499999 ], [ 5.9254606548, 50.0117338027 ], [ 5.9277560125, 50.0115618289 ], [ 5.9283185647, 50.011294049900002 ], [ 5.9287208765, 50.010821992 ], [ 5.9282152071, 50.010252102700001 ], [ 5.9278063097, 50.0086208524 ], [ 5.9268697179, 50.008053043 ], [ 5.9231272546, 50.008109197899998 ], [ 5.9230913357, 50.009383825100002 ], [ 5.9209774056, 50.008966448 ], [ 5.9211411046, 50.008172988399998 ], [ 5.9204266727, 50.007972280099999 ], [ 5.9205456407, 50.006996104199999 ], [ 5.9199865493, 50.004058569400001 ], [ 5.9196814565, 50.0041540084 ], [ 5.9152391504, 50.002127998699997 ], [ 5.9100692298, 50.000203372599998 ], [ 5.910328608, 49.999226105399998 ], [ 5.9109366367, 49.998200160700002 ], [ 5.9107625887, 49.9975525925 ], [ 5.9105753247, 49.997334565499997 ], [ 5.9103384857, 49.997372196699999 ], [ 5.9095847259, 49.996969211600003 ], [ 5.9094006489, 49.996566077200001 ], [ 5.9082796076, 49.995667641200001 ], [ 5.9078120553, 49.995205433499997 ], [ 5.90670235, 49.995056978900003 ], [ 5.9060770546, 49.993560422 ], [ 5.9061294001, 49.992964205299998 ], [ 5.9051913811, 49.993282833 ], [ 5.9048708134, 49.993622908500001 ], [ 5.9039115352, 49.994043375099999 ], [ 5.9038867141, 49.994226741299997 ], [ 5.9028794758, 49.994129386399997 ], [ 5.9003490943, 49.9932843116 ], [ 5.8995840311, 49.9933237706 ], [ 5.8995477748, 49.993966439 ], [ 5.8988388358, 49.995045260799998 ], [ 5.8987543498, 49.996107193100002 ], [ 5.8976902713, 49.997797441499998 ], [ 5.8963904814, 49.997564431299999 ], [ 5.8977807357, 49.995825145700003 ], [ 5.8988126087, 49.993601024299998 ], [ 5.8979496445, 49.9933847382 ], [ 5.8972944135, 49.992719444099997 ], [ 5.8966707671, 49.992447955400003 ], [ 5.8950737136, 49.992300868299999 ], [ 5.894862406, 49.992854838699998 ], [ 5.8925926111, 49.992829377200003 ], [ 5.89104695, 49.993295422099997 ], [ 5.8903999744, 49.9923530238 ], [ 5.8908493343, 49.991838422299999 ], [ 5.8908799555, 49.991546899900001 ], [ 5.89065506, 49.991549232 ], [ 5.8892981418, 49.991916593 ], [ 5.8874851326, 49.992177453799997 ], [ 5.886769399, 49.992752111 ], [ 5.8856472309, 49.993084547199999 ], [ 5.885372879, 49.993728269599998 ], [ 5.8844930995, 49.993987471799997 ], [ 5.8842710838, 49.994274219499999 ], [ 5.8835752345, 49.994413175699997 ], [ 5.8809691578, 49.995823243300002 ], [ 5.8774272738, 49.997288151799999 ], [ 5.8764817682, 49.998157533300002 ], [ 5.874636516, 49.998923886199997 ], [ 5.870825043, 50.000205353299997 ], [ 5.8699366894, 49.999787373099998 ], [ 5.8692168688, 49.999456909099997 ], [ 5.8692379482, 49.998939394 ], [ 5.8697464848, 49.998139410100002 ], [ 5.8691725395, 49.997977467299997 ], [ 5.8702932311, 49.996929846199997 ], [ 5.8710703436, 49.995677587899998 ], [ 5.8711145596, 49.994977194199997 ], [ 5.8715397585, 49.994740023299997 ], [ 5.8709434289, 49.993253671 ], [ 5.8712286345, 49.993135545500003 ], [ 5.8716069279, 49.991267733199997 ], [ 5.8686138329, 49.990015685899998 ], [ 5.868752143, 49.989205977099999 ], [ 5.8669036748, 49.990564444299999 ], [ 5.8653480314, 49.989219628699999 ], [ 5.8593082023, 49.986995905100002 ], [ 5.8607732775, 49.988013194600001 ], [ 5.8597825656, 49.9876737202 ], [ 5.8592929835, 49.987156272100002 ], [ 5.8586426625, 49.987476428900003 ], [ 5.8591501903, 49.989215924900002 ], [ 5.8597704979, 49.989153414500002 ], [ 5.8599402362, 49.989275306899998 ], [ 5.8593114588, 49.989969679200001 ], [ 5.8595978382, 49.9903204632 ], [ 5.8592625284, 49.990534966399998 ], [ 5.8586344843, 49.990417582 ], [ 5.8580134008, 49.990741885600002 ], [ 5.8577851706, 49.990599210399999 ], [ 5.8576385389, 49.990751198 ], [ 5.8561551739, 49.990917374600002 ], [ 5.8565308318, 49.9903712865 ], [ 5.8558169047, 49.989516045899997 ], [ 5.8554639971, 49.989545369 ], [ 5.8534383561, 49.9888852164 ], [ 5.8512971402, 49.988391675099997 ], [ 5.8514285633, 49.9901193197 ], [ 5.848471271, 49.989954080499999 ], [ 5.8463934042, 49.990123712100001 ], [ 5.8441209681, 49.990026081700002 ], [ 5.8410435886, 49.989470682300002 ], [ 5.8401338187, 49.989436061399999 ], [ 5.8392396665, 49.98888495 ], [ 5.8390575499, 49.988481312899999 ], [ 5.8394052692, 49.987315858700001 ], [ 5.8389573286, 49.9867914027 ], [ 5.8387597237, 49.984363631400001 ], [ 5.8394665297, 49.984068864699999 ], [ 5.8385801093, 49.982298215699998 ], [ 5.8382646847, 49.982392287899998 ], [ 5.8374871595, 49.980929376 ], [ 5.8363568948, 49.9799201541 ], [ 5.8357671223, 49.978881062699998 ], [ 5.8351405419, 49.979028953 ], [ 5.8341451136, 49.978227864300003 ], [ 5.8335207669, 49.978514906500003 ], [ 5.8318333129, 49.976512685599999 ], [ 5.8304245498, 49.975943347700003 ], [ 5.8279149209, 49.975969596699997 ], [ 5.8263054505, 49.9746715741 ], [ 5.8255073583, 49.975230869199997 ], [ 5.8239993005, 49.975270668699999 ], [ 5.8202688576, 49.973799351300002 ], [ 5.8205442455, 49.973306580200003 ], [ 5.8195413249, 49.972043574600001 ], [ 5.8187705829, 49.9723257924 ], [ 5.8168328546, 49.972592969799997 ], [ 5.8160474635, 49.9723619946 ], [ 5.8155215166, 49.972361830899999 ], [ 5.8151867866, 49.972542549 ], [ 5.8131480102, 49.972581306 ], [ 5.8123277062, 49.972139606399999 ], [ 5.8104375697, 49.970677506299999 ], [ 5.8108136865, 49.969868747100001 ], [ 5.8099877907, 49.968022144499997 ], [ 5.8096176337, 49.967654138900002 ], [ 5.8106083346, 49.965982730699999 ], [ 5.8109041628, 49.965841752 ], [ 5.8105777167, 49.964940919100002 ], [ 5.8101372112, 49.9645593029 ], [ 5.8104575921, 49.964450083300001 ], [ 5.8103532816, 49.964259973499999 ], [ 5.8105373655, 49.964092345700003 ], [ 5.8101076775, 49.9638452871 ], [ 5.8065957216, 49.962300584200001 ], [ 5.8034906398, 49.963293940299998 ], [ 5.8030903941, 49.963326938400002 ], [ 5.8026877365, 49.963033303400003 ], [ 5.800220661, 49.9629545811 ], [ 5.7982633116, 49.964116038100002 ], [ 5.7974346401, 49.9643464599 ], [ 5.7964802734, 49.965353386399997 ], [ 5.7957793526, 49.965689051399998 ], [ 5.7929169491, 49.9644881993 ], [ 5.7909398919, 49.963881113500001 ], [ 5.7910416057, 49.962779506899999 ], [ 5.7913192025, 49.962298139200001 ], [ 5.7911850765, 49.961798615799999 ], [ 5.7892736529, 49.961558247100001 ], [ 5.7881933945, 49.961281223 ], [ 5.7856279122, 49.960985836299997 ], [ 5.784727119, 49.961593593499998 ], [ 5.7843455951, 49.961441609399998 ], [ 5.7833590728, 49.962087048900003 ], [ 5.7831892758, 49.961987771399997 ], [ 5.7806074132, 49.962694469799999 ], [ 5.7750253763, 49.9607957228 ], [ 5.7756725562, 49.959458964299998 ], [ 5.7772285077, 49.957734992200002 ], [ 5.7753323545, 49.9570614175 ], [ 5.7751752963, 49.957199520300001 ], [ 5.773671226, 49.956502788599998 ], [ 5.7748612255, 49.954933401700004 ], [ 5.7749515908, 49.954616261799998 ], [ 5.7745257119, 49.954262483199997 ], [ 5.7746202293, 49.953794667799997 ], [ 5.7744415726, 49.953659744900001 ], [ 5.7750353334, 49.9531430109 ], [ 5.7739258551, 49.952303650399998 ], [ 5.7721686329, 49.951505364299997 ], [ 5.7711850058, 49.950613334800003 ], [ 5.7714901677, 49.950123117 ], [ 5.770368926, 49.949584980600001 ], [ 5.7713346664, 49.946125639500004 ], [ 5.7728123931, 49.946514001899999 ], [ 5.7727109017, 49.945602387400001 ], [ 5.7732510243, 49.944751203199999 ], [ 5.771779039, 49.944474321199998 ], [ 5.7738882395, 49.941438499100002 ], [ 5.7748660583, 49.938471279399998 ], [ 5.7751584875, 49.937711220300002 ], [ 5.7731260318, 49.937690846800002 ], [ 5.7730282987, 49.937206150100003 ], [ 5.7725284539, 49.9371473335 ], [ 5.7725131087, 49.936722092300002 ], [ 5.7704427242, 49.936672826900001 ], [ 5.7706908387, 49.935778021 ], [ 5.7703448374, 49.935703286100001 ], [ 5.770145243, 49.933242299200003 ], [ 5.7698033661, 49.933096839199997 ], [ 5.7709367701, 49.931671411 ], [ 5.7688801727, 49.931652166 ], [ 5.7668302254, 49.931213723699997 ], [ 5.7640134666, 49.931446135 ], [ 5.7640410286, 49.931074013600004 ], [ 5.7645949331, 49.930565005399998 ], [ 5.7644324833, 49.930018131300002 ], [ 5.7637806037, 49.9297977911 ], [ 5.7645573967, 49.9290071203 ], [ 5.7649044104, 49.928988554299998 ], [ 5.7640953769, 49.928468950899997 ], [ 5.764247551, 49.928200923200002 ], [ 5.7636206441, 49.927746582099999 ], [ 5.763477799, 49.927082600799999 ], [ 5.7636187075, 49.926484087200002 ], [ 5.7647407523, 49.926416053 ], [ 5.7635226698, 49.924489748699997 ], [ 5.7645856148, 49.924150085599997 ], [ 5.7618214084, 49.923308255400002 ], [ 5.7622601852, 49.921433837800002 ], [ 5.7620594984, 49.919712165 ], [ 5.7615443841, 49.918933975900003 ], [ 5.7610514482, 49.918560859700001 ], [ 5.7606998563, 49.917438460200003 ], [ 5.7604716796, 49.917331436700003 ], [ 5.7614305744, 49.917061509699998 ], [ 5.7639990612, 49.915746239599997 ], [ 5.7636810808, 49.915402080699998 ], [ 5.7530799589, 49.911980480099999 ], [ 5.7480980534, 49.909439117799998 ], [ 5.7483544294, 49.9092484369 ], [ 5.7477126023, 49.908672149700003 ], [ 5.7464928589, 49.908281945399999 ], [ 5.7466410646, 49.908043477500001 ], [ 5.7460588306, 49.907786679399997 ], [ 5.7466273236, 49.907039755500001 ], [ 5.7466704309, 49.906313518099999 ], [ 5.7456722571, 49.906185689099999 ], [ 5.7447332174, 49.9058322506 ], [ 5.7438665307, 49.905272680800003 ], [ 5.7423823172, 49.904996888299998 ], [ 5.7398880836, 49.904195644600001 ], [ 5.7397851162, 49.903997148599998 ], [ 5.7405736045, 49.903121348399999 ], [ 5.7404609936, 49.902174504 ], [ 5.7389112404, 49.901725284800001 ], [ 5.7376068025, 49.900971912199999 ], [ 5.7362141492, 49.899036806200002 ], [ 5.7366979429, 49.898147338800001 ], [ 5.7357079521, 49.896894326100004 ], [ 5.7379935429, 49.896242062699997 ], [ 5.7397582143, 49.894996110100003 ], [ 5.7408083292, 49.8951322371 ], [ 5.7427176856, 49.895121737799997 ], [ 5.7451942045, 49.894264326399998 ], [ 5.7463784957, 49.894179614599999 ], [ 5.7465754396, 49.8940274351 ], [ 5.7465025965, 49.893712113200003 ], [ 5.7467556128, 49.8936573342 ], [ 5.7467764095, 49.893413323799997 ], [ 5.7476014691, 49.89281129 ], [ 5.7474652133, 49.8927321651 ], [ 5.747867447, 49.892389064600003 ], [ 5.750425185, 49.891509322600001 ], [ 5.7519395981, 49.891281593800002 ], [ 5.7529772153, 49.8913050576 ], [ 5.7530378657, 49.891470629300002 ], [ 5.7542442928, 49.891295327 ], [ 5.7559500679, 49.890721010199996 ], [ 5.7557992445, 49.890586632100003 ], [ 5.7566025402, 49.889806442900003 ], [ 5.7570986681, 49.889807101800002 ], [ 5.7573408133, 49.8894579448 ], [ 5.7601831292, 49.8892719348 ], [ 5.7633738952, 49.888242878600003 ], [ 5.7649388364, 49.888229752699999 ], [ 5.7651323581, 49.88805241 ], [ 5.7657824818, 49.8882430337 ], [ 5.7665875721, 49.8879733399 ], [ 5.7673542724, 49.887291234899998 ], [ 5.7686275086, 49.8869598016 ], [ 5.7699717971, 49.886960036300003 ], [ 5.7706070115, 49.887345534200001 ], [ 5.7705309121, 49.8868680076 ], [ 5.7710116486, 49.886463932200002 ], [ 5.7717335354, 49.885162453 ], [ 5.7724046714, 49.884737191799999 ], [ 5.7738902567, 49.884410253399999 ], [ 5.7757564595, 49.884283337 ], [ 5.7779342664, 49.883881137800003 ], [ 5.7784336701, 49.883464615199998 ], [ 5.7781949066, 49.883417395899997 ], [ 5.7783392927, 49.882819950699997 ], [ 5.7780581048, 49.882079116100002 ], [ 5.7784268693, 49.881657165100002 ], [ 5.7787039362, 49.8816930403 ], [ 5.7788676799, 49.881119691099997 ], [ 5.7799740636, 49.880612284100003 ], [ 5.7802123575, 49.880272883899998 ], [ 5.7807411467, 49.880178546899998 ], [ 5.780998855, 49.879856687500002 ], [ 5.782833071, 49.879193629299998 ], [ 5.7833923214, 49.8786874762 ], [ 5.7835707146, 49.877526425 ], [ 5.7829621726, 49.875925365500002 ], [ 5.7825658523, 49.875725062 ], [ 5.7828475727, 49.875412673100001 ], [ 5.7849315538, 49.874278050800001 ], [ 5.7871469567, 49.873538330300001 ], [ 5.787992506, 49.873487928400003 ], [ 5.7889568935, 49.873712346799998 ], [ 5.7917922534, 49.875124656499999 ], [ 5.7923435566, 49.8755729863 ], [ 5.7919964451, 49.877123617099997 ], [ 5.7920963509, 49.877924401900003 ], [ 5.7917870877, 49.878913123700002 ], [ 5.791935435, 49.879229776800003 ], [ 5.7932185509, 49.8803293299 ], [ 5.7938175629, 49.880633722600002 ], [ 5.7944484261, 49.880671202400002 ], [ 5.7955406846, 49.880322807299997 ], [ 5.7959032732, 49.880085816799998 ], [ 5.7968087596, 49.878801706899999 ], [ 5.7972177323, 49.877373648899997 ], [ 5.796963365, 49.876604867499999 ], [ 5.7956835344, 49.874478664 ], [ 5.795279885, 49.873220409200002 ], [ 5.7952665277, 49.872298800499998 ], [ 5.795686869, 49.872049381799997 ], [ 5.7986238178, 49.871651264699999 ], [ 5.7999787176, 49.871285680900002 ], [ 5.8007706233, 49.870721408500003 ], [ 5.8004590297, 49.8701241471 ], [ 5.800488634, 49.869598307099999 ], [ 5.8011138557, 49.869710517 ], [ 5.8030428364, 49.870863759800002 ], [ 5.8047692272, 49.870840399499997 ], [ 5.8059066308, 49.8705428536 ], [ 5.8064227437, 49.869955556900003 ], [ 5.806220517, 49.869042783499999 ], [ 5.8046520091, 49.867240150199997 ], [ 5.8030193443, 49.8663162446 ], [ 5.8018345014, 49.864313323499999 ], [ 5.8023987248, 49.863716207099998 ], [ 5.8036094614, 49.863467661400001 ], [ 5.8048234723, 49.8636275669 ], [ 5.8060754293, 49.864398149800003 ], [ 5.8061369239, 49.8657411103 ], [ 5.8063788779, 49.8663173359 ], [ 5.8068092175, 49.866846190700002 ], [ 5.8076013941, 49.867146662899998 ], [ 5.8078778374, 49.868075811399997 ], [ 5.8109696559, 49.868595741599997 ], [ 5.8124464559, 49.8686128298 ], [ 5.8204789017, 49.867642362399998 ], [ 5.8212107564, 49.867504106200002 ], [ 5.8242773385, 49.866365698800003 ], [ 5.8266092541, 49.867012363900002 ], [ 5.8293024459, 49.868000681300003 ], [ 5.8315925596, 49.869600157 ], [ 5.8322111044, 49.869762940900003 ], [ 5.8341843205, 49.8698142979 ], [ 5.8348958423, 49.870323302599999 ], [ 5.8353398985, 49.870447889899999 ], [ 5.8368200768, 49.870472669900003 ], [ 5.8374363087, 49.870981387299999 ], [ 5.8386619887, 49.873002442299999 ], [ 5.8388292908, 49.873715404499997 ], [ 5.839905191, 49.8744035315 ], [ 5.8407672746, 49.874597785600002 ], [ 5.8418980503, 49.874614665599999 ], [ 5.8435258369, 49.873577892599997 ], [ 5.8441490812, 49.873446039400001 ], [ 5.845200842, 49.873791507599996 ], [ 5.846110703, 49.874666237200003 ], [ 5.8462857704, 49.875161124599998 ], [ 5.8460844252, 49.875966683199998 ], [ 5.8438263593, 49.878311388199997 ], [ 5.8431466997, 49.8786851451 ], [ 5.8404084394, 49.879138749399999 ], [ 5.8404247725, 49.880418940699997 ], [ 5.8409419246, 49.880584817200003 ], [ 5.8400310491, 49.8823714611 ], [ 5.8389115302, 49.883273749 ], [ 5.8400265577, 49.883820400399998 ], [ 5.8414618076, 49.884815969500004 ], [ 5.8430455485, 49.884078234199997 ], [ 5.8460598353, 49.883181170100002 ], [ 5.84704531, 49.883036602399997 ], [ 5.8486913004, 49.8831484655 ], [ 5.8489572807, 49.882242754700002 ], [ 5.8513893031, 49.8824560714 ], [ 5.854477434, 49.883517456500002 ], [ 5.8540958157, 49.884428675300001 ], [ 5.8536655436, 49.884492496599997 ], [ 5.8550693379, 49.88476121 ], [ 5.8542112865, 49.886891303799999 ], [ 5.855307622, 49.8871326975 ], [ 5.8550473534, 49.887207976600003 ], [ 5.8546276654, 49.887779681399998 ], [ 5.8567990922, 49.888691271600003 ], [ 5.8596617166, 49.888401266199999 ], [ 5.8614487024, 49.887764181 ], [ 5.8621754138, 49.887288209300003 ], [ 5.8627713566, 49.887191805 ], [ 5.8630992902, 49.887175142899999 ], [ 5.8667629189, 49.888168138200001 ], [ 5.8649466815, 49.886322927400002 ], [ 5.8630708374, 49.885119351599997 ], [ 5.8646826082, 49.8829846159 ], [ 5.8652930063, 49.881801524899998 ], [ 5.8667801187, 49.880854640899997 ], [ 5.8683635669, 49.880569802099998 ], [ 5.8692484043, 49.8802343025 ], [ 5.8684157825, 49.881417633200002 ], [ 5.8687234261, 49.881487482399997 ], [ 5.8697030363, 49.880233743700003 ], [ 5.8722941625, 49.880892181699998 ], [ 5.8724351111, 49.880669582300001 ], [ 5.8705990903, 49.880210982599998 ], [ 5.8714191613, 49.878257334200001 ], [ 5.8722880568, 49.877068247799997 ], [ 5.8713329103, 49.876617078800003 ], [ 5.8716859273, 49.875486993300001 ], [ 5.8734341527, 49.875520556700003 ], [ 5.873149874, 49.875963279700002 ], [ 5.8732372355, 49.876692945 ], [ 5.8744155454, 49.877339231199997 ], [ 5.8742794583, 49.877453553599999 ], [ 5.875165613, 49.878041320100003 ], [ 5.8769663256, 49.875703223099997 ], [ 5.8801954745, 49.873659443400001 ], [ 5.8786144805, 49.872839818899998 ], [ 5.8781219456, 49.8728488681 ], [ 5.8785683376, 49.872291285800003 ], [ 5.8775113017, 49.871656240900002 ], [ 5.8779397579, 49.869810881500001 ], [ 5.8781908202, 49.867762456299999 ], [ 5.8791628124, 49.866452559599999 ], [ 5.8785288652, 49.865386727100002 ], [ 5.8793482597, 49.864669892400002 ], [ 5.8807680233, 49.863940772 ], [ 5.8809110911, 49.864043555599999 ], [ 5.8818490379, 49.863971335700001 ], [ 5.8826003175, 49.8642325709 ], [ 5.8851511321, 49.865637179099998 ], [ 5.8860897878, 49.865703472100002 ], [ 5.887048988, 49.866020178 ], [ 5.8884417374, 49.866931461699998 ], [ 5.8878413171, 49.868712478100001 ], [ 5.8881879745, 49.869362956700002 ], [ 5.8889510086, 49.8701457871 ], [ 5.8892331145, 49.870300104400002 ], [ 5.8899151898, 49.869973130799998 ], [ 5.8924499347, 49.869899472699998 ], [ 5.8925111163, 49.8700973662 ], [ 5.8937267794, 49.870587711100001 ], [ 5.8935943123, 49.870678446500001 ], [ 5.8947871897, 49.871440440599997 ], [ 5.8943873276, 49.871753893 ], [ 5.8977050419, 49.873552671399999 ], [ 5.8969626889, 49.874278822900003 ], [ 5.8968223165, 49.874745665399999 ], [ 5.896326711, 49.875079471500001 ], [ 5.8958412339, 49.875183562300002 ], [ 5.893502772, 49.874967748300001 ], [ 5.8949203479, 49.876402605899997 ], [ 5.8939453412, 49.876883943499998 ], [ 5.8955003497, 49.878213981199998 ], [ 5.8947158689, 49.878652005200003 ], [ 5.8923535205, 49.879453776 ], [ 5.8929193337, 49.879991728599997 ], [ 5.8930775396, 49.880468532499997 ], [ 5.8927512005, 49.881264237300002 ], [ 5.8928301499, 49.881759419300003 ], [ 5.8942977557, 49.884196744100002 ], [ 5.894699339, 49.884559928400002 ], [ 5.8958430168, 49.8841418421 ], [ 5.8978943254, 49.885842519500002 ], [ 5.896951544, 49.8865844408 ], [ 5.8970413968, 49.886696025600003 ], [ 5.8985985775, 49.887598773699999 ], [ 5.8995276216, 49.888391275399997 ], [ 5.8997931194, 49.888234633700002 ], [ 5.9006687154, 49.887473385200003 ], [ 5.9012285802, 49.887225847400003 ], [ 5.9021496297, 49.887078398200003 ], [ 5.9025561028, 49.886068668 ], [ 5.9040065674, 49.8846989181 ], [ 5.9041990212, 49.882554928300003 ], [ 5.9044983868, 49.8823175092 ], [ 5.9057716745, 49.881922148900003 ], [ 5.9066282003, 49.881384830199998 ], [ 5.9069670308, 49.880935621 ], [ 5.9069327008, 49.8807994983 ], [ 5.9065176039, 49.880965790799998 ], [ 5.9063176487, 49.880858335 ], [ 5.9065345651, 49.880459173 ], [ 5.9063830094, 49.8799139212 ], [ 5.906649838, 49.879391214599998 ], [ 5.9074112274, 49.879836878699997 ], [ 5.9085093657, 49.879718842099997 ], [ 5.9091958989, 49.8785479712 ], [ 5.9096089116, 49.8771098454 ], [ 5.9109409805, 49.8764752469 ], [ 5.9107002791, 49.876140498 ], [ 5.9124682614, 49.874810676199999 ], [ 5.912275389, 49.874694624100002 ], [ 5.9129768955, 49.874262952300001 ], [ 5.9139430541, 49.874030645799998 ], [ 5.9139513575, 49.873850087699999 ], [ 5.9130900757, 49.874006527699997 ], [ 5.9131417826, 49.873410285200002 ], [ 5.9143331736, 49.871315723099997 ], [ 5.9169683865, 49.871056128 ], [ 5.9163944511, 49.870752344800003 ], [ 5.9157251497, 49.8708966238 ], [ 5.9159344058, 49.870684827200002 ], [ 5.9156589302, 49.870206657700002 ], [ 5.9163754533, 49.867799769199998 ], [ 5.9163203777, 49.867086865200001 ], [ 5.9170532276, 49.866956979100003 ], [ 5.9179960616, 49.867181581200001 ], [ 5.9194244117, 49.867282056 ], [ 5.9198902583, 49.8666874675 ], [ 5.9208028349, 49.866121554400003 ], [ 5.9204335091, 49.865315308600003 ], [ 5.9209004578, 49.864500546899997 ], [ 5.9206101622, 49.864286097 ], [ 5.9179000927, 49.864658904800002 ], [ 5.9153993728, 49.864551330899999 ], [ 5.9145337942, 49.865017508199998 ], [ 5.9134629486, 49.864447259099997 ], [ 5.912216384, 49.864021605300003 ], [ 5.9098944869, 49.862526747300002 ], [ 5.9095519103, 49.861798150600002 ], [ 5.9096930418, 49.861273375800003 ], [ 5.910203371, 49.860841286099998 ], [ 5.9105420255, 49.860696307300003 ], [ 5.91087388, 49.860910883499997 ], [ 5.9112654475, 49.860711374600001 ], [ 5.9135804239, 49.858838653200003 ], [ 5.9139369105, 49.85871235 ], [ 5.9152392113, 49.859513843099997 ], [ 5.9175767668, 49.860354452800003 ], [ 5.9179963939, 49.861355634399999 ], [ 5.9194705651, 49.862032766900001 ], [ 5.9217459366, 49.861503680699997 ], [ 5.9250878497, 49.859241412 ], [ 5.9250116722, 49.859153944900001 ], [ 5.9251817847, 49.859042564699998 ], [ 5.9265167114, 49.859903013500002 ], [ 5.9281576316, 49.86350468 ], [ 5.9289271491, 49.864436406499998 ], [ 5.9301602465, 49.865170599599999 ], [ 5.9305910285, 49.865928858 ], [ 5.9309206295, 49.865829698399999 ], [ 5.9314824211, 49.866883553 ], [ 5.9319260685, 49.867156887699998 ], [ 5.9324642188, 49.86688559 ], [ 5.9338621116, 49.867644963 ], [ 5.9365616089, 49.870313553899997 ], [ 5.9372492052, 49.870235919300001 ], [ 5.9384176027, 49.870542518 ], [ 5.9419548032, 49.8702134113 ], [ 5.9454011957, 49.8706730026 ], [ 5.9473755593, 49.870508530800002 ], [ 5.9491477525, 49.86988935 ], [ 5.9503629484, 49.869153626299997 ], [ 5.9544479324, 49.868590497900001 ], [ 5.9552119972, 49.868343568 ], [ 5.956958517, 49.867175838500003 ], [ 5.9568296122, 49.8669402035 ], [ 5.9571776792, 49.866584518800003 ], [ 5.9578753558, 49.866378412099998 ], [ 5.9583170168, 49.866545867699998 ], [ 5.9593184036, 49.866474070499997 ], [ 5.9593389527, 49.86625898 ], [ 5.9607501447, 49.866250892700002 ], [ 5.9611518454, 49.865952615600001 ], [ 5.9618688575, 49.865739929199997 ], [ 5.9628335227, 49.865693012599998 ], [ 5.9629150238, 49.866192386800002 ], [ 5.9638568819, 49.866033794 ], [ 5.9642069659, 49.866616738399998 ], [ 5.9643134927, 49.866189448299998 ], [ 5.9652703491, 49.865021107700002 ], [ 5.9651497374, 49.864889679599997 ], [ 5.9662379088, 49.862820619099999 ], [ 5.96688763, 49.862144741199998 ], [ 5.967175481, 49.861064242399998 ], [ 5.9680448755, 49.860574653599997 ], [ 5.9696534774, 49.860128486299999 ], [ 5.9706047122, 49.860044279 ], [ 5.9727963017, 49.860514650900001 ], [ 5.9745796842, 49.860716536299996 ], [ 5.975132086, 49.8609185639 ], [ 5.974994429, 49.860704485 ], [ 5.9758634118, 49.860131952400003 ], [ 5.9763736802, 49.859502299299997 ], [ 5.9765484242, 49.858855738700001 ], [ 5.9759239474, 49.8587766534 ], [ 5.9764268288, 49.8574833 ], [ 5.9775118648, 49.856738526199997 ], [ 5.9779062228, 49.856058994100003 ], [ 5.9780567938, 49.855429995 ], [ 5.9778030878, 49.855181808099999 ], [ 5.9772002288, 49.855108725699999 ], [ 5.9788425472, 49.854459522500001 ], [ 5.9796161499, 49.853372434400001 ], [ 5.9806384408, 49.8526932328 ], [ 5.981708106, 49.852431685699997 ], [ 5.9826945129, 49.8529617831 ], [ 5.9832557519, 49.853268410399998 ], [ 5.9819198012, 49.853834994 ], [ 5.9826253347, 49.854425446199997 ], [ 5.9814688446, 49.855648221199999 ], [ 5.9812360874, 49.856241427100002 ], [ 5.9823120905, 49.856288371 ], [ 5.9867674423, 49.857371461 ], [ 5.9866648428, 49.858012404500002 ], [ 5.9861545931, 49.858595207900002 ], [ 5.9866058596, 49.8589500613 ], [ 5.9861809018, 49.8603454888 ], [ 5.9863985129, 49.861221100900003 ], [ 5.9862034127, 49.861739150399998 ], [ 5.9858369523, 49.862025540099999 ], [ 5.9864354348, 49.862343843600001 ], [ 5.985463737, 49.862899032100003 ], [ 5.9877815272, 49.862678101900002 ], [ 5.9900939839, 49.861296689600003 ], [ 5.9905715797, 49.861696394799999 ], [ 5.9911393092, 49.8617702532 ], [ 5.9921101739, 49.862213998900003 ], [ 5.9934835263, 49.862290489300001 ], [ 5.9941326503, 49.862494755900002 ], [ 5.9936662196, 49.863327911 ], [ 5.9977944004, 49.865117160799997 ], [ 5.9957385569, 49.866269027 ], [ 5.9945136262, 49.868173810800002 ], [ 5.9944165847, 49.868745082 ], [ 5.9935418975, 49.869766573100001 ], [ 5.9951473221, 49.870250215699997 ], [ 5.996492499, 49.8722573238 ], [ 5.996118134, 49.872964520799997 ], [ 5.9930319094, 49.872821766900003 ], [ 5.9924044085, 49.873230263300002 ], [ 5.9924389158, 49.874249660099998 ], [ 5.9936117864, 49.875039330900002 ], [ 5.9936127976, 49.875502348 ], [ 5.9944863722, 49.876256758700002 ], [ 5.9934164291, 49.877038051600003 ], [ 5.9960061287, 49.878018768 ], [ 5.9970157379, 49.878611943 ], [ 5.9980710694, 49.876558454300003 ], [ 5.9996846075, 49.875977406399997 ], [ 6.0018439108, 49.876984593400003 ], [ 6.0032004748, 49.878165672100003 ], [ 6.001921262, 49.878390957800001 ], [ 6.0012152945, 49.878369648499998 ], [ 6.0011260085, 49.878643832400002 ], [ 6.0014799465, 49.878908734100001 ], [ 6.0032082495, 49.8791028889 ], [ 6.0042593163, 49.878985865899999 ], [ 6.005027572, 49.879155498599999 ], [ 6.0069447151, 49.878995264 ], [ 6.0075300485, 49.879284552500003 ], [ 6.0086808856, 49.879466959399998 ], [ 6.0098360195, 49.879451540799998 ], [ 6.0101210505, 49.879139837099999 ], [ 6.010656135, 49.879223202299997 ], [ 6.0110450267, 49.879914015 ], [ 6.0118980413, 49.879536162599997 ], [ 6.0122632273, 49.879610859499998 ], [ 6.0122715477, 49.8800498449 ], [ 6.0122716669, 49.880564735900002 ], [ 6.0116182964, 49.880612949499998 ], [ 6.011506358, 49.881112280099998 ], [ 6.0119370603, 49.881681413199999 ], [ 6.0134392124, 49.882874172599998 ], [ 6.0136716388, 49.883349983400002 ], [ 6.0138499762, 49.883341085 ], [ 6.0135700931, 49.884468106100002 ], [ 6.0137159607, 49.886349766199999 ], [ 6.0130498111, 49.887065853800003 ], [ 6.0124704412, 49.888257834400001 ], [ 6.0127545342, 49.888316436099998 ], [ 6.0134087104, 49.889706717499998 ], [ 6.0132480691, 49.890252222800001 ], [ 6.0124528346, 49.891374976199998 ], [ 6.0148512564, 49.8919500963 ], [ 6.0122481878, 49.8925677151 ], [ 6.011343513, 49.893285756700003 ], [ 6.0158626465, 49.893786862600003 ], [ 6.0158108526, 49.894536859699997 ], [ 6.014128861, 49.894567763600001 ], [ 6.014044436, 49.896410869900002 ], [ 6.0146129842, 49.897729185800003 ], [ 6.0161469673, 49.898162003800003 ], [ 6.0174234205, 49.899150912499998 ], [ 6.0184272048, 49.899662526599997 ], [ 6.0195526945, 49.900012888600003 ], [ 6.0203102963, 49.900036965600002 ], [ 6.0202911508, 49.900149278299999 ], [ 6.0197982573, 49.901422578 ], [ 6.0178943258, 49.902421950099999 ], [ 6.0164490996, 49.902849918299999 ], [ 6.0173114037, 49.903728432800001 ], [ 6.0195761077, 49.905207513900002 ], [ 6.0214989961, 49.908711600399997 ], [ 6.0186398757, 49.909395973700001 ], [ 6.0185412026, 49.909607808200001 ], [ 6.0189014004, 49.910097174800001 ], [ 6.02028782, 49.911209486700002 ], [ 6.0209265792, 49.911481457699999 ], [ 6.0213512178, 49.912359217 ], [ 6.0215962561, 49.913481669299998 ], [ 6.0206019849, 49.914750661799999 ], [ 6.0224204082, 49.915906314399997 ], [ 6.0232780745, 49.916006286799998 ], [ 6.0254897126, 49.915725152699999 ], [ 6.0273321316, 49.915743230899999 ], [ 6.0275441513, 49.915962261899999 ], [ 6.029272602, 49.916678421199997 ], [ 6.0322109472, 49.918567830299999 ], [ 6.0348644994, 49.919484308 ], [ 6.0363583582, 49.919598501499998 ], [ 6.0375236848, 49.920123939900002 ], [ 6.037744304, 49.919428463899997 ], [ 6.038247031, 49.919063909899997 ], [ 6.0390704776, 49.9192526796 ], [ 6.0396399885, 49.920006641199997 ], [ 6.0396742749, 49.921361685100003 ], [ 6.0394184626, 49.922618997199997 ], [ 6.0381913333, 49.924834780499999 ], [ 6.0394191125, 49.9260341795 ], [ 6.0400996923, 49.926167465500001 ], [ 6.0410823151, 49.926038418700003 ], [ 6.0465397282, 49.924878758299997 ], [ 6.0478037177, 49.924391594 ], [ 6.0490994299, 49.923483719 ], [ 6.0494171079, 49.923961222700001 ], [ 6.0482655935, 49.927517421899999 ], [ 6.0476439086, 49.9284488017 ], [ 6.047141877, 49.9288757996 ], [ 6.0438866236, 49.930406955300001 ], [ 6.0435771788, 49.930793694099997 ], [ 6.0436664444, 49.931882287400001 ], [ 6.0443023067, 49.932658213899998 ], [ 6.0443085365, 49.9331496143 ], [ 6.043829051, 49.933629359699999 ], [ 6.0415366231, 49.934152078399997 ], [ 6.0409924933, 49.934702973699999 ], [ 6.0408455223, 49.936495428699999 ], [ 6.0412682767, 49.937073635700003 ], [ 6.0411789199, 49.9374469049 ], [ 6.0419057788, 49.937889332399997 ], [ 6.0421450608, 49.938391368 ], [ 6.0416035584, 49.9385696577 ], [ 6.0400300993, 49.9384466793 ], [ 6.038234334, 49.938941933499997 ], [ 6.03764089, 49.9400979256 ], [ 6.0371617087, 49.942210100099999 ], [ 6.0367325487, 49.942854946200001 ], [ 6.0368111779, 49.944314954399999 ], [ 6.0380318533, 49.94551904 ], [ 6.038696822, 49.946013329099998 ], [ 6.0395167303, 49.946344661700003 ], [ 6.040396637, 49.947129084399997 ], [ 6.0406899934, 49.947790708299998 ], [ 6.0406374048, 49.948378106699998 ], [ 6.0410458102, 49.948988978 ], [ 6.0399625789, 49.950235618699999 ], [ 6.0388863287, 49.9509157221 ], [ 6.0406178858, 49.951450121400001 ], [ 6.0419611268, 49.952571522600003 ], [ 6.0423185228, 49.953190326300003 ], [ 6.0414925933, 49.954070769700003 ], [ 6.0401623011, 49.954487925499997 ], [ 6.0389106492, 49.955145648 ], [ 6.0380609046, 49.956058109300002 ], [ 6.0366440432, 49.958125444499998 ], [ 6.0389024021, 49.958694885 ], [ 6.0418452188, 49.960795567700004 ], [ 6.0422568765, 49.961650069299999 ], [ 6.0428198616, 49.961720323400002 ], [ 6.0419974785, 49.963394441200002 ], [ 6.0413195759, 49.963233857200002 ], [ 6.0385320717, 49.963264728600002 ], [ 6.0364355574, 49.964111874099999 ], [ 6.032362094, 49.964702081699997 ], [ 6.0311654626, 49.965027235699999 ], [ 6.0289633368, 49.964382947799997 ], [ 6.028339835, 49.9639505265 ], [ 6.0261080934, 49.966077266799999 ], [ 6.0275163677, 49.967796614299999 ], [ 6.0256331011, 49.966971102899997 ], [ 6.0248961068, 49.966148114500001 ], [ 6.0246583597, 49.9660987257 ], [ 6.0235523996, 49.967123828 ], [ 6.0233269401, 49.967697103200003 ], [ 6.0233313355, 49.967994737399998 ], [ 6.0240691452, 49.968750092400001 ], [ 6.0250678429, 49.969491917299997 ], [ 6.0294941217, 49.970961026200001 ], [ 6.0258940782, 49.973055272400003 ], [ 6.0256038848, 49.973370671700003 ], [ 6.0263179075, 49.973279955499997 ], [ 6.0267755027, 49.9734905989 ], [ 6.0274263427, 49.974171889099999 ], [ 6.0277925559, 49.975092608899999 ], [ 6.0284383716, 49.975696245800002 ], [ 6.031733833, 49.977244202900003 ], [ 6.0320451477, 49.977907943 ], [ 6.0319933294, 49.978723116799998 ], [ 6.0322497997, 49.979385650499999 ], [ 6.0327715161, 49.979790447900001 ], [ 6.0344205371, 49.980443164100002 ], [ 6.0362280387, 49.981816231800003 ], [ 6.035988188, 49.982825297700003 ], [ 6.0362463262, 49.983225213600001 ], [ 6.0361967695, 49.983555133199999 ], [ 6.0355059989, 49.984303433 ], [ 6.0359949423, 49.984432568 ], [ 6.0370433781, 49.98411654 ], [ 6.0376861775, 49.984119264199997 ], [ 6.0395207402, 49.984790571700003 ], [ 6.0393315916, 49.985051022599997 ], [ 6.0402769985, 49.985023857900003 ], [ 6.0411645785, 49.983605049300003 ], [ 6.0415270533, 49.983728584399998 ], [ 6.0418321238, 49.983837033299999 ], [ 6.0425879718, 49.983736534599998 ], [ 6.0430875078, 49.9838940968 ], [ 6.0444711937, 49.984955988899998 ], [ 6.0450211656, 49.985874014700002 ], [ 6.0456259524, 49.986335130199997 ], [ 6.0465695274, 49.98672567 ], [ 6.0471682009, 49.986711915299999 ], [ 6.0481941344, 49.986294666100001 ], [ 6.0485512869, 49.986500031399999 ], [ 6.0493808327, 49.986540218899997 ], [ 6.0517773324, 49.987187124 ], [ 6.0532082896, 49.987803528199997 ], [ 6.0523064465, 49.988822565 ], [ 6.0522832105, 49.990720363900003 ], [ 6.0515567826, 49.992436657299997 ], [ 6.0537156534, 49.993608701699998 ], [ 6.0549801795, 49.993825737400002 ], [ 6.0567291119, 49.994392211200001 ], [ 6.0564433751, 49.995057804 ], [ 6.0586854673, 49.996067459099997 ], [ 6.0584641206, 49.996382922899997 ], [ 6.0592293779, 49.996668228700003 ], [ 6.0583856051, 49.997462344500001 ], [ 6.059682585, 49.998147237600001 ], [ 6.0593159801, 49.998771702900001 ], [ 6.060276166, 49.999240371100001 ], [ 6.0608407934, 50.00016771 ], [ 6.060382846, 50.003138461200002 ], [ 6.0597443638, 50.003725258700001 ], [ 6.0568523338, 50.002004983900001 ], [ 6.056690017, 50.002138957100001 ], [ 6.0561299164, 50.001977476199997 ], [ 6.0561702318, 50.0015878532 ], [ 6.0554563661, 50.001652824700002 ], [ 6.0537699006, 50.001025052199999 ], [ 6.053404915, 50.000756448399997 ], [ 6.0534076503, 50.000531277699999 ], [ 6.0496976251, 49.999317661100001 ], [ 6.0492471181, 49.999124494900002 ], [ 6.0487186275, 49.998599465600002 ], [ 6.0480287871, 49.998697581499997 ], [ 6.0473555374, 49.998286764 ], [ 6.0470184091, 49.9982850038 ], [ 6.0467523167, 49.997885895800003 ], [ 6.044665769, 49.997146039500002 ], [ 6.0441464076, 49.9982304153 ], [ 6.0440749316, 49.999637912099999 ], [ 6.0435220907, 50.000094036199997 ], [ 6.0433897647, 50.0004701521 ], [ 6.0434767427, 50.001557336399998 ], [ 6.0439764942, 50.002184004199997 ], [ 6.0429758789, 50.0030667196 ], [ 6.0429866086, 50.003996409400003 ], [ 6.0427867158, 50.004252430299999 ], [ 6.0415976686, 50.005166002199999 ], [ 6.0401023345, 50.005538023299998 ], [ 6.0398610503, 50.004366877499997 ], [ 6.0390510805, 50.003729583 ], [ 6.0376530275, 50.002989370900004 ], [ 6.0368773258, 50.002011417399999 ], [ 6.0354998271, 50.0010687475 ], [ 6.0331640024, 50.000181381600001 ], [ 6.0327183981, 50.000571498699998 ], [ 6.0309473264, 49.999459487 ], [ 6.0296905835, 49.999419039899998 ], [ 6.0284896217, 49.999639403400003 ], [ 6.0266105806, 49.999214539100002 ], [ 6.0262228083, 50.0004748729 ], [ 6.0248741124, 50.000089597 ], [ 6.0220000822, 49.998861184 ], [ 6.0215672192, 49.999366162599998 ], [ 6.0213306169, 49.999244980500002 ], [ 6.0196361491, 50.000524598799998 ], [ 6.020229771, 50.000840348700002 ], [ 6.0188967179, 50.0019066395 ], [ 6.0174129453, 50.000926659400001 ], [ 6.0172540411, 50.001471937399998 ], [ 6.0167793146, 50.001963852700001 ], [ 6.0169059491, 50.002577431399999 ], [ 6.0162069451, 50.003464684800001 ], [ 6.0127792917, 50.002742443499997 ], [ 6.0120933083, 50.0035513471 ], [ 6.0097713022, 50.002768869500002 ], [ 6.0082603096, 50.004140370800002 ], [ 6.0124564845, 50.0059650866 ], [ 6.0120674879, 50.006559371199998 ], [ 6.0113081481, 50.006276379 ], [ 6.0110767182, 50.006558402 ], [ 6.0108529667, 50.0065237934 ], [ 6.0103870528, 50.00734583 ], [ 6.0095417812, 50.007996271800003 ], [ 6.0083442685, 50.008088902700003 ], [ 6.0072674935, 50.008638435199998 ], [ 6.0065555609, 50.009348708 ], [ 6.0069126897, 50.009441748900002 ], [ 6.0067468565, 50.009740414 ], [ 6.0057682377, 50.010719385900003 ], [ 6.0064355225, 50.011454709600002 ], [ 6.0057957658, 50.011676432199998 ], [ 6.0054303578, 50.011668209600003 ], [ 6.004908452, 50.011964837699999 ], [ 6.0044484042, 50.011648837700001 ], [ 6.0036913441, 50.011534647399998 ], [ 6.0036750753, 50.011629742700002 ], [ 6.0007185822, 50.011364053299999 ], [ 6.0004342358, 50.011483990199999 ], [ 5.9991798814, 50.011460091300002 ], [ 5.9992728608, 50.0118697017 ], [ 5.997700744, 50.012238745600001 ], [ 5.996568955, 50.012192944 ], [ 5.9961702292, 50.012577747599998 ], [ 5.9946827413, 50.013058616599999 ], [ 5.9947196463, 50.013182451 ], [ 5.9936587647, 50.013323393699999 ], [ 5.9927814776, 50.013187600199998 ], [ 5.9915658901, 50.013636040800002 ], [ 5.9909727375, 50.014062346199999 ], [ 5.9906013452, 50.013870682099999 ], [ 5.9895525534, 50.014762778700003 ], [ 5.9877491827, 50.013935756899997 ], [ 5.9880447765, 50.013621235800002 ], [ 5.9850509797, 50.012311792 ], [ 5.9851470703, 50.014155950599999 ], [ 5.9884717911, 50.015160786199999 ], [ 5.9876246198, 50.0162495613 ], [ 5.9874574251, 50.016175455499997 ], [ 5.9871759056, 50.0164297703 ], [ 5.9869786987, 50.016340855 ], [ 5.9866546451, 50.016484341100004 ], [ 5.9858526097, 50.017356262500002 ], [ 5.9850108314, 50.017155447500002 ], [ 5.9842186367, 50.019973518599997 ], [ 5.9801831362, 50.018029552100003 ], [ 5.9765883116, 50.017940829499999 ] ] ] ] } }
]
}
