{
"type": "FeatureCollection",
"name": "communes",
"crs": { "type": "name", "properties": { "name": "urn:ogc:def:crs:OGC:1.3:CRS84" } },
"features": [
{ "type": "Feature", "properties": { "name": "Beaufort", "canton": "Echternach", "district": "Grevenmacher", "lau2": "1001" }, "geometry": { "type": "MultiPolygon", "coordinates": [ [ [ [ 6.2714555522, 49.841085683700001 ], [ 6.254675073, 49.8301312436 ], [ 6.2556911509, 49.823481696499996 ], [ 6.2601909059, 49.822301187699999 ], [ 6.2657778068, 49.821133214500001 ], [ 6.2697544579, 49.821049819700001 ], [ 6.270191809, 49.821316068400002 ], [ 6.2704287614, 49.821273475600002 ], [ 6.2721221103, 49.821846926900001 ], [ 6.273172884, 49.822633005599997 ], [ 6.273946673, 49.822908408099998 ], [ 6.2742256054, 49.822856544499999 ], [ 6.2745199163, 49.823110447700003 ], [ 6.2749298437, 49.8229849083 ], [ 6.2781097608, 49.823508322400002 ], [ 6.2792392188, 49.823321435099999 ], [ 6.2803484445, 49.823472605799999 ], [ 6.2826204766, 49.824225177599999 ], [ 6.283425253, 49.824274685399999 ], [ 6.2836312896, 49.824447378199999 ], [ 6.2843746385, 49.824258247700001 ], [ 6.2849456328, 49.824373792599999 ], [ 6.2853094781, 49.824289548499998 ], [ 6.2856666795, 49.824495627799998 ], [ 6.2859244608, 49.8243714997 ], [ 6.2870780128, 49.824609014799996 ], [ 6.2902865809, 49.824346307600003 ], [ 6.2922110073, 49.824487460699999 ], [ 6.2944105385, 49.824309605899998 ], [ 6.2947549435, 49.824422770699996 ], [ 6.2955114764, 49.824280036 ], [ 6.2963889141, 49.823596112200001 ], [ 6.2958313801, 49.823270316799999 ], [ 6.2959406692, 49.822905282100002 ], [ 6.2957686953, 49.822726369800002 ], [ 6.2965819835, 49.822496139899997 ], [ 6.296919868, 49.822122478499999 ], [ 6.2979680785, 49.822208348499998 ], [ 6.298237044, 49.822022234499997 ], [ 6.2990380737, 49.822357460600003 ], [ 6.2997174808, 49.822322737100002 ], [ 6.30131351, 49.8226064634 ], [ 6.3027633673, 49.823164913900001 ], [ 6.3038475164, 49.823209978900003 ], [ 6.3048313077, 49.823510928600001 ], [ 6.3082537405, 49.823963109300003 ], [ 6.3102337562, 49.8230171031 ], [ 6.3117965568, 49.822987643799998 ], [ 6.314176297, 49.8225563982 ], [ 6.316525153, 49.821382828399997 ], [ 6.3171140627, 49.8213145303 ], [ 6.3178681288, 49.820713964399999 ], [ 6.3182809917, 49.820774824399997 ], [ 6.318694569, 49.820587961900003 ], [ 6.3195689527, 49.820685263800002 ], [ 6.3203592085, 49.8203542105 ], [ 6.3221060321, 49.820949239 ], [ 6.3227351564, 49.820906410100001 ], [ 6.3238126569, 49.821282289099997 ], [ 6.3239020272, 49.821528575800002 ], [ 6.3242100245, 49.821489400200001 ], [ 6.3247473204, 49.821718490899997 ], [ 6.3248238978, 49.822067485700003 ], [ 6.3249914867, 49.822395579199998 ], [ 6.3257428872, 49.822373327 ], [ 6.3258402063, 49.822709472 ], [ 6.3270326727, 49.8234363933 ], [ 6.3271387925, 49.824782114599998 ], [ 6.3277007526, 49.825372969 ], [ 6.327415566, 49.825921039199997 ], [ 6.3279855238, 49.826349500600003 ], [ 6.3292343938, 49.826679634199998 ], [ 6.3291889349, 49.827162748399999 ], [ 6.3301222138, 49.8279661232 ], [ 6.3302363404, 49.8285806636 ], [ 6.3297217165, 49.829665040099997 ], [ 6.3299043747, 49.830042562499997 ], [ 6.3298051986, 49.830583274299997 ], [ 6.3300947511, 49.830904769500002 ], [ 6.3306697905, 49.832156754700001 ], [ 6.329845132, 49.833112300099998 ], [ 6.3302047519, 49.8347563751 ], [ 6.3297922774, 49.836045450100002 ], [ 6.3276133288, 49.835894214900001 ], [ 6.3260769915, 49.8362377057 ], [ 6.3216033186, 49.838483609299999 ], [ 6.3214215335, 49.838453373 ], [ 6.3200286765, 49.839874571199999 ], [ 6.3197139677, 49.8406777605 ], [ 6.3198254782, 49.841959769699997 ], [ 6.3195568038, 49.843211800399999 ], [ 6.3199177228, 49.843832309200003 ], [ 6.3200912715, 49.845075755700002 ], [ 6.3215599502, 49.846934592899999 ], [ 6.3225713511, 49.850754611900001 ], [ 6.3225473635, 49.851513273400002 ], [ 6.3219920264, 49.852388175 ], [ 6.3212596887, 49.853016246700001 ], [ 6.3174928783, 49.855390589 ], [ 6.3141331751, 49.8598819965 ], [ 6.3074511818, 49.857250833099997 ], [ 6.3092183385, 49.854926539399997 ], [ 6.3097537678, 49.853917889500003 ], [ 6.3096634038, 49.8525631133 ], [ 6.3104456329, 49.850107932500002 ], [ 6.3103966386, 49.847793948099998 ], [ 6.3083629024, 49.847755660600001 ], [ 6.3067329286, 49.847501634300002 ], [ 6.3056335265, 49.846751685800001 ], [ 6.3053773186, 49.8463689274 ], [ 6.3049471972, 49.846269912899999 ], [ 6.3026982167, 49.846807245199997 ], [ 6.2997616854, 49.848299884500001 ], [ 6.2982010664, 49.848540809200003 ], [ 6.2970251278, 49.848489231 ], [ 6.2960689276, 49.848106622499998 ], [ 6.2933345302, 49.847476329300001 ], [ 6.2920876328, 49.847652564900002 ], [ 6.289526166, 49.8477121345 ], [ 6.2870882326, 49.847143488100002 ], [ 6.2860819156, 49.847043514600003 ], [ 6.2791091034, 49.8478586405 ], [ 6.2769141602, 49.8483241964 ], [ 6.2694987509, 49.849209073099999 ], [ 6.2686778515, 49.848536333299997 ], [ 6.2667849648, 49.847421230199998 ], [ 6.2669692862, 49.847265336 ], [ 6.2627790314, 49.845028202 ], [ 6.2663201708, 49.841821981099997 ], [ 6.268422372, 49.841228238900001 ], [ 6.2714555522, 49.841085683700001 ] ] ] ] } },
{ "type": "Feature", "properties": { "name": "Bech", "canton": "Echternach", "district": "Grevenmacher", "lau2": "1002" }, "geometry": { "type": "MultiPolygon", "coordinates": [ [ [ [ 6.3160578912, 49.762402953399999 ], [ 6.3158942819, 49.7620495026 ], [ 6.3138240392, 49.7613781027 ], [ 6.3150087526, 49.760145896 ], [ 6.3155883987, 49.760354316399997 ], [ 6.3165151333, 49.759224577300003 ], [ 6.3153760436, 49.759035237299997 ], [ 6.3133778675, 49.758400716 ], [ 6.3119538821, 49.758004014500003 ], [ 6.3102800295, 49.757743562800002 ], [ 6.3056803961, 49.757385492099999 ], [ 6.3056962191, 49.757610404399998 ], [ 6.3022111485, 49.7571484805 ], [ 6.3009239009, 49.757149235900002 ], [ 6.3008526597, 49.756788644099998 ], [ 6.2999970564, 49.756771178800001 ], [ 6.3000069812, 49.756380653 ], [ 6.2940023073, 49.754001245 ], [ 6.2886686009, 49.752210097400003 ], [ 6.2883013908, 49.751905487400002 ], [ 6.2878818288, 49.751085911799997 ], [ 6.2877994021, 49.750139214 ], [ 6.2875868889, 49.750362289599998 ], [ 6.285015623, 49.749423327499997 ], [ 6.2808392783, 49.753239293900002 ], [ 6.2711605158, 49.748199777799996 ], [ 6.2657820185, 49.745657091200002 ], [ 6.2656096302, 49.745652463600003 ], [ 6.2654806707, 49.746149772800003 ], [ 6.2656159221, 49.746595520299998 ], [ 6.2651221837, 49.7464996832 ], [ 6.2652113404, 49.7461053436 ], [ 6.2647693612, 49.745477017600003 ], [ 6.2652573001, 49.744772869400002 ], [ 6.2649034347, 49.744296962 ], [ 6.2731826061, 49.7441617283 ], [ 6.2748546264, 49.744334203699999 ], [ 6.276884824, 49.743478470900001 ], [ 6.2793609798, 49.7429359514 ], [ 6.2821941063, 49.742598465 ], [ 6.285380132, 49.740777859200001 ], [ 6.2863634381, 49.740906337600002 ], [ 6.288338244, 49.741188291100002 ], [ 6.2883997684, 49.740740997400003 ], [ 6.2886330727, 49.740639939300003 ], [ 6.2892378037, 49.7403618389 ], [ 6.2911407537, 49.739902600699999 ], [ 6.2906679184, 49.739574267 ], [ 6.2955619861, 49.7388534603 ], [ 6.29625859, 49.738314047400003 ], [ 6.298415254, 49.738747975800003 ], [ 6.2999571796, 49.736292457600001 ], [ 6.3022336963, 49.737130853799997 ], [ 6.3032273501, 49.737239604099997 ], [ 6.3032145582, 49.737760204799997 ], [ 6.3041331572, 49.737797801200003 ], [ 6.3034414006, 49.735738544100002 ], [ 6.3046664576, 49.736020730100002 ], [ 6.3048319164, 49.735538023899998 ], [ 6.3072323155, 49.735782754500001 ], [ 6.3073233337, 49.735302643200001 ], [ 6.3081438923, 49.735390414100003 ], [ 6.3092432506, 49.734732553599997 ], [ 6.3096405507, 49.734089501500002 ], [ 6.3131571775, 49.734624924099997 ], [ 6.3164100122, 49.735494381700001 ], [ 6.3164940828, 49.7353566691 ], [ 6.3194269649, 49.735234929299999 ], [ 6.3220484577, 49.7353538562 ], [ 6.3220794579, 49.735039028400003 ], [ 6.3248540336, 49.7351533625 ], [ 6.3248650902, 49.735038013400001 ], [ 6.326785822, 49.735099542100002 ], [ 6.3268024508, 49.734848936299997 ], [ 6.3287188567, 49.734958584700003 ], [ 6.3288827913, 49.733158683 ], [ 6.3328438387, 49.733064294199998 ], [ 6.3327170506, 49.732446446799997 ], [ 6.336260708, 49.731779426099997 ], [ 6.3393884514, 49.731745905300002 ], [ 6.3395360755, 49.731502466199998 ], [ 6.3421171876, 49.7311840363 ], [ 6.341185293, 49.731610516400004 ], [ 6.3428039559, 49.731636503200001 ], [ 6.3439509973, 49.731939718500001 ], [ 6.3441635169, 49.731078954799997 ], [ 6.3447967144, 49.730415848 ], [ 6.3460096223, 49.7308432401 ], [ 6.3466656107, 49.731516375399998 ], [ 6.3469100526, 49.7313885067 ], [ 6.3482506717, 49.732025271 ], [ 6.3461516726, 49.733888776900002 ], [ 6.3449619111, 49.735384117499997 ], [ 6.3461854867, 49.735996234200002 ], [ 6.3475644549, 49.736326054400003 ], [ 6.3474674996, 49.736620915099998 ], [ 6.3496924429, 49.737075010200002 ], [ 6.3503984808, 49.737567941 ], [ 6.3505629836, 49.7375211803 ], [ 6.3512424111, 49.7381670097 ], [ 6.3519873207, 49.736967484 ], [ 6.3526130979, 49.737546984799998 ], [ 6.3532851416, 49.737694876100001 ], [ 6.3544341517, 49.736613120800001 ], [ 6.3550371483, 49.7350650327 ], [ 6.3571879683, 49.7347820102 ], [ 6.3595208056, 49.7349815874 ], [ 6.3602554966, 49.734899520100001 ], [ 6.3622326477, 49.735156169100001 ], [ 6.3643945078, 49.735060048100003 ], [ 6.3665278887, 49.734796463899997 ], [ 6.3681213211, 49.734259612099997 ], [ 6.3687221907, 49.734186066600003 ], [ 6.370792044, 49.7343724057 ], [ 6.3766441007, 49.735324198299999 ], [ 6.3794273069, 49.735497861900001 ], [ 6.3806557462, 49.735715017 ], [ 6.3813365989, 49.736637548700003 ], [ 6.3795842807, 49.737011105800001 ], [ 6.3797713234, 49.738666555599998 ], [ 6.3797252244, 49.739054099100002 ], [ 6.379469791, 49.739049217900003 ], [ 6.3793096569, 49.740576860700003 ], [ 6.3773642605, 49.740735614099997 ], [ 6.3765196141, 49.741296928799997 ], [ 6.3778464912, 49.743939285800003 ], [ 6.3764880733, 49.744256434599997 ], [ 6.3764007284, 49.744148486900002 ], [ 6.3755213187, 49.744303112899999 ], [ 6.3758547841, 49.744878175799997 ], [ 6.3753217749, 49.7452915155 ], [ 6.3769233191, 49.747467628400003 ], [ 6.3771272369, 49.748215410199997 ], [ 6.3770685553, 49.749919478700001 ], [ 6.3773674625, 49.750521535700003 ], [ 6.3777799093, 49.750555491299998 ], [ 6.3780595476, 49.751370294700003 ], [ 6.3812496577, 49.751465061200001 ], [ 6.383226644, 49.7519703428 ], [ 6.3857976937, 49.754706047799999 ], [ 6.3865815086, 49.755653390900001 ], [ 6.3880059963, 49.755580044600002 ], [ 6.3883717209, 49.755325995699998 ], [ 6.3904855039, 49.754823843200001 ], [ 6.3911334904, 49.754905164 ], [ 6.3914073675, 49.754705227800002 ], [ 6.3914560928, 49.754564265799999 ], [ 6.3939003286, 49.755846981 ], [ 6.3946102322, 49.7566205595 ], [ 6.3976203288, 49.7585855811 ], [ 6.4006756889, 49.763648483200001 ], [ 6.400847602, 49.766732618500001 ], [ 6.3992731599, 49.770150061599999 ], [ 6.3974979821, 49.772525707600003 ], [ 6.3971648325, 49.773769611200002 ], [ 6.3965650342, 49.774232376400001 ], [ 6.3943575689, 49.774179786099999 ], [ 6.3886818181, 49.773346720699998 ], [ 6.3868803985, 49.772950321700002 ], [ 6.3846915977, 49.7722694805 ], [ 6.3834377339, 49.771694818100002 ], [ 6.3784297776, 49.768711947600003 ], [ 6.3759533741, 49.768922125899998 ], [ 6.3749231337, 49.770313355500001 ], [ 6.3741574042, 49.7697656239 ], [ 6.3737269096, 49.767269459200001 ], [ 6.3757461129, 49.767340034699998 ], [ 6.3784298457, 49.768711641800003 ], [ 6.379124486, 49.765975059 ], [ 6.3818523587, 49.762610384799999 ], [ 6.3795333511, 49.761770612600003 ], [ 6.3775049726, 49.764291790800002 ], [ 6.3755431211, 49.763431016 ], [ 6.3740791588, 49.765245863499999 ], [ 6.3721726997, 49.768547145100001 ], [ 6.370438063, 49.767833735499998 ], [ 6.3695417119, 49.768381016399999 ], [ 6.3678345934, 49.768811882100003 ], [ 6.3652762234, 49.770363818100002 ], [ 6.3657327502, 49.768687707399998 ], [ 6.3648191995, 49.765751680599998 ], [ 6.3657119529, 49.765076782199998 ], [ 6.3630554987, 49.764370123799999 ], [ 6.3598172717, 49.7640748735 ], [ 6.3583580186, 49.763767800700002 ], [ 6.3552883545, 49.762911211499997 ], [ 6.3477913825, 49.760156848199998 ], [ 6.3455213719, 49.7612492453 ], [ 6.3414430782, 49.762772866799999 ], [ 6.3381992764, 49.76439236 ], [ 6.3301862845, 49.765055576100004 ], [ 6.3299971321, 49.766491990699997 ], [ 6.3264734251, 49.765678665 ], [ 6.3251913212, 49.764867133599999 ], [ 6.3249665201, 49.764315928400002 ], [ 6.3252948176, 49.764156092599997 ], [ 6.3253177829, 49.763953616199998 ], [ 6.3229162929, 49.763514729299999 ], [ 6.3232269621, 49.764033231399999 ], [ 6.3231051887, 49.764659350400002 ], [ 6.3233415705, 49.764997624300001 ], [ 6.3234254843, 49.766416972899997 ], [ 6.3213662381, 49.766061377 ], [ 6.3180962603, 49.7637863876 ], [ 6.3172930215, 49.762950723099998 ], [ 6.3160578912, 49.762402953399999 ] ] ] ] } },
{ "type": "Feature", "properties": { "name": "Beckerich", "canton": "Redange", "district": "Diekirch", "lau2": "0701" }, "geometry": { "type": "MultiPolygon", "coordinates": [ [ [ [ 5.88381021, 49.711321175899997 ], [ 5.8836269712, 49.711259274900002 ], [ 5.8848495239, 49.710335807299998 ], [ 5.8869859976, 49.7093110295 ], [ 5.8885289838, 49.7101695944 ], [ 5.8893632605, 49.710426705300002 ], [ 5.8921297725, 49.710343265 ], [ 5.8932145593, 49.710556995499999 ], [ 5.8957772813, 49.712099594100003 ], [ 5.8986451671, 49.712882684500002 ], [ 5.9003574361, 49.711947340099996 ], [ 5.8999461819, 49.710825771400003 ], [ 5.9040862123, 49.710839268900003 ], [ 5.9073519449, 49.711848286 ], [ 5.908346921, 49.711993324600002 ], [ 5.9103950084, 49.710364847299999 ], [ 5.9097583294, 49.708565558499998 ], [ 5.9098665489, 49.706939199099999 ], [ 5.9117407605, 49.704935885600001 ], [ 5.9122993265, 49.704698516599997 ], [ 5.9137302165, 49.703330846199997 ], [ 5.9145232791, 49.703182107899998 ], [ 5.9154817003, 49.703444435500003 ], [ 5.9161753539, 49.703755083 ], [ 5.9167211274, 49.704370457800003 ], [ 5.9180571747, 49.704195509100003 ], [ 5.9196422772, 49.7043850819 ], [ 5.9211924099, 49.704350713099998 ], [ 5.922595229, 49.705305574199997 ], [ 5.9228477765, 49.704918304300001 ], [ 5.9225761671, 49.703963835899998 ], [ 5.9227614871, 49.703546268700002 ], [ 5.9241321175, 49.702732530799999 ], [ 5.9250325437, 49.702709449300002 ], [ 5.9277232386, 49.703599367899997 ], [ 5.9278364685, 49.704685779499997 ], [ 5.9281221262, 49.705149794699999 ], [ 5.9277807967, 49.707057598200002 ], [ 5.9282225375, 49.70768173 ], [ 5.9274186744, 49.708725462899999 ], [ 5.9265405525, 49.709453672400002 ], [ 5.9255391077, 49.709751324499997 ], [ 5.9249700979, 49.709776119499999 ], [ 5.9235916132, 49.709420526 ], [ 5.9221715431, 49.7096352262 ], [ 5.9211988776, 49.710317314800001 ], [ 5.9212419042, 49.711159283 ], [ 5.9214153738, 49.711097587399998 ], [ 5.9225507426, 49.712057229499997 ], [ 5.9236035035, 49.712642846900003 ], [ 5.9255109698, 49.712896006400001 ], [ 5.9253732791, 49.713132106499998 ], [ 5.931374836, 49.715304101500003 ], [ 5.9334032268, 49.715818776900001 ], [ 5.9322482923, 49.717300091399999 ], [ 5.934039918, 49.717875430600003 ], [ 5.9365041522, 49.718268032 ], [ 5.938258776, 49.718777068500003 ], [ 5.9413496434, 49.718770189600001 ], [ 5.9415211076, 49.719324018 ], [ 5.9435978809, 49.720405849700001 ], [ 5.9427246437, 49.721353602299999 ], [ 5.9445809199, 49.722647064199997 ], [ 5.9433854221, 49.7236597538 ], [ 5.9449677688, 49.723926672399998 ], [ 5.9452992844, 49.724930019600002 ], [ 5.9447589371, 49.726063401399998 ], [ 5.94577448, 49.726309124499998 ], [ 5.9443648475, 49.728029486700002 ], [ 5.9457832495, 49.728485254399999 ], [ 5.9471300892, 49.729209298800001 ], [ 5.9468357194, 49.729762241300001 ], [ 5.945053195, 49.7295559047 ], [ 5.9436320011, 49.729150048800001 ], [ 5.9430046298, 49.730304274200002 ], [ 5.9419423883, 49.731517548 ], [ 5.940263373, 49.7305061478 ], [ 5.9399787213, 49.730714968100003 ], [ 5.9402296962, 49.730839164899997 ], [ 5.9399513772, 49.731057788500003 ], [ 5.9391102308, 49.730814264199999 ], [ 5.9384238413, 49.731211797500002 ], [ 5.9372299916, 49.732643442700002 ], [ 5.9376847165, 49.732674427799999 ], [ 5.9396995904, 49.73346919 ], [ 5.9384497485, 49.735358711499998 ], [ 5.9387362781, 49.735554845199999 ], [ 5.9384804422, 49.735802379 ], [ 5.9409131622, 49.736659593799999 ], [ 5.9411534786, 49.736445497200002 ], [ 5.9458958353, 49.738513828899997 ], [ 5.9456748268, 49.739507907 ], [ 5.9450546195, 49.739338609199997 ], [ 5.9442848062, 49.739343145299998 ], [ 5.9443964784, 49.739728886 ], [ 5.9441427664, 49.740404281799997 ], [ 5.9440284351, 49.740592320200001 ], [ 5.9435516374, 49.740481110399998 ], [ 5.9426208037, 49.742361849700004 ], [ 5.9439374444, 49.743127947700003 ], [ 5.9458106126, 49.743572523600001 ], [ 5.9436105254, 49.746006225899997 ], [ 5.9424045458, 49.745540209600001 ], [ 5.9417405858, 49.746606423899998 ], [ 5.9419139667, 49.746651499400002 ], [ 5.9412338769, 49.748525960899997 ], [ 5.9389947653, 49.747737898099999 ], [ 5.9375566221, 49.747522936300001 ], [ 5.9374683539, 49.747800774799998 ], [ 5.9363100253, 49.747667314300003 ], [ 5.9360354344, 49.749267146400001 ], [ 5.9347606344, 49.749951573399997 ], [ 5.9338208431, 49.751412656900001 ], [ 5.9338770753, 49.752238781199999 ], [ 5.9344668107, 49.753301096400001 ], [ 5.9341751589, 49.754897157199999 ], [ 5.9318135433, 49.755952252900002 ], [ 5.9296941228, 49.754722276499997 ], [ 5.927991439, 49.752532546099999 ], [ 5.92633192, 49.751427897500001 ], [ 5.9243435581, 49.751357214599999 ], [ 5.9228993046, 49.751057418899997 ], [ 5.9212836342, 49.749713706900003 ], [ 5.9208536418, 49.748687860399997 ], [ 5.9215454849, 49.747845570099997 ], [ 5.9218928127, 49.748004975599997 ], [ 5.9220676768, 49.747846676199998 ], [ 5.9213137578, 49.7475427448 ], [ 5.9215419068, 49.747408402799998 ], [ 5.9163137044, 49.745999299700003 ], [ 5.9115280201, 49.745263899400001 ], [ 5.9120406874, 49.7429066873 ], [ 5.9088853182, 49.742571970500002 ], [ 5.9070488805, 49.742722952500003 ], [ 5.9065053691, 49.742596659599997 ], [ 5.9061088685, 49.742317591 ], [ 5.9021079995, 49.742687 ], [ 5.9018841926, 49.742718971400002 ], [ 5.9016350798, 49.744351328299999 ], [ 5.8983894963, 49.743943716799997 ], [ 5.8980876647, 49.745131732 ], [ 5.8966346256, 49.744833819500002 ], [ 5.8963592328, 49.745042645600002 ], [ 5.8961450859, 49.745844816899996 ], [ 5.8949220222, 49.745861003 ], [ 5.8946553508, 49.746061841900001 ], [ 5.8913803013, 49.7449061501 ], [ 5.8910739661, 49.745158751600002 ], [ 5.8885352183, 49.743566212200001 ], [ 5.8868045461, 49.745821507199999 ], [ 5.8858258287, 49.746673518 ], [ 5.8854951797, 49.746505525 ], [ 5.8831970685, 49.747961505100001 ], [ 5.8820567248, 49.748369879499997 ], [ 5.8818259269, 49.748607603400004 ], [ 5.8794595897, 49.747864504399999 ], [ 5.8791451024, 49.747921246099999 ], [ 5.8787829774, 49.748317774599997 ], [ 5.8782973137, 49.748288899800002 ], [ 5.8755330984, 49.7477873805 ], [ 5.8747424154, 49.747496377700003 ], [ 5.8743618463, 49.747890418399997 ], [ 5.8740984561, 49.7479079497 ], [ 5.8729544327, 49.750098679799997 ], [ 5.8725276332, 49.7500281051 ], [ 5.8723416055, 49.750663236500003 ], [ 5.8712178979, 49.750381296599997 ], [ 5.8692765198, 49.7502874734 ], [ 5.8691733737, 49.750673354 ], [ 5.8687558592, 49.751011852799998 ], [ 5.8669897122, 49.750262365799998 ], [ 5.8659957414, 49.750917301100003 ], [ 5.8643950341, 49.7503206616 ], [ 5.8648309263, 49.749864608700001 ], [ 5.8635467438, 49.7493015724 ], [ 5.8624277762, 49.750685618399999 ], [ 5.8619886948, 49.750382497399997 ], [ 5.8618360363, 49.751455686699998 ], [ 5.8602293894, 49.751071058 ], [ 5.8585810047, 49.750086618200001 ], [ 5.8578724065, 49.749932981699999 ], [ 5.856919734, 49.749944990199999 ], [ 5.8568330386, 49.749779507 ], [ 5.8559585731, 49.749615884 ], [ 5.8551461569, 49.749687270300001 ], [ 5.8539358376, 49.749454297900002 ], [ 5.8515027026, 49.748526755900002 ], [ 5.8504877556, 49.7480399835 ], [ 5.850512263, 49.746792701700002 ], [ 5.8500810742, 49.746278938099998 ], [ 5.8494442364, 49.746182519900003 ], [ 5.8477357169, 49.746353303799999 ], [ 5.8447419758, 49.745915051099999 ], [ 5.8445249331, 49.746113683200001 ], [ 5.8430785799, 49.746402934899997 ], [ 5.8417155576, 49.746476380499999 ], [ 5.8411532249, 49.744482174399998 ], [ 5.8375683606, 49.7441346942 ], [ 5.8369723339, 49.746236083100001 ], [ 5.8360892436, 49.7462192311 ], [ 5.8358297894, 49.745994330400002 ], [ 5.8351937822, 49.746045159600001 ], [ 5.8343994959, 49.745612382499999 ], [ 5.8339457282, 49.745599623799997 ], [ 5.8327770588, 49.745150149799997 ], [ 5.831526709, 49.7451323282 ], [ 5.8303869273, 49.743368914900003 ], [ 5.8313887305, 49.742556994300003 ], [ 5.8317564731, 49.741916672599999 ], [ 5.8319431051, 49.741994641799998 ], [ 5.8326454844, 49.741470475600003 ], [ 5.8299542763, 49.740537193199998 ], [ 5.8274391553, 49.739130323399998 ], [ 5.8278057186, 49.738016400600003 ], [ 5.8284882935, 49.737176695099997 ], [ 5.8278749791, 49.736966753600001 ], [ 5.8282132318, 49.735661547200003 ], [ 5.828091938, 49.733817918900002 ], [ 5.8282641054, 49.733398182199998 ], [ 5.8280812507, 49.732964837300003 ], [ 5.8275521736, 49.732629790200001 ], [ 5.8253715307, 49.732036966700001 ], [ 5.826089912, 49.7304619835 ], [ 5.827153406, 49.728901989900002 ], [ 5.8265710789, 49.728332867 ], [ 5.8269098218, 49.7269022057 ], [ 5.8243276624, 49.726065752399997 ], [ 5.8249836803, 49.724849279700003 ], [ 5.82628688, 49.723563106599997 ], [ 5.8278458416, 49.7236666286 ], [ 5.8311816164, 49.724466513800003 ], [ 5.8325039021, 49.7244173319 ], [ 5.8344739467, 49.724055803299997 ], [ 5.8346877881, 49.7244209602 ], [ 5.8352590841, 49.724509801 ], [ 5.8355123517, 49.724312673900002 ], [ 5.8379841626, 49.723864689599999 ], [ 5.8379082199, 49.723751737599997 ], [ 5.8383079808, 49.723599462499998 ], [ 5.8378515321, 49.723008680600003 ], [ 5.8389334326, 49.722274897699997 ], [ 5.8408569146, 49.721486863300001 ], [ 5.842836144, 49.721259874200001 ], [ 5.8445865819, 49.721336006199998 ], [ 5.8459665414, 49.721965784299996 ], [ 5.8476136841, 49.722977090699999 ], [ 5.8500174727, 49.723946752300002 ], [ 5.8519135941, 49.724397964600001 ], [ 5.8544735289, 49.724660576700003 ], [ 5.8559028172, 49.725210539400003 ], [ 5.857466215, 49.726226119 ], [ 5.8596171186, 49.726923443700002 ], [ 5.860020445, 49.727214909099999 ], [ 5.8603786419, 49.7268576994 ], [ 5.8616254078, 49.726272985100003 ], [ 5.8629511709, 49.726713204900001 ], [ 5.8651076273, 49.726889432 ], [ 5.8661925423, 49.726344588300002 ], [ 5.8668151675, 49.726201488 ], [ 5.8672906479, 49.725647014300002 ], [ 5.8697685883, 49.723911391900003 ], [ 5.8695970201, 49.723782247300001 ], [ 5.8704830437, 49.723382557699999 ], [ 5.8702928994, 49.722551784 ], [ 5.8706942579, 49.721615642300002 ], [ 5.8735094119, 49.721600409099999 ], [ 5.875168829, 49.721879337799997 ], [ 5.8756181349, 49.720976404200002 ], [ 5.8750080671, 49.720699360399998 ], [ 5.8749189943, 49.720468565399997 ], [ 5.8753116413, 49.719633154900002 ], [ 5.8765968938, 49.718119711100002 ], [ 5.8742031333, 49.717448303799998 ], [ 5.874794246, 49.716646222100003 ], [ 5.8748329939, 49.7157469558 ], [ 5.8758855253, 49.7152221682 ], [ 5.8777997571, 49.714711314200002 ], [ 5.8816925335, 49.713013152800002 ], [ 5.8826086884, 49.711990665400002 ], [ 5.8834379871, 49.711676689299999 ], [ 5.88381021, 49.711321175899997 ] ] ] ] } },
{ "type": "Feature", "properties": { "name": "Berdorf", "canton": "Echternach", "district": "Grevenmacher", "lau2": "1003" }, "geometry": { "type": "MultiPolygon", "coordinates": [ [ [ [ 6.3804832408, 49.830402493100003 ], [ 6.3832335151, 49.831700462599997 ], [ 6.3843534023, 49.832347963700002 ], [ 6.3841920777, 49.832458167699997 ], [ 6.3845041838, 49.832642691899999 ], [ 6.3822666092, 49.835521035399999 ], [ 6.3805789087, 49.836816390400003 ], [ 6.3789585237, 49.837665849899999 ], [ 6.3772597795, 49.839266939399998 ], [ 6.3767358653, 49.8400978146 ], [ 6.3725838151, 49.842246502899997 ], [ 6.3709552136, 49.844479048 ], [ 6.3678747157, 49.847647787299998 ], [ 6.3664093667, 49.849523657699997 ], [ 6.3639433561, 49.850716547499999 ], [ 6.3628418569, 49.850762843200002 ], [ 6.3607048292, 49.850583461299998 ], [ 6.3571580695, 49.850677866399998 ], [ 6.3499693508, 49.850396327200002 ], [ 6.3434814236, 49.849247148 ], [ 6.3410761811, 49.8484936698 ], [ 6.3403813239, 49.8480733277 ], [ 6.3398721651, 49.8474383772 ], [ 6.3381764837, 49.840739508299997 ], [ 6.3370423818, 49.839123811599997 ], [ 6.3352312931, 49.8378441861 ], [ 6.333581034, 49.837152173299998 ], [ 6.3297922774, 49.836045450100002 ], [ 6.3302047519, 49.8347563751 ], [ 6.329845132, 49.833112300099998 ], [ 6.3306697905, 49.832156754700001 ], [ 6.3300947511, 49.830904769500002 ], [ 6.3298051986, 49.830583274299997 ], [ 6.3299043747, 49.830042562499997 ], [ 6.3297217165, 49.829665040099997 ], [ 6.3302363404, 49.8285806636 ], [ 6.3301222138, 49.8279661232 ], [ 6.3291889349, 49.827162748399999 ], [ 6.3292343938, 49.826679634199998 ], [ 6.3279855238, 49.826349500600003 ], [ 6.327415566, 49.825921039199997 ], [ 6.3277007526, 49.825372969 ], [ 6.3271387925, 49.824782114599998 ], [ 6.3270326727, 49.8234363933 ], [ 6.3258402063, 49.822709472 ], [ 6.3257428872, 49.822373327 ], [ 6.3249914867, 49.822395579199998 ], [ 6.3248238978, 49.822067485700003 ], [ 6.3249502766, 49.821645543199999 ], [ 6.3241951823, 49.820806227699997 ], [ 6.3245254212, 49.820085177199999 ], [ 6.3243639616, 49.819839824799999 ], [ 6.3238535069, 49.8198043282 ], [ 6.3238039621, 49.819677581699999 ], [ 6.3241405281, 49.819190541899999 ], [ 6.3248920943, 49.818806842599997 ], [ 6.3249400958, 49.8182572849 ], [ 6.3241491163, 49.816939443400003 ], [ 6.324578671, 49.816747575199997 ], [ 6.3246242067, 49.816486855400001 ], [ 6.3237759405, 49.815721710299997 ], [ 6.3242885688, 49.815347372799998 ], [ 6.323942687, 49.814498697700003 ], [ 6.3241681999, 49.813826536400001 ], [ 6.3240679684, 49.813353959600001 ], [ 6.3231670701, 49.812213735299999 ], [ 6.3228798276, 49.811796557800001 ], [ 6.323519599, 49.811442776200003 ], [ 6.3234657268, 49.811060780299997 ], [ 6.3223103596, 49.810675426700001 ], [ 6.3202674463, 49.809263205 ], [ 6.3202512368, 49.8091320881 ], [ 6.320551386, 49.809165694199997 ], [ 6.3208007533, 49.808956519200002 ], [ 6.3208141585, 49.808205346699999 ], [ 6.3195836179, 49.807640691899998 ], [ 6.3188299535, 49.807430866399997 ], [ 6.3187970165, 49.806995418 ], [ 6.3182912403, 49.806838282699999 ], [ 6.3174499952, 49.806194590200001 ], [ 6.3173599304, 49.805870205600002 ], [ 6.3176584303, 49.805468410700001 ], [ 6.3174304888, 49.805138936399999 ], [ 6.3159430553, 49.804600369699997 ], [ 6.3158743285, 49.8042538304 ], [ 6.3163589972, 49.8034208933 ], [ 6.3153474823, 49.801954583799997 ], [ 6.3153727882, 49.801270781299998 ], [ 6.3151719906, 49.801130908600001 ], [ 6.3146435539, 49.801378116199999 ], [ 6.3141833881, 49.800139691200002 ], [ 6.3137004869, 49.7998611051 ], [ 6.3133166403, 49.7989312849 ], [ 6.3128826566, 49.798400830799999 ], [ 6.312163973, 49.798009808800003 ], [ 6.3121824712, 49.797324963100003 ], [ 6.3124490962, 49.7968663276 ], [ 6.3115496168, 49.796419677800003 ], [ 6.3113114048, 49.795488617 ], [ 6.3114117495, 49.794898377599999 ], [ 6.3119803768, 49.794435267099999 ], [ 6.3117419985, 49.793699827099999 ], [ 6.3124794718, 49.793718199200001 ], [ 6.3124317397, 49.792423064899999 ], [ 6.3133647178, 49.791414940199999 ], [ 6.3139368235, 49.7914195667 ], [ 6.3147809875, 49.791724970600001 ], [ 6.31601911, 49.791931648499997 ], [ 6.318160213, 49.793095614400002 ], [ 6.3194515164, 49.794102639099997 ], [ 6.3205411727, 49.794495778200002 ], [ 6.3233696069, 49.796077163900001 ], [ 6.3269743622, 49.797376749599998 ], [ 6.3298953701, 49.7980362188 ], [ 6.331623976, 49.7977732465 ], [ 6.3340039495, 49.797796503199997 ], [ 6.3377652085, 49.797493319499999 ], [ 6.3406533939, 49.798482669 ], [ 6.3424815757, 49.7994014127 ], [ 6.3442409479, 49.799810495300001 ], [ 6.3458928376, 49.800068196399998 ], [ 6.3477524521, 49.798967584400003 ], [ 6.3480803124, 49.799900596900002 ], [ 6.3531722949, 49.799798261799999 ], [ 6.3548012104, 49.799504490399997 ], [ 6.3557709182, 49.798993224199997 ], [ 6.3564229506, 49.798843014600003 ], [ 6.3572590944, 49.798751038100001 ], [ 6.3577859483, 49.798934581499999 ], [ 6.3585071204, 49.798531274699997 ], [ 6.3605290362, 49.798118014899998 ], [ 6.3609352876, 49.797896785299997 ], [ 6.3611573156, 49.797473194 ], [ 6.3617116596, 49.797369384200003 ], [ 6.3617972801, 49.796958391700002 ], [ 6.3623352697, 49.796681867700002 ], [ 6.362185844, 49.796511106700002 ], [ 6.36284697, 49.795986984499997 ], [ 6.3628198381, 49.795137092600001 ], [ 6.3642610178, 49.795001858200003 ], [ 6.3655955006, 49.795088697499999 ], [ 6.3664760453, 49.795578224099998 ], [ 6.3673572028, 49.797846547399999 ], [ 6.3689734448, 49.799496382299999 ], [ 6.3689367319, 49.800010912899999 ], [ 6.3696086958, 49.800899974799997 ], [ 6.3702859646, 49.802393882300002 ], [ 6.3761481322, 49.808072133899998 ], [ 6.3796655122, 49.809974096799998 ], [ 6.3881683767, 49.813402292200003 ], [ 6.3886123575, 49.81303912 ], [ 6.3893608517, 49.812990513599999 ], [ 6.3895830202, 49.814747237799999 ], [ 6.3891380375, 49.817317728900001 ], [ 6.387598053, 49.821151769099998 ], [ 6.3879242295, 49.821998691099999 ], [ 6.3877463152, 49.822733001899998 ], [ 6.3873449074, 49.8230145259 ], [ 6.3873366257, 49.823265867099998 ], [ 6.3865833446, 49.823637441400003 ], [ 6.3859847452, 49.824558660699999 ], [ 6.3854267766, 49.825017140100002 ], [ 6.3847787784, 49.825988937600002 ], [ 6.3849396562, 49.826211559299999 ], [ 6.3846562279, 49.826503380200002 ], [ 6.3844969518, 49.826448997599996 ], [ 6.3840555749, 49.827366764899999 ], [ 6.383132607, 49.828241266299997 ], [ 6.3822006983, 49.828463827299998 ], [ 6.3813752307, 49.828970091499997 ], [ 6.3814834867, 49.8290866173 ], [ 6.3807386265, 49.829649531 ], [ 6.3804832408, 49.830402493100003 ] ] ] ] } },
{ "type": "Feature", "properties": { "name": "Bertrange", "canton": "Luxembourg", "district": "Luxembourg", "lau2": "0301" }, "geometry": { "type": "MultiPolygon", "coordinates": [ [ [ [ 6.0104505548, 49.592701590300003 ], [ 6.0097387036, 49.592288753799998 ], [ 6.0108974674, 49.591940627100001 ], [ 6.0109853047, 49.5916039775 ], [ 6.0100857169, 49.590905334200002 ], [ 6.0077161927, 49.5896629577 ], [ 6.0076485336, 49.588035009800002 ], [ 6.0038723059, 49.587151299699997 ], [ 6.0040850482, 49.586499991899998 ], [ 6.0034793943, 49.585848661699998 ], [ 6.0041817802, 49.585177671499999 ], [ 6.0054886578, 49.585659231 ], [ 6.0090126103, 49.586472818499999 ], [ 6.0092360095, 49.585835371 ], [ 6.0077661124, 49.585392398700002 ], [ 6.0065291632, 49.584343492 ], [ 6.0077953009, 49.583220822400001 ], [ 6.0082351676, 49.5832992809 ], [ 6.0082751613, 49.582690066399998 ], [ 6.0101710155, 49.582795673699998 ], [ 6.0105559151, 49.582264797299999 ], [ 6.0145586329, 49.582802820300003 ], [ 6.0144375842, 49.581653964099999 ], [ 6.0205185047, 49.583478526100002 ], [ 6.0216706194, 49.583596099899999 ], [ 6.0224663749, 49.583124411500002 ], [ 6.022774827, 49.583473460599997 ], [ 6.0241288136, 49.584145748499999 ], [ 6.0248413274, 49.584811910500001 ], [ 6.0255356555, 49.584262285699999 ], [ 6.0269028449, 49.584672216500003 ], [ 6.0275279188, 49.583624391900003 ], [ 6.0282193613, 49.581790897700003 ], [ 6.0294325441, 49.582140535599997 ], [ 6.0295149442, 49.581871135900002 ], [ 6.033716521, 49.582506258700001 ], [ 6.0327054774, 49.584109891099999 ], [ 6.032363547, 49.585594795699997 ], [ 6.0342257376, 49.585807817199999 ], [ 6.0374384751, 49.585875606 ], [ 6.0372652872, 49.586074761 ], [ 6.0397313356, 49.586697237899998 ], [ 6.0407659729, 49.586271487099999 ], [ 6.0410642016, 49.585435843399999 ], [ 6.040705968, 49.584864512199999 ], [ 6.0398929847, 49.5842384555 ], [ 6.0418039241, 49.584276074400002 ], [ 6.044394496, 49.584860644700001 ], [ 6.0466084827, 49.584843012699999 ], [ 6.0493118525, 49.585856840700004 ], [ 6.0518532079, 49.586554849400002 ], [ 6.0572238465, 49.587523269499997 ], [ 6.059864525, 49.587664597299998 ], [ 6.064222048, 49.588499814 ], [ 6.0692871725, 49.589822502600001 ], [ 6.0702059739, 49.590057142100001 ], [ 6.0714166816, 49.590664164 ], [ 6.0736492715, 49.592296603699999 ], [ 6.0747892732, 49.593446222499999 ], [ 6.0766960586, 49.594569440900003 ], [ 6.0778347054, 49.595506795 ], [ 6.0767611674, 49.59688647 ], [ 6.0756028428, 49.596988713 ], [ 6.075764095, 49.597421191800002 ], [ 6.0754237453, 49.5981578536 ], [ 6.0755945156, 49.600015974100003 ], [ 6.0746552766, 49.601053302799997 ], [ 6.0769827414, 49.601891053199999 ], [ 6.077116514, 49.601478469699998 ], [ 6.0785110769, 49.601585425 ], [ 6.0782911705, 49.603223742799997 ], [ 6.0792937314, 49.603080014 ], [ 6.0804243843, 49.603345005199998 ], [ 6.0809522635, 49.603192714400002 ], [ 6.0810145843, 49.604308293700001 ], [ 6.081098772, 49.6043920806 ], [ 6.0815998586, 49.604258009699997 ], [ 6.0813906068, 49.604331760900003 ], [ 6.081187248, 49.604979448199998 ], [ 6.0823657656, 49.6054770533 ], [ 6.0823194859, 49.605597786600001 ], [ 6.0791912225, 49.607781577799997 ], [ 6.0786241426, 49.607478498900001 ], [ 6.0780661644, 49.607931505 ], [ 6.0802468715, 49.609126917499999 ], [ 6.0780829323, 49.611301175100003 ], [ 6.0768594641, 49.610666819599999 ], [ 6.0764673552, 49.610980631499999 ], [ 6.0761183366, 49.610799881 ], [ 6.0742646881, 49.612112676 ], [ 6.0725990197, 49.6114924042 ], [ 6.0693387467, 49.612802262700001 ], [ 6.0690232474, 49.612363261799999 ], [ 6.0640020127, 49.613306239499998 ], [ 6.0632850602, 49.613559476900001 ], [ 6.063218646, 49.613401490400001 ], [ 6.0618100896, 49.613309650200001 ], [ 6.0627085977, 49.615303750700001 ], [ 6.0630490776, 49.618554103500003 ], [ 6.0594450428, 49.618355727100003 ], [ 6.054327594, 49.617732944399997 ], [ 6.0544400771, 49.619955437900003 ], [ 6.0527693298, 49.620025726199998 ], [ 6.0528076236, 49.620474360400003 ], [ 6.0521975795, 49.620634344 ], [ 6.0522097582, 49.621986690299998 ], [ 6.0511319031, 49.621953921299998 ], [ 6.0511646515, 49.622191118400004 ], [ 6.0514765641, 49.622192770300003 ], [ 6.0520822609, 49.6241454695 ], [ 6.0500631868, 49.6248867284 ], [ 6.0504555778, 49.625476034 ], [ 6.0504929004, 49.625530399100001 ], [ 6.050527962, 49.6255812148 ], [ 6.0506847148, 49.625808376599998 ], [ 6.0502935627, 49.626022278400001 ], [ 6.0497982411, 49.626237405300003 ], [ 6.0497477275, 49.626254322 ], [ 6.0495286977, 49.626314378 ], [ 6.0485796901, 49.626553242200004 ], [ 6.0460033004, 49.627977504500002 ], [ 6.0458179503, 49.6282903671 ], [ 6.0460857819, 49.628456917800001 ], [ 6.0455442311, 49.628560024800002 ], [ 6.0449824925, 49.628427157899999 ], [ 6.0443946252, 49.627947190900002 ], [ 6.0426252482, 49.627181624800002 ], [ 6.0422845532, 49.6264667266 ], [ 6.0416150589, 49.626171107200001 ], [ 6.0412648059, 49.625650310799998 ], [ 6.0415159314, 49.625401974100001 ], [ 6.0409069259, 49.624650951 ], [ 6.040358644, 49.6244214142 ], [ 6.0396454438, 49.624601663900002 ], [ 6.0388224329, 49.624396038500002 ], [ 6.037690696, 49.62387224 ], [ 6.0373269744, 49.623509612699998 ], [ 6.0361571135, 49.622620983099999 ], [ 6.0361372421, 49.621319991900002 ], [ 6.0352847947, 49.620140916499999 ], [ 6.0347092868, 49.618731982500002 ], [ 6.0344996849, 49.618702261 ], [ 6.0339585125, 49.616535304599999 ], [ 6.0339744416, 49.615890120099998 ], [ 6.0345553952, 49.614859861699998 ], [ 6.0334655917, 49.614729443 ], [ 6.0334829284, 49.613354460700002 ], [ 6.033424781, 49.613162722 ], [ 6.0334012843, 49.613093791 ], [ 6.0333094963, 49.613110742800004 ], [ 6.0332524186, 49.613121283 ], [ 6.0330015832, 49.613167600300002 ], [ 6.0329438055, 49.613043978199997 ], [ 6.0328062922, 49.612751666699999 ], [ 6.0334176982, 49.6126023777 ], [ 6.033423414, 49.612599450200001 ], [ 6.0335691236, 49.612528088600001 ], [ 6.0335822952, 49.612481047899998 ], [ 6.0334800906, 49.612387033899999 ], [ 6.0327272629, 49.611805190699997 ], [ 6.0325715497, 49.611641284 ], [ 6.0322168117, 49.6112824995 ], [ 6.0320278619, 49.611115717300002 ], [ 6.0316086947, 49.610711882099999 ], [ 6.0313550193, 49.610348008300001 ], [ 6.0310807076, 49.6104016066 ], [ 6.0302671473, 49.6104507075 ], [ 6.02921988, 49.610441560799998 ], [ 6.0286289826, 49.610424221499997 ], [ 6.0264544587, 49.610060600099999 ], [ 6.0219056034, 49.609543760100003 ], [ 6.0197345169, 49.609771741700001 ], [ 6.0174167225, 49.609781964500002 ], [ 6.0141392506, 49.6108546647 ], [ 6.0133570504, 49.611360882200003 ], [ 6.0126968434, 49.610099455 ], [ 6.0126742038, 49.609072103400003 ], [ 6.0111183189, 49.607802391600003 ], [ 6.0099915404, 49.607531514 ], [ 6.0095105566, 49.607203955700001 ], [ 6.0085908998, 49.604310955599999 ], [ 6.007983759, 49.6042680981 ], [ 6.0070912998, 49.6039074332 ], [ 6.0057030284, 49.602354293399998 ], [ 6.0047812237, 49.601618877900002 ], [ 6.0009505951, 49.599602066899998 ], [ 5.9997512971, 49.5987865695 ], [ 5.9991344189, 49.597087324599997 ], [ 5.9986404325, 49.596734382800001 ], [ 5.9986845573, 49.595237278900001 ], [ 5.9984344785, 49.594510888800002 ], [ 5.999711844, 49.594332294300003 ], [ 5.9996653171, 49.594117449199999 ], [ 6.0032172693, 49.5930860498 ], [ 6.0090139234, 49.592541591299998 ], [ 6.0104505548, 49.592701590300003 ] ] ] ] } },
{ "type": "Feature", "properties": { "name": "Bettembourg", "canton": "Esch-sur-Alzette", "district": "Luxembourg", "lau2": "0201" }, "geometry": { "type": "MultiPolygon", "coordinates": [ [ [ [ 6.0603542517, 49.545616733300001 ], [ 6.0602824284, 49.544393687800003 ], [ 6.0594581664, 49.5441491204 ], [ 6.0610078718, 49.542841969400001 ], [ 6.0612536203, 49.5421662611 ], [ 6.0586223085, 49.539925565600001 ], [ 6.0592980316, 49.538566912100002 ], [ 6.0605982181, 49.536829172499999 ], [ 6.0615546006, 49.533627970200001 ], [ 6.0622400815, 49.5327302281 ], [ 6.0624796689, 49.532080953300003 ], [ 6.0620331591, 49.528924311899999 ], [ 6.0579138853, 49.527462816 ], [ 6.0582683068, 49.527165247100001 ], [ 6.0543681125, 49.525131580699998 ], [ 6.0531941297, 49.524218557700003 ], [ 6.0535063857, 49.523291024400002 ], [ 6.0548108965, 49.522694217400002 ], [ 6.0556493468, 49.5217243544 ], [ 6.0545398072, 49.521551125800002 ], [ 6.054037235, 49.522208517099997 ], [ 6.0513215513, 49.522015981 ], [ 6.0510919165, 49.520573095 ], [ 6.0518849633, 49.520380003200003 ], [ 6.0511505088, 49.519484919600004 ], [ 6.0505075156, 49.5190266595 ], [ 6.050953406, 49.518796782199999 ], [ 6.0511939484, 49.518904764600002 ], [ 6.0523769492, 49.517707119199997 ], [ 6.0536633453, 49.516823722700003 ], [ 6.0513927702, 49.515843324899997 ], [ 6.0518367457, 49.515415439 ], [ 6.0509315818, 49.514971565800003 ], [ 6.0511011108, 49.514659886899999 ], [ 6.0489417099, 49.513971971399997 ], [ 6.0483980175, 49.513819472800002 ], [ 6.0481445775, 49.512962049499997 ], [ 6.0475784368, 49.512813273299997 ], [ 6.0487219083, 49.5115095994 ], [ 6.0462380386, 49.511212649400001 ], [ 6.0450257615, 49.511327370399997 ], [ 6.0432175315, 49.5119533441 ], [ 6.0411612152, 49.512040287399998 ], [ 6.0408956243, 49.510361303499998 ], [ 6.040053411, 49.508361322 ], [ 6.0393918299, 49.504682324900003 ], [ 6.0398008459, 49.504309741500002 ], [ 6.041379301, 49.504155921799999 ], [ 6.0444519251, 49.504128697900001 ], [ 6.0443927179, 49.5038883641 ], [ 6.0470803102, 49.503607559499997 ], [ 6.0472017075, 49.503805023699996 ], [ 6.0500826308, 49.504485308 ], [ 6.0514968808, 49.505751437800001 ], [ 6.0519650635, 49.506557891299998 ], [ 6.0541170388, 49.5063728728 ], [ 6.0539513372, 49.506261481 ], [ 6.0562376247, 49.505280099 ], [ 6.0567809427, 49.505941892199999 ], [ 6.058312326, 49.505217522800002 ], [ 6.0568116783, 49.503480544299997 ], [ 6.0583181836, 49.502447555899998 ], [ 6.0587772984, 49.501896127 ], [ 6.0585601074, 49.501572303899998 ], [ 6.0588036164, 49.501581640399998 ], [ 6.058205209, 49.500515579100004 ], [ 6.0615986209, 49.500219581400003 ], [ 6.0663937942, 49.499953252099999 ], [ 6.0669890262, 49.499717418300001 ], [ 6.067809717, 49.500250619699997 ], [ 6.0688998462, 49.499752190300001 ], [ 6.0708428832, 49.498342093700003 ], [ 6.0713815314, 49.4991946799 ], [ 6.0718335013, 49.500971089099998 ], [ 6.0725777327, 49.501050831599997 ], [ 6.0725516042, 49.504261494200001 ], [ 6.0729193476, 49.505698807800002 ], [ 6.0745941996, 49.505623870599997 ], [ 6.0770738813, 49.505509321600002 ], [ 6.077170363, 49.504779053299998 ], [ 6.0868981679, 49.503506412500002 ], [ 6.0868983824, 49.503299454 ], [ 6.0887483994, 49.502679766299998 ], [ 6.0887558863, 49.502564954199997 ], [ 6.090995059, 49.500853048400003 ], [ 6.0911463911, 49.500934437200002 ], [ 6.093071772, 49.499725861800002 ], [ 6.0934151501, 49.499969742200001 ], [ 6.0937412149, 49.499792823600004 ], [ 6.0948855909, 49.500770885199998 ], [ 6.0957554145, 49.502605624700003 ], [ 6.0964611816, 49.502462244699998 ], [ 6.0967315496, 49.502628746399999 ], [ 6.0967976562, 49.502741176199997 ], [ 6.0964846337, 49.502828981900002 ], [ 6.0966108115, 49.503064753499999 ], [ 6.0963632348, 49.504036277700003 ], [ 6.0969813466, 49.5041663521 ], [ 6.0969433708, 49.504577234400003 ], [ 6.0972615845, 49.5048744594 ], [ 6.0997562774, 49.5051530036 ], [ 6.099370975, 49.505634722800004 ], [ 6.0994021108, 49.506132905500003 ], [ 6.1041168715, 49.506952006399999 ], [ 6.107033642, 49.507049478100001 ], [ 6.1077500237, 49.505703772399997 ], [ 6.1094392669, 49.503644905 ], [ 6.1091265906, 49.503501159499997 ], [ 6.1107803908, 49.501353816699996 ], [ 6.1146179034, 49.501721430800004 ], [ 6.1162109812, 49.499691505800001 ], [ 6.1200202584, 49.4979031592 ], [ 6.1242976228, 49.495346538 ], [ 6.128035636, 49.493922096699997 ], [ 6.1280712977, 49.493912596100003 ], [ 6.1265782943, 49.497517238699999 ], [ 6.1265744732, 49.499397786700001 ], [ 6.1270951445, 49.5000333387 ], [ 6.1262644436, 49.5016462886 ], [ 6.1257062518, 49.503693324899999 ], [ 6.1261418329, 49.503695953 ], [ 6.1262827115, 49.5048534807 ], [ 6.1258258785, 49.505432277300002 ], [ 6.1263830795, 49.505921118099998 ], [ 6.1254530638, 49.5063019575 ], [ 6.1280463952, 49.509204357100003 ], [ 6.1278479942, 49.509890764700003 ], [ 6.1270051431, 49.510806395 ], [ 6.1252962517, 49.513744394299998 ], [ 6.1257399262, 49.513981552 ], [ 6.1248508607, 49.514987906099996 ], [ 6.1243073087, 49.515039827499997 ], [ 6.1220254405, 49.5178301256 ], [ 6.1207723967, 49.518688023 ], [ 6.1195615956, 49.519163737699998 ], [ 6.1183735233, 49.520007555500001 ], [ 6.1180367634, 49.5198278867 ], [ 6.1170870253, 49.520455258699997 ], [ 6.1165432993, 49.522279674799996 ], [ 6.1151983463, 49.52595389 ], [ 6.1140774252, 49.525600532600002 ], [ 6.1134104414, 49.526949101100001 ], [ 6.1134506826, 49.527183950100003 ], [ 6.1138206034, 49.527258370200002 ], [ 6.1135019175, 49.527886819599999 ], [ 6.1109008564, 49.527311112699998 ], [ 6.1102536009, 49.527099369399998 ], [ 6.1102840759, 49.526953026800001 ], [ 6.1090700902, 49.526827788 ], [ 6.107339935, 49.526090657899999 ], [ 6.1071210208, 49.526485866500003 ], [ 6.1057520071, 49.5264063941 ], [ 6.1057608963, 49.528031159100003 ], [ 6.1056130848, 49.528349024800001 ], [ 6.1045933344, 49.528014214199999 ], [ 6.1032714764, 49.5317720161 ], [ 6.1020197073, 49.531447457299997 ], [ 6.1013628931, 49.532991886300003 ], [ 6.0993745901, 49.535057706400003 ], [ 6.0990084064, 49.534991298500003 ], [ 6.0994569174, 49.535984181499998 ], [ 6.0981202131, 49.5376590204 ], [ 6.0969986651, 49.5384909944 ], [ 6.0980834613, 49.539090500699999 ], [ 6.0982745612, 49.540193536399997 ], [ 6.0978940033, 49.540749400199999 ], [ 6.0975246372, 49.5407355209 ], [ 6.0971798713, 49.541316408100002 ], [ 6.0991108223, 49.541688138200001 ], [ 6.0973899032, 49.543126957600002 ], [ 6.0936632794, 49.544529338300002 ], [ 6.0930864618, 49.544401872 ], [ 6.0926339529, 49.545234706 ], [ 6.0904533336, 49.547007404299997 ], [ 6.0885690081, 49.5467336098 ], [ 6.0876311925, 49.548297851599997 ], [ 6.0876058419, 49.548616865299998 ], [ 6.0879972293, 49.548951431900001 ], [ 6.0867741762, 49.549885239699996 ], [ 6.0869270748, 49.551021352799999 ], [ 6.0866146238, 49.551411816600002 ], [ 6.0846337765, 49.552029591699998 ], [ 6.0834183962, 49.551271730899998 ], [ 6.0809441047, 49.550463906200001 ], [ 6.0794550136, 49.5502279301 ], [ 6.0790482866, 49.550457766 ], [ 6.0786026905, 49.550316229499998 ], [ 6.0783908532, 49.550538201099997 ], [ 6.0779681871, 49.550637946800002 ], [ 6.0772105689, 49.550487334700001 ], [ 6.075945262, 49.550886168700004 ], [ 6.074373589, 49.550785980500002 ], [ 6.0724637333, 49.550872311500001 ], [ 6.0710443555, 49.550695760399996 ], [ 6.0697722839, 49.550285052900001 ], [ 6.0688637716, 49.549448660800003 ], [ 6.0676162857, 49.549184307600001 ], [ 6.0665418769, 49.549332045699998 ], [ 6.0645166899, 49.548864320600003 ], [ 6.0629977003, 49.5482310501 ], [ 6.0611574584, 49.547705278 ], [ 6.0603542517, 49.545616733300001 ] ] ] ] } },
{ "type": "Feature", "properties": { "name": "Bettendorf", "canton": "Diekirch", "district": "Diekirch", "lau2": "0601" }, "geometry": { "type": "MultiPolygon", "coordinates": [ [ [ [ 6.2201505757, 49.849402943 ], [ 6.2237703529, 49.849906237200003 ], [ 6.2283421176, 49.849671661800002 ], [ 6.2301372506, 49.84943797 ], [ 6.232630687, 49.849486514799999 ], [ 6.2330335627, 49.849197346 ], [ 6.2342032901, 49.8492486687 ], [ 6.2349915829, 49.849449178100002 ], [ 6.2361641165, 49.849297525 ], [ 6.2369911663, 49.849389444800003 ], [ 6.2375541788, 49.849800021299998 ], [ 6.2376941087, 49.850408826500001 ], [ 6.238739019, 49.851844277200001 ], [ 6.2399421299, 49.852477394600001 ], [ 6.2413579785, 49.852843809699998 ], [ 6.2415889929, 49.853354553899997 ], [ 6.2423874597, 49.854071904100003 ], [ 6.2435243214, 49.854567920100003 ], [ 6.2431193864, 49.855226632 ], [ 6.2441860926, 49.855272527099999 ], [ 6.2459728243, 49.854802789899999 ], [ 6.2464070573, 49.855028644100003 ], [ 6.2472344544, 49.856649372200003 ], [ 6.2481109141, 49.857553354899999 ], [ 6.2470908167, 49.858312420600001 ], [ 6.2503692449, 49.859042311099998 ], [ 6.2507753332, 49.859961929699999 ], [ 6.2503267695, 49.860629562299998 ], [ 6.2512954492, 49.860864058200001 ], [ 6.251984615, 49.861214253100002 ], [ 6.2516550245, 49.861674210499999 ], [ 6.2491937094, 49.861009691900001 ], [ 6.2483019718, 49.861746182499999 ], [ 6.2474016458, 49.863814064099998 ], [ 6.2475389366, 49.865500246899998 ], [ 6.2463269719, 49.866782025299997 ], [ 6.2454437171, 49.868419615100002 ], [ 6.2460497701, 49.869455443 ], [ 6.2466546393, 49.869753661799997 ], [ 6.2470320687, 49.870212084899997 ], [ 6.2500077425, 49.872510358699998 ], [ 6.251201407, 49.873066755099998 ], [ 6.2514329183, 49.8775395758 ], [ 6.2498014809, 49.879800856 ], [ 6.2483450692, 49.881201106200002 ], [ 6.2498456737, 49.883472163199997 ], [ 6.2472702291, 49.8847794733 ], [ 6.2434584215, 49.886238119399998 ], [ 6.2369248939, 49.887998386200003 ], [ 6.2344890726, 49.888903143199997 ], [ 6.2338948864, 49.889599976600003 ], [ 6.2328694479, 49.891946046900003 ], [ 6.2317018731, 49.892413887700002 ], [ 6.2305717923, 49.892666668899999 ], [ 6.230305524, 49.892379448699998 ], [ 6.2286635272, 49.8927345046 ], [ 6.2257690179, 49.892644514399997 ], [ 6.2243084488, 49.892876569800002 ], [ 6.2217748023, 49.892922562599999 ], [ 6.2186146599, 49.893273919 ], [ 6.2172529343, 49.893050739499998 ], [ 6.2102434128, 49.889131059699999 ], [ 6.208365606, 49.887804104399997 ], [ 6.2073768176, 49.888185291500001 ], [ 6.2053382267, 49.888573293199997 ], [ 6.2044246991, 49.887889767399997 ], [ 6.2024245016, 49.888274828699998 ], [ 6.2001875954, 49.886044926300002 ], [ 6.1999156235, 49.886139224499999 ], [ 6.198421041, 49.884437721099999 ], [ 6.1937779515, 49.886228001399999 ], [ 6.1941128436, 49.886656774400002 ], [ 6.1929753642, 49.8870598102 ], [ 6.1905324258, 49.8836074982 ], [ 6.1901500565, 49.882709506 ], [ 6.1902233705, 49.8815124861 ], [ 6.1899769053, 49.881097439800001 ], [ 6.1888092463, 49.879785002600002 ], [ 6.1885092551, 49.8796956288 ], [ 6.1880408619, 49.879832469599997 ], [ 6.1902920994, 49.8744102717 ], [ 6.1903277917, 49.874167123100001 ], [ 6.1900549367, 49.874117297399998 ], [ 6.189536543, 49.873005127500001 ], [ 6.1884443922, 49.8722691201 ], [ 6.1884707496, 49.871943700800003 ], [ 6.1894703631, 49.871148448200003 ], [ 6.1898441572, 49.870826764299999 ], [ 6.1885195692, 49.870725187799998 ], [ 6.1878738301, 49.871472045300003 ], [ 6.1865398888, 49.871739439800002 ], [ 6.1847827862, 49.873100445299997 ], [ 6.1799267421, 49.872318772100002 ], [ 6.1787476629, 49.872421657899999 ], [ 6.1779458977, 49.872262448500003 ], [ 6.1775966912, 49.872516905099999 ], [ 6.1770654049, 49.872183939899998 ], [ 6.1763399879, 49.872003782900002 ], [ 6.1763768551, 49.871213300100003 ], [ 6.1771046979, 49.869978292299997 ], [ 6.1786858555, 49.870126428500001 ], [ 6.1788997985, 49.869157346800002 ], [ 6.1791429678, 49.869191279500001 ], [ 6.1793599726, 49.868559047200002 ], [ 6.1784380846, 49.868322300800003 ], [ 6.1756202828, 49.868073823400003 ], [ 6.1760165909, 49.866656435 ], [ 6.1762232355, 49.866699996599998 ], [ 6.1764394126, 49.866181114100002 ], [ 6.1753077882, 49.865913566300001 ], [ 6.1753088254, 49.865795034199998 ], [ 6.1762811102, 49.864608634200003 ], [ 6.1748317326, 49.864123290899997 ], [ 6.1727962022, 49.8637831753 ], [ 6.1705557187, 49.863443209800003 ], [ 6.1678737503, 49.863238486 ], [ 6.1680631386, 49.862375467500001 ], [ 6.1673370269, 49.862641502599999 ], [ 6.1643714711, 49.862266100900001 ], [ 6.1650156715, 49.859639274700001 ], [ 6.1634126749, 49.858950723200003 ], [ 6.1622015181, 49.858843634899998 ], [ 6.1606370146, 49.858036855899996 ], [ 6.1602135192, 49.857974184500002 ], [ 6.1591280732, 49.856843840800003 ], [ 6.1575784193, 49.855931057900001 ], [ 6.1589817919, 49.853072922300001 ], [ 6.1576060234, 49.851441701699997 ], [ 6.1567387167, 49.850736653699997 ], [ 6.1559965647, 49.850441323200002 ], [ 6.1562929865, 49.8480229356 ], [ 6.1557796912, 49.847152916799999 ], [ 6.1559307617, 49.845152470899997 ], [ 6.1557279623, 49.843251758800001 ], [ 6.1609843486, 49.843240427700003 ], [ 6.1634893437, 49.842504238099998 ], [ 6.1652681081, 49.8421986898 ], [ 6.166058658, 49.842332391200003 ], [ 6.1672795733, 49.842307546800001 ], [ 6.1676251858, 49.842444653299999 ], [ 6.1693055907, 49.842448069600003 ], [ 6.1709952742, 49.842700834600002 ], [ 6.1725632117, 49.843281639899999 ], [ 6.1736477561, 49.843307298100001 ], [ 6.1743178337, 49.843878892600003 ], [ 6.1772420253, 49.845205271700003 ], [ 6.1809609126, 49.8463534168 ], [ 6.1824998127, 49.8465563225 ], [ 6.1852252135, 49.846490794 ], [ 6.1873054549, 49.846017140299999 ], [ 6.1905038311, 49.847613961299999 ], [ 6.1933991427, 49.8494002849 ], [ 6.1970957442, 49.851936869200003 ], [ 6.1982849907, 49.85326208 ], [ 6.2002987677, 49.854061355500001 ], [ 6.2012933197, 49.854462120900003 ], [ 6.2017665765, 49.854404854499997 ], [ 6.2021057488, 49.854535009 ], [ 6.203423836, 49.854176706200001 ], [ 6.2041232193, 49.853659453100001 ], [ 6.2053187318, 49.853830454499999 ], [ 6.2057954694, 49.853722463300002 ], [ 6.2059081853, 49.853893103700003 ], [ 6.2067689218, 49.853661430599999 ], [ 6.2093449543, 49.853499680900001 ], [ 6.209537968, 49.853330362199998 ], [ 6.21011081, 49.853337290200002 ], [ 6.2103689478, 49.853177224200003 ], [ 6.2107111892, 49.853271363 ], [ 6.210751818, 49.853051401199998 ], [ 6.2115133932, 49.853026109799998 ], [ 6.212198507, 49.852706633899999 ], [ 6.21238292, 49.852797259600003 ], [ 6.2123473963, 49.852563031800003 ], [ 6.2131759914, 49.852249913500003 ], [ 6.2134373096, 49.851971289 ], [ 6.2148672361, 49.851473672399997 ], [ 6.2150424127, 49.851165806300003 ], [ 6.2170947273, 49.8506121888 ], [ 6.218419885, 49.8493212403 ], [ 6.2191670731, 49.849254134500001 ], [ 6.2201505757, 49.849402943 ] ] ] ] } },
{ "type": "Feature", "properties": { "name": "Betzdorf", "canton": "Grevenmacher", "district": "Grevenmacher", "lau2": "1101" }, "geometry": { "type": "MultiPolygon", "coordinates": [ [ [ [ 6.3591589447, 49.688302465200003 ], [ 6.3594920476, 49.688461473899999 ], [ 6.3581200456, 49.689160357399999 ], [ 6.355599117, 49.688214984799998 ], [ 6.3538819707, 49.689672733199998 ], [ 6.3560788211, 49.690682579 ], [ 6.3542085796, 49.692230463 ], [ 6.3535393321, 49.6931726798 ], [ 6.3529527829, 49.6949315273 ], [ 6.3530514348, 49.695213691500001 ], [ 6.352872143, 49.695255076400002 ], [ 6.353238112, 49.696039644300001 ], [ 6.3527707531, 49.696809068699999 ], [ 6.353060019, 49.697799129300002 ], [ 6.3521161062, 49.700844948300002 ], [ 6.3491765802, 49.702750317400003 ], [ 6.3493332315, 49.702837111800001 ], [ 6.3487004439, 49.703326506700002 ], [ 6.3474035146, 49.704076778 ], [ 6.3454979438, 49.704190638100002 ], [ 6.3430221208, 49.703953008799999 ], [ 6.3418854468, 49.704032094900001 ], [ 6.3411398405, 49.7038084454 ], [ 6.3404662376, 49.703887091 ], [ 6.3393351405, 49.703630595699998 ], [ 6.3364489875, 49.7038123102 ], [ 6.3342213978, 49.703242996500002 ], [ 6.3320031979, 49.703184397400001 ], [ 6.3306415744, 49.702647324399997 ], [ 6.3295582193, 49.701309901599998 ], [ 6.3296394993, 49.700014527699999 ], [ 6.3294634865, 49.699095323400002 ], [ 6.3291568207, 49.698875530199999 ], [ 6.3285306069, 49.698657970900001 ], [ 6.3271164957, 49.6989041868 ], [ 6.3270364773, 49.698761459300002 ], [ 6.326564767, 49.698864524199998 ], [ 6.3260970619, 49.698755388199999 ], [ 6.3242787022, 49.699037969800003 ], [ 6.322062476, 49.6989693417 ], [ 6.3215387758, 49.698797550800002 ], [ 6.3203738453, 49.698816314600002 ], [ 6.3191036922, 49.698074505400001 ], [ 6.3199874956, 49.693901956099999 ], [ 6.3138796847, 49.693496828699999 ], [ 6.3129195044, 49.693835432199997 ], [ 6.3126013081, 49.694165230800003 ], [ 6.3119766541, 49.6942968484 ], [ 6.3110781843, 49.696224639900002 ], [ 6.3106166059, 49.698261967900002 ], [ 6.309684758, 49.699593325599999 ], [ 6.3078440232, 49.701436526499997 ], [ 6.3075707515, 49.703098584899998 ], [ 6.3072301647, 49.703104184799997 ], [ 6.3075214744, 49.703509257100002 ], [ 6.3024250448, 49.703629385600003 ], [ 6.2993692262, 49.704009980099997 ], [ 6.2989191401, 49.701978360699997 ], [ 6.2989810699, 49.701360788899997 ], [ 6.2995722803, 49.700010201399998 ], [ 6.3029832631, 49.694172014499998 ], [ 6.3011954515, 49.692570678300001 ], [ 6.3009768097, 49.692137744299998 ], [ 6.2983289808, 49.690293065699997 ], [ 6.2978988377, 49.689779777 ], [ 6.2982026713, 49.688122036700001 ], [ 6.2995794459, 49.688079302200002 ], [ 6.298472389, 49.686750666499996 ], [ 6.2997052478, 49.686441181 ], [ 6.298725527, 49.684350010400003 ], [ 6.2961497387, 49.684771369499998 ], [ 6.2957970003, 49.683825677500003 ], [ 6.2962790204, 49.683915364900002 ], [ 6.2972317213, 49.683592380500002 ], [ 6.2955412766, 49.683497254199999 ], [ 6.2955526666, 49.682523195500004 ], [ 6.2944205714, 49.682378729100002 ], [ 6.293379439, 49.681940231299997 ], [ 6.2927264724, 49.6823796694 ], [ 6.2914499459, 49.681783205400002 ], [ 6.2911799051, 49.681835561 ], [ 6.2908988757, 49.681592981500003 ], [ 6.2893159569, 49.681349084 ], [ 6.2884666875, 49.680864809699997 ], [ 6.2874740088, 49.6806213554 ], [ 6.2869619609, 49.680646575 ], [ 6.2856229374, 49.680188013600002 ], [ 6.2853493405, 49.680264167099999 ], [ 6.2853558564, 49.680111234400002 ], [ 6.2844478475, 49.6799685995 ], [ 6.2841513376, 49.680047012099998 ], [ 6.2837573112, 49.679819508100003 ], [ 6.2835754428, 49.6799201193 ], [ 6.2835388465, 49.679750551799998 ], [ 6.2825651836, 49.679735476899999 ], [ 6.2814160137, 49.679326208500001 ], [ 6.2813500032, 49.679467610400003 ], [ 6.2806167871, 49.679500320300001 ], [ 6.2807117099, 49.679344010500003 ], [ 6.2798884269, 49.679224426300003 ], [ 6.2800033215, 49.679363331700003 ], [ 6.2797708294, 49.679486966900001 ], [ 6.2793587548, 49.678738991499998 ], [ 6.2779306897, 49.677899671699997 ], [ 6.2784628463, 49.675913135099997 ], [ 6.2785084642, 49.673336262500001 ], [ 6.2788814575, 49.6716841032 ], [ 6.2786337493, 49.669243633599997 ], [ 6.2773310838, 49.669014163900002 ], [ 6.279777146, 49.664628525200001 ], [ 6.2803726963, 49.6645927004 ], [ 6.2812982389, 49.664867741599998 ], [ 6.2821712983, 49.6647273301 ], [ 6.2833656688, 49.665011779799997 ], [ 6.2836655186, 49.664786085300001 ], [ 6.2845241136, 49.66463044 ], [ 6.2864023449, 49.664780864199997 ], [ 6.2856400978, 49.663398168500002 ], [ 6.2855492099, 49.659424893500002 ], [ 6.280231009, 49.658762620799997 ], [ 6.2811728406, 49.657134735200003 ], [ 6.2820503372, 49.657243548700002 ], [ 6.2816602252, 49.65484635 ], [ 6.2817324386, 49.6531075487 ], [ 6.2840414673, 49.651341615600003 ], [ 6.2869530467, 49.650551457600002 ], [ 6.289180153, 49.649734041400002 ], [ 6.289444764, 49.649004516 ], [ 6.2890220333, 49.648842045499997 ], [ 6.2895992735, 49.648199177800002 ], [ 6.2885875409, 49.647918799199999 ], [ 6.2895127734, 49.6472823995 ], [ 6.2898418469, 49.64716935 ], [ 6.290058785, 49.647274844599998 ], [ 6.2890851681, 49.646503641 ], [ 6.2897626855, 49.645547601700002 ], [ 6.2902097217, 49.644073717799998 ], [ 6.2900987567, 49.642608445299999 ], [ 6.2902934946, 49.640632188399998 ], [ 6.2926695128, 49.638503456499997 ], [ 6.2934328489, 49.638694062399999 ], [ 6.2939186392, 49.638046569300002 ], [ 6.2954670558, 49.638293644400001 ], [ 6.2957251883, 49.637076296700002 ], [ 6.2955633158, 49.636355805599997 ], [ 6.3006874669, 49.637231656700003 ], [ 6.3015413187, 49.637560574600002 ], [ 6.3020291868, 49.636981628 ], [ 6.3026640269, 49.637288306 ], [ 6.3026033752, 49.636713395900003 ], [ 6.3031724001, 49.636636467700001 ], [ 6.3045497851, 49.637722433900002 ], [ 6.3059340023, 49.639461784399998 ], [ 6.3084549375, 49.641044031299998 ], [ 6.3154527754, 49.644173117800001 ], [ 6.3159447234, 49.644570579300002 ], [ 6.3174539036, 49.645295513299999 ], [ 6.3178212805, 49.645985927700004 ], [ 6.3181701641, 49.6455865808 ], [ 6.3186710055, 49.645562999900001 ], [ 6.3185071721, 49.646070726200001 ], [ 6.3190114088, 49.646589851 ], [ 6.3199332727, 49.6474192676 ], [ 6.3216285076, 49.648489486400003 ], [ 6.3223206834, 49.6477628839 ], [ 6.324191912, 49.648523513800001 ], [ 6.324005004, 49.658981648500003 ], [ 6.3137321249, 49.664848032499997 ], [ 6.3204841364, 49.669264307299997 ], [ 6.3214647179, 49.669829846500001 ], [ 6.3234416434, 49.670566851700002 ], [ 6.3275149681, 49.671446377199999 ], [ 6.3318526263, 49.672808564299999 ], [ 6.3349542375, 49.674002070900002 ], [ 6.3383424003, 49.674803787 ], [ 6.3397365641, 49.675316312900001 ], [ 6.3407381246, 49.673959356399997 ], [ 6.3413226782, 49.674293192599997 ], [ 6.3434257928, 49.674981718 ], [ 6.34614495, 49.675662835499999 ], [ 6.3485155416, 49.676084247600002 ], [ 6.3524380893, 49.676480913699997 ], [ 6.3569586, 49.6774996734 ], [ 6.3581738973, 49.677986736 ], [ 6.3586160364, 49.678381821599999 ], [ 6.3589664042, 49.678142974099998 ], [ 6.3580889468, 49.677076259400003 ], [ 6.3576279746, 49.675732104700003 ], [ 6.3563520768, 49.674239457100001 ], [ 6.3560051856, 49.674316670700001 ], [ 6.3558094267, 49.6739162828 ], [ 6.3563294741, 49.673744787300002 ], [ 6.3558785923, 49.672792998699997 ], [ 6.3547860066, 49.671947874600001 ], [ 6.355154717, 49.670874885700002 ], [ 6.3549756669, 49.670635082799997 ], [ 6.3555574384, 49.670265762299998 ], [ 6.3554024801, 49.670123130599997 ], [ 6.3557005824, 49.669666689499998 ], [ 6.3554843177, 49.669572160199998 ], [ 6.3556340732, 49.669236150899998 ], [ 6.3554609364, 49.668937466499997 ], [ 6.3559331758, 49.668524590200001 ], [ 6.3559043543, 49.667953138500003 ], [ 6.3561697973, 49.667860171100003 ], [ 6.3560630491, 49.667623857099997 ], [ 6.3573818624, 49.6670274441 ], [ 6.3595321449, 49.6667048861 ], [ 6.364720368, 49.666708444199998 ], [ 6.3678134691, 49.667752313900003 ], [ 6.3704622603, 49.667036648299998 ], [ 6.3733876606, 49.668524742800003 ], [ 6.3752460947, 49.670485044599999 ], [ 6.3734780229, 49.671090176 ], [ 6.3739044476, 49.672381850599997 ], [ 6.3748087369, 49.673653247399997 ], [ 6.37787821, 49.676435938200001 ], [ 6.3776264018, 49.676877292 ], [ 6.3770114624, 49.677999357799997 ], [ 6.3755751938, 49.679493946199997 ], [ 6.3736661339, 49.680040253800001 ], [ 6.373787517, 49.680983272699997 ], [ 6.3739935032, 49.681051613500003 ], [ 6.3738227741, 49.681210499700001 ], [ 6.374297757, 49.681576273300003 ], [ 6.3740545742, 49.681778247799997 ], [ 6.3744364349, 49.681889888500002 ], [ 6.3741026556, 49.682000174199999 ], [ 6.3742386371, 49.6828111799 ], [ 6.3740546007, 49.682865687800003 ], [ 6.3743083699, 49.683093018699999 ], [ 6.3740834363, 49.683103994 ], [ 6.3743755011, 49.683258079399998 ], [ 6.3743022337, 49.683677563800003 ], [ 6.3745082407, 49.683751199299998 ], [ 6.3743327898, 49.6838083357 ], [ 6.3749082564, 49.684168505300001 ], [ 6.3746278179, 49.684231117 ], [ 6.374898575, 49.684410350699999 ], [ 6.3748069371, 49.684530768199998 ], [ 6.3752079412, 49.684602731200002 ], [ 6.3752256772, 49.684738812399999 ], [ 6.3749536836, 49.684787204099997 ], [ 6.375213618, 49.684942666700003 ], [ 6.3750725536, 49.685024853900003 ], [ 6.3756394625, 49.686892304300002 ], [ 6.3761651482, 49.687173149499998 ], [ 6.3768038951, 49.687853828500003 ], [ 6.3762151867, 49.688235935199998 ], [ 6.3757769205, 49.687993854399998 ], [ 6.3744543775, 49.689185246400001 ], [ 6.3737497065, 49.690208418300003 ], [ 6.3624390009, 49.685213781800002 ], [ 6.3606817095, 49.686876593 ], [ 6.360652734, 49.687055074500002 ], [ 6.3611610305, 49.687563396500003 ], [ 6.3605449603, 49.687002639799999 ], [ 6.3606147446, 49.686875742799998 ], [ 6.3591589447, 49.688302465200003 ] ] ] ] } },
{ "type": "Feature", "properties": { "name": "Bissen", "canton": "Mersch", "district": "Luxembourg", "lau2": "0402" }, "geometry": { "type": "MultiPolygon", "coordinates": [ [ [ [ 6.0340936892, 49.782967773700001 ], [ 6.034717676, 49.7827051951 ], [ 6.0348229986, 49.782444251500003 ], [ 6.034765312, 49.781280631500003 ], [ 6.0353575352, 49.780566992700003 ], [ 6.0351467742, 49.780155435399998 ], [ 6.0355922856, 49.779771489300003 ], [ 6.0361698375, 49.779652387200002 ], [ 6.0362475997, 49.779365481699998 ], [ 6.0365319249, 49.7793283922 ], [ 6.0365301494, 49.779007726499998 ], [ 6.036830152, 49.7790310448 ], [ 6.0366028251, 49.778323729900002 ], [ 6.0369434939, 49.778112471299998 ], [ 6.0370150166, 49.7776903464 ], [ 6.0375094884, 49.7775396587 ], [ 6.0381378792, 49.776772371 ], [ 6.0387194374, 49.775027733800002 ], [ 6.0389422934, 49.774752297500001 ], [ 6.0396316888, 49.774511162499998 ], [ 6.0399508192, 49.7737356568 ], [ 6.0395198481, 49.773470297199999 ], [ 6.0391982131, 49.771990262599999 ], [ 6.0389266101, 49.771842208199999 ], [ 6.0387526237, 49.7714068091 ], [ 6.0384223553, 49.77137582 ], [ 6.0392242297, 49.770339724 ], [ 6.0391521348, 49.769826074400001 ], [ 6.037971175, 49.768541341800002 ], [ 6.0379224733, 49.767734870399998 ], [ 6.0371285475, 49.766371917699999 ], [ 6.0408332174, 49.764888810899997 ], [ 6.0443238149, 49.763960753900001 ], [ 6.0453012673, 49.764363916400001 ], [ 6.0480582792, 49.7660526242 ], [ 6.0498296854, 49.766780508 ], [ 6.0523713191, 49.768193219399997 ], [ 6.0525792966, 49.768641902299997 ], [ 6.0524289795, 49.768858187900001 ], [ 6.0549762542, 49.768899649300003 ], [ 6.0550284423, 49.769142666 ], [ 6.0585508166, 49.7705695828 ], [ 6.0591710043, 49.770610962799999 ], [ 6.060527075, 49.771060138599999 ], [ 6.060897226, 49.770976091599998 ], [ 6.0614033078, 49.771159498599999 ], [ 6.0624239216, 49.771114977899998 ], [ 6.0635150337, 49.771405174 ], [ 6.0643445394, 49.771189002500002 ], [ 6.0660336519, 49.7711103372 ], [ 6.0665814295, 49.770931089100003 ], [ 6.0669035074, 49.771043339199998 ], [ 6.067881739, 49.770452122899997 ], [ 6.0688762536, 49.770295138500003 ], [ 6.0691814689, 49.770406118300002 ], [ 6.0704613472, 49.769954779300001 ], [ 6.0714240879, 49.769182140600002 ], [ 6.0717024708, 49.769207571499997 ], [ 6.073052504, 49.7686137313 ], [ 6.0735627667, 49.768605055199998 ], [ 6.0739702211, 49.768258322599998 ], [ 6.0761299721, 49.7675613778 ], [ 6.0773425458, 49.767408223099999 ], [ 6.0773182507, 49.767650316299999 ], [ 6.0786936294, 49.767894934799997 ], [ 6.0780967662, 49.768678651 ], [ 6.0788962199, 49.772197758 ], [ 6.0803848835, 49.773619286399999 ], [ 6.0816574954, 49.774287894899999 ], [ 6.0826717119, 49.774580137199997 ], [ 6.0824817776, 49.774724569699998 ], [ 6.0846973429, 49.775438163700002 ], [ 6.0964392135, 49.778452461199997 ], [ 6.0985827401, 49.780331034500001 ], [ 6.0994099686, 49.780729190800002 ], [ 6.0993306768, 49.780835972299997 ], [ 6.0972443321, 49.780932199799999 ], [ 6.0960680039, 49.7831502887 ], [ 6.096549487, 49.783297761599997 ], [ 6.0969091435, 49.782695736199997 ], [ 6.097337003, 49.782792573400002 ], [ 6.0962079872, 49.784439042899997 ], [ 6.0978314341, 49.7849383195 ], [ 6.0977606588, 49.786540119100003 ], [ 6.1010773924, 49.787931594 ], [ 6.1006266207, 49.788514851800002 ], [ 6.1016913995, 49.788978085399997 ], [ 6.0980970853, 49.790842588 ], [ 6.0981964813, 49.791309832 ], [ 6.0947102154, 49.792960988300003 ], [ 6.0912824486, 49.794034028699997 ], [ 6.0897968291, 49.793813501499997 ], [ 6.0893073654, 49.794008883399997 ], [ 6.0887774304, 49.794468446 ], [ 6.084930634, 49.796524732599998 ], [ 6.0846920047, 49.796761135499999 ], [ 6.084640962, 49.797112150499999 ], [ 6.0849019019, 49.797398735199998 ], [ 6.0846886276, 49.797628619800001 ], [ 6.0830191222, 49.7976123145 ], [ 6.0809723684, 49.798188399600001 ], [ 6.0788275667, 49.7979363655 ], [ 6.0765957878, 49.798210252099999 ], [ 6.0763057251, 49.7981458402 ], [ 6.0761487653, 49.797756823900002 ], [ 6.0756325212, 49.797453430099999 ], [ 6.075040901, 49.797840343799997 ], [ 6.0749333325, 49.798312117599998 ], [ 6.0731574913, 49.799007559800003 ], [ 6.0724773621, 49.799617690600002 ], [ 6.0708355681, 49.800450296800001 ], [ 6.0690624854, 49.800874671400003 ], [ 6.0676578355, 49.800952267900001 ], [ 6.0664462764, 49.801423035 ], [ 6.0636042085, 49.801336097300002 ], [ 6.0623776434, 49.801142764 ], [ 6.0614036728, 49.804238061 ], [ 6.0615249278, 49.80652376 ], [ 6.0628775602, 49.808034325599998 ], [ 6.065070708, 49.8084260977 ], [ 6.0661835702, 49.808869082599998 ], [ 6.0654164715, 49.809424323800002 ], [ 6.0631144473, 49.810337567399998 ], [ 6.0610217838, 49.811394960900003 ], [ 6.0571238619, 49.814078298699997 ], [ 6.0537664505, 49.815081442299999 ], [ 6.0530952881, 49.8151590473 ], [ 6.0517525998, 49.815043859500001 ], [ 6.0490870995, 49.815645994800001 ], [ 6.048305645, 49.8159935487 ], [ 6.0466313464, 49.8169186143 ], [ 6.0449071395, 49.818136672199998 ], [ 6.0442890901, 49.8191335072 ], [ 6.044449123, 49.820727615899997 ], [ 6.0431348628, 49.823044668400001 ], [ 6.0407657509, 49.822820856600003 ], [ 6.0364761625, 49.822027148 ], [ 6.0322604274, 49.819737057300003 ], [ 6.0315970272, 49.816897709599999 ], [ 6.0297752725, 49.813911537499997 ], [ 6.0285969226, 49.812699717900003 ], [ 6.0288718812, 49.811569044700001 ], [ 6.0279175245, 49.810362852200001 ], [ 6.0283456562, 49.809639327500001 ], [ 6.0305921825, 49.808866738900001 ], [ 6.0299442811, 49.808198540100001 ], [ 6.0306021779, 49.807699452800001 ], [ 6.0369008349, 49.804767098200003 ], [ 6.0385692561, 49.803769960399997 ], [ 6.0350641914, 49.803439663299997 ], [ 6.029842083, 49.801582611800001 ], [ 6.0291352246, 49.801257054499999 ], [ 6.0287964096, 49.8007637348 ], [ 6.0265008516, 49.800428161299997 ], [ 6.0259743148, 49.799896898199997 ], [ 6.0255688675, 49.799999347 ], [ 6.0195024135, 49.798467416800001 ], [ 6.0197184803, 49.7978966019 ], [ 6.0207000288, 49.796819968400001 ], [ 6.0190833411, 49.796287937599999 ], [ 6.0152233982, 49.795439934 ], [ 6.0155897488, 49.793623965199998 ], [ 6.0153354158, 49.792663153600003 ], [ 6.0145321225, 49.791436761500002 ], [ 6.0145369541, 49.790951205900001 ], [ 6.0126065745, 49.790240546200003 ], [ 6.0135014857, 49.788996602 ], [ 6.0135647557, 49.787982271099999 ], [ 6.0132600562, 49.787981048600003 ], [ 6.0131160587, 49.787597627399997 ], [ 6.0132812176, 49.787162246100003 ], [ 6.0136095648, 49.786968931499999 ], [ 6.0140629049, 49.786439662900001 ], [ 6.0162728789, 49.785704351500002 ], [ 6.0173918912, 49.7847993221 ], [ 6.0176693392, 49.784286804099999 ], [ 6.0185428665, 49.784058196799997 ], [ 6.0188768474, 49.783575022199997 ], [ 6.0203378063, 49.7830574344 ], [ 6.0211417204, 49.782934836899997 ], [ 6.0224324357, 49.781921906100003 ], [ 6.0235470687, 49.781485777100002 ], [ 6.0237625565, 49.781530098700003 ], [ 6.0239290208, 49.781281252200003 ], [ 6.0249496501, 49.781116675500002 ], [ 6.0252618971, 49.780900903099997 ], [ 6.0260153054, 49.781036513899998 ], [ 6.026345797, 49.781249906699998 ], [ 6.028306085, 49.781565977900001 ], [ 6.0290088943, 49.781401469599999 ], [ 6.0297888195, 49.781667417100003 ], [ 6.0299737644, 49.781570077799998 ], [ 6.0298569071, 49.781428254300003 ], [ 6.0301773428, 49.781383850899999 ], [ 6.0303854833, 49.781514768199997 ], [ 6.0316125244, 49.781229918500003 ], [ 6.0330426168, 49.781382079099998 ], [ 6.0334101069, 49.781689942299998 ], [ 6.0340936892, 49.782967773700001 ] ] ] ] } },
{ "type": "Feature", "properties": { "name": "Biwer", "canton": "Grevenmacher", "district": "Grevenmacher", "lau2": "1102" }, "geometry": { "type": "MultiPolygon", "coordinates": [ [ [ [ 6.3532851416, 49.737694876100001 ], [ 6.3526130979, 49.737546984799998 ], [ 6.3519873207, 49.736967484 ], [ 6.3512424111, 49.7381670097 ], [ 6.3505629836, 49.7375211803 ], [ 6.3503984808, 49.737567941 ], [ 6.3496924429, 49.737075010200002 ], [ 6.3474674996, 49.736620915099998 ], [ 6.3475644549, 49.736326054400003 ], [ 6.3461854867, 49.735996234200002 ], [ 6.3449619111, 49.735384117499997 ], [ 6.3461516726, 49.733888776900002 ], [ 6.3482506717, 49.732025271 ], [ 6.3469100526, 49.7313885067 ], [ 6.3466656107, 49.731516375399998 ], [ 6.3460096223, 49.7308432401 ], [ 6.3447967144, 49.730415848 ], [ 6.3441635169, 49.731078954799997 ], [ 6.3439509973, 49.731939718500001 ], [ 6.3428039559, 49.731636503200001 ], [ 6.341185293, 49.731610516400004 ], [ 6.3421171876, 49.7311840363 ], [ 6.3395360755, 49.731502466199998 ], [ 6.3393884514, 49.731745905300002 ], [ 6.336260708, 49.731779426099997 ], [ 6.3327170506, 49.732446446799997 ], [ 6.3326660783, 49.732157725599997 ], [ 6.3320046435, 49.732181037499998 ], [ 6.331556987, 49.732422528400001 ], [ 6.3273138422, 49.732158961400003 ], [ 6.3264411676, 49.731597698599998 ], [ 6.3234751696, 49.731142531400003 ], [ 6.3219482152, 49.7312073099 ], [ 6.3208034269, 49.731076830100001 ], [ 6.3211297084, 49.730183680800003 ], [ 6.3211292363, 49.728481539400001 ], [ 6.3217502508, 49.727684818100002 ], [ 6.3205362919, 49.726910289400003 ], [ 6.3180746824, 49.724543719499998 ], [ 6.3185775306, 49.723709029399998 ], [ 6.3167615062, 49.722581528500001 ], [ 6.3145017042, 49.722766524100003 ], [ 6.3146755164, 49.722506405 ], [ 6.3162626767, 49.720368215 ], [ 6.3182562459, 49.720943455600001 ], [ 6.3199953728, 49.718473109900003 ], [ 6.3202860949, 49.716612072099998 ], [ 6.3223763348, 49.714054498400003 ], [ 6.3232251507, 49.713699874299998 ], [ 6.3233201265, 49.712889869 ], [ 6.3230827718, 49.712662117800001 ], [ 6.3205845844, 49.712064135699997 ], [ 6.3244081323, 49.708367924400001 ], [ 6.3214580771, 49.707494589900001 ], [ 6.321682911, 49.706923272099999 ], [ 6.3212708108, 49.706479412 ], [ 6.3200020793, 49.705874479400002 ], [ 6.3191880927, 49.705781047400002 ], [ 6.3186834923, 49.7052092335 ], [ 6.3155265342, 49.703939035499999 ], [ 6.3124443819, 49.703205627700001 ], [ 6.3112410014, 49.7030799096 ], [ 6.3096607632, 49.703192091699997 ], [ 6.3075707515, 49.703098584899998 ], [ 6.3078440232, 49.701436526499997 ], [ 6.309684758, 49.699593325599999 ], [ 6.3106166059, 49.698261967900002 ], [ 6.3110781843, 49.696224639900002 ], [ 6.3119766541, 49.6942968484 ], [ 6.3126013081, 49.694165230800003 ], [ 6.3129195044, 49.693835432199997 ], [ 6.3138796847, 49.693496828699999 ], [ 6.3199874956, 49.693901956099999 ], [ 6.3191036922, 49.698074505400001 ], [ 6.3203738453, 49.698816314600002 ], [ 6.3215387758, 49.698797550800002 ], [ 6.322062476, 49.6989693417 ], [ 6.3242787022, 49.699037969800003 ], [ 6.3260970619, 49.698755388199999 ], [ 6.326564767, 49.698864524199998 ], [ 6.3270364773, 49.698761459300002 ], [ 6.3271164957, 49.6989041868 ], [ 6.3285306069, 49.698657970900001 ], [ 6.3291568207, 49.698875530199999 ], [ 6.3294634865, 49.699095323400002 ], [ 6.3296394993, 49.700014527699999 ], [ 6.3295582193, 49.701309901599998 ], [ 6.3306415744, 49.702647324399997 ], [ 6.3320031979, 49.703184397400001 ], [ 6.3342213978, 49.703242996500002 ], [ 6.3364489875, 49.7038123102 ], [ 6.3393351405, 49.703630595699998 ], [ 6.3404662376, 49.703887091 ], [ 6.3411398405, 49.7038084454 ], [ 6.3418854468, 49.704032094900001 ], [ 6.3430221208, 49.703953008799999 ], [ 6.3454979438, 49.704190638100002 ], [ 6.3474035146, 49.704076778 ], [ 6.3487004439, 49.703326506700002 ], [ 6.3493332315, 49.702837111800001 ], [ 6.3491765802, 49.702750317400003 ], [ 6.3521161062, 49.700844948300002 ], [ 6.353060019, 49.697799129300002 ], [ 6.3527707531, 49.696809068699999 ], [ 6.353238112, 49.696039644300001 ], [ 6.352872143, 49.695255076400002 ], [ 6.3530514348, 49.695213691500001 ], [ 6.3529527829, 49.6949315273 ], [ 6.3535393321, 49.6931726798 ], [ 6.3542085796, 49.692230463 ], [ 6.3560788211, 49.690682579 ], [ 6.3538819707, 49.689672733199998 ], [ 6.355599117, 49.688214984799998 ], [ 6.3581200456, 49.689160357399999 ], [ 6.3594920476, 49.688461473899999 ], [ 6.3591589447, 49.688302465200003 ], [ 6.3606147446, 49.686875742799998 ], [ 6.3605449603, 49.687002639799999 ], [ 6.3611610305, 49.687563396500003 ], [ 6.360652734, 49.687055074500002 ], [ 6.3606817095, 49.686876593 ], [ 6.3624390009, 49.685213781800002 ], [ 6.3737497065, 49.690208418300003 ], [ 6.3744543775, 49.689185246400001 ], [ 6.3757769205, 49.687993854399998 ], [ 6.3762151867, 49.688235935199998 ], [ 6.3768038951, 49.687853828500003 ], [ 6.3761651482, 49.687173149499998 ], [ 6.3756394625, 49.686892304300002 ], [ 6.3750725536, 49.685024853900003 ], [ 6.375213618, 49.684942666700003 ], [ 6.3749536836, 49.684787204099997 ], [ 6.3752256772, 49.684738812399999 ], [ 6.3752079412, 49.684602731200002 ], [ 6.3748069371, 49.684530768199998 ], [ 6.374898575, 49.684410350699999 ], [ 6.3746278179, 49.684231117 ], [ 6.3749082564, 49.684168505300001 ], [ 6.3743327898, 49.6838083357 ], [ 6.3745082407, 49.683751199299998 ], [ 6.3743022337, 49.683677563800003 ], [ 6.3743755011, 49.683258079399998 ], [ 6.3740834363, 49.683103994 ], [ 6.3743083699, 49.683093018699999 ], [ 6.3740546007, 49.682865687800003 ], [ 6.3742386371, 49.6828111799 ], [ 6.3741026556, 49.682000174199999 ], [ 6.3744364349, 49.681889888500002 ], [ 6.3740545742, 49.681778247799997 ], [ 6.374297757, 49.681576273300003 ], [ 6.3738227741, 49.681210499700001 ], [ 6.3739935032, 49.681051613500003 ], [ 6.373787517, 49.680983272699997 ], [ 6.3736661339, 49.680040253800001 ], [ 6.3755751938, 49.679493946199997 ], [ 6.3770114624, 49.677999357799997 ], [ 6.3776264018, 49.676877292 ], [ 6.3790056955, 49.677717234600003 ], [ 6.3821702243, 49.678420319 ], [ 6.3867926894, 49.679030823600002 ], [ 6.3884072029, 49.679572240299997 ], [ 6.3890104099, 49.679756210199997 ], [ 6.3914593981, 49.680500479499997 ], [ 6.3915333762, 49.680523120499998 ], [ 6.3959023076, 49.681862976700003 ], [ 6.3968354584, 49.681944709699998 ], [ 6.398331681, 49.684012769100001 ], [ 6.3992867772, 49.683510569600003 ], [ 6.401072613, 49.685276071099999 ], [ 6.4034040964, 49.68814518 ], [ 6.4029479638, 49.6883228433 ], [ 6.4049186659, 49.689840721300001 ], [ 6.405912306, 49.690866462099997 ], [ 6.4040608138, 49.691550702400001 ], [ 6.4051547288, 49.692797429099997 ], [ 6.4082151008, 49.6953196523 ], [ 6.4092068045, 49.6963431382 ], [ 6.409050469, 49.697923782300002 ], [ 6.4079939283, 49.698803331199997 ], [ 6.4059220406, 49.700036033899998 ], [ 6.4039546284, 49.701112853799998 ], [ 6.4030231992, 49.701387860499999 ], [ 6.4025206838, 49.702056418700003 ], [ 6.4012255758, 49.701820218 ], [ 6.4009218732, 49.702370227300001 ], [ 6.4028642155, 49.702872657599997 ], [ 6.4033239938, 49.703115967199999 ], [ 6.4040465985, 49.703906803099997 ], [ 6.4044436985, 49.705321818100003 ], [ 6.4048769253, 49.705722884499998 ], [ 6.4055567111, 49.706028570699999 ], [ 6.4052345394, 49.706059748100003 ], [ 6.4044727478, 49.705664634199998 ], [ 6.4028906385, 49.7033858745 ], [ 6.402351952, 49.703110563099997 ], [ 6.400640239, 49.703028567099999 ], [ 6.3976679655, 49.703519837100004 ], [ 6.3977073875, 49.703932286499999 ], [ 6.3972576014, 49.7041450145 ], [ 6.397218789, 49.703811027 ], [ 6.3968973245, 49.703728526299997 ], [ 6.3972597916, 49.705363398199999 ], [ 6.3970417761, 49.7069849465 ], [ 6.3978852973, 49.707555897600002 ], [ 6.3978364908, 49.70816963 ], [ 6.3949397261, 49.706644163900002 ], [ 6.3936926954, 49.706569134600002 ], [ 6.3921958355, 49.707602125599998 ], [ 6.3912029235, 49.708064040300002 ], [ 6.3908074548, 49.708734857099998 ], [ 6.3898166146, 49.708641705200002 ], [ 6.3887262722, 49.709395431099999 ], [ 6.3879592742, 49.7095068625 ], [ 6.3883276944, 49.711294000400002 ], [ 6.3890130907, 49.712222434099999 ], [ 6.3892522341, 49.713155541 ], [ 6.3889144827, 49.713779199900003 ], [ 6.3889923749, 49.715370655800001 ], [ 6.3870354445, 49.714977431100003 ], [ 6.3864208428, 49.7150619859 ], [ 6.3865018172, 49.716884394099999 ], [ 6.3860691618, 49.716861206799997 ], [ 6.385590427, 49.717081954400001 ], [ 6.3855125516, 49.7182324706 ], [ 6.3850937334, 49.718784766399999 ], [ 6.3845768032, 49.718717515 ], [ 6.3833878406, 49.718975592299998 ], [ 6.383024361, 49.718610486700001 ], [ 6.3832638605, 49.7182985974 ], [ 6.383172683, 49.717850861700001 ], [ 6.3827644885, 49.717569228599999 ], [ 6.3824399709, 49.716503463899997 ], [ 6.3820626036, 49.716011385199998 ], [ 6.3802698978, 49.716487866599998 ], [ 6.3799473301, 49.716086038199997 ], [ 6.3775128334, 49.716870070699997 ], [ 6.3776413966, 49.717112392200001 ], [ 6.3765641203, 49.717122552799999 ], [ 6.3740367038, 49.716795717499998 ], [ 6.3717737512, 49.716689643 ], [ 6.3704621521, 49.7158055624 ], [ 6.3694226249, 49.715503167500003 ], [ 6.3685547661, 49.716276021799999 ], [ 6.3687227181, 49.716457758300002 ], [ 6.3678016763, 49.717694123299999 ], [ 6.3676422569, 49.718369467599999 ], [ 6.3679708597, 49.719627112600001 ], [ 6.3677723835, 49.720301913100002 ], [ 6.3668413355, 49.720589232199998 ], [ 6.3643061755, 49.719042258199998 ], [ 6.3641266592, 49.719256626400004 ], [ 6.3629573519, 49.718870105 ], [ 6.3623412293, 49.7190822584 ], [ 6.3621064488, 49.719398429899996 ], [ 6.363588712, 49.720298894400003 ], [ 6.3643215561, 49.722369129299999 ], [ 6.3657473841, 49.724144137099998 ], [ 6.3651763101, 49.725854181400003 ], [ 6.3633270257, 49.726305007100002 ], [ 6.3629233959, 49.727310073 ], [ 6.3637410274, 49.728773438099999 ], [ 6.3653208485, 49.729983591299998 ], [ 6.36645967, 49.7303547753 ], [ 6.3690740282, 49.730859039899997 ], [ 6.3684507612, 49.733100636499998 ], [ 6.3676493763, 49.734243508900001 ], [ 6.3681213211, 49.734259612099997 ], [ 6.3665278887, 49.734796463899997 ], [ 6.3643945078, 49.735060048100003 ], [ 6.3622326477, 49.735156169100001 ], [ 6.3602554966, 49.734899520100001 ], [ 6.3595208056, 49.7349815874 ], [ 6.3571879683, 49.7347820102 ], [ 6.3550371483, 49.7350650327 ], [ 6.3544341517, 49.736613120800001 ], [ 6.3532851416, 49.737694876100001 ] ] ] ] } },
{ "type": "Feature", "properties": { "name": "Boulaide", "canton": "Wiltz", "district": "Diekirch", "lau2": "0801" }, "geometry": { "type": "MultiPolygon", "coordinates": [ [ [ [ 5.7784336701, 49.883464615199998 ], [ 5.7781949066, 49.883417395899997 ], [ 5.7783392927, 49.882819950699997 ], [ 5.7780581048, 49.882079116100002 ], [ 5.7784268693, 49.881657165100002 ], [ 5.7787039362, 49.8816930403 ], [ 5.7788676799, 49.881119691099997 ], [ 5.7799740636, 49.880612284100003 ], [ 5.7802123575, 49.880272883899998 ], [ 5.7807411467, 49.880178546899998 ], [ 5.780998855, 49.879856687500002 ], [ 5.782833071, 49.879193629299998 ], [ 5.7833923214, 49.8786874762 ], [ 5.7835707146, 49.877526425 ], [ 5.7829621726, 49.875925365500002 ], [ 5.7825658523, 49.875725062 ], [ 5.7828475727, 49.875412673100001 ], [ 5.7849315538, 49.874278050800001 ], [ 5.7871469567, 49.873538330300001 ], [ 5.787992506, 49.873487928400003 ], [ 5.7889568935, 49.873712346799998 ], [ 5.7917922534, 49.875124656499999 ], [ 5.7923435566, 49.8755729863 ], [ 5.7919964451, 49.877123617099997 ], [ 5.7920963509, 49.877924401900003 ], [ 5.7917870877, 49.878913123700002 ], [ 5.791935435, 49.879229776800003 ], [ 5.7932185509, 49.8803293299 ], [ 5.7938175629, 49.880633722600002 ], [ 5.7944484261, 49.880671202400002 ], [ 5.7955406846, 49.880322807299997 ], [ 5.7959032732, 49.880085816799998 ], [ 5.7968087596, 49.878801706899999 ], [ 5.7972177323, 49.877373648899997 ], [ 5.796963365, 49.876604867499999 ], [ 5.7956835344, 49.874478664 ], [ 5.795279885, 49.873220409200002 ], [ 5.7952665277, 49.872298800499998 ], [ 5.795686869, 49.872049381799997 ], [ 5.7986238178, 49.871651264699999 ], [ 5.7999787176, 49.871285680900002 ], [ 5.8007706233, 49.870721408500003 ], [ 5.8004590297, 49.8701241471 ], [ 5.800488634, 49.869598307099999 ], [ 5.8011138557, 49.869710517 ], [ 5.8030428364, 49.870863759800002 ], [ 5.8047692272, 49.870840399499997 ], [ 5.8059066308, 49.8705428536 ], [ 5.8064227437, 49.869955556900003 ], [ 5.806220517, 49.869042783499999 ], [ 5.8046520091, 49.867240150199997 ], [ 5.8030193443, 49.8663162446 ], [ 5.8018345014, 49.864313323499999 ], [ 5.8023987248, 49.863716207099998 ], [ 5.8036094614, 49.863467661400001 ], [ 5.8048234723, 49.8636275669 ], [ 5.8060754293, 49.864398149800003 ], [ 5.8061369239, 49.8657411103 ], [ 5.8063788779, 49.8663173359 ], [ 5.8068092175, 49.866846190700002 ], [ 5.8076013941, 49.867146662899998 ], [ 5.8078778374, 49.868075811399997 ], [ 5.8109696559, 49.868595741599997 ], [ 5.8124464559, 49.8686128298 ], [ 5.8204789017, 49.867642362399998 ], [ 5.8212107564, 49.867504106200002 ], [ 5.8242773385, 49.866365698800003 ], [ 5.8266092541, 49.867012363900002 ], [ 5.8293024459, 49.868000681300003 ], [ 5.8315925596, 49.869600157 ], [ 5.8322111044, 49.869762940900003 ], [ 5.8341843205, 49.8698142979 ], [ 5.8348958423, 49.870323302599999 ], [ 5.8353398985, 49.870447889899999 ], [ 5.8368200768, 49.870472669900003 ], [ 5.8374363087, 49.870981387299999 ], [ 5.8386619887, 49.873002442299999 ], [ 5.8388292908, 49.873715404499997 ], [ 5.839905191, 49.8744035315 ], [ 5.8407672746, 49.874597785600002 ], [ 5.8418980503, 49.874614665599999 ], [ 5.8435258369, 49.873577892599997 ], [ 5.8441490812, 49.873446039400001 ], [ 5.845200842, 49.873791507599996 ], [ 5.846110703, 49.874666237200003 ], [ 5.8462857704, 49.875161124599998 ], [ 5.8460844252, 49.875966683199998 ], [ 5.8438263593, 49.878311388199997 ], [ 5.8431466997, 49.8786851451 ], [ 5.8404084394, 49.879138749399999 ], [ 5.8404247725, 49.880418940699997 ], [ 5.8409419246, 49.880584817200003 ], [ 5.8400310491, 49.8823714611 ], [ 5.8389115302, 49.883273749 ], [ 5.8400265577, 49.883820400399998 ], [ 5.8414618076, 49.884815969500004 ], [ 5.8430455485, 49.884078234199997 ], [ 5.8460598353, 49.883181170100002 ], [ 5.84704531, 49.883036602399997 ], [ 5.8486913004, 49.8831484655 ], [ 5.8489572807, 49.882242754700002 ], [ 5.8513893031, 49.8824560714 ], [ 5.854477434, 49.883517456500002 ], [ 5.8540958157, 49.884428675300001 ], [ 5.8536655436, 49.884492496599997 ], [ 5.8550693379, 49.88476121 ], [ 5.8542112865, 49.886891303799999 ], [ 5.855307622, 49.8871326975 ], [ 5.8550473534, 49.887207976600003 ], [ 5.8546276654, 49.887779681399998 ], [ 5.8567990922, 49.888691271600003 ], [ 5.8559645528, 49.889154863800002 ], [ 5.8546000414, 49.890374020800003 ], [ 5.8531125785, 49.891383015300001 ], [ 5.8515274436, 49.892052474099998 ], [ 5.8502373251, 49.8922721279 ], [ 5.8482290428, 49.8923279455 ], [ 5.8470464414, 49.892649974599998 ], [ 5.8467131098, 49.892872164 ], [ 5.8467943493, 49.893314644299998 ], [ 5.8484422767, 49.893415709099997 ], [ 5.8494719219, 49.893675171200002 ], [ 5.8506962582, 49.8946485313 ], [ 5.850833825, 49.895598905200004 ], [ 5.8504021854, 49.896229890199997 ], [ 5.8491238635, 49.897338839699998 ], [ 5.8456933361, 49.89918346 ], [ 5.8452522223, 49.900068661699997 ], [ 5.8455981953, 49.900803018600001 ], [ 5.847855488, 49.90160058 ], [ 5.8496768361, 49.901704837499999 ], [ 5.8544367596, 49.8994654201 ], [ 5.8551109718, 49.899898900899998 ], [ 5.8557898698, 49.900648570800001 ], [ 5.856027233, 49.901492424399997 ], [ 5.8558933122, 49.902933450699997 ], [ 5.8539635812, 49.904134059699999 ], [ 5.8526127632, 49.905201682600001 ], [ 5.8522579544, 49.905704919199998 ], [ 5.8524061099, 49.906746743200003 ], [ 5.8527992949, 49.9071786915 ], [ 5.8536422239, 49.907560968799999 ], [ 5.8535483777, 49.907696841 ], [ 5.8518683245, 49.908138162500002 ], [ 5.8512974717, 49.908557699600003 ], [ 5.8504289444, 49.908727796199997 ], [ 5.8500160618, 49.909430565299999 ], [ 5.8487425057, 49.909682982100001 ], [ 5.8463989815, 49.909634788600002 ], [ 5.8448692751, 49.909890382900002 ], [ 5.8424967374, 49.909213032399997 ], [ 5.8426120362, 49.909086444499998 ], [ 5.8408437801, 49.908945975899996 ], [ 5.8408759878, 49.9090562998 ], [ 5.8395972639, 49.909363147400001 ], [ 5.8385524388, 49.909911330200003 ], [ 5.8370265113, 49.909865018700003 ], [ 5.8363127748, 49.910049565400001 ], [ 5.8351374147, 49.910886571100001 ], [ 5.8346819647, 49.910998520100001 ], [ 5.8355719394, 49.9121447932 ], [ 5.8357062963, 49.913344310399999 ], [ 5.8329493066, 49.9132241497 ], [ 5.830673474, 49.913447636 ], [ 5.8267882683, 49.912353240199998 ], [ 5.8250285043, 49.912165022499998 ], [ 5.823947059, 49.913664561899999 ], [ 5.8245137294, 49.914020681399997 ], [ 5.8239566767, 49.914051391 ], [ 5.8243734328, 49.914754444300002 ], [ 5.8243690963, 49.915715629300003 ], [ 5.8226673144, 49.916159583099997 ], [ 5.8217114618, 49.916085444399997 ], [ 5.8202655508, 49.915537073499998 ], [ 5.8203906969, 49.915742486399999 ], [ 5.8199469134, 49.915862854499998 ], [ 5.8190302049, 49.916067814599998 ], [ 5.8185850995, 49.915992152599998 ], [ 5.8185275885, 49.914940768299999 ], [ 5.8181124128, 49.914257927500003 ], [ 5.8161645159, 49.914335983400001 ], [ 5.8174955701, 49.916515727499998 ], [ 5.816073997, 49.916319259 ], [ 5.8159684776, 49.916488789 ], [ 5.8141702388, 49.916028766499998 ], [ 5.8131572548, 49.9152060547 ], [ 5.8129417903, 49.916392104700002 ], [ 5.8127842727, 49.916304648800001 ], [ 5.8123881114, 49.916743839600002 ], [ 5.8139579024, 49.917243139 ], [ 5.8128487435, 49.919087331 ], [ 5.8126437696, 49.919281880299998 ], [ 5.8113347191, 49.918993886400003 ], [ 5.8118652993, 49.9189534016 ], [ 5.8117234446, 49.918730882299997 ], [ 5.8100257371, 49.918634645799997 ], [ 5.8101414638, 49.918956791799999 ], [ 5.8100164168, 49.918861484600001 ], [ 5.8096435084, 49.918959429300003 ], [ 5.8097457386, 49.9191537604 ], [ 5.8094450419, 49.919251396600004 ], [ 5.8090563576, 49.918953967299998 ], [ 5.8080685385, 49.9191277117 ], [ 5.8062810086, 49.918740918200001 ], [ 5.8047243999, 49.919180412300001 ], [ 5.8044612754, 49.919478435400002 ], [ 5.8034515199, 49.919627033099999 ], [ 5.8022426947, 49.91957786 ], [ 5.8008673216, 49.919195929600001 ], [ 5.7997763257, 49.919075133500002 ], [ 5.8003998146, 49.919997101100002 ], [ 5.7996956128, 49.920143997899999 ], [ 5.7976824073, 49.919556901200004 ], [ 5.7959533479, 49.918834050100003 ], [ 5.7923746505, 49.918034804599998 ], [ 5.7883405839, 49.918492989800001 ], [ 5.7838801729, 49.917881665499998 ], [ 5.7814157375, 49.917916396499997 ], [ 5.7805048473, 49.917657500600001 ], [ 5.7802200738, 49.9181184495 ], [ 5.7756089766, 49.9181567527 ], [ 5.7734627343, 49.919375833399997 ], [ 5.7719058036, 49.918832937799998 ], [ 5.7720522363, 49.918225909 ], [ 5.7695213944, 49.9175686524 ], [ 5.7667153538, 49.916019677500003 ], [ 5.764880563, 49.915628261099997 ], [ 5.7639990612, 49.915746239599997 ], [ 5.7636810808, 49.915402080699998 ], [ 5.7530799589, 49.911980480099999 ], [ 5.7480980534, 49.909439117799998 ], [ 5.7483544294, 49.9092484369 ], [ 5.7477126023, 49.908672149700003 ], [ 5.7464928589, 49.908281945399999 ], [ 5.7466410646, 49.908043477500001 ], [ 5.7460588306, 49.907786679399997 ], [ 5.7466273236, 49.907039755500001 ], [ 5.7466704309, 49.906313518099999 ], [ 5.7456722571, 49.906185689099999 ], [ 5.7447332174, 49.9058322506 ], [ 5.7438665307, 49.905272680800003 ], [ 5.7423823172, 49.904996888299998 ], [ 5.7398880836, 49.904195644600001 ], [ 5.7397851162, 49.903997148599998 ], [ 5.7405736045, 49.903121348399999 ], [ 5.7404609936, 49.902174504 ], [ 5.7389112404, 49.901725284800001 ], [ 5.7376068025, 49.900971912199999 ], [ 5.7362141492, 49.899036806200002 ], [ 5.7366979429, 49.898147338800001 ], [ 5.7357079521, 49.896894326100004 ], [ 5.7379935429, 49.896242062699997 ], [ 5.7397582143, 49.894996110100003 ], [ 5.7408083292, 49.8951322371 ], [ 5.7427176856, 49.895121737799997 ], [ 5.7451942045, 49.894264326399998 ], [ 5.7463784957, 49.894179614599999 ], [ 5.7465754396, 49.8940274351 ], [ 5.7465025965, 49.893712113200003 ], [ 5.7467556128, 49.8936573342 ], [ 5.7467764095, 49.893413323799997 ], [ 5.7476014691, 49.89281129 ], [ 5.7474652133, 49.8927321651 ], [ 5.747867447, 49.892389064600003 ], [ 5.750425185, 49.891509322600001 ], [ 5.7519395981, 49.891281593800002 ], [ 5.7529772153, 49.8913050576 ], [ 5.7530378657, 49.891470629300002 ], [ 5.7542442928, 49.891295327 ], [ 5.7559500679, 49.890721010199996 ], [ 5.7557992445, 49.890586632100003 ], [ 5.7566025402, 49.889806442900003 ], [ 5.7570986681, 49.889807101800002 ], [ 5.7573408133, 49.8894579448 ], [ 5.7601831292, 49.8892719348 ], [ 5.7633738952, 49.888242878600003 ], [ 5.7649388364, 49.888229752699999 ], [ 5.7651323581, 49.88805241 ], [ 5.7657824818, 49.8882430337 ], [ 5.7665875721, 49.8879733399 ], [ 5.7673542724, 49.887291234899998 ], [ 5.7686275086, 49.8869598016 ], [ 5.7699717971, 49.886960036300003 ], [ 5.7706070115, 49.887345534200001 ], [ 5.7705309121, 49.8868680076 ], [ 5.7710116486, 49.886463932200002 ], [ 5.7717335354, 49.885162453 ], [ 5.7724046714, 49.884737191799999 ], [ 5.7738902567, 49.884410253399999 ], [ 5.7757564595, 49.884283337 ], [ 5.7779342664, 49.883881137800003 ], [ 5.7784336701, 49.883464615199998 ] ] ] ] } },
{ "type": "Feature", "properties": { "name": "Bourscheid", "canton": "Diekirch", "district": "Diekirch", "lau2": "0602" }, "geometry": { "type": "MultiPolygon", "coordinates": [ [ [ [ 6.0839633152, 49.902913976 ], [ 6.0845673724, 49.901212839300001 ], [ 6.0851412978, 49.900256490700002 ], [ 6.0873562401, 49.898170647 ], [ 6.0886284211, 49.8964300369 ], [ 6.0916047319, 49.895241989699997 ], [ 6.0925632878, 49.894465431 ], [ 6.093967879, 49.892707422699999 ], [ 6.0972901952, 49.891134588 ], [ 6.0975089214, 49.890417371600002 ], [ 6.0969255889, 49.889705793799997 ], [ 6.0948660372, 49.889144136100001 ], [ 6.0941912838, 49.888548654499999 ], [ 6.0942709631, 49.888161723700001 ], [ 6.0946336709, 49.887827061599999 ], [ 6.0960968781, 49.8872365147 ], [ 6.0998793322, 49.8872611054 ], [ 6.1007856849, 49.887403841 ], [ 6.1011303529, 49.887596768800002 ], [ 6.1028226354, 49.890986247199997 ], [ 6.1046476965, 49.892765858200001 ], [ 6.1067233824, 49.8964103291 ], [ 6.1075506174, 49.896997454299999 ], [ 6.1088673992, 49.897298984199999 ], [ 6.1138829461, 49.897332272900002 ], [ 6.1151410998, 49.897075526099997 ], [ 6.1163358112, 49.896571704400003 ], [ 6.1166388684, 49.896057199600001 ], [ 6.1165439729, 49.895449873099999 ], [ 6.1186597414, 49.895389076199997 ], [ 6.1204664284, 49.895107569099999 ], [ 6.1198981408, 49.894177688 ], [ 6.124162591, 49.894730102300002 ], [ 6.1255072219, 49.8952413652 ], [ 6.1263521086, 49.896382882099999 ], [ 6.1268785907, 49.897670810400001 ], [ 6.1275208715, 49.898166294500001 ], [ 6.1271827442, 49.898395509300002 ], [ 6.1305564039, 49.9006706674 ], [ 6.1317137076, 49.902260897700003 ], [ 6.1311893364, 49.902683534399998 ], [ 6.1300120357, 49.902580598500002 ], [ 6.1272425756, 49.902696248399998 ], [ 6.1247629874, 49.902517525199997 ], [ 6.1232571264, 49.902666782600001 ], [ 6.1217643458, 49.9030178812 ], [ 6.1198835786, 49.903843413700002 ], [ 6.1169552772, 49.905714911399997 ], [ 6.117467753, 49.905980272299999 ], [ 6.1178518012, 49.906696676700001 ], [ 6.1192333774, 49.907841743 ], [ 6.1186116558, 49.9089535954 ], [ 6.1176419178, 49.909086667399997 ], [ 6.1161433058, 49.908893475799999 ], [ 6.1143030824, 49.908400778599997 ], [ 6.1124993733, 49.908298843 ], [ 6.1123643263, 49.908013653399998 ], [ 6.1108336888, 49.908947818199998 ], [ 6.111063992, 49.9089592849 ], [ 6.1100327662, 49.909766463700002 ], [ 6.1085957892, 49.910473642900001 ], [ 6.1091165408, 49.910691251 ], [ 6.109492403, 49.910285327399997 ], [ 6.1103464458, 49.909900091399997 ], [ 6.111251249, 49.909705715699999 ], [ 6.1121690044, 49.9097084295 ], [ 6.1133483487, 49.910235684699998 ], [ 6.1136255031, 49.911882833600004 ], [ 6.1158816391, 49.911699755100003 ], [ 6.1158281493, 49.912407816600002 ], [ 6.1152606813, 49.9123973775 ], [ 6.1149737368, 49.914255941299999 ], [ 6.1141310448, 49.916250331400001 ], [ 6.113911066, 49.916414945900001 ], [ 6.1134383788, 49.916447767900003 ], [ 6.1137207818, 49.917110940599997 ], [ 6.1149574342, 49.917308217 ], [ 6.1153888898, 49.917843733200002 ], [ 6.1161949143, 49.917891794299997 ], [ 6.1168126231, 49.918308739099999 ], [ 6.1171687178, 49.918081523 ], [ 6.1188378828, 49.917718313 ], [ 6.1185964766, 49.918084422900002 ], [ 6.1187270013, 49.918139661399998 ], [ 6.1182224636, 49.918632237799997 ], [ 6.1170948053, 49.919199794900003 ], [ 6.1166172941, 49.918935077500002 ], [ 6.1155562115, 49.918837242400002 ], [ 6.1132257676, 49.918852336900002 ], [ 6.1123563982, 49.918685181800001 ], [ 6.1112138401, 49.918880161499999 ], [ 6.1087358642, 49.9197820451 ], [ 6.108739124, 49.920621302599997 ], [ 6.1081081072, 49.921110849 ], [ 6.106862197, 49.921313617800003 ], [ 6.1057149668, 49.9217873367 ], [ 6.1052897319, 49.9218544943 ], [ 6.1051119184, 49.9217484371 ], [ 6.1044042295, 49.922144393799996 ], [ 6.1019070488, 49.9226026905 ], [ 6.1007196694, 49.923111301500001 ], [ 6.099363538, 49.924128403899999 ], [ 6.0983551936, 49.924306585899998 ], [ 6.0965956567, 49.924165015200003 ], [ 6.0960329362, 49.9243765955 ], [ 6.0957369909, 49.9247762575 ], [ 6.0958056091, 49.925753433399997 ], [ 6.0953309024, 49.926456485599999 ], [ 6.095423498, 49.926898336500003 ], [ 6.0961540615, 49.927371570200002 ], [ 6.0945322278, 49.928996713899998 ], [ 6.0942674115, 49.929968214299997 ], [ 6.0944798615, 49.9303200202 ], [ 6.0942979635, 49.9309315478 ], [ 6.0940778278, 49.930936183199996 ], [ 6.0940138573, 49.9311569945 ], [ 6.0947196709, 49.931348117299997 ], [ 6.0951849534, 49.931661258600002 ], [ 6.0949489908, 49.932253702600001 ], [ 6.0942070233, 49.932576365499997 ], [ 6.0928618569, 49.932234177700003 ], [ 6.0914414067, 49.932492032 ], [ 6.0906901852, 49.932203015699997 ], [ 6.0900874607, 49.932201474599999 ], [ 6.0895489394, 49.932394078400002 ], [ 6.0887171453, 49.933029497299998 ], [ 6.0875760003, 49.934216184299999 ], [ 6.0870326406, 49.934115332099999 ], [ 6.08738472, 49.933303760100003 ], [ 6.0870136991, 49.933199600899997 ], [ 6.0860106651, 49.933161223799999 ], [ 6.0858122584, 49.933779082599997 ], [ 6.0855444707, 49.933908771 ], [ 6.0837735351, 49.9339201242 ], [ 6.0809121552, 49.933196731800003 ], [ 6.0796231488, 49.932665838600002 ], [ 6.0796800177, 49.932435302199998 ], [ 6.0790796199, 49.932355587300002 ], [ 6.0759052389, 49.9327121619 ], [ 6.0756841535, 49.932565859599997 ], [ 6.0748457453, 49.932990362 ], [ 6.0746843398, 49.933319469899999 ], [ 6.0744504789, 49.933126664299998 ], [ 6.0740110079, 49.933317338499997 ], [ 6.0737660197, 49.9338994461 ], [ 6.0710890852, 49.934552460699997 ], [ 6.0713153934, 49.9339596708 ], [ 6.0712078174, 49.933261056100001 ], [ 6.070935551, 49.932713558 ], [ 6.0703228421, 49.932328068300002 ], [ 6.0706847658, 49.933886675300002 ], [ 6.070591166, 49.934088353100002 ], [ 6.0700833831, 49.934288417099999 ], [ 6.0686106799, 49.9342210493 ], [ 6.0677257678, 49.934934085099997 ], [ 6.0667140717, 49.935052310099998 ], [ 6.065947061, 49.934924912900001 ], [ 6.0654763039, 49.935004606200003 ], [ 6.0653392863, 49.935235074200001 ], [ 6.0648420717, 49.9382152457 ], [ 6.0641920441, 49.939216264800002 ], [ 6.0632509109, 49.941583987 ], [ 6.0634225822, 49.942037252200002 ], [ 6.0643154625, 49.942906537600003 ], [ 6.0644269771, 49.943563634 ], [ 6.0649716857, 49.943950256599997 ], [ 6.0651213175, 49.944283117200001 ], [ 6.064252506, 49.945900671700002 ], [ 6.0634363357, 49.946296100799998 ], [ 6.063281661, 49.9466129666 ], [ 6.062704274, 49.946898255100002 ], [ 6.0625880453, 49.947305625699997 ], [ 6.0632153193, 49.948520012 ], [ 6.0641875854, 49.949145537699998 ], [ 6.0649459226, 49.948985944599997 ], [ 6.0653802386, 49.949245234400003 ], [ 6.065438576, 49.950508249199999 ], [ 6.0648706488, 49.951396062100002 ], [ 6.0639332359, 49.952084809299997 ], [ 6.0630383805, 49.952378779599997 ], [ 6.062830867, 49.952666467900002 ], [ 6.0627931421, 49.953242489200001 ], [ 6.0646542432, 49.954008015600003 ], [ 6.0645888906, 49.954401452500001 ], [ 6.0638296337, 49.954663947199997 ], [ 6.0618260509, 49.954947393799998 ], [ 6.061108776, 49.955251453700001 ], [ 6.0567504274, 49.953948739499999 ], [ 6.0556532004, 49.954040201399998 ], [ 6.0545142075, 49.953916749100003 ], [ 6.0530013302, 49.953199502300002 ], [ 6.0506752018, 49.952370847700003 ], [ 6.0507855447, 49.951966378400002 ], [ 6.0520891598, 49.951572521400003 ], [ 6.0541817194, 49.951356497399999 ], [ 6.054575171, 49.950881850599998 ], [ 6.0530836458, 49.950573197200001 ], [ 6.0524453254, 49.950257001799997 ], [ 6.0519972189, 49.949939769300002 ], [ 6.0521423145, 49.949713991700001 ], [ 6.0520020969, 49.949495294099997 ], [ 6.0503386104, 49.948030627900003 ], [ 6.0487420091, 49.9484035065 ], [ 6.047854675, 49.9484461917 ], [ 6.0468685794, 49.948814762300003 ], [ 6.0461733277, 49.948852706899999 ], [ 6.0434441901, 49.948066450900001 ], [ 6.0415957531, 49.947357578499997 ], [ 6.040396637, 49.947129084399997 ], [ 6.0395167303, 49.946344661700003 ], [ 6.038696822, 49.946013329099998 ], [ 6.0380318533, 49.94551904 ], [ 6.0368111779, 49.944314954399999 ], [ 6.0367325487, 49.942854946200001 ], [ 6.0371617087, 49.942210100099999 ], [ 6.03764089, 49.9400979256 ], [ 6.038234334, 49.938941933499997 ], [ 6.0400300993, 49.9384466793 ], [ 6.0416035584, 49.9385696577 ], [ 6.0421450608, 49.938391368 ], [ 6.0419057788, 49.937889332399997 ], [ 6.0411789199, 49.9374469049 ], [ 6.0412682767, 49.937073635700003 ], [ 6.0408455223, 49.936495428699999 ], [ 6.0409924933, 49.934702973699999 ], [ 6.0415366231, 49.934152078399997 ], [ 6.043829051, 49.933629359699999 ], [ 6.0443085365, 49.9331496143 ], [ 6.0443023067, 49.932658213899998 ], [ 6.0436664444, 49.931882287400001 ], [ 6.0435771788, 49.930793694099997 ], [ 6.0438866236, 49.930406955300001 ], [ 6.047141877, 49.9288757996 ], [ 6.0476439086, 49.9284488017 ], [ 6.0482655935, 49.927517421899999 ], [ 6.0494171079, 49.923961222700001 ], [ 6.0490994299, 49.923483719 ], [ 6.0478037177, 49.924391594 ], [ 6.0465397282, 49.924878758299997 ], [ 6.0410823151, 49.926038418700003 ], [ 6.0400996923, 49.926167465500001 ], [ 6.0394191125, 49.9260341795 ], [ 6.0381913333, 49.924834780499999 ], [ 6.0394184626, 49.922618997199997 ], [ 6.0396742749, 49.921361685100003 ], [ 6.0396399885, 49.920006641199997 ], [ 6.0390704776, 49.9192526796 ], [ 6.038247031, 49.919063909899997 ], [ 6.037744304, 49.919428463899997 ], [ 6.0375236848, 49.920123939900002 ], [ 6.0363583582, 49.919598501499998 ], [ 6.0348644994, 49.919484308 ], [ 6.0322109472, 49.918567830299999 ], [ 6.029272602, 49.916678421199997 ], [ 6.0275441513, 49.915962261899999 ], [ 6.0273321316, 49.915743230899999 ], [ 6.0254897126, 49.915725152699999 ], [ 6.0232780745, 49.916006286799998 ], [ 6.0224204082, 49.915906314399997 ], [ 6.0206019849, 49.914750661799999 ], [ 6.0215962561, 49.913481669299998 ], [ 6.0213512178, 49.912359217 ], [ 6.0209265792, 49.911481457699999 ], [ 6.02028782, 49.911209486700002 ], [ 6.0189014004, 49.910097174800001 ], [ 6.0185412026, 49.909607808200001 ], [ 6.0186398757, 49.909395973700001 ], [ 6.0214989961, 49.908711600399997 ], [ 6.0195761077, 49.905207513900002 ], [ 6.0173114037, 49.903728432800001 ], [ 6.0164490996, 49.902849918299999 ], [ 6.0178943258, 49.902421950099999 ], [ 6.0197982573, 49.901422578 ], [ 6.0202911508, 49.900149278299999 ], [ 6.0203102963, 49.900036965600002 ], [ 6.0195526945, 49.900012888600003 ], [ 6.0184272048, 49.899662526599997 ], [ 6.0174234205, 49.899150912499998 ], [ 6.0161469673, 49.898162003800003 ], [ 6.0146129842, 49.897729185800003 ], [ 6.014044436, 49.896410869900002 ], [ 6.014128861, 49.894567763600001 ], [ 6.0158108526, 49.894536859699997 ], [ 6.0158626465, 49.893786862600003 ], [ 6.011343513, 49.893285756700003 ], [ 6.0122481878, 49.8925677151 ], [ 6.0148512564, 49.8919500963 ], [ 6.0124528346, 49.891374976199998 ], [ 6.0132480691, 49.890252222800001 ], [ 6.0134087104, 49.889706717499998 ], [ 6.0127545342, 49.888316436099998 ], [ 6.0124704412, 49.888257834400001 ], [ 6.0130498111, 49.887065853800003 ], [ 6.0137159607, 49.886349766199999 ], [ 6.0135700931, 49.884468106100002 ], [ 6.0138499762, 49.883341085 ], [ 6.0136716388, 49.883349983400002 ], [ 6.0134392124, 49.882874172599998 ], [ 6.0119370603, 49.881681413199999 ], [ 6.011506358, 49.881112280099998 ], [ 6.0116182964, 49.880612949499998 ], [ 6.0122716669, 49.880564735900002 ], [ 6.0122715477, 49.8800498449 ], [ 6.0136338459, 49.8803725673 ], [ 6.015160912, 49.88052635 ], [ 6.0164766095, 49.881035388500003 ], [ 6.0174527627, 49.882928802199999 ], [ 6.0195721224, 49.884166394200001 ], [ 6.0206846314, 49.885411373 ], [ 6.021120005, 49.885601461699999 ], [ 6.0217989575, 49.885607304899999 ], [ 6.0215017341, 49.886043280400003 ], [ 6.0212813329, 49.887142946 ], [ 6.0215883618, 49.889287637199999 ], [ 6.0223914741, 49.891374688600003 ], [ 6.0231202393, 49.891022537 ], [ 6.0240730856, 49.890200181099999 ], [ 6.024134837, 49.889934595 ], [ 6.023749404, 49.889390602900001 ], [ 6.0242493312, 49.889314953400003 ], [ 6.0243037166, 49.888852257800004 ], [ 6.0254194801, 49.888494562200002 ], [ 6.0256502049, 49.888635771300002 ], [ 6.02648493, 49.8882923046 ], [ 6.0276505597, 49.88809575 ], [ 6.0289486299, 49.887937057199998 ], [ 6.0289747667, 49.8880673528 ], [ 6.0298775987, 49.887994729900001 ], [ 6.0319475738, 49.887646656699999 ], [ 6.0331094875, 49.8868741697 ], [ 6.0335033012, 49.886812922200001 ], [ 6.0343311723, 49.886263120400002 ], [ 6.0344814631, 49.8863307218 ], [ 6.0361256746, 49.885084862399999 ], [ 6.0374929278, 49.884288567399999 ], [ 6.0390363823, 49.882616193300002 ], [ 6.0403579534, 49.882084316499999 ], [ 6.0399751903, 49.881950566800001 ], [ 6.0404449623, 49.881938458599997 ], [ 6.0419835543, 49.881383613600001 ], [ 6.0418258681, 49.880864129199999 ], [ 6.0421801095, 49.880193508700003 ], [ 6.0430033546, 49.880594186700002 ], [ 6.045319804, 49.882690416400003 ], [ 6.046083487, 49.883022393600001 ], [ 6.0473317618, 49.883092253100003 ], [ 6.0480768854, 49.882967908200001 ], [ 6.0487606374, 49.882710093599997 ], [ 6.0490238409, 49.881840550699998 ], [ 6.0500411801, 49.880949501800004 ], [ 6.0512375883, 49.880516225900003 ], [ 6.0514860543, 49.880247386 ], [ 6.0520055913, 49.880228187 ], [ 6.0536102093, 49.879767861200001 ], [ 6.0553241924, 49.878796602800001 ], [ 6.0553008965, 49.878522277599998 ], [ 6.0562646141, 49.878389513800002 ], [ 6.0555415989, 49.876369327200003 ], [ 6.0562845006, 49.876006676800003 ], [ 6.0568920402, 49.875144285700003 ], [ 6.0571205685, 49.874287528899998 ], [ 6.0569765248, 49.873531535 ], [ 6.0575405158, 49.872567127499998 ], [ 6.0576896297, 49.871594369199997 ], [ 6.0607147607, 49.8703125571 ], [ 6.0601328702, 49.869812206799999 ], [ 6.0629916595, 49.868057851 ], [ 6.0615399227, 49.865868673900003 ], [ 6.0628856343, 49.865199454200003 ], [ 6.0629159017, 49.865586275299997 ], [ 6.0664231114, 49.8655655162 ], [ 6.0681295068, 49.865831068200002 ], [ 6.0696082013, 49.866372388 ], [ 6.0704904173, 49.8671127482 ], [ 6.0713169706, 49.867457343300003 ], [ 6.0744008412, 49.867405073400001 ], [ 6.0754443149, 49.867627522299998 ], [ 6.0772051518, 49.867637389800002 ], [ 6.0778437263, 49.867773327199998 ], [ 6.0781072463, 49.867772091500001 ], [ 6.078291854, 49.867454298699997 ], [ 6.0790650283, 49.867829212700002 ], [ 6.079455236, 49.868527485 ], [ 6.0786310849, 49.870120990099998 ], [ 6.0794320958, 49.871448422500002 ], [ 6.0784931461, 49.871961016699998 ], [ 6.0774934219, 49.8722661973 ], [ 6.0766503275, 49.8729111743 ], [ 6.0762635654, 49.874092037499999 ], [ 6.075422894, 49.8748791035 ], [ 6.0754618356, 49.875707266500001 ], [ 6.0758007002, 49.876275469500001 ], [ 6.0762051429, 49.876679869599997 ], [ 6.0762159954, 49.877486270799999 ], [ 6.0766377508, 49.878177536400003 ], [ 6.077628376, 49.878776000099997 ], [ 6.0763869493, 49.878977960699999 ], [ 6.0758157408, 49.879230165199999 ], [ 6.0755968284, 49.879520442199997 ], [ 6.0755584346, 49.879840566399999 ], [ 6.0761379506, 49.881027051499998 ], [ 6.0761848745, 49.882007106400003 ], [ 6.0756990143, 49.882872174900001 ], [ 6.0748953465, 49.883250310800001 ], [ 6.0732864762, 49.883358263200002 ], [ 6.0725210632, 49.883841207800003 ], [ 6.0724842561, 49.884042323800003 ], [ 6.0731848516, 49.884409242 ], [ 6.0742992256, 49.884635264400004 ], [ 6.0755180524, 49.885566489299997 ], [ 6.0744779309, 49.886718846699999 ], [ 6.0751462207, 49.887550215899999 ], [ 6.0798123961, 49.889500536600003 ], [ 6.0792007488, 49.889655458 ], [ 6.0782888888, 49.890166307500003 ], [ 6.0772769455, 49.891257341200003 ], [ 6.0767411246, 49.8922022191 ], [ 6.0766654742, 49.893317673 ], [ 6.076328657, 49.893643119499998 ], [ 6.0755532226, 49.894056668200001 ], [ 6.0743055328, 49.894427030300001 ], [ 6.0753346779, 49.894850091899997 ], [ 6.075644737, 49.8950595564 ], [ 6.0755496501, 49.895171216 ], [ 6.0717520164, 49.897369768200001 ], [ 6.0718378722, 49.898608008899998 ], [ 6.0731709282, 49.8990451214 ], [ 6.0735456178, 49.898944137100003 ], [ 6.0738809976, 49.898245437 ], [ 6.0740264374, 49.898372033100003 ], [ 6.0746475436, 49.898293602499997 ], [ 6.0754226691, 49.899256603300003 ], [ 6.076617845, 49.901735203800001 ], [ 6.0791719238, 49.903128574900002 ], [ 6.0800638279, 49.903178265100003 ], [ 6.0808204628, 49.903226631199999 ], [ 6.0810592366, 49.90322112 ], [ 6.0818761813, 49.903157104599998 ], [ 6.0822507012, 49.903162238599997 ], [ 6.0824470284, 49.903143011799997 ], [ 6.0825726381, 49.903126020599998 ], [ 6.0828955329, 49.903078942599997 ], [ 6.0833213159, 49.903035227 ], [ 6.0834408497, 49.902963803 ], [ 6.0834680787, 49.9028614522 ], [ 6.0834726081, 49.902848046 ], [ 6.0837319664, 49.902933860399997 ], [ 6.0838247763, 49.902979907300001 ], [ 6.0838405658, 49.902965547500003 ], [ 6.0839633152, 49.902913976 ] ] ] ] } },
{ "type": "Feature", "properties": { "name": "Bous-Waldbredimus", "canton": "Remich", "district": "Grevenmacher", "lau2": "1209" }, "geometry": { "type": "MultiPolygon", "coordinates": [ [ [ [ 6.2539095719, 49.568640578100002 ], [ 6.2557994215, 49.568583690099999 ], [ 6.2598100238, 49.567589537300002 ], [ 6.2642417295, 49.565589817199999 ], [ 6.2689249486, 49.564478131900003 ], [ 6.2688854891, 49.562497153800003 ], [ 6.2688833926, 49.562193140399998 ], [ 6.2701007123, 49.561365802399997 ], [ 6.2703329642, 49.561389404099998 ], [ 6.2703724013, 49.561219671300002 ], [ 6.2698755463, 49.559678286699999 ], [ 6.2689712538, 49.5591755218 ], [ 6.2691723565, 49.558237520799999 ], [ 6.269632152, 49.557581152300003 ], [ 6.2706593775, 49.557213645099999 ], [ 6.2706682778, 49.5575863356 ], [ 6.2707184664, 49.557241320800003 ], [ 6.2702747282, 49.556423141300002 ], [ 6.2701456514, 49.556392577099999 ], [ 6.2701392318, 49.556385841 ], [ 6.2701372715, 49.5563905928 ], [ 6.2690089596, 49.5561234109 ], [ 6.2685594861, 49.555380143500003 ], [ 6.269129071, 49.555044491499999 ], [ 6.26960413, 49.554444591200003 ], [ 6.2711134635, 49.551703687200003 ], [ 6.2710817739, 49.551338173700003 ], [ 6.2707931637, 49.549840255 ], [ 6.268288419, 49.547000590099998 ], [ 6.2683967408, 49.5464050597 ], [ 6.267410473, 49.546143242799999 ], [ 6.2676434773, 49.545888907299997 ], [ 6.2695254531, 49.546208160100001 ], [ 6.2711104876, 49.545537441199997 ], [ 6.2715885288, 49.544076352 ], [ 6.2730400464, 49.543783218400002 ], [ 6.2731770426, 49.543379032700003 ], [ 6.2751367615, 49.543722336199998 ], [ 6.2846407254, 49.547155461700001 ], [ 6.2861279144, 49.547314937700001 ], [ 6.2863518995, 49.5471624969 ], [ 6.2879532907, 49.547058851099997 ], [ 6.2883858784, 49.548613787599997 ], [ 6.2909665666, 49.548242673200001 ], [ 6.2918939864, 49.548245238200003 ], [ 6.2921683677, 49.546976513600001 ], [ 6.2925406335, 49.546414751500002 ], [ 6.2942514123, 49.545362239500001 ], [ 6.2955240246, 49.543890214100003 ], [ 6.296622726, 49.543479373700002 ], [ 6.2973469211, 49.542272611100003 ], [ 6.2974483579, 49.540756928199997 ], [ 6.2982111576, 49.539361653299999 ], [ 6.2991242475, 49.539020095600002 ], [ 6.2996300591, 49.539011650600003 ], [ 6.3003528204, 49.5386610129 ], [ 6.3021596435, 49.538609693600002 ], [ 6.3038748447, 49.538967900800003 ], [ 6.3048353056, 49.539694440399998 ], [ 6.3066912221, 49.540593973100002 ], [ 6.3078321027, 49.540934011899999 ], [ 6.3090238897, 49.540282185300001 ], [ 6.3077455784, 49.539462946 ], [ 6.3089561983, 49.539229705399997 ], [ 6.3108620976, 49.5391367876 ], [ 6.3145999364, 49.539660189400003 ], [ 6.3168540098, 49.5394220799 ], [ 6.317362908, 49.539144521300003 ], [ 6.31716751, 49.538969528800003 ], [ 6.3174352732, 49.538836877199998 ], [ 6.3175941421, 49.538948889 ], [ 6.3187935277, 49.53818931 ], [ 6.3183711474, 49.538193072299997 ], [ 6.3181437064, 49.5379673415 ], [ 6.3177881314, 49.538062364300004 ], [ 6.3161134706, 49.537751658399998 ], [ 6.3155771041, 49.537592386299998 ], [ 6.3154870601, 49.5373342858 ], [ 6.3148893044, 49.537184368 ], [ 6.3157804689, 49.536374853700003 ], [ 6.3160670163, 49.5358165054 ], [ 6.318581952, 49.534740503099997 ], [ 6.3200946189, 49.534357398700003 ], [ 6.3216206003, 49.533511645300003 ], [ 6.322949166, 49.533179495 ], [ 6.323603199, 49.532149704200002 ], [ 6.3249606393, 49.530876920600001 ], [ 6.3273835984, 49.530481551800001 ], [ 6.3279861429, 49.531098227 ], [ 6.3285284977, 49.532276353 ], [ 6.3299070796, 49.532961713699997 ], [ 6.3303052078, 49.532998439499998 ], [ 6.3321858566, 49.5325673193 ], [ 6.3326841883, 49.533020309 ], [ 6.3337528798, 49.533515238900002 ], [ 6.3344914884, 49.533308987 ], [ 6.3350912291, 49.532768237200003 ], [ 6.3360368403, 49.533115186700002 ], [ 6.3375886663, 49.533324932 ], [ 6.3379861526, 49.534023433100003 ], [ 6.3387682601, 49.534770373800001 ], [ 6.3382708906, 49.535140762200001 ], [ 6.3382539968, 49.536412087099997 ], [ 6.3391709553, 49.538244772900001 ], [ 6.3402196619, 49.5400683437 ], [ 6.342288682, 49.541531026500003 ], [ 6.3432533689, 49.542465133299999 ], [ 6.3429229075, 49.5446810185 ], [ 6.3424944189, 49.546209931900002 ], [ 6.3429707091, 49.546454675699998 ], [ 6.3421292001, 49.547311292700002 ], [ 6.3429751763, 49.548123571 ], [ 6.3448872353, 49.549685642599997 ], [ 6.3458678264, 49.550841908 ], [ 6.3474731368, 49.552259077199999 ], [ 6.3487826358, 49.554123698700003 ], [ 6.3492911937, 49.554423957499999 ], [ 6.3500808182, 49.553341497200002 ], [ 6.3553824924, 49.5556215107 ], [ 6.3512367138, 49.558925862099997 ], [ 6.3504832007, 49.559164948499998 ], [ 6.3516715622, 49.561357532899997 ], [ 6.3520691949, 49.563837403199997 ], [ 6.3516391247, 49.564558697400003 ], [ 6.3516337022, 49.565126546599998 ], [ 6.3502707021, 49.566281726299998 ], [ 6.3494544591, 49.567636117299998 ], [ 6.3467177965, 49.569003629699999 ], [ 6.3468888132, 49.570934043900003 ], [ 6.3441840825, 49.571862322100003 ], [ 6.3441641067, 49.572321778199999 ], [ 6.3439309586, 49.572495437199997 ], [ 6.3441846656, 49.572987265499997 ], [ 6.3441238023, 49.574558681900001 ], [ 6.3438964198, 49.575635448200003 ], [ 6.3446493867, 49.577300366700001 ], [ 6.3435372222, 49.578678507399999 ], [ 6.3438833756, 49.580758599600003 ], [ 6.3435027529, 49.582375411500003 ], [ 6.3402483266, 49.582309095299998 ], [ 6.3373310202, 49.581993671100001 ], [ 6.3336050754, 49.5806025073 ], [ 6.3322406065, 49.580300644099999 ], [ 6.3303520812, 49.580146517300001 ], [ 6.3293037202, 49.579870814 ], [ 6.3253403541, 49.579353511699999 ], [ 6.3212782084, 49.578142824 ], [ 6.3189520325, 49.579343379599997 ], [ 6.3168124033, 49.579833515899999 ], [ 6.315278978, 49.580619732199999 ], [ 6.3149616595, 49.581357889400003 ], [ 6.315722635, 49.582826628399999 ], [ 6.3135264446, 49.5813798975 ], [ 6.3122738712, 49.581621795899999 ], [ 6.3109948329, 49.581125134799997 ], [ 6.3078060244, 49.580500757400003 ], [ 6.3079459414, 49.580724509500001 ], [ 6.3040782326, 49.581114072399998 ], [ 6.3023092373, 49.5816858775 ], [ 6.3019452031, 49.581526971499997 ], [ 6.3018246519, 49.581809187899999 ], [ 6.3007684712, 49.582655399099998 ], [ 6.2972629269, 49.585000452400003 ], [ 6.2919070791, 49.586561400800001 ], [ 6.2911783737, 49.586293468299999 ], [ 6.2846092063, 49.5865600865 ], [ 6.2748101009, 49.584734116100002 ], [ 6.2710552621, 49.5845940576 ], [ 6.2698712596, 49.584378465500002 ], [ 6.2686119156, 49.583983385300002 ], [ 6.2687547599, 49.583140457500001 ], [ 6.2672454437, 49.5805019194 ], [ 6.2674503695, 49.579960867600001 ], [ 6.2664484273, 49.578955722300002 ], [ 6.2657714722, 49.578648923599999 ], [ 6.2658165687, 49.579200800899997 ], [ 6.2655510906, 49.579899964 ], [ 6.2654157032, 49.579837375399997 ], [ 6.2656533389, 49.579119768600002 ], [ 6.2655236401, 49.578549540499999 ], [ 6.2658032193, 49.578250700799998 ], [ 6.2631884285, 49.578585405600002 ], [ 6.2594528052, 49.578776490800003 ], [ 6.2582114784, 49.57787951 ], [ 6.2569266818, 49.576340093699997 ], [ 6.2566257424, 49.575558743099997 ], [ 6.2554385282, 49.574486400600001 ], [ 6.2556710822, 49.573468444200003 ], [ 6.2553801453, 49.572784986 ], [ 6.2555381397, 49.572154133600002 ], [ 6.2563815892, 49.570986222199998 ], [ 6.257505216, 49.570112363600003 ], [ 6.254803549, 49.569316204 ], [ 6.2537749713, 49.568645084400003 ], [ 6.2539095719, 49.568640578100002 ] ] ], [ [ [ 6.2701456514, 49.556392577099999 ], [ 6.2703927438, 49.5566518503 ], [ 6.2700177141, 49.556680398099999 ], [ 6.2701372715, 49.5563905928 ], [ 6.2701456514, 49.556392577099999 ] ] ] ] } },
{ "type": "Feature", "properties": { "name": "Clervaux", "canton": "Clervaux", "district": "Diekirch", "lau2": "0501" }, "geometry": { "type": "MultiPolygon", "coordinates": [ [ [ [ 6.0763987798, 50.044901907099998 ], [ 6.0774723305, 50.042454532500003 ], [ 6.0779412086, 50.042513331199999 ], [ 6.0793330445, 50.043007467899997 ], [ 6.0789735367, 50.043238624099999 ], [ 6.0798777199, 50.043681973699996 ], [ 6.0803556252, 50.043628102699998 ], [ 6.082183909, 50.044596788600003 ], [ 6.0831638153, 50.045455520799997 ], [ 6.0839844977, 50.045686785900003 ], [ 6.0840638086, 50.046463408800001 ], [ 6.0870570377, 50.0460409107 ], [ 6.0889728345, 50.045944520100001 ], [ 6.0906579575, 50.046674651 ], [ 6.091138815, 50.046663216799999 ], [ 6.0922237119, 50.047033056399997 ], [ 6.093447372, 50.047049295 ], [ 6.0945891045, 50.046669742399999 ], [ 6.0956613116, 50.046568395199998 ], [ 6.0973353562, 50.047070868200002 ], [ 6.0975854689, 50.047335046199997 ], [ 6.0991250978, 50.047895535099997 ], [ 6.1003661339, 50.0478733761 ], [ 6.1013074583, 50.0480427257 ], [ 6.1007908434, 50.049180021 ], [ 6.1017033815, 50.050905187799998 ], [ 6.1015039643, 50.050980485899998 ], [ 6.103523031, 50.051725496899998 ], [ 6.1045875249, 50.052419525799998 ], [ 6.1061132878, 50.053040931200002 ], [ 6.1074189381, 50.053229625599997 ], [ 6.1077831885, 50.053551306099997 ], [ 6.1098029609, 50.054450113 ], [ 6.1108240855, 50.0551639225 ], [ 6.1121370396, 50.055259832200001 ], [ 6.1143652871, 50.0559869163 ], [ 6.1153887876, 50.056053105899998 ], [ 6.1167295101, 50.0566389747 ], [ 6.1138680776, 50.057632292199997 ], [ 6.1134718657, 50.057969021 ], [ 6.1124121629, 50.059382780900002 ], [ 6.1123525039, 50.060497765699999 ], [ 6.1139235044, 50.063404161400001 ], [ 6.1135127815, 50.065274915 ], [ 6.1137191205, 50.065580095800001 ], [ 6.1147638897, 50.065911900700002 ], [ 6.1156621004, 50.065843419499998 ], [ 6.1175809555, 50.0647776566 ], [ 6.1183808999, 50.064544940600001 ], [ 6.1193697609, 50.064591760299997 ], [ 6.1204993432, 50.064861200899998 ], [ 6.1208744368, 50.065287230400003 ], [ 6.1209263073, 50.067146532899997 ], [ 6.1213062876, 50.069031056900002 ], [ 6.126063375, 50.071075604 ], [ 6.1269806658, 50.071988556 ], [ 6.1277481973, 50.072296341 ], [ 6.1292150065, 50.073375619 ], [ 6.1285545111, 50.074607914 ], [ 6.1270974983, 50.075371665 ], [ 6.1248564361, 50.076964152199999 ], [ 6.1234436332, 50.076271781599999 ], [ 6.1223666168, 50.0746665255 ], [ 6.1219175349, 50.073088818099997 ], [ 6.1214592972, 50.072649759900003 ], [ 6.1207587911, 50.0723741993 ], [ 6.1190972909, 50.072338145800003 ], [ 6.1176689286, 50.072914109599999 ], [ 6.1169493108, 50.073392856200002 ], [ 6.1157655945, 50.074590777600001 ], [ 6.1165640127, 50.075187750399998 ], [ 6.1177700781, 50.075602892900001 ], [ 6.1180967592, 50.076641327300003 ], [ 6.1205394703, 50.078890811100003 ], [ 6.121871403, 50.081405386500002 ], [ 6.1220438754, 50.083461140700003 ], [ 6.1203065146, 50.084813881599999 ], [ 6.1195110771, 50.085890788500002 ], [ 6.1196918244, 50.087094775 ], [ 6.1193623679, 50.087727607700003 ], [ 6.1192905534, 50.089611602799998 ], [ 6.1199377751, 50.091755449899999 ], [ 6.1199909209, 50.092010057400003 ], [ 6.1210877022, 50.093073694099999 ], [ 6.1219388457, 50.093579218199999 ], [ 6.1226035683, 50.0937515488 ], [ 6.1237201725, 50.093727537 ], [ 6.1247427668, 50.0932921044 ], [ 6.1275975601, 50.092908187200003 ], [ 6.1292720863, 50.092434987399997 ], [ 6.1306540842, 50.092417189599999 ], [ 6.131696068, 50.09256783 ], [ 6.1328898506, 50.093227237199997 ], [ 6.1330619111, 50.0936356789 ], [ 6.1329241939, 50.094274350399999 ], [ 6.1323912448, 50.094904551799999 ], [ 6.1296554921, 50.094919620699997 ], [ 6.1286109782, 50.0951490777 ], [ 6.1283820262, 50.095332051699998 ], [ 6.1273390191, 50.096422052900003 ], [ 6.1260863605, 50.098171809100002 ], [ 6.1254249768, 50.099651573 ], [ 6.1253625971, 50.100808890700002 ], [ 6.1255650922, 50.101489794 ], [ 6.1258193855, 50.101774156099999 ], [ 6.1268041902, 50.102178811900004 ], [ 6.1299582597, 50.102911474 ], [ 6.131122602, 50.1028807625 ], [ 6.1321392217, 50.102609524099996 ], [ 6.1336576357, 50.102655103899998 ], [ 6.135417217, 50.103276509499999 ], [ 6.1355621856, 50.103670653899997 ], [ 6.1347389826, 50.104798574599997 ], [ 6.1321598244, 50.1057315137 ], [ 6.1313669109, 50.106183911599999 ], [ 6.1310247223, 50.1064726165 ], [ 6.1306488763, 50.108330454700003 ], [ 6.1320102193, 50.109842446499997 ], [ 6.1337264028, 50.111318528 ], [ 6.1345846738, 50.112478447599997 ], [ 6.1348637152, 50.113380918700003 ], [ 6.1344000354, 50.113664367 ], [ 6.1317336201, 50.113662504 ], [ 6.1298091882, 50.114057226699998 ], [ 6.1289461395, 50.11465092 ], [ 6.1279026276, 50.116235977400002 ], [ 6.1286641044, 50.118076456799997 ], [ 6.1293512525, 50.1213350843 ], [ 6.1302982807, 50.122074231100001 ], [ 6.1326799561, 50.122940216799996 ], [ 6.1350840717, 50.123333877599997 ], [ 6.1360589642, 50.123825691500002 ], [ 6.1365364866, 50.124360519699998 ], [ 6.137150567, 50.125753756400002 ], [ 6.1373364061, 50.127456754100002 ], [ 6.137819627, 50.128291113499998 ], [ 6.137701894, 50.129872206599998 ], [ 6.1372605456, 50.129888141099997 ], [ 6.1368173547, 50.130140596300002 ], [ 6.1364995825, 50.1298241569 ], [ 6.1361000586, 50.130086501100003 ], [ 6.1355058179, 50.1301873452 ], [ 6.1348083327, 50.1299783555 ], [ 6.1347687762, 50.129676363900003 ], [ 6.1334521028, 50.1294854235 ], [ 6.1328839545, 50.129692651600003 ], [ 6.1320113955, 50.129611838300001 ], [ 6.1308338482, 50.129806256800002 ], [ 6.1305208513, 50.13034076 ], [ 6.1296441848, 50.130887667499998 ], [ 6.1286344778, 50.1322528651 ], [ 6.1276640958, 50.132756987 ], [ 6.1265258637, 50.133994623100001 ], [ 6.1247415155, 50.134724059100002 ], [ 6.1239196862, 50.134697126699997 ], [ 6.1222762324, 50.135562490600002 ], [ 6.1223133725, 50.135752116900001 ], [ 6.1214943886, 50.135834030600002 ], [ 6.1206911088, 50.136305956800001 ], [ 6.119995582, 50.136299364899997 ], [ 6.1197773753, 50.136091890499998 ], [ 6.1191537532, 50.1360783107 ], [ 6.1187658288, 50.136204965 ], [ 6.1182402967, 50.136138181200003 ], [ 6.1179073433, 50.136301994299998 ], [ 6.1160864916, 50.136351659799999 ], [ 6.1159473819, 50.136553392 ], [ 6.1156316705, 50.136373187899999 ], [ 6.1137117341, 50.136354105199999 ], [ 6.1122792088, 50.136023289900002 ], [ 6.1103393339, 50.135916631500002 ], [ 6.109218801, 50.1352836091 ], [ 6.1082476119, 50.135181629800002 ], [ 6.1073800228, 50.134556835799998 ], [ 6.1065964583, 50.134265588 ], [ 6.1040819412, 50.131883197500002 ], [ 6.103916522, 50.131580632599999 ], [ 6.1041799807, 50.130692725 ], [ 6.1040509256, 50.130242812699997 ], [ 6.1035571985, 50.129701576400002 ], [ 6.1005593229, 50.128338743299999 ], [ 6.1005504497, 50.128212704699997 ], [ 6.09976682, 50.128061010099998 ], [ 6.0988178108, 50.127614496500001 ], [ 6.0954718446, 50.127358468600001 ], [ 6.0948786147, 50.1269121419 ], [ 6.0941393278, 50.125391526599998 ], [ 6.09314011, 50.124328341899997 ], [ 6.0885052872, 50.121579712100001 ], [ 6.087230842, 50.121204624 ], [ 6.0867851009, 50.120975515399998 ], [ 6.0866982829, 50.120624504600002 ], [ 6.0853881346, 50.120005053500002 ], [ 6.0840297618, 50.118283020900002 ], [ 6.0828313273, 50.118388501399998 ], [ 6.0813145665, 50.118519635200002 ], [ 6.0808847941, 50.117331979399999 ], [ 6.0790686038, 50.115708690699996 ], [ 6.0790996564, 50.115320157200003 ], [ 6.0786960988, 50.115125212099997 ], [ 6.0786723697, 50.114346012 ], [ 6.0776648335, 50.112435087900003 ], [ 6.0763003926, 50.110714288300002 ], [ 6.0755249165, 50.110062247 ], [ 6.0737900492, 50.109266577900001 ], [ 6.0723135704, 50.108374314400002 ], [ 6.0696225667, 50.1068939556 ], [ 6.0664188706, 50.105650297399997 ], [ 6.0655951762, 50.105097129800001 ], [ 6.0643467734, 50.103788670900002 ], [ 6.064662221, 50.1035419882 ], [ 6.0636596854, 50.103441756300001 ], [ 6.0634570646, 50.103674413500002 ], [ 6.0632107678, 50.103677969099998 ], [ 6.0617536005, 50.1034842547 ], [ 6.0608413176, 50.1030913584 ], [ 6.058511135, 50.103083967899998 ], [ 6.0587492112, 50.101996767599999 ], [ 6.0591996057, 50.101690782299997 ], [ 6.0576226561, 50.100739306100003 ], [ 6.057100162, 50.100090076100003 ], [ 6.0556160179, 50.098943752 ], [ 6.0542787619, 50.098939663 ], [ 6.0532016525, 50.098280614499998 ], [ 6.0521999635, 50.098752414400003 ], [ 6.0507424935, 50.099045922400002 ], [ 6.0502183786, 50.0983618673 ], [ 6.0495770893, 50.097991720400003 ], [ 6.0447205816, 50.096901261100001 ], [ 6.0442399719, 50.096669721799998 ], [ 6.0368805502, 50.095788884599997 ], [ 6.0365867809, 50.096252891699997 ], [ 6.0318782289, 50.096123586200001 ], [ 6.031317125, 50.096315133200001 ], [ 6.0289319428, 50.096444653399999 ], [ 6.0275859476, 50.096880238200001 ], [ 6.0266303974, 50.094934260800002 ], [ 6.026857116, 50.094418359899997 ], [ 6.0273939672, 50.094256185299997 ], [ 6.0274989193, 50.093939225500002 ], [ 6.0280297295, 50.093997706300001 ], [ 6.028975988, 50.093736429400003 ], [ 6.0290505998, 50.093517830300001 ], [ 6.0286787881, 50.0933324218 ], [ 6.0287491376, 50.093148043799999 ], [ 6.0297065184, 50.093094916399998 ], [ 6.0298322223, 50.092708403499998 ], [ 6.0295738306, 50.092240352600001 ], [ 6.0287935949, 50.092113480499997 ], [ 6.0292297231, 50.091237692599996 ], [ 6.0281600757, 50.091027366100001 ], [ 6.0279126028, 50.0904939562 ], [ 6.0272221785, 50.0900087128 ], [ 6.0264472345, 50.089993229500003 ], [ 6.0265377755, 50.089557293799999 ], [ 6.0271354061, 50.089585050099998 ], [ 6.026976437, 50.089098026800002 ], [ 6.0266310553, 50.088991847700001 ], [ 6.0261649847, 50.089109827900003 ], [ 6.0258379354, 50.0889095227 ], [ 6.0260554397, 50.088607606799997 ], [ 6.0267816127, 50.088740976899999 ], [ 6.0270673297, 50.088572799799998 ], [ 6.0263789289, 50.088167503900003 ], [ 6.0274229623, 50.087632973200002 ], [ 6.0271848071, 50.086974859800002 ], [ 6.0273687229, 50.086728685399997 ], [ 6.0282314818, 50.086524725499999 ], [ 6.0290180485, 50.086711403199999 ], [ 6.030136645, 50.0859236091 ], [ 6.0304453019, 50.085486255100001 ], [ 6.0309309317, 50.085003087099999 ], [ 6.0311753387, 50.084291524599998 ], [ 6.0317562904, 50.083894007 ], [ 6.0316265942, 50.0836737829 ], [ 6.031122943, 50.083773381100002 ], [ 6.030770978, 50.083609408100003 ], [ 6.0310713566, 50.0829649338 ], [ 6.0317307435, 50.0825726327 ], [ 6.0317587521, 50.0823114891 ], [ 6.031424064, 50.0816876859 ], [ 6.0300278005, 50.080718844099998 ], [ 6.0284082215, 50.080738999099999 ], [ 6.0255774755, 50.079604298100001 ], [ 6.0249305782, 50.077992126200002 ], [ 6.0250253603, 50.07773459 ], [ 6.0255448818, 50.077394952200002 ], [ 6.0252943894, 50.076228418500001 ], [ 6.0247656214, 50.076099650400003 ], [ 6.0243382939, 50.076411690299999 ], [ 6.0237815901, 50.076113227800001 ], [ 6.0235275769, 50.075655218599998 ], [ 6.0235923275, 50.074420187 ], [ 6.0229795288, 50.074687913 ], [ 6.0229569775, 50.074256441400003 ], [ 6.02334993, 50.073487064200002 ], [ 6.0209708158, 50.073428954 ], [ 6.0211064657, 50.072147398 ], [ 6.0220882706, 50.069669746800002 ], [ 6.0217403265, 50.068317792 ], [ 6.0208011243, 50.068192868799997 ], [ 6.0185614564, 50.068461619099999 ], [ 6.0159984541, 50.069227886599997 ], [ 6.0136629567, 50.070705431500002 ], [ 6.0108669366, 50.0718521326 ], [ 6.0083807481, 50.072564681 ], [ 6.0074169068, 50.072681148900003 ], [ 6.0059486418, 50.072286476800002 ], [ 6.0058689922, 50.0723989245 ], [ 6.0034935722, 50.070809981799997 ], [ 6.0002432361, 50.071281963399997 ], [ 5.998484458, 50.071234873500003 ], [ 5.9975120478, 50.0707165683 ], [ 5.9969682314, 50.070670613899999 ], [ 5.9973045573, 50.070433709 ], [ 5.9955862033, 50.069691532100002 ], [ 5.9946690371, 50.068586812 ], [ 5.9937067462, 50.067914692800002 ], [ 5.9926520524, 50.067645200800001 ], [ 5.9907062252, 50.067479929699999 ], [ 5.9871956203, 50.066884937099999 ], [ 5.9867070442, 50.067024211300001 ], [ 5.9855996345, 50.067951235400002 ], [ 5.9846000128, 50.067782070100002 ], [ 5.9850743463, 50.067468325900002 ], [ 5.9856948099, 50.0660635391 ], [ 5.984833476, 50.064283359500003 ], [ 5.9846888666, 50.063463019 ], [ 5.9850527456, 50.062454815700001 ], [ 5.9863919376, 50.060565457400003 ], [ 5.9845775077, 50.060341913800002 ], [ 5.9825563307, 50.058192594700003 ], [ 5.9820169473, 50.056030581400002 ], [ 5.9821059329, 50.053585977899999 ], [ 5.9816793406, 50.054151021499997 ], [ 5.980267234, 50.05477245 ], [ 5.9792277225, 50.055559851 ], [ 5.9772009712, 50.055941084700002 ], [ 5.9762393962, 50.055364935599997 ], [ 5.9755550943, 50.054497213300003 ], [ 5.9756525236, 50.052920939899998 ], [ 5.9756917095, 50.052221422899997 ], [ 5.9751792673, 50.0509560247 ], [ 5.9734882697, 50.049720893200004 ], [ 5.9731426165, 50.049251596200001 ], [ 5.9727818377, 50.047865870899997 ], [ 5.9718137208, 50.047430354 ], [ 5.9709353295, 50.046373623100003 ], [ 5.9682545162, 50.045860745500001 ], [ 5.9692947698, 50.045700338499998 ], [ 5.9710150762, 50.0460550058 ], [ 5.9711478936, 50.045553237199996 ], [ 5.9710028646, 50.045310765700002 ], [ 5.9699918634, 50.044717182699998 ], [ 5.969205865, 50.044000420800003 ], [ 5.9691379651, 50.043551660299997 ], [ 5.9695550761, 50.042813069200001 ], [ 5.9688667892, 50.0427206162 ], [ 5.9652711273, 50.042802889699999 ], [ 5.9627647761, 50.042612986199998 ], [ 5.9611901469, 50.0423262061 ], [ 5.9588144434, 50.041524171200003 ], [ 5.9570195909, 50.041217852300001 ], [ 5.9569136008, 50.041069553500002 ], [ 5.958390626, 50.039258311399998 ], [ 5.9593753104, 50.038402732900003 ], [ 5.9607904477, 50.037721983300003 ], [ 5.9610408686, 50.037894206899999 ], [ 5.9618483983, 50.037448261100003 ], [ 5.9611210806, 50.036869054599997 ], [ 5.9620922756, 50.036375299200003 ], [ 5.9621718231, 50.0355036009 ], [ 5.9615060164, 50.034953517 ], [ 5.9606579963, 50.033800751800001 ], [ 5.9623528367, 50.033054823599997 ], [ 5.9636636437, 50.032885099600001 ], [ 5.9661781903, 50.0319744536 ], [ 5.9690429279, 50.031874382200002 ], [ 5.972607957, 50.032209515600002 ], [ 5.9730053886, 50.031647879799998 ], [ 5.9730010487, 50.0311839883 ], [ 5.971774506, 50.029053651700004 ], [ 5.9712582637, 50.028625892100003 ], [ 5.969878851, 50.028039685099998 ], [ 5.970939397, 50.027334679500001 ], [ 5.9689313417, 50.026644034 ], [ 5.9698987762, 50.026003528399997 ], [ 5.9714042315, 50.025323242299997 ], [ 5.9717794513, 50.0241961686 ], [ 5.9732483809, 50.024484553500002 ], [ 5.9761465274, 50.024134457599999 ], [ 5.9762074489, 50.0232347663 ], [ 5.9773641264, 50.022401288499999 ], [ 5.9783156985, 50.0209409088 ], [ 5.9782746456, 50.0203931936 ], [ 5.9778165888, 50.019889327900003 ], [ 5.9777117017, 50.019406535599998 ], [ 5.9765883116, 50.017940829499999 ], [ 5.9801831362, 50.018029552100003 ], [ 5.9842186367, 50.019973518599997 ], [ 5.9850108314, 50.017155447500002 ], [ 5.9858526097, 50.017356262500002 ], [ 5.9866546451, 50.016484341100004 ], [ 5.9869786987, 50.016340855 ], [ 5.9871759056, 50.0164297703 ], [ 5.9874574251, 50.016175455499997 ], [ 5.9876246198, 50.0162495613 ], [ 5.9884717911, 50.015160786199999 ], [ 5.9851470703, 50.014155950599999 ], [ 5.9850509797, 50.012311792 ], [ 5.9880447765, 50.013621235800002 ], [ 5.9877491827, 50.013935756899997 ], [ 5.9895525534, 50.014762778700003 ], [ 5.9906013452, 50.013870682099999 ], [ 5.9909727375, 50.014062346199999 ], [ 5.9915658901, 50.013636040800002 ], [ 5.9927814776, 50.013187600199998 ], [ 5.9936587647, 50.013323393699999 ], [ 5.9947196463, 50.013182451 ], [ 5.9946827413, 50.013058616599999 ], [ 5.9961702292, 50.012577747599998 ], [ 5.996568955, 50.012192944 ], [ 5.997700744, 50.012238745600001 ], [ 5.9992728608, 50.0118697017 ], [ 5.9991798814, 50.011460091300002 ], [ 6.0004342358, 50.011483990199999 ], [ 6.0007185822, 50.011364053299999 ], [ 6.0036750753, 50.011629742700002 ], [ 6.0036913441, 50.011534647399998 ], [ 6.0044484042, 50.011648837700001 ], [ 6.004908452, 50.011964837699999 ], [ 6.0054303578, 50.011668209600003 ], [ 6.0057957658, 50.011676432199998 ], [ 6.0064355225, 50.011454709600002 ], [ 6.0057682377, 50.010719385900003 ], [ 6.0067468565, 50.009740414 ], [ 6.0069126897, 50.009441748900002 ], [ 6.0065555609, 50.009348708 ], [ 6.0072674935, 50.008638435199998 ], [ 6.0083442685, 50.008088902700003 ], [ 6.0095417812, 50.007996271800003 ], [ 6.0103870528, 50.00734583 ], [ 6.0108529667, 50.0065237934 ], [ 6.0110767182, 50.006558402 ], [ 6.0113081481, 50.006276379 ], [ 6.0120674879, 50.006559371199998 ], [ 6.0124564845, 50.0059650866 ], [ 6.0082603096, 50.004140370800002 ], [ 6.0097713022, 50.002768869500002 ], [ 6.0120933083, 50.0035513471 ], [ 6.0127792917, 50.002742443499997 ], [ 6.0162069451, 50.003464684800001 ], [ 6.0169059491, 50.002577431399999 ], [ 6.0167793146, 50.001963852700001 ], [ 6.0172540411, 50.001471937399998 ], [ 6.0174129453, 50.000926659400001 ], [ 6.0188967179, 50.0019066395 ], [ 6.020229771, 50.000840348700002 ], [ 6.0196361491, 50.000524598799998 ], [ 6.0213306169, 49.999244980500002 ], [ 6.0215672192, 49.999366162599998 ], [ 6.0220000822, 49.998861184 ], [ 6.0248741124, 50.000089597 ], [ 6.0262228083, 50.0004748729 ], [ 6.0266105806, 49.999214539100002 ], [ 6.0284896217, 49.999639403400003 ], [ 6.0296905835, 49.999419039899998 ], [ 6.0309473264, 49.999459487 ], [ 6.0327183981, 50.000571498699998 ], [ 6.0331640024, 50.000181381600001 ], [ 6.0354998271, 50.0010687475 ], [ 6.0368773258, 50.002011417399999 ], [ 6.0376530275, 50.002989370900004 ], [ 6.0390510805, 50.003729583 ], [ 6.0398610503, 50.004366877499997 ], [ 6.0401023345, 50.005538023299998 ], [ 6.0376181052, 50.0065518185 ], [ 6.0370644485, 50.0089731184 ], [ 6.0365670792, 50.009430403700001 ], [ 6.0358317056, 50.009738474 ], [ 6.0368507294, 50.0096899694 ], [ 6.0378935797, 50.009038029899997 ], [ 6.0384742677, 50.009542847299997 ], [ 6.0419097293, 50.0113784606 ], [ 6.0424662617, 50.011503181400002 ], [ 6.0415796077, 50.012924349599999 ], [ 6.0379302347, 50.012477835 ], [ 6.0375402214, 50.014407714299999 ], [ 6.0360612108, 50.016754256399999 ], [ 6.0373489738, 50.016983790399998 ], [ 6.0395647494, 50.016737422399999 ], [ 6.0411779324, 50.016870876600002 ], [ 6.0415090306, 50.017939426399998 ], [ 6.0408603884, 50.019295530199997 ], [ 6.04120106, 50.020041903100001 ], [ 6.0420883182, 50.020086907 ], [ 6.0451220754, 50.020674269300002 ], [ 6.0463591049, 50.021123068500003 ], [ 6.0465201387, 50.021282032800002 ], [ 6.0463699753, 50.021551254800002 ], [ 6.0473484367, 50.0218617628 ], [ 6.0473852047, 50.021677003900002 ], [ 6.0480733831, 50.0219331196 ], [ 6.0480206278, 50.022105896100001 ], [ 6.0474489172, 50.022715959800003 ], [ 6.0474287811, 50.023125611700003 ], [ 6.0482988489, 50.025411217200002 ], [ 6.0483164674, 50.026098026500001 ], [ 6.0488371583, 50.026953334700003 ], [ 6.0525340561, 50.029166245900001 ], [ 6.0530289555, 50.029607998199999 ], [ 6.053212989, 50.029582044100003 ], [ 6.0530277122, 50.0309564143 ], [ 6.0522934725, 50.0324209272 ], [ 6.0525949281, 50.033044265199997 ], [ 6.0533595901, 50.033688897300003 ], [ 6.053357217, 50.034149461200002 ], [ 6.0567564576, 50.034161152099998 ], [ 6.0564895566, 50.0350244471 ], [ 6.0567497337, 50.0355223643 ], [ 6.0587969439, 50.037505396699999 ], [ 6.0585133033, 50.037648464299998 ], [ 6.0603331504, 50.038979753100001 ], [ 6.0613261452, 50.038653478100002 ], [ 6.0623016877, 50.038028034299998 ], [ 6.0606349904, 50.036607013500003 ], [ 6.0596533062, 50.036148463700002 ], [ 6.0582674348, 50.034657103100002 ], [ 6.0579902987, 50.033650014199999 ], [ 6.0573268985, 50.032543539700001 ], [ 6.0573061215, 50.031446653 ], [ 6.0576007193, 50.030816483499997 ], [ 6.0575839124, 50.030302885099999 ], [ 6.0561252183, 50.028434067500001 ], [ 6.0557304446, 50.0269635147 ], [ 6.0576692506, 50.028955618 ], [ 6.0616057214, 50.031013795200003 ], [ 6.0616873814, 50.031154253700002 ], [ 6.060099926, 50.032566126699997 ], [ 6.0602004442, 50.033081716799998 ], [ 6.0606715996, 50.033757405899998 ], [ 6.0625986761, 50.035309696200002 ], [ 6.0666334601, 50.037602104100003 ], [ 6.0669512912, 50.038235397599998 ], [ 6.0674181105, 50.0385610883 ], [ 6.0697498291, 50.039362966799999 ], [ 6.0709448505, 50.039547447799997 ], [ 6.0695369542, 50.0412952776 ], [ 6.067916077, 50.040965224700003 ], [ 6.0674724906, 50.041965387099999 ], [ 6.0689611818, 50.042836525200002 ], [ 6.0711141933, 50.043482439800002 ], [ 6.0735959961, 50.043982019799998 ], [ 6.0763987798, 50.044901907099998 ] ] ] ] } },
{ "type": "Feature", "properties": { "name": "Colmar-Berg", "canton": "Mersch", "district": "Luxembourg", "lau2": "0401" }, "geometry": { "type": "MultiPolygon", "coordinates": [ [ [ [ 6.0727767816, 49.8254484566 ], [ 6.073793176, 49.826443180299997 ], [ 6.07352901, 49.827765826399997 ], [ 6.0744666194, 49.8287331306 ], [ 6.0748728945, 49.828851781 ], [ 6.0747439605, 49.828996589699997 ], [ 6.0750614309, 49.829193612200001 ], [ 6.0750458053, 49.829451523800003 ], [ 6.0745655961, 49.829552187 ], [ 6.0740763069, 49.8293138031 ], [ 6.0724040278, 49.829755174399999 ], [ 6.0724965955, 49.830003122599997 ], [ 6.0643696952, 49.830358178799997 ], [ 6.0639395225, 49.830927022 ], [ 6.0638953958, 49.832041455499997 ], [ 6.0642345927, 49.832880882300003 ], [ 6.0643963292, 49.832834688 ], [ 6.0653215642, 49.834173745900003 ], [ 6.0645739363, 49.834438103799997 ], [ 6.0642514791, 49.834164879600003 ], [ 6.0618430317, 49.8305558168 ], [ 6.0591986004, 49.830176997800002 ], [ 6.0572276642, 49.8293608603 ], [ 6.056564074, 49.8288680259 ], [ 6.0529099993, 49.827689445499999 ], [ 6.0511320013, 49.826863594199999 ], [ 6.0501417587, 49.826623464500003 ], [ 6.0514754497, 49.8253183701 ], [ 6.0490017834, 49.824384925899999 ], [ 6.0450298514, 49.826721860100001 ], [ 6.0438276124, 49.8267459582 ], [ 6.0415537496, 49.826475063099998 ], [ 6.0403488658, 49.826087943099999 ], [ 6.0407749725, 49.825462487400003 ], [ 6.0411567898, 49.824153052699998 ], [ 6.0407657509, 49.822820856600003 ], [ 6.0431348628, 49.823044668400001 ], [ 6.044449123, 49.820727615899997 ], [ 6.0442890901, 49.8191335072 ], [ 6.0449071395, 49.818136672199998 ], [ 6.0466313464, 49.8169186143 ], [ 6.048305645, 49.8159935487 ], [ 6.0490870995, 49.815645994800001 ], [ 6.0517525998, 49.815043859500001 ], [ 6.0530952881, 49.8151590473 ], [ 6.0537664505, 49.815081442299999 ], [ 6.0571238619, 49.814078298699997 ], [ 6.0610217838, 49.811394960900003 ], [ 6.0631144473, 49.810337567399998 ], [ 6.0654164715, 49.809424323800002 ], [ 6.0661835702, 49.808869082599998 ], [ 6.065070708, 49.8084260977 ], [ 6.0628775602, 49.808034325599998 ], [ 6.0615249278, 49.80652376 ], [ 6.0614036728, 49.804238061 ], [ 6.0623776434, 49.801142764 ], [ 6.0636042085, 49.801336097300002 ], [ 6.0664462764, 49.801423035 ], [ 6.0676578355, 49.800952267900001 ], [ 6.0690624854, 49.800874671400003 ], [ 6.0708355681, 49.800450296800001 ], [ 6.0724773621, 49.799617690600002 ], [ 6.0731574913, 49.799007559800003 ], [ 6.0749333325, 49.798312117599998 ], [ 6.075040901, 49.797840343799997 ], [ 6.0756325212, 49.797453430099999 ], [ 6.0761487653, 49.797756823900002 ], [ 6.0763057251, 49.7981458402 ], [ 6.0765957878, 49.798210252099999 ], [ 6.0788275667, 49.7979363655 ], [ 6.0809723684, 49.798188399600001 ], [ 6.0830191222, 49.7976123145 ], [ 6.0846886276, 49.797628619800001 ], [ 6.0849019019, 49.797398735199998 ], [ 6.084640962, 49.797112150499999 ], [ 6.0846920047, 49.796761135499999 ], [ 6.084930634, 49.796524732599998 ], [ 6.0887774304, 49.794468446 ], [ 6.0893073654, 49.794008883399997 ], [ 6.0897968291, 49.793813501499997 ], [ 6.0912824486, 49.794034028699997 ], [ 6.0947102154, 49.792960988300003 ], [ 6.0981964813, 49.791309832 ], [ 6.0980970853, 49.790842588 ], [ 6.1016913995, 49.788978085399997 ], [ 6.1074699899, 49.791271585700002 ], [ 6.1069191626, 49.791617991499997 ], [ 6.1045816321, 49.792258104600002 ], [ 6.1061337563, 49.793436788800001 ], [ 6.1089549059, 49.794523348699997 ], [ 6.1105860024, 49.795521874599999 ], [ 6.1116015593, 49.796601539400001 ], [ 6.111956651, 49.797309565799999 ], [ 6.1127098425, 49.797944333799997 ], [ 6.1128520785, 49.798534146100003 ], [ 6.1126761949, 49.798964592499999 ], [ 6.113864103, 49.799657654500002 ], [ 6.1152912681, 49.800099800300003 ], [ 6.1157205221, 49.800436118299999 ], [ 6.1173972066, 49.800911722099997 ], [ 6.1180082767, 49.801883554500002 ], [ 6.117214572, 49.802236378499998 ], [ 6.1163739514, 49.801841231099999 ], [ 6.1151738057, 49.802335061100003 ], [ 6.1136350201, 49.8032517531 ], [ 6.1123061014, 49.804452450299998 ], [ 6.1114798019, 49.805947046900002 ], [ 6.1109079648, 49.808059259899998 ], [ 6.1107959557, 49.809524157699997 ], [ 6.1092779156, 49.810352638 ], [ 6.1081048298, 49.811530392199998 ], [ 6.1080070188, 49.812863526199997 ], [ 6.1061284321, 49.8138427337 ], [ 6.1051507282, 49.814548926900002 ], [ 6.1037310326, 49.815004057499998 ], [ 6.1027249711, 49.815017087 ], [ 6.101777319, 49.814660956399997 ], [ 6.1010028205, 49.814597968299999 ], [ 6.0984410752, 49.814989027800003 ], [ 6.0972765636, 49.814796919300001 ], [ 6.0964695955, 49.815002208300001 ], [ 6.0957573228, 49.815426572100002 ], [ 6.0946551429, 49.81636776 ], [ 6.0945012167, 49.816941826300003 ], [ 6.0947989873, 49.8172398739 ], [ 6.0965394843, 49.818122223499998 ], [ 6.096247217, 49.818924229099999 ], [ 6.0950604356, 49.820642890899997 ], [ 6.0941993538, 49.8214712467 ], [ 6.0926838679, 49.822280674300004 ], [ 6.0912896108, 49.8226359708 ], [ 6.0911681004, 49.822829613099998 ], [ 6.0847428881, 49.822513144299997 ], [ 6.0835681451, 49.822951020300003 ], [ 6.0812801998, 49.823388046300003 ], [ 6.0770573594, 49.824737520699998 ], [ 6.0727767816, 49.8254484566 ] ] ] ] } },
{ "type": "Feature", "properties": { "name": "Consdorf", "canton": "Echternach", "district": "Grevenmacher", "lau2": "1004" }, "geometry": { "type": "MultiPolygon", "coordinates": [ [ [ [ 6.3652762234, 49.770363818100002 ], [ 6.3678345934, 49.768811882100003 ], [ 6.3695417119, 49.768381016399999 ], [ 6.370438063, 49.767833735499998 ], [ 6.3721726997, 49.768547145100001 ], [ 6.3740791588, 49.765245863499999 ], [ 6.3755431211, 49.763431016 ], [ 6.3775049726, 49.764291790800002 ], [ 6.3795333511, 49.761770612600003 ], [ 6.3818523587, 49.762610384799999 ], [ 6.379124486, 49.765975059 ], [ 6.3784298457, 49.768711641800003 ], [ 6.3757461129, 49.767340034699998 ], [ 6.3737269096, 49.767269459200001 ], [ 6.3741574042, 49.7697656239 ], [ 6.3749231337, 49.770313355500001 ], [ 6.376526261, 49.771244188099999 ], [ 6.3761583443, 49.7716504972 ], [ 6.3834934948, 49.774963366500003 ], [ 6.3842721031, 49.775154124 ], [ 6.3873306331, 49.775444950400001 ], [ 6.3911064143, 49.776264146599999 ], [ 6.3900954112, 49.777853700400001 ], [ 6.3872018406, 49.777469498800002 ], [ 6.3839783872, 49.777885749500001 ], [ 6.3845129712, 49.779437864 ], [ 6.3847388927, 49.782057568 ], [ 6.3844404607, 49.78317868 ], [ 6.3834758316, 49.785026094300001 ], [ 6.3840800494, 49.7884195882 ], [ 6.3841461217, 49.791220832500002 ], [ 6.3862738329, 49.795387897399998 ], [ 6.3864054516, 49.796112714300001 ], [ 6.3837369625, 49.796058688599999 ], [ 6.3836098849, 49.796839590200001 ], [ 6.3832374808, 49.796663833099998 ], [ 6.3817919315, 49.796827866 ], [ 6.3812257089, 49.796730734400001 ], [ 6.3789791432, 49.797468836599997 ], [ 6.3779699498, 49.7973862264 ], [ 6.3766480119, 49.797754581100001 ], [ 6.376418855, 49.797669169599999 ], [ 6.3760960158, 49.797077209599998 ], [ 6.3754783186, 49.797466945099998 ], [ 6.3745992628, 49.797283825100003 ], [ 6.3730890727, 49.797482191699999 ], [ 6.3711280541, 49.7968958676 ], [ 6.3708508073, 49.796511165699997 ], [ 6.3703612349, 49.7963238942 ], [ 6.3703274466, 49.795986145100002 ], [ 6.3694634186, 49.796185398 ], [ 6.3685941109, 49.796188278499997 ], [ 6.3664760453, 49.795578224099998 ], [ 6.3655955006, 49.795088697499999 ], [ 6.3642610178, 49.795001858200003 ], [ 6.3628198381, 49.795137092600001 ], [ 6.36284697, 49.795986984499997 ], [ 6.362185844, 49.796511106700002 ], [ 6.3623352697, 49.796681867700002 ], [ 6.3617972801, 49.796958391700002 ], [ 6.3617116596, 49.797369384200003 ], [ 6.3611573156, 49.797473194 ], [ 6.3609352876, 49.797896785299997 ], [ 6.3605290362, 49.798118014899998 ], [ 6.3585071204, 49.798531274699997 ], [ 6.3577859483, 49.798934581499999 ], [ 6.3572590944, 49.798751038100001 ], [ 6.3564229506, 49.798843014600003 ], [ 6.3557709182, 49.798993224199997 ], [ 6.3548012104, 49.799504490399997 ], [ 6.3531722949, 49.799798261799999 ], [ 6.3480803124, 49.799900596900002 ], [ 6.3477524521, 49.798967584400003 ], [ 6.3458928376, 49.800068196399998 ], [ 6.3442409479, 49.799810495300001 ], [ 6.3424815757, 49.7994014127 ], [ 6.3406533939, 49.798482669 ], [ 6.3377652085, 49.797493319499999 ], [ 6.3340039495, 49.797796503199997 ], [ 6.331623976, 49.7977732465 ], [ 6.3298953701, 49.7980362188 ], [ 6.3269743622, 49.797376749599998 ], [ 6.3233696069, 49.796077163900001 ], [ 6.3205411727, 49.794495778200002 ], [ 6.3194515164, 49.794102639099997 ], [ 6.318160213, 49.793095614400002 ], [ 6.31601911, 49.791931648499997 ], [ 6.3147809875, 49.791724970600001 ], [ 6.3139368235, 49.7914195667 ], [ 6.3133647178, 49.791414940199999 ], [ 6.3123551955, 49.7913517454 ], [ 6.3125804487, 49.7911039305 ], [ 6.3128952557, 49.791048898600003 ], [ 6.3130395249, 49.790578547300001 ], [ 6.313528579, 49.79059424 ], [ 6.3144195145, 49.790107262 ], [ 6.3141367598, 49.789930224800003 ], [ 6.3115864082, 49.790121480099998 ], [ 6.3096266928, 49.789975135399999 ], [ 6.3064265745, 49.7888444572 ], [ 6.3054551468, 49.7887260344 ], [ 6.304522628, 49.788187573599998 ], [ 6.3042080877, 49.788274850199997 ], [ 6.3025932248, 49.7875661299 ], [ 6.301751651, 49.787580578099998 ], [ 6.3013967041, 49.787443341600003 ], [ 6.3005804335, 49.786962111100003 ], [ 6.3001828167, 49.786219430300001 ], [ 6.299383715, 49.785860993900002 ], [ 6.2993680242, 49.785172097100002 ], [ 6.298860192, 49.784553932900003 ], [ 6.2986592808, 49.783897792499999 ], [ 6.2985065995, 49.782209065099998 ], [ 6.2971405087, 49.781002888099998 ], [ 6.2968471493, 49.779810361400003 ], [ 6.2939125393, 49.7781444851 ], [ 6.2922203911, 49.777960924799999 ], [ 6.2922849793, 49.776520762799997 ], [ 6.2922079066, 49.775838520299999 ], [ 6.2912883447, 49.775070952599997 ], [ 6.2908349098, 49.7751091624 ], [ 6.2900706708, 49.774811392499998 ], [ 6.2901295769, 49.774559094600001 ], [ 6.2892573693, 49.774493188299999 ], [ 6.2870158108, 49.773717270299997 ], [ 6.2856670115, 49.773518163299997 ], [ 6.2850473228, 49.773594254499997 ], [ 6.2847195217, 49.773449063100003 ], [ 6.2845055041, 49.772550285900003 ], [ 6.2847200073, 49.771979003 ], [ 6.2847212756, 49.770752303499997 ], [ 6.2845027263, 49.770507526899998 ], [ 6.284548221, 49.770123971300002 ], [ 6.2842215361, 49.769965030400002 ], [ 6.2844800942, 49.7695561572 ], [ 6.2841921425, 49.7694144393 ], [ 6.2837266093, 49.7682020823 ], [ 6.283949365, 49.767863374100003 ], [ 6.2839935979, 49.766959560499998 ], [ 6.2835822054, 49.766463082100003 ], [ 6.2818144054, 49.765700557400002 ], [ 6.2816023005, 49.765117131799997 ], [ 6.2812902457, 49.765105526600003 ], [ 6.2810477531, 49.764795089300002 ], [ 6.2810372019, 49.763946326700001 ], [ 6.2804276339, 49.763515142499998 ], [ 6.2802297935, 49.763080047800003 ], [ 6.2790320481, 49.762536333500002 ], [ 6.2788411534, 49.7621208475 ], [ 6.2783046021, 49.762046856700003 ], [ 6.2781200778, 49.761433027 ], [ 6.2773826452, 49.760812450499998 ], [ 6.2773190314, 49.760184505799998 ], [ 6.2756207518, 49.758324082599998 ], [ 6.2731441265, 49.7575708607 ], [ 6.2724831015, 49.757494619 ], [ 6.2723824606, 49.7567579165 ], [ 6.2724756183, 49.755633940099997 ], [ 6.2714523471, 49.754669966100003 ], [ 6.2718682176, 49.753946444900002 ], [ 6.2718961428, 49.752994386 ], [ 6.2694650636, 49.750528272700002 ], [ 6.2660609363, 49.748126695300002 ], [ 6.2654803746, 49.747177761899998 ], [ 6.2657275351, 49.746761404399997 ], [ 6.2656159221, 49.746595520299998 ], [ 6.2654806707, 49.746149772800003 ], [ 6.2656096302, 49.745652463600003 ], [ 6.2657820185, 49.745657091200002 ], [ 6.2711605158, 49.748199777799996 ], [ 6.2808392783, 49.753239293900002 ], [ 6.285015623, 49.749423327499997 ], [ 6.2875868889, 49.750362289599998 ], [ 6.2877994021, 49.750139214 ], [ 6.2878818288, 49.751085911799997 ], [ 6.2883013908, 49.751905487400002 ], [ 6.2886686009, 49.752210097400003 ], [ 6.2940023073, 49.754001245 ], [ 6.3000069812, 49.756380653 ], [ 6.2999970564, 49.756771178800001 ], [ 6.3008526597, 49.756788644099998 ], [ 6.3009239009, 49.757149235900002 ], [ 6.3022111485, 49.7571484805 ], [ 6.3056962191, 49.757610404399998 ], [ 6.3056803961, 49.757385492099999 ], [ 6.3102800295, 49.757743562800002 ], [ 6.3119538821, 49.758004014500003 ], [ 6.3133778675, 49.758400716 ], [ 6.3153760436, 49.759035237299997 ], [ 6.3165151333, 49.759224577300003 ], [ 6.3155883987, 49.760354316399997 ], [ 6.3150087526, 49.760145896 ], [ 6.3138240392, 49.7613781027 ], [ 6.3158942819, 49.7620495026 ], [ 6.3160578912, 49.762402953399999 ], [ 6.3172930215, 49.762950723099998 ], [ 6.3180962603, 49.7637863876 ], [ 6.3213662381, 49.766061377 ], [ 6.3234254843, 49.766416972899997 ], [ 6.3233415705, 49.764997624300001 ], [ 6.3231051887, 49.764659350400002 ], [ 6.3232269621, 49.764033231399999 ], [ 6.3229162929, 49.763514729299999 ], [ 6.3253177829, 49.763953616199998 ], [ 6.3252948176, 49.764156092599997 ], [ 6.3249665201, 49.764315928400002 ], [ 6.3251913212, 49.764867133599999 ], [ 6.3264734251, 49.765678665 ], [ 6.3299971321, 49.766491990699997 ], [ 6.3301862845, 49.765055576100004 ], [ 6.3381992764, 49.76439236 ], [ 6.3414430782, 49.762772866799999 ], [ 6.3455213719, 49.7612492453 ], [ 6.3477913825, 49.760156848199998 ], [ 6.3552883545, 49.762911211499997 ], [ 6.3583580186, 49.763767800700002 ], [ 6.3598172717, 49.7640748735 ], [ 6.3630554987, 49.764370123799999 ], [ 6.3657119529, 49.765076782199998 ], [ 6.3648191995, 49.765751680599998 ], [ 6.3657327502, 49.768687707399998 ], [ 6.3652762234, 49.770363818100002 ] ] ] ] } },
{ "type": "Feature", "properties": { "name": "Contern", "canton": "Luxembourg", "district": "Luxembourg", "lau2": "0302" }, "geometry": { "type": "MultiPolygon", "coordinates": [ [ [ [ 6.2754099161, 49.600689938800002 ], [ 6.2737857129, 49.601299912599998 ], [ 6.2754878556, 49.603551984900001 ], [ 6.2760636089, 49.6043398849 ], [ 6.2747412146, 49.604770765300003 ], [ 6.2714725327, 49.6036498968 ], [ 6.2713399641, 49.603743594599997 ], [ 6.2698285973, 49.603174554299997 ], [ 6.2679546539, 49.602803118099999 ], [ 6.2655837024, 49.603995018900001 ], [ 6.2652725629, 49.604290080200002 ], [ 6.2655902793, 49.604485958600002 ], [ 6.2589534526, 49.605011376599997 ], [ 6.2563027403, 49.604672831499997 ], [ 6.2544175066, 49.604678573699999 ], [ 6.2511455272, 49.605552374 ], [ 6.2464983824, 49.607157416100002 ], [ 6.2397511509, 49.6101124391 ], [ 6.2387750829, 49.609657631700003 ], [ 6.2370527948, 49.6086555033 ], [ 6.2362022783, 49.6077398929 ], [ 6.2367611348, 49.607379801299999 ], [ 6.2367820689, 49.60699171 ], [ 6.2365235025, 49.606885087899997 ], [ 6.2373850117, 49.606626437 ], [ 6.2374110784, 49.606087689 ], [ 6.2368426066, 49.605890149300002 ], [ 6.2369204919, 49.6055272073 ], [ 6.2365445339, 49.6053254411 ], [ 6.2366067512, 49.605219723499999 ], [ 6.2358423775, 49.604882989300002 ], [ 6.2359847893, 49.604605828799997 ], [ 6.2355071765, 49.604535891799998 ], [ 6.235682567, 49.603920299499997 ], [ 6.2354859317, 49.603528974 ], [ 6.2356477359, 49.6034289344 ], [ 6.2344891629, 49.603101099900002 ], [ 6.2337733101, 49.603911657799998 ], [ 6.2328532147, 49.603419421799998 ], [ 6.2319520465, 49.603458060199998 ], [ 6.2313046949, 49.6032332045 ], [ 6.2311795943, 49.60407022 ], [ 6.2299083188, 49.603714035300001 ], [ 6.2292936771, 49.603129267500002 ], [ 6.2263719621, 49.602084917799999 ], [ 6.2261861182, 49.602613036900003 ], [ 6.2243281794, 49.6031816251 ], [ 6.2240425143, 49.602262722299997 ], [ 6.2234985822, 49.602026308600003 ], [ 6.2231579733, 49.602505416 ], [ 6.2223850152, 49.602925082900001 ], [ 6.2211308732, 49.603192697899999 ], [ 6.2211631886, 49.603329436099997 ], [ 6.2185194195, 49.603232995699997 ], [ 6.2145597405, 49.602709176200001 ], [ 6.2107793109, 49.600354772099998 ], [ 6.2098942184, 49.5995735487 ], [ 6.2091499555, 49.597593494800002 ], [ 6.204791336, 49.594348522099999 ], [ 6.2047359213, 49.593909391399997 ], [ 6.2019219438, 49.592234638500003 ], [ 6.2013840204, 49.591713768399998 ], [ 6.2011876924, 49.591199449400001 ], [ 6.1977801721, 49.590231426899997 ], [ 6.1971783618, 49.589685900600003 ], [ 6.1978492646, 49.589296107499997 ], [ 6.1998383525, 49.5889297278 ], [ 6.1995890304, 49.588398643399998 ], [ 6.1997403529, 49.587121523299999 ], [ 6.2018521452, 49.585447192799997 ], [ 6.202269261, 49.584501353699999 ], [ 6.2000473089, 49.584329026699997 ], [ 6.2000622955, 49.583561169500001 ], [ 6.1959371882, 49.582959579099999 ], [ 6.1954603596, 49.582824516099997 ], [ 6.1954162716, 49.582267657499997 ], [ 6.1983612544, 49.581030849500003 ], [ 6.1994710021, 49.580213628 ], [ 6.2003650588, 49.580824335 ], [ 6.2008969303, 49.580436964100002 ], [ 6.2012855246, 49.580386590400003 ], [ 6.2001724883, 49.579546267600001 ], [ 6.1992915394, 49.578515745300002 ], [ 6.2010236236, 49.577459738800002 ], [ 6.2019532904, 49.577692988099997 ], [ 6.2023501048, 49.577241130899999 ], [ 6.2017677109, 49.5770949319 ], [ 6.2028564981, 49.575453995099998 ], [ 6.2045498286, 49.5761461321 ], [ 6.205016036, 49.576061366 ], [ 6.2071176898, 49.577596602100002 ], [ 6.2076905036, 49.577752128199997 ], [ 6.2070377154, 49.577138724400001 ], [ 6.2078071168, 49.576964102600002 ], [ 6.208628809, 49.575404717700003 ], [ 6.2095294294, 49.574445100200002 ], [ 6.2092671174, 49.574247644300002 ], [ 6.2108960531, 49.573282408399997 ], [ 6.2107564171, 49.572976144599998 ], [ 6.2116388775, 49.572301713500003 ], [ 6.2145254924, 49.573012095 ], [ 6.2156025894, 49.573551913499998 ], [ 6.2162361425, 49.573191626899998 ], [ 6.218482446, 49.574245017099997 ], [ 6.218050142, 49.573813322299998 ], [ 6.2207312614, 49.573094150599999 ], [ 6.2226872953, 49.5742553599 ], [ 6.2228603601, 49.574125553800002 ], [ 6.2241571253, 49.5746352735 ], [ 6.224959607, 49.5740488478 ], [ 6.2238092006, 49.573400270599997 ], [ 6.2242008737, 49.573081839899999 ], [ 6.2239404128, 49.572772720300001 ], [ 6.2258557153, 49.571757592099999 ], [ 6.225663477, 49.571620872300002 ], [ 6.2266845375, 49.570535445600001 ], [ 6.2277034166, 49.569723959599997 ], [ 6.2280498979, 49.569906485399997 ], [ 6.2282510234, 49.569742139799999 ], [ 6.2280124145, 49.569535587700003 ], [ 6.2284467217, 49.569042001 ], [ 6.2279951961, 49.568683999 ], [ 6.2285987217, 49.568247424900001 ], [ 6.229641741, 49.569603915599998 ], [ 6.2306237707, 49.570088368699999 ], [ 6.23081481, 49.569892051899998 ], [ 6.2312350327, 49.570043436500001 ], [ 6.2329694413, 49.569992383900001 ], [ 6.2365666891, 49.570209054800003 ], [ 6.23948026, 49.569650806299997 ], [ 6.2403838652, 49.568546000799998 ], [ 6.2416217436, 49.567663295700001 ], [ 6.2480414564, 49.567676540900003 ], [ 6.2488169204, 49.567567240800003 ], [ 6.2506725561, 49.567864187300003 ], [ 6.2537749713, 49.568645084400003 ], [ 6.254803549, 49.569316204 ], [ 6.257505216, 49.570112363600003 ], [ 6.2563815892, 49.570986222199998 ], [ 6.2555381397, 49.572154133600002 ], [ 6.2553801453, 49.572784986 ], [ 6.2556710822, 49.573468444200003 ], [ 6.2554385282, 49.574486400600001 ], [ 6.2566257424, 49.575558743099997 ], [ 6.2569266818, 49.576340093699997 ], [ 6.2582114784, 49.57787951 ], [ 6.2594528052, 49.578776490800003 ], [ 6.2631884285, 49.578585405600002 ], [ 6.2658032193, 49.578250700799998 ], [ 6.2655236401, 49.578549540499999 ], [ 6.2656533389, 49.579119768600002 ], [ 6.2654157032, 49.579837375399997 ], [ 6.2655510906, 49.579899964 ], [ 6.2658165687, 49.579200800899997 ], [ 6.2657714722, 49.578648923599999 ], [ 6.2664484273, 49.578955722300002 ], [ 6.2674503695, 49.579960867600001 ], [ 6.2672454437, 49.5805019194 ], [ 6.2687547599, 49.583140457500001 ], [ 6.2686119156, 49.583983385300002 ], [ 6.2698712596, 49.584378465500002 ], [ 6.2710552621, 49.5845940576 ], [ 6.2748101009, 49.584734116100002 ], [ 6.2846092063, 49.5865600865 ], [ 6.2911783737, 49.586293468299999 ], [ 6.2919070791, 49.586561400800001 ], [ 6.2972629269, 49.585000452400003 ], [ 6.3007684712, 49.582655399099998 ], [ 6.3023699531, 49.583772224199997 ], [ 6.3028542736, 49.5850134019 ], [ 6.3022704268, 49.586697585400003 ], [ 6.302001504, 49.588843322700001 ], [ 6.3013248843, 49.589915166 ], [ 6.3017633971, 49.590474942500002 ], [ 6.2997291329, 49.591163143300001 ], [ 6.2996101328, 49.593135615400001 ], [ 6.2966512787, 49.595542138 ], [ 6.2951797967, 49.598216410200003 ], [ 6.2933124393, 49.598592387099998 ], [ 6.2919765819, 49.598652060500001 ], [ 6.2903682103, 49.599155778499998 ], [ 6.2895516628, 49.599760256499998 ], [ 6.2891236917, 49.600953843299997 ], [ 6.288512585, 49.601820329200002 ], [ 6.2863341143, 49.601818599399998 ], [ 6.284935222, 49.602610313900001 ], [ 6.2821880114, 49.602749208 ], [ 6.2807272157, 49.602493012099998 ], [ 6.2798318448, 49.602165894400002 ], [ 6.2775388711, 49.602115765800001 ], [ 6.2774464381, 49.601639401900002 ], [ 6.2764258931, 49.601434780600002 ], [ 6.2754099161, 49.600689938800002 ] ] ] ] } },
{ "type": "Feature", "properties": { "name": "Dalheim", "canton": "Remich", "district": "Grevenmacher", "lau2": "1202" }, "geometry": { "type": "MultiPolygon", "coordinates": [ [ [ [ 6.2539095719, 49.568640578100002 ], [ 6.2537749713, 49.568645084400003 ], [ 6.2506725561, 49.567864187300003 ], [ 6.2488169204, 49.567567240800003 ], [ 6.2480414564, 49.567676540900003 ], [ 6.2416217436, 49.567663295700001 ], [ 6.2403838652, 49.568546000799998 ], [ 6.23948026, 49.569650806299997 ], [ 6.2365666891, 49.570209054800003 ], [ 6.2329694413, 49.569992383900001 ], [ 6.2312350327, 49.570043436500001 ], [ 6.2308223405, 49.569005879400002 ], [ 6.2324014754, 49.567894514099997 ], [ 6.2320366814, 49.567612381499998 ], [ 6.2335296417, 49.566087396599997 ], [ 6.2338885121, 49.564975795 ], [ 6.2316390177, 49.5626445957 ], [ 6.2323648975, 49.561973904600002 ], [ 6.2330721562, 49.560442701299998 ], [ 6.2319683905, 49.560202093500003 ], [ 6.2312962432, 49.55969912 ], [ 6.2310242753, 49.558886836200003 ], [ 6.2310524938, 49.558108705400002 ], [ 6.2312165439, 49.557677510399998 ], [ 6.233711531, 49.555204076599999 ], [ 6.2354755085, 49.554197935799998 ], [ 6.234953247, 49.553305670199997 ], [ 6.2332630119, 49.553996380699999 ], [ 6.2317565181, 49.5533475975 ], [ 6.230256487, 49.553007545200003 ], [ 6.2279581269, 49.554851426200003 ], [ 6.2271068175, 49.555739802700003 ], [ 6.2264760694, 49.556829226600001 ], [ 6.2251690831, 49.556507396299999 ], [ 6.223789705, 49.555825466599998 ], [ 6.2234862267, 49.556173623600003 ], [ 6.2217316644, 49.555567897800003 ], [ 6.2192148599, 49.554989904199999 ], [ 6.2195105911, 49.554522504099999 ], [ 6.2206180586, 49.552044701200003 ], [ 6.2222440646, 49.5506685629 ], [ 6.2237382393, 49.5498281554 ], [ 6.2247585637, 49.548113221199998 ], [ 6.2264579413, 49.547418205900001 ], [ 6.2252593997, 49.546987797900002 ], [ 6.2275026635, 49.544660868699999 ], [ 6.2292628057, 49.5453859339 ], [ 6.2303600227, 49.544577948300002 ], [ 6.2281494793, 49.543302945 ], [ 6.2294167449, 49.542333847599998 ], [ 6.2283789703, 49.540967113900003 ], [ 6.2301142125, 49.540287660600001 ], [ 6.2290754494, 49.539530791399997 ], [ 6.2287803334, 49.5385398584 ], [ 6.2291629821, 49.538432462199999 ], [ 6.2288005297, 49.5375592858 ], [ 6.2308453943, 49.537671809099997 ], [ 6.2318786461, 49.535601139599997 ], [ 6.2337281387, 49.533652551800003 ], [ 6.2354366664, 49.5331842975 ], [ 6.2358035705, 49.533593770099998 ], [ 6.2367526283, 49.533251819699998 ], [ 6.2397096255, 49.530365571300003 ], [ 6.2353127362, 49.527992966299998 ], [ 6.2363876802, 49.527203464899998 ], [ 6.2360362448, 49.526968996900003 ], [ 6.2375548185, 49.525886297600003 ], [ 6.2378180368, 49.525998526499997 ], [ 6.2394926127, 49.5246687108 ], [ 6.238659594, 49.523464101199998 ], [ 6.2388749116, 49.523412296 ], [ 6.2380196145, 49.521933177800001 ], [ 6.2371999658, 49.521184202 ], [ 6.2370705446, 49.520516777899999 ], [ 6.2365257014, 49.519868610499998 ], [ 6.2354866487, 49.517810750700001 ], [ 6.234656606, 49.517489102699997 ], [ 6.2351323359, 49.516613473299998 ], [ 6.2372532571, 49.517012521700003 ], [ 6.2383306923, 49.516861847199998 ], [ 6.2406454082, 49.5150224486 ], [ 6.2409382943, 49.5150712461 ], [ 6.2408579272, 49.515312556799998 ], [ 6.2415167096, 49.5158810147 ], [ 6.2425952133, 49.516423247600002 ], [ 6.2424524605, 49.516665076499997 ], [ 6.2428216983, 49.516758406699999 ], [ 6.2427826397, 49.517544231499997 ], [ 6.2433248483, 49.5181399891 ], [ 6.2427550087, 49.518917817800002 ], [ 6.2437277874, 49.519467157900003 ], [ 6.2468403984, 49.523965770799997 ], [ 6.2498365669, 49.523216605499996 ], [ 6.24985073, 49.523105590699998 ], [ 6.2503902723, 49.523158063099999 ], [ 6.2504812175, 49.522960381399997 ], [ 6.2530328766, 49.523340478500003 ], [ 6.2545032801, 49.521253614 ], [ 6.2567271355, 49.522189888699998 ], [ 6.2593587836, 49.523634973599997 ], [ 6.2599184815, 49.524075703699999 ], [ 6.2592049046, 49.524870460300001 ], [ 6.2613610202, 49.525888203800001 ], [ 6.2611564316, 49.526003735400003 ], [ 6.262110143, 49.526620486100001 ], [ 6.2647695609, 49.529625232400001 ], [ 6.2649948197, 49.530416315399997 ], [ 6.2656044919, 49.531073382700001 ], [ 6.2650386173, 49.531735690200001 ], [ 6.2649984857, 49.532752683299996 ], [ 6.2652836369, 49.533130518699998 ], [ 6.2668633714, 49.533144346100002 ], [ 6.2685146364, 49.533738915800001 ], [ 6.269259464, 49.533121883900002 ], [ 6.2701783346, 49.532650573399998 ], [ 6.2707028494, 49.532768473600001 ], [ 6.2705011643, 49.532272101 ], [ 6.2710249399, 49.531866384300002 ], [ 6.27084259, 49.531766332700002 ], [ 6.273000211, 49.529996401 ], [ 6.2726737037, 49.528983335900001 ], [ 6.2710906528, 49.5280850794 ], [ 6.2712876231, 49.527966534100003 ], [ 6.2711291609, 49.527894909300002 ], [ 6.2715219919, 49.527663375899998 ], [ 6.2749128533, 49.529269861700001 ], [ 6.2793434834, 49.526541717599997 ], [ 6.2808380253, 49.526044866100001 ], [ 6.2810419167, 49.526089180900001 ], [ 6.2820161668, 49.525589354200001 ], [ 6.2826924601, 49.525918548 ], [ 6.2848381018, 49.524057927699999 ], [ 6.2865820216, 49.524656147400002 ], [ 6.2858026986, 49.5255042824 ], [ 6.2866073319, 49.525668523199997 ], [ 6.292004604, 49.529439328800002 ], [ 6.2915895002, 49.529467414499997 ], [ 6.2918412518, 49.529908536199997 ], [ 6.2921777871, 49.529928924700002 ], [ 6.291910714, 49.530867410200003 ], [ 6.2956983448, 49.531031499400001 ], [ 6.2957128985, 49.531772199300001 ], [ 6.2954278848, 49.531987817 ], [ 6.2947744283, 49.5320377476 ], [ 6.2946152789, 49.5324800526 ], [ 6.2946762975, 49.533218903 ], [ 6.2953213427, 49.533781961099997 ], [ 6.2967186989, 49.533868986199998 ], [ 6.298067585, 49.534152864900001 ], [ 6.2989661868, 49.534089833499998 ], [ 6.3018488374, 49.5343843912 ], [ 6.3018143396, 49.532884424199999 ], [ 6.3014653944, 49.532871235 ], [ 6.3013404607, 49.5326805702 ], [ 6.3022001295, 49.532110612 ], [ 6.3022670479, 49.531820785900003 ], [ 6.3031443274, 49.531284319 ], [ 6.3041553973, 49.5312853207 ], [ 6.3042141798, 49.5305306347 ], [ 6.3062200926, 49.530398869 ], [ 6.3076118631, 49.530491730400001 ], [ 6.3077888935, 49.530870302700002 ], [ 6.3109747796, 49.531675365200002 ], [ 6.3112271188, 49.531373974499999 ], [ 6.3110061324, 49.531108561499998 ], [ 6.3111489865, 49.5309973524 ], [ 6.3107527566, 49.530730430399998 ], [ 6.3112418025, 49.530367660099998 ], [ 6.31204253, 49.530079744600002 ], [ 6.3118472234, 49.5298374172 ], [ 6.312113871, 49.529731860399998 ], [ 6.3122940356, 49.529856404599997 ], [ 6.3131906246, 49.529446881799998 ], [ 6.3134460496, 49.5297206539 ], [ 6.3160666705, 49.528137471500003 ], [ 6.3169570907, 49.527768450400004 ], [ 6.3200567716, 49.530402782300001 ], [ 6.3207700043, 49.5306472599 ], [ 6.3242071768, 49.530854343599998 ], [ 6.3245241366, 49.530592559 ], [ 6.3249606393, 49.530876920600001 ], [ 6.323603199, 49.532149704200002 ], [ 6.322949166, 49.533179495 ], [ 6.3216206003, 49.533511645300003 ], [ 6.3200946189, 49.534357398700003 ], [ 6.318581952, 49.534740503099997 ], [ 6.3160670163, 49.5358165054 ], [ 6.3157804689, 49.536374853700003 ], [ 6.3148893044, 49.537184368 ], [ 6.3154870601, 49.5373342858 ], [ 6.3155771041, 49.537592386299998 ], [ 6.3161134706, 49.537751658399998 ], [ 6.3177881314, 49.538062364300004 ], [ 6.3181437064, 49.5379673415 ], [ 6.3183711474, 49.538193072299997 ], [ 6.3187935277, 49.53818931 ], [ 6.3175941421, 49.538948889 ], [ 6.3174352732, 49.538836877199998 ], [ 6.31716751, 49.538969528800003 ], [ 6.317362908, 49.539144521300003 ], [ 6.3168540098, 49.5394220799 ], [ 6.3145999364, 49.539660189400003 ], [ 6.3108620976, 49.5391367876 ], [ 6.3089561983, 49.539229705399997 ], [ 6.3077455784, 49.539462946 ], [ 6.3090238897, 49.540282185300001 ], [ 6.3078321027, 49.540934011899999 ], [ 6.3066912221, 49.540593973100002 ], [ 6.3048353056, 49.539694440399998 ], [ 6.3038748447, 49.538967900800003 ], [ 6.3021596435, 49.538609693600002 ], [ 6.3003528204, 49.5386610129 ], [ 6.2996300591, 49.539011650600003 ], [ 6.2991242475, 49.539020095600002 ], [ 6.2982111576, 49.539361653299999 ], [ 6.2974483579, 49.540756928199997 ], [ 6.2973469211, 49.542272611100003 ], [ 6.296622726, 49.543479373700002 ], [ 6.2955240246, 49.543890214100003 ], [ 6.2942514123, 49.545362239500001 ], [ 6.2925406335, 49.546414751500002 ], [ 6.2921683677, 49.546976513600001 ], [ 6.2918939864, 49.548245238200003 ], [ 6.2909665666, 49.548242673200001 ], [ 6.2883858784, 49.548613787599997 ], [ 6.2879532907, 49.547058851099997 ], [ 6.2863518995, 49.5471624969 ], [ 6.2861279144, 49.547314937700001 ], [ 6.2846407254, 49.547155461700001 ], [ 6.2751367615, 49.543722336199998 ], [ 6.2731770426, 49.543379032700003 ], [ 6.2730400464, 49.543783218400002 ], [ 6.2715885288, 49.544076352 ], [ 6.2711104876, 49.545537441199997 ], [ 6.2695254531, 49.546208160100001 ], [ 6.2676434773, 49.545888907299997 ], [ 6.267410473, 49.546143242799999 ], [ 6.2683967408, 49.5464050597 ], [ 6.268288419, 49.547000590099998 ], [ 6.2707931637, 49.549840255 ], [ 6.2710817739, 49.551338173700003 ], [ 6.2711134635, 49.551703687200003 ], [ 6.26960413, 49.554444591200003 ], [ 6.269129071, 49.555044491499999 ], [ 6.2685594861, 49.555380143500003 ], [ 6.2690089596, 49.5561234109 ], [ 6.2701372715, 49.5563905928 ], [ 6.2700177141, 49.556680398099999 ], [ 6.2703927438, 49.5566518503 ], [ 6.2701456514, 49.556392577099999 ], [ 6.2702747282, 49.556423141300002 ], [ 6.2707184664, 49.557241320800003 ], [ 6.2706682778, 49.5575863356 ], [ 6.2706593775, 49.557213645099999 ], [ 6.269632152, 49.557581152300003 ], [ 6.2691723565, 49.558237520799999 ], [ 6.2689712538, 49.5591755218 ], [ 6.2698755463, 49.559678286699999 ], [ 6.2703724013, 49.561219671300002 ], [ 6.2703329642, 49.561389404099998 ], [ 6.2701007123, 49.561365802399997 ], [ 6.2688833926, 49.562193140399998 ], [ 6.2688854891, 49.562497153800003 ], [ 6.2689249486, 49.564478131900003 ], [ 6.2642417295, 49.565589817199999 ], [ 6.2598100238, 49.567589537300002 ], [ 6.2557994215, 49.568583690099999 ], [ 6.2539095719, 49.568640578100002 ] ] ] ] } },
{ "type": "Feature", "properties": { "name": "Diekirch", "canton": "Diekirch", "district": "Diekirch", "lau2": "0603" }, "geometry": { "type": "MultiPolygon", "coordinates": [ [ [ [ 6.1441562732, 49.858978458099998 ], [ 6.1443592685, 49.858520597400002 ], [ 6.1451615994, 49.858314283299997 ], [ 6.1479201781, 49.856553666700002 ], [ 6.1490342604, 49.857334277100001 ], [ 6.14768248, 49.8546465011 ], [ 6.1465264069, 49.8530419963 ], [ 6.146418907, 49.852517410200001 ], [ 6.1481356713, 49.851892407699999 ], [ 6.1483706971, 49.851492516199997 ], [ 6.1518628062, 49.8487472041 ], [ 6.1532970817, 49.8472730748 ], [ 6.1535322673, 49.846076728500002 ], [ 6.153269421, 49.845216266599998 ], [ 6.1528210227, 49.844915690800001 ], [ 6.1530596973, 49.843865335300002 ], [ 6.1516195033, 49.8420734424 ], [ 6.1508675323, 49.841574843799997 ], [ 6.1495717716, 49.8411210131 ], [ 6.144146557, 49.839715983 ], [ 6.1440277245, 49.838441050100002 ], [ 6.1436325171, 49.8379187667 ], [ 6.1438641708, 49.837125793699997 ], [ 6.143240833, 49.836248314199999 ], [ 6.1527455119, 49.834958015 ], [ 6.1529991777, 49.8358080852 ], [ 6.1528943503, 49.836622202500003 ], [ 6.1522367843, 49.83835922 ], [ 6.1535356292, 49.838646469799997 ], [ 6.1555219379, 49.839456258699997 ], [ 6.1558159808, 49.839048364500002 ], [ 6.1566050909, 49.839308961299999 ], [ 6.1582442185, 49.840018866 ], [ 6.1594636112, 49.840917919200002 ], [ 6.1618270134, 49.842098344299998 ], [ 6.1634893437, 49.842504238099998 ], [ 6.1609843486, 49.843240427700003 ], [ 6.1557279623, 49.843251758800001 ], [ 6.1559307617, 49.845152470899997 ], [ 6.1557796912, 49.847152916799999 ], [ 6.1562929865, 49.8480229356 ], [ 6.1559965647, 49.850441323200002 ], [ 6.1567387167, 49.850736653699997 ], [ 6.1576060234, 49.851441701699997 ], [ 6.1589817919, 49.853072922300001 ], [ 6.1575784193, 49.855931057900001 ], [ 6.1591280732, 49.856843840800003 ], [ 6.1602135192, 49.857974184500002 ], [ 6.1606370146, 49.858036855899996 ], [ 6.1622015181, 49.858843634899998 ], [ 6.1634126749, 49.858950723200003 ], [ 6.1650156715, 49.859639274700001 ], [ 6.1643714711, 49.862266100900001 ], [ 6.1673370269, 49.862641502599999 ], [ 6.1680631386, 49.862375467500001 ], [ 6.1678737503, 49.863238486 ], [ 6.1705557187, 49.863443209800003 ], [ 6.1727962022, 49.8637831753 ], [ 6.1748317326, 49.864123290899997 ], [ 6.1762811102, 49.864608634200003 ], [ 6.1753088254, 49.865795034199998 ], [ 6.1753077882, 49.865913566300001 ], [ 6.1764394126, 49.866181114100002 ], [ 6.1762232355, 49.866699996599998 ], [ 6.1760165909, 49.866656435 ], [ 6.1756202828, 49.868073823400003 ], [ 6.1784380846, 49.868322300800003 ], [ 6.1793599726, 49.868559047200002 ], [ 6.1791429678, 49.869191279500001 ], [ 6.1788997985, 49.869157346800002 ], [ 6.1786858555, 49.870126428500001 ], [ 6.1771046979, 49.869978292299997 ], [ 6.1763768551, 49.871213300100003 ], [ 6.1763399879, 49.872003782900002 ], [ 6.1770654049, 49.872183939899998 ], [ 6.1775966912, 49.872516905099999 ], [ 6.1779458977, 49.872262448500003 ], [ 6.1787476629, 49.872421657899999 ], [ 6.1799267421, 49.872318772100002 ], [ 6.180656357, 49.872522533500003 ], [ 6.179899259, 49.873983778499998 ], [ 6.1776072407, 49.873772215300001 ], [ 6.1777396517, 49.875065472499998 ], [ 6.1764642962, 49.875068997600003 ], [ 6.1765374893, 49.876894440299999 ], [ 6.1751680677, 49.8769887367 ], [ 6.1745689263, 49.877382698700004 ], [ 6.1732011462, 49.877843985299997 ], [ 6.1729403853, 49.8776195935 ], [ 6.1710369583, 49.878729505300001 ], [ 6.1691092185, 49.879413807900001 ], [ 6.166923889, 49.880549719800001 ], [ 6.1657044884, 49.881388486299997 ], [ 6.1660842513, 49.881683822100001 ], [ 6.1651470363, 49.8821950313 ], [ 6.1645084542, 49.882373939600001 ], [ 6.1643507804, 49.881945615799999 ], [ 6.1635003969, 49.882033052 ], [ 6.1614486552, 49.881663617199997 ], [ 6.1606136983, 49.881978944099998 ], [ 6.1593303634, 49.882094815400002 ], [ 6.1582541614, 49.882410099700003 ], [ 6.1586336045, 49.882885613 ], [ 6.1560132239, 49.883935785200002 ], [ 6.155597459, 49.883790285800004 ], [ 6.1554242551, 49.883903225799997 ], [ 6.153064133, 49.886000102600001 ], [ 6.1516016409, 49.887895846 ], [ 6.150480304, 49.888597924800003 ], [ 6.1495387126, 49.888843569199999 ], [ 6.148242063, 49.889521243899999 ], [ 6.1468844385, 49.8904643487 ], [ 6.1467625665, 49.890945133599999 ], [ 6.1428158103, 49.889957521100001 ], [ 6.1428007429, 49.890143424800002 ], [ 6.1418379268, 49.890235865800001 ], [ 6.1406049427, 49.890778646400001 ], [ 6.1389448708, 49.890882652 ], [ 6.1387214129, 49.891528632099998 ], [ 6.1377784685, 49.891404281900002 ], [ 6.1380012447, 49.891907602899998 ], [ 6.1404750616, 49.8925182093 ], [ 6.1425305923, 49.892513981 ], [ 6.1433173282, 49.8921850463 ], [ 6.1439776889, 49.892585440300003 ], [ 6.1448424195, 49.8927368226 ], [ 6.1447510443, 49.8929713506 ], [ 6.1463544686, 49.893373779900003 ], [ 6.1445655524, 49.896199679699997 ], [ 6.1429881224, 49.895814538099998 ], [ 6.1411597827, 49.896025743400003 ], [ 6.1393005159, 49.8970809996 ], [ 6.136573488, 49.897932813200001 ], [ 6.1354777756, 49.898668467 ], [ 6.1349809993, 49.898434719500003 ], [ 6.1345265708, 49.897722055099997 ], [ 6.1328104383, 49.896823654199999 ], [ 6.1316398994, 49.895966618099997 ], [ 6.1308918669, 49.894182318200002 ], [ 6.1296067093, 49.894362645599998 ], [ 6.1291347631, 49.893705821300003 ], [ 6.1283248126, 49.893867769099998 ], [ 6.1275529738, 49.893386782500002 ], [ 6.1274293711, 49.892395369100001 ], [ 6.1267452563, 49.890878532499997 ], [ 6.1245879029, 49.8909097389 ], [ 6.1241605397, 49.890528237300003 ], [ 6.1241063947, 49.8896033579 ], [ 6.1219032744, 49.8892745331 ], [ 6.1213901892, 49.889079083299997 ], [ 6.1212360924, 49.888852936600003 ], [ 6.1207942987, 49.887531407899999 ], [ 6.119885768, 49.885995541299998 ], [ 6.1199828396, 49.8835695378 ], [ 6.1188158737, 49.881745893599998 ], [ 6.1185309236, 49.880610246400003 ], [ 6.1185596624, 49.879702524499997 ], [ 6.1176947004, 49.878520984700003 ], [ 6.1175259173, 49.877186719 ], [ 6.1187929066, 49.876163065500002 ], [ 6.1193237485, 49.876331131199997 ], [ 6.1201097516, 49.876918907099999 ], [ 6.1209978359, 49.876704317600002 ], [ 6.121802288, 49.8767106321 ], [ 6.1222620692, 49.877133000199997 ], [ 6.1228593004, 49.877113783600002 ], [ 6.12368346, 49.876562343700002 ], [ 6.1251185116, 49.877026158500001 ], [ 6.1256484893, 49.877459668900002 ], [ 6.1264769489, 49.877289555399997 ], [ 6.1270853895, 49.877325738899998 ], [ 6.1280021196, 49.876892742300001 ], [ 6.12852886, 49.8764458984 ], [ 6.1301689268, 49.875759876899998 ], [ 6.1316361238, 49.875677254400003 ], [ 6.1295787064, 49.872028529300003 ], [ 6.1313246204, 49.870968948200002 ], [ 6.1319636253, 49.871011768599999 ], [ 6.1324989414, 49.870143348799999 ], [ 6.1320105298, 49.869387721800003 ], [ 6.1318072986, 49.867244238399998 ], [ 6.1306763788, 49.8653591518 ], [ 6.1302597862, 49.863799581599999 ], [ 6.133510451, 49.863454712600003 ], [ 6.1341091639, 49.863578263199997 ], [ 6.134450769, 49.863844805799999 ], [ 6.1347185586, 49.863581861 ], [ 6.1347374369, 49.863097803099997 ], [ 6.1360954714, 49.8628771415 ], [ 6.1372455935, 49.862478189599997 ], [ 6.1393474096, 49.863451128900003 ], [ 6.1409437284, 49.861914332600001 ], [ 6.1400991557, 49.861565572300002 ], [ 6.1403344782, 49.861336465500003 ], [ 6.1410275362, 49.860862045799998 ], [ 6.1411995059, 49.860962266900003 ], [ 6.1441562732, 49.858978458099998 ] ] ] ] } },
{ "type": "Feature", "properties": { "name": "Differdange", "canton": "Esch-sur-Alzette", "district": "Luxembourg", "lau2": "0202" }, "geometry": { "type": "MultiPolygon", "coordinates": [ [ [ [ 5.8843579626, 49.498764151099998 ], [ 5.8850757442, 49.498833292800001 ], [ 5.8871436115, 49.498207935899998 ], [ 5.8885168323, 49.497117581399998 ], [ 5.889353831, 49.496756278600003 ], [ 5.8901601804, 49.496682075 ], [ 5.8932461356, 49.496832321200003 ], [ 5.8948233041, 49.496577045099997 ], [ 5.89614217, 49.496548880500001 ], [ 5.8977855923, 49.496818301399998 ], [ 5.9023466229, 49.498031945100003 ], [ 5.9034092329, 49.4981236016 ], [ 5.9041146634, 49.49873856 ], [ 5.9072639782, 49.5000843682 ], [ 5.9042469411, 49.501044228200001 ], [ 5.9028586251, 49.501967390099999 ], [ 5.9022716459, 49.501801886300001 ], [ 5.9019431264, 49.5022234674 ], [ 5.9039899305, 49.503465203300003 ], [ 5.9066648089, 49.503711313799997 ], [ 5.9084900435, 49.504197211399998 ], [ 5.9091427773, 49.5045620657 ], [ 5.9095682352, 49.505095795300001 ], [ 5.9084791322, 49.505619717400002 ], [ 5.904936793, 49.506407100799997 ], [ 5.9072408815, 49.506778808500002 ], [ 5.9100940376, 49.508211023 ], [ 5.910769671, 49.5078421941 ], [ 5.9119850878, 49.5076961587 ], [ 5.9128988368, 49.507811189900004 ], [ 5.9136678444, 49.508161987 ], [ 5.9147163998, 49.509746061100003 ], [ 5.9146216881, 49.510974983300002 ], [ 5.9159874436, 49.513716864199999 ], [ 5.9155348767, 49.513766393 ], [ 5.9160608621, 49.514704658 ], [ 5.9158163722, 49.514744533299996 ], [ 5.9163191987, 49.5166416 ], [ 5.9158230197, 49.516661814 ], [ 5.9156358821, 49.517822363699999 ], [ 5.9143178937, 49.519253526100002 ], [ 5.9155505443, 49.521225015900001 ], [ 5.915502759, 49.521329748799999 ], [ 5.9151041859, 49.521299857599999 ], [ 5.9148147553, 49.521853594100001 ], [ 5.9147730884, 49.523210771400002 ], [ 5.913370776, 49.523051194399997 ], [ 5.9082657948, 49.522987239 ], [ 5.9070856344, 49.5241201921 ], [ 5.9063375751, 49.526553859099998 ], [ 5.9069010972, 49.52865394 ], [ 5.9076352132, 49.529282478600003 ], [ 5.9080076421, 49.529346458299997 ], [ 5.9072773116, 49.529995841400002 ], [ 5.9076432428, 49.530476556 ], [ 5.9081435253, 49.5308283046 ], [ 5.909277216, 49.530666857 ], [ 5.910354282, 49.5308286928 ], [ 5.9151841064, 49.533789691599999 ], [ 5.9149980206, 49.534166104599997 ], [ 5.9138163512, 49.534799196 ], [ 5.9134199364, 49.535393396300002 ], [ 5.9147294506, 49.537016435600002 ], [ 5.9141956064, 49.537446933600002 ], [ 5.9144776812, 49.537615594199998 ], [ 5.9134991757, 49.538220354 ], [ 5.9121659787, 49.539825117399999 ], [ 5.909927862, 49.540684965 ], [ 5.9104976599, 49.5413358841 ], [ 5.9106127075, 49.541748346200002 ], [ 5.9094746251, 49.541900868900001 ], [ 5.9079538522, 49.541488438499997 ], [ 5.9067557269, 49.541587581500004 ], [ 5.9059244475, 49.542176559 ], [ 5.9054925568, 49.543001624200002 ], [ 5.9062530516, 49.544050708199997 ], [ 5.9088814218, 49.544999000600001 ], [ 5.908771617, 49.5451290098 ], [ 5.9113053034, 49.545703922100003 ], [ 5.9130428028, 49.545573648900003 ], [ 5.9132332076, 49.545676197 ], [ 5.9132585996, 49.546194419700001 ], [ 5.9127839744, 49.546215783 ], [ 5.9126851363, 49.546438635199998 ], [ 5.9121485974, 49.546673407599997 ], [ 5.9101075538, 49.546713738599998 ], [ 5.9077271897, 49.547178453900003 ], [ 5.9075790386, 49.546952363800003 ], [ 5.9069473552, 49.547463294400004 ], [ 5.9065174838, 49.547443670200003 ], [ 5.9064445237, 49.5473084144 ], [ 5.9061885777, 49.547404554700002 ], [ 5.9056980254, 49.547181330699999 ], [ 5.9042944096, 49.5472685019 ], [ 5.8985431234, 49.547110193499996 ], [ 5.8900469795, 49.546203083599998 ], [ 5.8899942241, 49.546571449200002 ], [ 5.8868884875, 49.546517006800002 ], [ 5.88531565, 49.546803949800001 ], [ 5.8852960504, 49.547042598200001 ], [ 5.8850667789, 49.547058906799997 ], [ 5.8850441476, 49.547327074599998 ], [ 5.8848238192, 49.547366664499997 ], [ 5.883164372, 49.547319454700002 ], [ 5.8813674928, 49.546220172799998 ], [ 5.8779982239, 49.545973275900003 ], [ 5.8748140911, 49.5442868027 ], [ 5.8764987548, 49.543064909899996 ], [ 5.8765522867, 49.542512198099999 ], [ 5.8761736067, 49.542039131400003 ], [ 5.8737499251, 49.541812071300001 ], [ 5.8702494246, 49.541867580400002 ], [ 5.8699007891, 49.541718484500002 ], [ 5.8710872837, 49.5394231338 ], [ 5.8730262316, 49.538851127599997 ], [ 5.8731754304, 49.5386900711 ], [ 5.8714102336, 49.537933733800003 ], [ 5.8677982843, 49.539512493700002 ], [ 5.8675550885, 49.539214608400002 ], [ 5.8676122549, 49.538865118399997 ], [ 5.8646704494, 49.537621884899998 ], [ 5.8648282957, 49.536954328199997 ], [ 5.8643288235, 49.536089126599997 ], [ 5.8636844405, 49.535559928200001 ], [ 5.8650082201, 49.534125961800001 ], [ 5.8650450278, 49.533887568 ], [ 5.8636140308, 49.533995519199998 ], [ 5.8620973068, 49.534562889699998 ], [ 5.8584969209, 49.535159630499997 ], [ 5.8564349323, 49.5353034806 ], [ 5.8561833197, 49.5349506397 ], [ 5.8551326884, 49.534068126800001 ], [ 5.8535094018, 49.532225174700002 ], [ 5.8511929383, 49.531237820599998 ], [ 5.8514343232, 49.530823861899997 ], [ 5.8506420954, 49.529838767 ], [ 5.8500549591, 49.530119445300002 ], [ 5.8462997081, 49.529228372299997 ], [ 5.845808449, 49.529902747599998 ], [ 5.8430256263, 49.5294999312 ], [ 5.8406808217, 49.528772445500003 ], [ 5.8382594368, 49.527767263400001 ], [ 5.834870645, 49.527114343500003 ], [ 5.8341152102, 49.526384687899998 ], [ 5.834418094, 49.525613138300002 ], [ 5.8342997631, 49.5237214 ], [ 5.8346374205, 49.5237763449 ], [ 5.8347126938, 49.522874199500002 ], [ 5.8353410722, 49.522952671200002 ], [ 5.8357675798, 49.522677999899997 ], [ 5.8357533431, 49.522087069 ], [ 5.8361919357, 49.521326035900003 ], [ 5.8358379879, 49.520998481699998 ], [ 5.8359340779, 49.520275831399999 ], [ 5.8362725589, 49.5197879953 ], [ 5.8375509035, 49.519426531400001 ], [ 5.8382189318, 49.519488844500003 ], [ 5.8397038258, 49.5185740521 ], [ 5.8397402068, 49.517911542100002 ], [ 5.8400819958, 49.517855451 ], [ 5.8401079422, 49.517565999699997 ], [ 5.8412637048, 49.516890958700003 ], [ 5.8421157007, 49.516831199899997 ], [ 5.8428388061, 49.516435442099997 ], [ 5.8431637152, 49.516490794100001 ], [ 5.8435720314, 49.516312455200001 ], [ 5.843514089, 49.516086003399998 ], [ 5.8439878727, 49.515827923700002 ], [ 5.844994208, 49.515524635200002 ], [ 5.8454329805, 49.515660903700002 ], [ 5.846266864, 49.515433738299997 ], [ 5.8465921149, 49.515195537799997 ], [ 5.8477925258, 49.514964197499999 ], [ 5.8479297539, 49.514694041 ], [ 5.8484021117, 49.514530706199999 ], [ 5.8491653265, 49.512730004600002 ], [ 5.848914615, 49.510412675700003 ], [ 5.8493575811, 49.509987999300002 ], [ 5.8497646096, 49.508912818799999 ], [ 5.8505367595, 49.508239067799998 ], [ 5.8509321285, 49.5080645245 ], [ 5.8513668532, 49.5081011284 ], [ 5.8532240021, 49.507055042399998 ], [ 5.8536784753, 49.5071784111 ], [ 5.8542615009, 49.5068507326 ], [ 5.8546599843, 49.506892189200002 ], [ 5.8549699105, 49.506603779700001 ], [ 5.8551209769, 49.506755041399998 ], [ 5.8554253141, 49.506552535300003 ], [ 5.8557400974, 49.506607168499997 ], [ 5.8558803516, 49.506432649499999 ], [ 5.8562439962, 49.506561527099997 ], [ 5.8563744265, 49.506315914699996 ], [ 5.8568967733, 49.506395998800002 ], [ 5.8572099896, 49.506222373600004 ], [ 5.8573441154, 49.506346038 ], [ 5.8578705763, 49.506089256 ], [ 5.858879926, 49.505919886100003 ], [ 5.858854468, 49.5056450027 ], [ 5.8591878795, 49.5054107534 ], [ 5.8591217928, 49.5051921636 ], [ 5.8593927123, 49.505001822099999 ], [ 5.8597214311, 49.504222063500002 ], [ 5.8599510161, 49.504215453599997 ], [ 5.8605630414, 49.503671105599999 ], [ 5.8611240554, 49.503582400600003 ], [ 5.8612796704, 49.503328982 ], [ 5.8620320076, 49.503164101599999 ], [ 5.8622311068, 49.502053019 ], [ 5.8641092413, 49.500938704600003 ], [ 5.8643825789, 49.500984888799998 ], [ 5.8662623496, 49.499913269700002 ], [ 5.8670835162, 49.499958686500001 ], [ 5.8696854133, 49.499281159500001 ], [ 5.8719232896, 49.500264883100002 ], [ 5.8724764733, 49.499628854199997 ], [ 5.8724624474, 49.499111699099998 ], [ 5.872981709, 49.498677919 ], [ 5.8736533266, 49.498462793599998 ], [ 5.8755307948, 49.498387835499997 ], [ 5.8756296286, 49.498256669299998 ], [ 5.8773073423, 49.498500348100002 ], [ 5.8786687945, 49.498945471100001 ], [ 5.87894204, 49.498772748100002 ], [ 5.8818249099, 49.499168126299999 ], [ 5.8843579626, 49.498764151099998 ] ] ] ] } },
{ "type": "Feature", "properties": { "name": "Dippach", "canton": "Capellen", "district": "Luxembourg", "lau2": "0101" }, "geometry": { "type": "MultiPolygon", "coordinates": [ [ [ [ 5.9819987714, 49.60014293 ], [ 5.9817984261, 49.600298981199998 ], [ 5.9807760381, 49.6002055497 ], [ 5.980243307, 49.601383512399998 ], [ 5.9771215824, 49.600351006 ], [ 5.9762048953, 49.600369358199998 ], [ 5.9751617569, 49.600887664 ], [ 5.974892985, 49.600824289599998 ], [ 5.9740106528, 49.600439443100001 ], [ 5.9730630742, 49.599586371699999 ], [ 5.9716436651, 49.600606513499997 ], [ 5.9704621554, 49.599717501800001 ], [ 5.9700661166, 49.599853132 ], [ 5.9687694403, 49.598912540900002 ], [ 5.9681530571, 49.598613106400002 ], [ 5.968090832, 49.598254149399999 ], [ 5.9673685313, 49.598137217100003 ], [ 5.9672995273, 49.597952611099998 ], [ 5.9666550699, 49.5976467184 ], [ 5.9663936712, 49.597708132500003 ], [ 5.965752299, 49.597363965299998 ], [ 5.9640805475, 49.597035002 ], [ 5.9633117087, 49.596617536300002 ], [ 5.9619402588, 49.594706001500001 ], [ 5.9620457514, 49.593054625299999 ], [ 5.9612614838, 49.592936996500001 ], [ 5.9600086233, 49.592481378499997 ], [ 5.9596839811, 49.592813096599997 ], [ 5.9577579085, 49.591917905199999 ], [ 5.9565359777, 49.591237376700001 ], [ 5.9540909995, 49.591682938300004 ], [ 5.9527349093, 49.592286789200003 ], [ 5.9520941335, 49.591420428299998 ], [ 5.9512862432, 49.591762076099997 ], [ 5.9502115869, 49.592654351100002 ], [ 5.9499667101, 49.592195393799997 ], [ 5.9487996898, 49.592556255700003 ], [ 5.948618394, 49.592397590300003 ], [ 5.9468292307, 49.593215403099997 ], [ 5.9456171024, 49.593563478699998 ], [ 5.9430525838, 49.595149585500003 ], [ 5.9392619061, 49.596673391700001 ], [ 5.9372832124, 49.5952582635 ], [ 5.9357494751, 49.594438380100001 ], [ 5.9332636935, 49.591245088199997 ], [ 5.9342447943, 49.590894465300003 ], [ 5.9314864735, 49.588541202199998 ], [ 5.9300279218, 49.586998874400003 ], [ 5.9315545101, 49.5852898268 ], [ 5.9328292934, 49.5834629338 ], [ 5.9339266929, 49.5829553401 ], [ 5.933789648, 49.582509871699997 ], [ 5.9348655001, 49.582182667 ], [ 5.9350330518, 49.582382020300003 ], [ 5.9381501472, 49.580046375400002 ], [ 5.9394837674, 49.578014725700001 ], [ 5.9397351013, 49.576750734800001 ], [ 5.9396253359, 49.574412581200001 ], [ 5.9401560409, 49.5742565945 ], [ 5.9413977181, 49.573434974400001 ], [ 5.94144996, 49.572749795 ], [ 5.9409844771, 49.572663524799999 ], [ 5.9409865125, 49.5725491894 ], [ 5.9415485505, 49.571814142699999 ], [ 5.9419403299, 49.570676294499997 ], [ 5.9426851963, 49.570591517499999 ], [ 5.9429958159, 49.569058332300003 ], [ 5.9429901998, 49.5673023911 ], [ 5.943325651, 49.567306241300003 ], [ 5.943416962, 49.566570704900002 ], [ 5.9432759781, 49.564686575899998 ], [ 5.9436305816, 49.564660746800001 ], [ 5.9440052371, 49.565475990099998 ], [ 5.945099602, 49.566314958299998 ], [ 5.9466991374, 49.567005933499999 ], [ 5.9486627582, 49.568425923699998 ], [ 5.949452125, 49.568772192399997 ], [ 5.9498282743, 49.568398861799999 ], [ 5.9509768486, 49.567227579 ], [ 5.952660794, 49.567105377399997 ], [ 5.9549710891, 49.568247377100001 ], [ 5.9561244577, 49.568387499400004 ], [ 5.9570319281, 49.568803603600003 ], [ 5.9578880924, 49.5688231014 ], [ 5.9585513662, 49.5692442812 ], [ 5.9593447538, 49.569434836200003 ], [ 5.9615918427, 49.568924884499999 ], [ 5.9610741214, 49.568381469099997 ], [ 5.9609266854, 49.568407469299999 ], [ 5.9611306778, 49.568154644 ], [ 5.9666362331, 49.570412849 ], [ 5.9696566758, 49.570598863500003 ], [ 5.9710761029, 49.570291616200002 ], [ 5.9705321058, 49.568395824500001 ], [ 5.9711253144, 49.567956358300002 ], [ 5.9712581218, 49.568243560399999 ], [ 5.9715336235, 49.568102623900003 ], [ 5.9726938143, 49.567183929499997 ], [ 5.9752646051, 49.568286445600002 ], [ 5.9775339936, 49.567841011100001 ], [ 5.9796191537, 49.566517578700001 ], [ 5.9785866703, 49.565988618900001 ], [ 5.9791397559, 49.565319405 ], [ 5.9799796151, 49.564698125500001 ], [ 5.9796232836, 49.564559373599998 ], [ 5.980083034, 49.564139425299999 ], [ 5.9798496944, 49.564057498700002 ], [ 5.9808330148, 49.562576744799998 ], [ 5.9826598464, 49.563316105 ], [ 5.9831494891, 49.562939340200003 ], [ 5.9859889072, 49.5642799588 ], [ 5.9862741946, 49.564005853600001 ], [ 5.9880167666, 49.564776367 ], [ 5.9883230799, 49.5645148678 ], [ 5.990017796, 49.565092778100002 ], [ 5.9900823032, 49.565400326700001 ], [ 5.991636298, 49.5651973744 ], [ 5.9926500976, 49.564875561900003 ], [ 5.9931122051, 49.565192734900002 ], [ 5.9936454177, 49.565996025399997 ], [ 5.9935425264, 49.566709627500003 ], [ 5.9944943961, 49.566816121700001 ], [ 5.9942128746, 49.568556166199997 ], [ 5.9930471757, 49.568360804100003 ], [ 5.993008621, 49.568469178400001 ], [ 5.9942103927, 49.568726462400001 ], [ 5.9942478886, 49.569081405 ], [ 5.9964341709, 49.568710038799999 ], [ 5.9970456301, 49.569257956199998 ], [ 5.9975946566, 49.569147479599998 ], [ 5.9994779838, 49.570268030199998 ], [ 5.9979307782, 49.571628841399999 ], [ 5.9999662028, 49.5720465765 ], [ 5.9999953213, 49.571770718700002 ], [ 6.0007175577, 49.571916651 ], [ 6.0004840837, 49.572356499500003 ], [ 6.0008772298, 49.572501659499999 ], [ 6.0007868152, 49.573435611199997 ], [ 6.0036735009, 49.575989429400003 ], [ 6.0056287552, 49.576879934799997 ], [ 6.0052282361, 49.577092723699998 ], [ 6.0055781707, 49.577501424899999 ], [ 6.0071305711, 49.5780866076 ], [ 6.0069937549, 49.578398192100003 ], [ 6.0075003486, 49.578582588499998 ], [ 6.0076223885, 49.578824076799997 ], [ 6.0098770204, 49.579411842900001 ], [ 6.0095324728, 49.579719074800003 ], [ 6.0138727605, 49.5810098356 ], [ 6.0146030511, 49.581490032799998 ], [ 6.0144375842, 49.581653964099999 ], [ 6.0145586329, 49.582802820300003 ], [ 6.0105559151, 49.582264797299999 ], [ 6.0101710155, 49.582795673699998 ], [ 6.0082751613, 49.582690066399998 ], [ 6.0082351676, 49.5832992809 ], [ 6.0077953009, 49.583220822400001 ], [ 6.0065291632, 49.584343492 ], [ 6.0077661124, 49.585392398700002 ], [ 6.0092360095, 49.585835371 ], [ 6.0090126103, 49.586472818499999 ], [ 6.0054886578, 49.585659231 ], [ 6.0041817802, 49.585177671499999 ], [ 6.0034793943, 49.585848661699998 ], [ 6.0040850482, 49.586499991899998 ], [ 6.0038723059, 49.587151299699997 ], [ 6.0076485336, 49.588035009800002 ], [ 6.0077161927, 49.5896629577 ], [ 6.0100857169, 49.590905334200002 ], [ 6.0109853047, 49.5916039775 ], [ 6.0108974674, 49.591940627100001 ], [ 6.0097387036, 49.592288753799998 ], [ 6.0104505548, 49.592701590300003 ], [ 6.0090139234, 49.592541591299998 ], [ 6.0032172693, 49.5930860498 ], [ 5.9996653171, 49.594117449199999 ], [ 5.999711844, 49.594332294300003 ], [ 5.9984344785, 49.594510888800002 ], [ 5.9986845573, 49.595237278900001 ], [ 5.9986404325, 49.596734382800001 ], [ 5.9991344189, 49.597087324599997 ], [ 5.9997512971, 49.5987865695 ], [ 6.0009505951, 49.599602066899998 ], [ 6.0047812237, 49.601618877900002 ], [ 6.0057030284, 49.602354293399998 ], [ 6.0070912998, 49.6039074332 ], [ 6.007983759, 49.6042680981 ], [ 6.0084611819, 49.604909102900002 ], [ 6.0085751279, 49.605705386399997 ], [ 6.005052204, 49.606155836799999 ], [ 6.0074242813, 49.607742263600002 ], [ 6.0058491864, 49.610016089600002 ], [ 6.0037451468, 49.610427353299997 ], [ 6.001937648, 49.610259379299997 ], [ 5.9991098157, 49.6085056573 ], [ 5.9983426908, 49.607797811399998 ], [ 5.9984375879, 49.607345153499999 ], [ 5.9982675875, 49.60709037 ], [ 5.9956658179, 49.606537669300003 ], [ 5.9960551102, 49.605593559799999 ], [ 5.9921773028, 49.604503399899997 ], [ 5.9920450179, 49.603769344 ], [ 5.9908149434, 49.602927112700002 ], [ 5.9904770502, 49.602148622400001 ], [ 5.9893533647, 49.602083451699997 ], [ 5.9887019943, 49.6018905627 ], [ 5.9890193556, 49.600956956499999 ], [ 5.9867771408, 49.600330693 ], [ 5.9819987714, 49.60014293 ] ] ] ] } },
{ "type": "Feature", "properties": { "name": "Dudelange", "canton": "Esch-sur-Alzette", "district": "Luxembourg", "lau2": "0203" }, "geometry": { "type": "MultiPolygon", "coordinates": [ [ [ [ 6.1278281429, 49.4927016169 ], [ 6.128035636, 49.493922096699997 ], [ 6.1242976228, 49.495346538 ], [ 6.1200202584, 49.4979031592 ], [ 6.1162109812, 49.499691505800001 ], [ 6.1146179034, 49.501721430800004 ], [ 6.1107803908, 49.501353816699996 ], [ 6.1091265906, 49.503501159499997 ], [ 6.1094392669, 49.503644905 ], [ 6.1077500237, 49.505703772399997 ], [ 6.107033642, 49.507049478100001 ], [ 6.1041168715, 49.506952006399999 ], [ 6.0994021108, 49.506132905500003 ], [ 6.099370975, 49.505634722800004 ], [ 6.0997562774, 49.5051530036 ], [ 6.0972615845, 49.5048744594 ], [ 6.0969433708, 49.504577234400003 ], [ 6.0969813466, 49.5041663521 ], [ 6.0963632348, 49.504036277700003 ], [ 6.0966108115, 49.503064753499999 ], [ 6.0964846337, 49.502828981900002 ], [ 6.0967976562, 49.502741176199997 ], [ 6.0967315496, 49.502628746399999 ], [ 6.0964611816, 49.502462244699998 ], [ 6.0957554145, 49.502605624700003 ], [ 6.0948855909, 49.500770885199998 ], [ 6.0937412149, 49.499792823600004 ], [ 6.0934151501, 49.499969742200001 ], [ 6.093071772, 49.499725861800002 ], [ 6.0911463911, 49.500934437200002 ], [ 6.090995059, 49.500853048400003 ], [ 6.0887558863, 49.502564954199997 ], [ 6.0887483994, 49.502679766299998 ], [ 6.0868983824, 49.503299454 ], [ 6.0868981679, 49.503506412500002 ], [ 6.077170363, 49.504779053299998 ], [ 6.0770738813, 49.505509321600002 ], [ 6.0745941996, 49.505623870599997 ], [ 6.0729193476, 49.505698807800002 ], [ 6.0725516042, 49.504261494200001 ], [ 6.0725777327, 49.501050831599997 ], [ 6.0718335013, 49.500971089099998 ], [ 6.0713815314, 49.4991946799 ], [ 6.0708428832, 49.498342093700003 ], [ 6.0688998462, 49.499752190300001 ], [ 6.067809717, 49.500250619699997 ], [ 6.0669890262, 49.499717418300001 ], [ 6.0663937942, 49.499953252099999 ], [ 6.0615986209, 49.500219581400003 ], [ 6.0616499146, 49.499478036 ], [ 6.0610066459, 49.498629489400003 ], [ 6.0588642199, 49.499288174500002 ], [ 6.0583161381, 49.498516765300003 ], [ 6.0566782601, 49.498992544700002 ], [ 6.0543235163, 49.497205198300001 ], [ 6.0590151425, 49.494557156799999 ], [ 6.0555234763, 49.493410798100001 ], [ 6.0557300989, 49.4931000013 ], [ 6.0568522557, 49.493492005 ], [ 6.0569727949, 49.493414175399998 ], [ 6.0574737579, 49.4930181314 ], [ 6.058801136, 49.491293020900002 ], [ 6.0580230265, 49.491069325600002 ], [ 6.0574660899, 49.490681494100002 ], [ 6.0567106007, 49.489809519600001 ], [ 6.0583025697, 49.489221782599998 ], [ 6.0605915977, 49.488688992900002 ], [ 6.0611152617, 49.487402654699999 ], [ 6.0612904399, 49.487424106399999 ], [ 6.0602133324, 49.487135783600003 ], [ 6.0585864554, 49.4872172201 ], [ 6.0588299493, 49.486588451400003 ], [ 6.0576178828, 49.486338082499998 ], [ 6.0561568762, 49.485504967399997 ], [ 6.0563818225, 49.485338288500003 ], [ 6.0555550961, 49.484321784700001 ], [ 6.0566351082, 49.483924260199998 ], [ 6.0563919775, 49.483639519 ], [ 6.0535488418, 49.481976112300003 ], [ 6.0536546788, 49.481860769199997 ], [ 6.0518217901, 49.481379814100002 ], [ 6.0512256321, 49.481089431299999 ], [ 6.05364833, 49.479527877700001 ], [ 6.0569763064, 49.478757466600001 ], [ 6.0584316371, 49.478586294 ], [ 6.0584123572, 49.478195032400002 ], [ 6.0584107341, 49.477937324800003 ], [ 6.0572995338, 49.477174314199999 ], [ 6.0544605057, 49.4759808126 ], [ 6.0535759537, 49.472376654400001 ], [ 6.0523764621, 49.472297102299997 ], [ 6.0532128571, 49.472105814199999 ], [ 6.0535826341, 49.4711349106 ], [ 6.0532541022, 49.471253109599999 ], [ 6.0528708375, 49.470843037400002 ], [ 6.0522647391, 49.469528486500003 ], [ 6.0525169891, 49.467533485200001 ], [ 6.0505950934, 49.466507759499997 ], [ 6.0499359198, 49.465323847299999 ], [ 6.0479977133, 49.463232186799999 ], [ 6.0474976035, 49.461684135 ], [ 6.0485622025, 49.460498128 ], [ 6.0499042429, 49.459673732600002 ], [ 6.0530944926, 49.463902517 ], [ 6.0544894084, 49.4645767166 ], [ 6.0559749407, 49.464880044399997 ], [ 6.0566208294, 49.4651758368 ], [ 6.0571669587, 49.465452685099997 ], [ 6.0581049539, 49.466437816499997 ], [ 6.061133695, 49.465389532300001 ], [ 6.0636561906, 49.464990485599998 ], [ 6.0662449189, 49.464825528399999 ], [ 6.0695428427, 49.464977893399997 ], [ 6.0714926677, 49.465549099699999 ], [ 6.0722329455, 49.465612100100003 ], [ 6.0730766372, 49.464954290199998 ], [ 6.0736681144, 49.463646716900001 ], [ 6.079227324, 49.463870384300002 ], [ 6.0793839732, 49.462615786 ], [ 6.0800718619, 49.461444442800001 ], [ 6.080063776, 49.460512441200002 ], [ 6.0805241386, 49.459666837699999 ], [ 6.080755907, 49.4585423961 ], [ 6.0830507973, 49.457644470200002 ], [ 6.0846200363, 49.456699534 ], [ 6.0847487288, 49.456779063500001 ], [ 6.0859850111, 49.4561072495 ], [ 6.0855700746, 49.455730718799998 ], [ 6.0862287521, 49.455356651599999 ], [ 6.0884124875, 49.454606402099998 ], [ 6.0903219728, 49.4544266216 ], [ 6.0903770143, 49.4542523808 ], [ 6.0920786909, 49.454285723399998 ], [ 6.0923203807, 49.453139685099998 ], [ 6.0962240653, 49.453508926799998 ], [ 6.0961815786, 49.45324668 ], [ 6.0997973751, 49.4530949229 ], [ 6.0997875669, 49.452995941600001 ], [ 6.100773128, 49.452888760800001 ], [ 6.1008804943, 49.453504408100002 ], [ 6.1016286704, 49.454300362200001 ], [ 6.1008606627, 49.456640102100003 ], [ 6.1010203899, 49.457865133200002 ], [ 6.0999177555, 49.459035111299997 ], [ 6.099793064, 49.4597874703 ], [ 6.0987830695, 49.460629068300001 ], [ 6.0987481805, 49.461354649299999 ], [ 6.099125446, 49.462225654900003 ], [ 6.0980927165, 49.463475525 ], [ 6.0982045528, 49.464270011899998 ], [ 6.0997180186, 49.465979193300001 ], [ 6.0998065076, 49.467464136899999 ], [ 6.1004695519, 49.468217608300002 ], [ 6.1015647593, 49.469002602400003 ], [ 6.1025987668, 49.469403716499997 ], [ 6.1019786678, 49.470381865 ], [ 6.10406286, 49.471156248500002 ], [ 6.1060246404, 49.471398807100002 ], [ 6.1094794684, 49.472521158399999 ], [ 6.1110770408, 49.472554528899998 ], [ 6.112143174, 49.472065541600003 ], [ 6.1126052861, 49.4716796688 ], [ 6.112770936, 49.471217580299999 ], [ 6.113222812, 49.471132663200002 ], [ 6.1137942845, 49.470585453200002 ], [ 6.1141889521, 49.470487064099999 ], [ 6.1148017824, 49.470845157900001 ], [ 6.1177915726, 49.471362857599999 ], [ 6.1192078768, 49.472043891399998 ], [ 6.1198837144, 49.472049978299999 ], [ 6.1212844819, 49.472444645899998 ], [ 6.1234488992, 49.47346606 ], [ 6.1225617801, 49.475151402599998 ], [ 6.1229980597, 49.476518504 ], [ 6.1243682802, 49.477527176899997 ], [ 6.1254242903, 49.479517218399998 ], [ 6.1274702684, 49.482305284200002 ], [ 6.1267461353, 49.490024432399998 ], [ 6.1275335513, 49.491412800699997 ], [ 6.1278281429, 49.4927016169 ] ] ] ] } },
{ "type": "Feature", "properties": { "name": "Echternach", "canton": "Echternach", "district": "Grevenmacher", "lau2": "1005" }, "geometry": { "type": "MultiPolygon", "coordinates": [ [ [ [ 6.4667764838, 49.7938131708 ], [ 6.4692555885, 49.79563564 ], [ 6.4704756303, 49.797598268 ], [ 6.4707957132, 49.798400050300003 ], [ 6.470036808, 49.798645666500001 ], [ 6.469955906, 49.799482096399998 ], [ 6.4708183097, 49.801207587900002 ], [ 6.4705235942, 49.8018881032 ], [ 6.4691406956, 49.802814521800002 ], [ 6.4633864289, 49.804872087900002 ], [ 6.4630316373, 49.804571211700001 ], [ 6.4577955431, 49.805520202799997 ], [ 6.4568039783, 49.805886511899999 ], [ 6.4560081856, 49.806674303900003 ], [ 6.4543909377, 49.8068042194 ], [ 6.4537014228, 49.8065750624 ], [ 6.4530609505, 49.807829337599998 ], [ 6.4533289544, 49.807924364500003 ], [ 6.4528149339, 49.808368541599997 ], [ 6.4529023519, 49.808527650499997 ], [ 6.4526106793, 49.808944162499998 ], [ 6.4520958199, 49.809338287099997 ], [ 6.4517595138, 49.810103611099997 ], [ 6.4519151162, 49.811337545100002 ], [ 6.4509489262, 49.811269175500001 ], [ 6.4471979227, 49.811623972200003 ], [ 6.444156556, 49.811346390899999 ], [ 6.4434036957, 49.811404774800003 ], [ 6.4424605792, 49.812137450100003 ], [ 6.441963803, 49.813012327199999 ], [ 6.4418406621, 49.813972565199997 ], [ 6.4413541348, 49.814185241099999 ], [ 6.4372448678, 49.813370009 ], [ 6.4347135918, 49.812219899399999 ], [ 6.4322502112, 49.810566639100003 ], [ 6.4312923905, 49.810256407499999 ], [ 6.4303013086, 49.810371737499999 ], [ 6.4282653976, 49.8110452313 ], [ 6.4267279909, 49.812049447900002 ], [ 6.4259012773, 49.813355567899997 ], [ 6.4257153594, 49.815548948500002 ], [ 6.4251953586, 49.8159240301 ], [ 6.4200474097, 49.815992393099997 ], [ 6.4146348968, 49.816797987599998 ], [ 6.4088325994, 49.817755042100003 ], [ 6.405126375, 49.819072427400002 ], [ 6.4025802686, 49.8193984583 ], [ 6.4013004587, 49.819960918 ], [ 6.3982929304, 49.8215849435 ], [ 6.3968735736, 49.822540426099998 ], [ 6.3940715087, 49.825833817199999 ], [ 6.3923610368, 49.827523443099999 ], [ 6.3888042635, 49.829436616099997 ], [ 6.38781871, 49.830398969100003 ], [ 6.3845041838, 49.832642691899999 ], [ 6.3841920777, 49.832458167699997 ], [ 6.3843534023, 49.832347963700002 ], [ 6.3832335151, 49.831700462599997 ], [ 6.3804832408, 49.830402493100003 ], [ 6.3807386265, 49.829649531 ], [ 6.3814834867, 49.8290866173 ], [ 6.3813752307, 49.828970091499997 ], [ 6.3822006983, 49.828463827299998 ], [ 6.383132607, 49.828241266299997 ], [ 6.3840555749, 49.827366764899999 ], [ 6.3844969518, 49.826448997599996 ], [ 6.3846562279, 49.826503380200002 ], [ 6.3849396562, 49.826211559299999 ], [ 6.3847787784, 49.825988937600002 ], [ 6.3854267766, 49.825017140100002 ], [ 6.3859847452, 49.824558660699999 ], [ 6.3865833446, 49.823637441400003 ], [ 6.3873366257, 49.823265867099998 ], [ 6.3873449074, 49.8230145259 ], [ 6.3877463152, 49.822733001899998 ], [ 6.3879242295, 49.821998691099999 ], [ 6.387598053, 49.821151769099998 ], [ 6.3891380375, 49.817317728900001 ], [ 6.3895830202, 49.814747237799999 ], [ 6.3893608517, 49.812990513599999 ], [ 6.3886123575, 49.81303912 ], [ 6.3881683767, 49.813402292200003 ], [ 6.3796655122, 49.809974096799998 ], [ 6.3761481322, 49.808072133899998 ], [ 6.3702859646, 49.802393882300002 ], [ 6.3696086958, 49.800899974799997 ], [ 6.3689367319, 49.800010912899999 ], [ 6.3689734448, 49.799496382299999 ], [ 6.3673572028, 49.797846547399999 ], [ 6.3664760453, 49.795578224099998 ], [ 6.3685941109, 49.796188278499997 ], [ 6.3694634186, 49.796185398 ], [ 6.3703274466, 49.795986145100002 ], [ 6.3703612349, 49.7963238942 ], [ 6.3708508073, 49.796511165699997 ], [ 6.3711280541, 49.7968958676 ], [ 6.3730890727, 49.797482191699999 ], [ 6.3745992628, 49.797283825100003 ], [ 6.3754783186, 49.797466945099998 ], [ 6.3760960158, 49.797077209599998 ], [ 6.376418855, 49.797669169599999 ], [ 6.3766480119, 49.797754581100001 ], [ 6.3779699498, 49.7973862264 ], [ 6.3789791432, 49.797468836599997 ], [ 6.3812257089, 49.796730734400001 ], [ 6.3817919315, 49.796827866 ], [ 6.3832374808, 49.796663833099998 ], [ 6.3836098849, 49.796839590200001 ], [ 6.3837369625, 49.796058688599999 ], [ 6.3864054516, 49.796112714300001 ], [ 6.3862738329, 49.795387897399998 ], [ 6.3841461217, 49.791220832500002 ], [ 6.3840800494, 49.7884195882 ], [ 6.3834758316, 49.785026094300001 ], [ 6.3844404607, 49.78317868 ], [ 6.3847388927, 49.782057568 ], [ 6.3845129712, 49.779437864 ], [ 6.3839783872, 49.777885749500001 ], [ 6.3872018406, 49.777469498800002 ], [ 6.3900954112, 49.777853700400001 ], [ 6.3911064143, 49.776264146599999 ], [ 6.3873306331, 49.775444950400001 ], [ 6.3842721031, 49.775154124 ], [ 6.3834934948, 49.774963366500003 ], [ 6.3761583443, 49.7716504972 ], [ 6.376526261, 49.771244188099999 ], [ 6.3749231337, 49.770313355500001 ], [ 6.3759533741, 49.768922125899998 ], [ 6.3784297776, 49.768711947600003 ], [ 6.3834377339, 49.771694818100002 ], [ 6.3846915977, 49.7722694805 ], [ 6.3868803985, 49.772950321700002 ], [ 6.3886818181, 49.773346720699998 ], [ 6.3943575689, 49.774179786099999 ], [ 6.3965650342, 49.774232376400001 ], [ 6.3971648325, 49.773769611200002 ], [ 6.4013820625, 49.774099937300001 ], [ 6.4020794289, 49.774511813 ], [ 6.4022967997, 49.774834455099999 ], [ 6.4022369893, 49.775692312499999 ], [ 6.4025410608, 49.776311625799998 ], [ 6.4036392388, 49.778046197 ], [ 6.4045403094, 49.778692165700001 ], [ 6.4043161617, 49.779715996599997 ], [ 6.4074048868, 49.780915052099999 ], [ 6.4083472005, 49.782330081700003 ], [ 6.410158487, 49.784317289699999 ], [ 6.4123530917, 49.786195410099999 ], [ 6.4174988291, 49.784942321800003 ], [ 6.4177159503, 49.784735173400001 ], [ 6.4193925606, 49.785343393 ], [ 6.429093744, 49.789841583399998 ], [ 6.4309084175, 49.790847739299998 ], [ 6.4301033392, 49.791024734899999 ], [ 6.4303559421, 49.791765618399999 ], [ 6.4311553893, 49.792533443 ], [ 6.4324789051, 49.793366658 ], [ 6.4321687444, 49.793584358799997 ], [ 6.4333707494, 49.795161940900002 ], [ 6.43449094, 49.795898913099997 ], [ 6.4352467855, 49.7959071382 ], [ 6.4366164228, 49.795949113799999 ], [ 6.438173134, 49.795572827900003 ], [ 6.4395934078, 49.794927137899997 ], [ 6.4425871568, 49.794520101400003 ], [ 6.4464030858, 49.794528746 ], [ 6.4481672057, 49.794192095299998 ], [ 6.4489217527, 49.794564835400003 ], [ 6.449535155, 49.794669172600003 ], [ 6.4582436525, 49.791536935300002 ], [ 6.4595293459, 49.791989601600001 ], [ 6.4619440026, 49.792933096299997 ], [ 6.4635473775, 49.7938246824 ], [ 6.4667764838, 49.7938131708 ] ] ] ] } },
{ "type": "Feature", "properties": { "name": "Ell", "canton": "Redange", "district": "Diekirch", "lau2": "0703" }, "geometry": { "type": "MultiPolygon", "coordinates": [ [ [ [ 5.8362936506, 49.784462047200002 ], [ 5.8363026727, 49.7845543181 ], [ 5.8321711773, 49.784575541499997 ], [ 5.8305794147, 49.784780403900001 ], [ 5.8298679183, 49.785014054400001 ], [ 5.8308108402, 49.785429615 ], [ 5.8295427514, 49.786342489 ], [ 5.8295648816, 49.787705668100003 ], [ 5.8293888044, 49.787906421800002 ], [ 5.8299332393, 49.788969815 ], [ 5.8306412122, 49.788976440699997 ], [ 5.8301961126, 49.789115240900003 ], [ 5.8303339728, 49.790668613299999 ], [ 5.830884539, 49.790599311400001 ], [ 5.8309508762, 49.790948857300002 ], [ 5.8306923415, 49.790981264700001 ], [ 5.8309794866, 49.791917531 ], [ 5.8316861825, 49.792722335599997 ], [ 5.8298288872, 49.793552758600001 ], [ 5.8301347687, 49.793698300700001 ], [ 5.8297395795, 49.794135134400001 ], [ 5.8296900905, 49.794837131 ], [ 5.829275744, 49.795354527199997 ], [ 5.8284250571, 49.795892836299998 ], [ 5.8271031863, 49.798864501899999 ], [ 5.8271584959, 49.799195729899999 ], [ 5.8278731354, 49.799865656199998 ], [ 5.8280785481, 49.800527237899999 ], [ 5.8284299724, 49.8007764189 ], [ 5.8294122247, 49.801143383599999 ], [ 5.830665995, 49.801905650899997 ], [ 5.8311958002, 49.801745499 ], [ 5.8314748401, 49.802341673599997 ], [ 5.831342165, 49.802974613799996 ], [ 5.8320247912, 49.803845148 ], [ 5.8331023517, 49.803349184399998 ], [ 5.8336104556, 49.804361106599998 ], [ 5.8347068649, 49.804475184899999 ], [ 5.8345099184, 49.805116665100002 ], [ 5.8341588911, 49.8050536119 ], [ 5.8335715935, 49.806458251199999 ], [ 5.8355613032, 49.806901090799997 ], [ 5.834581656, 49.808473807600002 ], [ 5.8325964017, 49.8104760521 ], [ 5.8337957335, 49.812086067800003 ], [ 5.8344350479, 49.813798810199998 ], [ 5.8328387383, 49.814176959199997 ], [ 5.8336351043, 49.8152622745 ], [ 5.8330940124, 49.815646938699999 ], [ 5.830220178, 49.815285571399997 ], [ 5.8267623438, 49.814415352 ], [ 5.8266540088, 49.814514435 ], [ 5.8283344876, 49.815187765799998 ], [ 5.825372305, 49.817706174400001 ], [ 5.824757615, 49.817287317100003 ], [ 5.8235024875, 49.817846896399999 ], [ 5.821980394, 49.816487275699998 ], [ 5.8206075592, 49.817131120600003 ], [ 5.8198866777, 49.816515976300003 ], [ 5.8196795951, 49.816602187800001 ], [ 5.8198262368, 49.816824284200003 ], [ 5.8221245774, 49.818705513899999 ], [ 5.8196120577, 49.819378988799997 ], [ 5.8176220961, 49.8175683 ], [ 5.8160664153, 49.818191642899997 ], [ 5.8154618732, 49.817356875 ], [ 5.8131460262, 49.815500561 ], [ 5.8118365427, 49.815277746500001 ], [ 5.8095777983, 49.815522179 ], [ 5.8093742239, 49.8142017594 ], [ 5.8112124686, 49.812818957700003 ], [ 5.8110960183, 49.812634155399998 ], [ 5.8121097031, 49.812168480899999 ], [ 5.8112605957, 49.8111217935 ], [ 5.8103116654, 49.811034335499997 ], [ 5.8091719323, 49.809281244600001 ], [ 5.8085222833, 49.809142585899998 ], [ 5.8086710524, 49.807879984899998 ], [ 5.8084353521, 49.807825509 ], [ 5.8093112285, 49.8075394711 ], [ 5.8087468735, 49.806178033 ], [ 5.8090186416, 49.805876973700002 ], [ 5.8084902193, 49.805941088499999 ], [ 5.8053868418, 49.804103653699997 ], [ 5.8063705575, 49.803807113700003 ], [ 5.8080757916, 49.802969026299998 ], [ 5.8069596091, 49.802836913699998 ], [ 5.8056025981, 49.802343816499999 ], [ 5.8057818441, 49.801985861299997 ], [ 5.8056301557, 49.8016371772 ], [ 5.8048147737, 49.801623832399997 ], [ 5.8045909069, 49.800685183100001 ], [ 5.8048635901, 49.800657256599997 ], [ 5.8056478434, 49.7997563351 ], [ 5.8053049027, 49.799632334400002 ], [ 5.8054588293, 49.799181677900002 ], [ 5.8062398366, 49.799134942800002 ], [ 5.8053572565, 49.797850255299998 ], [ 5.8054163134, 49.796707752800003 ], [ 5.8036102348, 49.795397876599999 ], [ 5.8042019691, 49.794560356 ], [ 5.8038272463, 49.793221053300002 ], [ 5.8044185161, 49.792616399099998 ], [ 5.8034391799, 49.792101072400001 ], [ 5.8029920761, 49.792452168200001 ], [ 5.7997302373, 49.7915657673 ], [ 5.7989511577, 49.791300224799997 ], [ 5.7973910573, 49.792827585700003 ], [ 5.7961215626, 49.792539006299997 ], [ 5.7938016378, 49.791233011499997 ], [ 5.793297, 49.790572677 ], [ 5.791772479, 49.788377429900002 ], [ 5.7916249885, 49.787836526600003 ], [ 5.7919267243, 49.787131388299997 ], [ 5.7944332613, 49.7850016923 ], [ 5.7946547927, 49.784629351100001 ], [ 5.797083848, 49.783147015499999 ], [ 5.7984257828, 49.781902324199997 ], [ 5.7995005392, 49.777974734099999 ], [ 5.7999859968, 49.777667197900001 ], [ 5.8034305247, 49.776604618900002 ], [ 5.8040555833, 49.776250661900001 ], [ 5.805248031, 49.774580823599997 ], [ 5.8072348342, 49.7724651272 ], [ 5.8076484028, 49.771506394100001 ], [ 5.8081821223, 49.768457009899997 ], [ 5.8086278613, 49.767708208199998 ], [ 5.8086173924, 49.7670236445 ], [ 5.8094455908, 49.765333770200002 ], [ 5.811113918, 49.765355308700002 ], [ 5.8159715749, 49.762208714099998 ], [ 5.8166331111, 49.7580162155 ], [ 5.8179107095, 49.754728506500001 ], [ 5.8178494694, 49.7539769965 ], [ 5.8197898892, 49.753693246600001 ], [ 5.8208593447, 49.753259216799997 ], [ 5.8204588612, 49.751265692300002 ], [ 5.8219156726, 49.750500475099997 ], [ 5.8230189046, 49.7494691136 ], [ 5.824025186, 49.749316476799997 ], [ 5.827720973, 49.750259694199997 ], [ 5.828885539, 49.7500891197 ], [ 5.8304654212, 49.749617326600003 ], [ 5.8308586042, 49.748610383299997 ], [ 5.8319048515, 49.7476739393 ], [ 5.8323644101, 49.746942921900001 ], [ 5.831526709, 49.7451323282 ], [ 5.8327770588, 49.745150149799997 ], [ 5.8339457282, 49.745599623799997 ], [ 5.8343994959, 49.745612382499999 ], [ 5.8351937822, 49.746045159600001 ], [ 5.8358297894, 49.745994330400002 ], [ 5.8360892436, 49.7462192311 ], [ 5.8369723339, 49.746236083100001 ], [ 5.8375683606, 49.7441346942 ], [ 5.8411532249, 49.744482174399998 ], [ 5.8417155576, 49.746476380499999 ], [ 5.8430785799, 49.746402934899997 ], [ 5.8445249331, 49.746113683200001 ], [ 5.8447419758, 49.745915051099999 ], [ 5.8477357169, 49.746353303799999 ], [ 5.8494442364, 49.746182519900003 ], [ 5.8500810742, 49.746278938099998 ], [ 5.850512263, 49.746792701700002 ], [ 5.8504877556, 49.7480399835 ], [ 5.8515027026, 49.748526755900002 ], [ 5.8539358376, 49.749454297900002 ], [ 5.8551461569, 49.749687270300001 ], [ 5.8559585731, 49.749615884 ], [ 5.8568330386, 49.749779507 ], [ 5.856919734, 49.749944990199999 ], [ 5.8578724065, 49.749932981699999 ], [ 5.8585810047, 49.750086618200001 ], [ 5.8602293894, 49.751071058 ], [ 5.8618360363, 49.751455686699998 ], [ 5.8619886948, 49.750382497399997 ], [ 5.8624277762, 49.750685618399999 ], [ 5.8635467438, 49.7493015724 ], [ 5.8648309263, 49.749864608700001 ], [ 5.8643950341, 49.7503206616 ], [ 5.8659957414, 49.750917301100003 ], [ 5.8669897122, 49.750262365799998 ], [ 5.8687558592, 49.751011852799998 ], [ 5.8701746586, 49.751459995200001 ], [ 5.870046591, 49.752057761700001 ], [ 5.8681221915, 49.754136454099999 ], [ 5.8671489137, 49.753599893199997 ], [ 5.8664989053, 49.7552826784 ], [ 5.8651835887, 49.7568688653 ], [ 5.8648709014, 49.757579356199997 ], [ 5.8627312993, 49.759410256899997 ], [ 5.8632007396, 49.760070199700003 ], [ 5.8641473514, 49.760460928699999 ], [ 5.8638823312, 49.760966281599998 ], [ 5.8651409025, 49.761068486299997 ], [ 5.8649624564, 49.7616895719 ], [ 5.8672554735, 49.761800741 ], [ 5.8672556576, 49.762072353 ], [ 5.8697788871, 49.762206365 ], [ 5.8695058877, 49.762603847699999 ], [ 5.8680368567, 49.762589203 ], [ 5.8678857525, 49.763298976599998 ], [ 5.8686866116, 49.763242719600001 ], [ 5.8703991468, 49.7638383619 ], [ 5.8698249943, 49.764747754600002 ], [ 5.870022532, 49.765248022900003 ], [ 5.8696767069, 49.765306600400002 ], [ 5.8695936385, 49.765684386300002 ], [ 5.8687817261, 49.765746285299997 ], [ 5.8668321699, 49.7653926033 ], [ 5.8666471611, 49.765720017200003 ], [ 5.8672446034, 49.765915568399997 ], [ 5.8665569215, 49.766795529500001 ], [ 5.8646926806, 49.766668852199999 ], [ 5.8632155858, 49.767629031200002 ], [ 5.8661068286, 49.767765238700001 ], [ 5.8656131005, 49.768601067600002 ], [ 5.8665013222, 49.768847529600002 ], [ 5.8658461957, 49.770138997300002 ], [ 5.8637425747, 49.7696749236 ], [ 5.8635857568, 49.770694605700001 ], [ 5.8642816416, 49.770807921699998 ], [ 5.8639881095, 49.772049498400001 ], [ 5.8596613685, 49.772421731199998 ], [ 5.8589345852, 49.7741530849 ], [ 5.8592634376, 49.774313680299997 ], [ 5.8565101232, 49.775584871100001 ], [ 5.8556751127, 49.7762956057 ], [ 5.8545009474, 49.776824237500001 ], [ 5.8500365614, 49.778162641900003 ], [ 5.8489109367, 49.778473386899996 ], [ 5.8463871404, 49.7797169157 ], [ 5.8425556095, 49.780892691600002 ], [ 5.8410906574, 49.780534566900002 ], [ 5.8409453349, 49.780870367200002 ], [ 5.8393091541, 49.780487804300002 ], [ 5.8394376405, 49.780169112800003 ], [ 5.8391760215, 49.780108323199997 ], [ 5.8384642842, 49.7815060414 ], [ 5.8372279768, 49.782978872500003 ], [ 5.836772648, 49.784087402799997 ], [ 5.8362936506, 49.784462047200002 ] ] ] ] } },
{ "type": "Feature", "properties": { "name": "Erpeldange-sur-Sûre", "canton": "Diekirch", "district": "Diekirch", "lau2": "0604" }, "geometry": { "type": "MultiPolygon", "coordinates": [ [ [ [ 6.0758007002, 49.876275469500001 ], [ 6.0759759238, 49.876156725 ], [ 6.0768522743, 49.877168474699999 ], [ 6.080185826, 49.876073049399999 ], [ 6.0794979612, 49.875443109 ], [ 6.0803959043, 49.874369769 ], [ 6.0824295957, 49.874984486099997 ], [ 6.0838799545, 49.874671829 ], [ 6.0845325252, 49.875646399499999 ], [ 6.0878249581, 49.875295190700001 ], [ 6.0880785594, 49.874203376099999 ], [ 6.087493757, 49.8733197938 ], [ 6.0880182298, 49.872839615099998 ], [ 6.0897444429, 49.873360293700003 ], [ 6.0898597263, 49.872749945499997 ], [ 6.0905548483, 49.872134236900003 ], [ 6.0931838411, 49.871211811199998 ], [ 6.0946670646, 49.871533452199998 ], [ 6.0955901802, 49.872068517 ], [ 6.095959174, 49.871164578299997 ], [ 6.096035165, 49.869472046399999 ], [ 6.0970287525, 49.867521647300002 ], [ 6.0981566394, 49.865997195 ], [ 6.1004872223, 49.864603397899998 ], [ 6.1024104692, 49.864234822199997 ], [ 6.1025126272, 49.864037445599998 ], [ 6.1019271642, 49.863539577200001 ], [ 6.10117493, 49.861895659200002 ], [ 6.1017544463, 49.860464404 ], [ 6.1031162039, 49.858990515800002 ], [ 6.1041487895, 49.8582337757 ], [ 6.1057720613, 49.857440074800003 ], [ 6.1055357539, 49.857378903 ], [ 6.1065373488, 49.856314870699997 ], [ 6.1073033357, 49.856023649400001 ], [ 6.1085329749, 49.854639624100002 ], [ 6.1093397514, 49.854976521600001 ], [ 6.1110145722, 49.852695966600002 ], [ 6.1115224162, 49.850231809500002 ], [ 6.1119225333, 49.848343555600003 ], [ 6.1140199204, 49.8479851186 ], [ 6.1167099407, 49.8479074109 ], [ 6.1162959529, 49.845814894100002 ], [ 6.1164038766, 49.843394869199997 ], [ 6.1183422383, 49.843337245500003 ], [ 6.118329325, 49.842907586499997 ], [ 6.1207724711, 49.843045212699998 ], [ 6.1224185985, 49.842910479499999 ], [ 6.1223317068, 49.842356110099999 ], [ 6.124338959, 49.842615620499998 ], [ 6.1279050177, 49.842637446200001 ], [ 6.129831581, 49.8428591363 ], [ 6.1310728825, 49.8421800984 ], [ 6.1329992019, 49.841698065499997 ], [ 6.1354276782, 49.840368744499997 ], [ 6.135838035, 49.840296895199998 ], [ 6.1373688436, 49.8390009656 ], [ 6.140950029, 49.836768016599997 ], [ 6.1414884676, 49.835966800900003 ], [ 6.1427499574, 49.835045145899997 ], [ 6.1427361902, 49.835745433699998 ], [ 6.143240833, 49.836248314199999 ], [ 6.1438641708, 49.837125793699997 ], [ 6.1436325171, 49.8379187667 ], [ 6.1440277245, 49.838441050100002 ], [ 6.144146557, 49.839715983 ], [ 6.1495717716, 49.8411210131 ], [ 6.1508675323, 49.841574843799997 ], [ 6.1516195033, 49.8420734424 ], [ 6.1530596973, 49.843865335300002 ], [ 6.1528210227, 49.844915690800001 ], [ 6.153269421, 49.845216266599998 ], [ 6.1535322673, 49.846076728500002 ], [ 6.1532970817, 49.8472730748 ], [ 6.1518628062, 49.8487472041 ], [ 6.1483706971, 49.851492516199997 ], [ 6.1481356713, 49.851892407699999 ], [ 6.146418907, 49.852517410200001 ], [ 6.1465264069, 49.8530419963 ], [ 6.14768248, 49.8546465011 ], [ 6.1490342604, 49.857334277100001 ], [ 6.1479201781, 49.856553666700002 ], [ 6.1451615994, 49.858314283299997 ], [ 6.1443592685, 49.858520597400002 ], [ 6.1441562732, 49.858978458099998 ], [ 6.1411995059, 49.860962266900003 ], [ 6.1410275362, 49.860862045799998 ], [ 6.1403344782, 49.861336465500003 ], [ 6.1400991557, 49.861565572300002 ], [ 6.1409437284, 49.861914332600001 ], [ 6.1393474096, 49.863451128900003 ], [ 6.1372455935, 49.862478189599997 ], [ 6.1360954714, 49.8628771415 ], [ 6.1347374369, 49.863097803099997 ], [ 6.1347185586, 49.863581861 ], [ 6.134450769, 49.863844805799999 ], [ 6.1341091639, 49.863578263199997 ], [ 6.133510451, 49.863454712600003 ], [ 6.1302597862, 49.863799581599999 ], [ 6.1306763788, 49.8653591518 ], [ 6.1318072986, 49.867244238399998 ], [ 6.1320105298, 49.869387721800003 ], [ 6.1324989414, 49.870143348799999 ], [ 6.1319636253, 49.871011768599999 ], [ 6.1313246204, 49.870968948200002 ], [ 6.1295787064, 49.872028529300003 ], [ 6.1316361238, 49.875677254400003 ], [ 6.1301689268, 49.875759876899998 ], [ 6.12852886, 49.8764458984 ], [ 6.1280021196, 49.876892742300001 ], [ 6.1270853895, 49.877325738899998 ], [ 6.1264769489, 49.877289555399997 ], [ 6.1256484893, 49.877459668900002 ], [ 6.1251185116, 49.877026158500001 ], [ 6.12368346, 49.876562343700002 ], [ 6.1228593004, 49.877113783600002 ], [ 6.1222620692, 49.877133000199997 ], [ 6.121802288, 49.8767106321 ], [ 6.1209978359, 49.876704317600002 ], [ 6.1201097516, 49.876918907099999 ], [ 6.1193237485, 49.876331131199997 ], [ 6.1187929066, 49.876163065500002 ], [ 6.1175259173, 49.877186719 ], [ 6.1176947004, 49.878520984700003 ], [ 6.1185596624, 49.879702524499997 ], [ 6.1185309236, 49.880610246400003 ], [ 6.1188158737, 49.881745893599998 ], [ 6.1199828396, 49.8835695378 ], [ 6.119885768, 49.885995541299998 ], [ 6.1207942987, 49.887531407899999 ], [ 6.1212360924, 49.888852936600003 ], [ 6.1213901892, 49.889079083299997 ], [ 6.1219032744, 49.8892745331 ], [ 6.1241063947, 49.8896033579 ], [ 6.1241605397, 49.890528237300003 ], [ 6.1245879029, 49.8909097389 ], [ 6.1267452563, 49.890878532499997 ], [ 6.1274293711, 49.892395369100001 ], [ 6.1275529738, 49.893386782500002 ], [ 6.1259787234, 49.893146077600001 ], [ 6.1255500967, 49.894681484700001 ], [ 6.1258727994, 49.895022297300002 ], [ 6.1255072219, 49.8952413652 ], [ 6.124162591, 49.894730102300002 ], [ 6.1198981408, 49.894177688 ], [ 6.1204664284, 49.895107569099999 ], [ 6.1186597414, 49.895389076199997 ], [ 6.1165439729, 49.895449873099999 ], [ 6.1166388684, 49.896057199600001 ], [ 6.1163358112, 49.896571704400003 ], [ 6.1151410998, 49.897075526099997 ], [ 6.1138829461, 49.897332272900002 ], [ 6.1088673992, 49.897298984199999 ], [ 6.1075506174, 49.896997454299999 ], [ 6.1067233824, 49.8964103291 ], [ 6.1046476965, 49.892765858200001 ], [ 6.1028226354, 49.890986247199997 ], [ 6.1011303529, 49.887596768800002 ], [ 6.1007856849, 49.887403841 ], [ 6.0998793322, 49.8872611054 ], [ 6.0960968781, 49.8872365147 ], [ 6.0946336709, 49.887827061599999 ], [ 6.0942709631, 49.888161723700001 ], [ 6.0941912838, 49.888548654499999 ], [ 6.0948660372, 49.889144136100001 ], [ 6.0969255889, 49.889705793799997 ], [ 6.0975089214, 49.890417371600002 ], [ 6.0972901952, 49.891134588 ], [ 6.093967879, 49.892707422699999 ], [ 6.0925632878, 49.894465431 ], [ 6.0916047319, 49.895241989699997 ], [ 6.0886284211, 49.8964300369 ], [ 6.0873562401, 49.898170647 ], [ 6.0851412978, 49.900256490700002 ], [ 6.0845673724, 49.901212839300001 ], [ 6.0839633152, 49.902913976 ], [ 6.0838405658, 49.902965547500003 ], [ 6.0838247763, 49.902979907300001 ], [ 6.0837319664, 49.902933860399997 ], [ 6.0834726081, 49.902848046 ], [ 6.0834680787, 49.9028614522 ], [ 6.0834408497, 49.902963803 ], [ 6.0833213159, 49.903035227 ], [ 6.0828955329, 49.903078942599997 ], [ 6.0825726381, 49.903126020599998 ], [ 6.0824470284, 49.903143011799997 ], [ 6.0822507012, 49.903162238599997 ], [ 6.0818761813, 49.903157104599998 ], [ 6.0810592366, 49.90322112 ], [ 6.0808204628, 49.903226631199999 ], [ 6.0800638279, 49.903178265100003 ], [ 6.0791719238, 49.903128574900002 ], [ 6.076617845, 49.901735203800001 ], [ 6.0754226691, 49.899256603300003 ], [ 6.0746475436, 49.898293602499997 ], [ 6.0740264374, 49.898372033100003 ], [ 6.0738809976, 49.898245437 ], [ 6.0735456178, 49.898944137100003 ], [ 6.0731709282, 49.8990451214 ], [ 6.0718378722, 49.898608008899998 ], [ 6.0717520164, 49.897369768200001 ], [ 6.0755496501, 49.895171216 ], [ 6.075644737, 49.8950595564 ], [ 6.0753346779, 49.894850091899997 ], [ 6.0743055328, 49.894427030300001 ], [ 6.0755532226, 49.894056668200001 ], [ 6.076328657, 49.893643119499998 ], [ 6.0766654742, 49.893317673 ], [ 6.0767411246, 49.8922022191 ], [ 6.0772769455, 49.891257341200003 ], [ 6.0782888888, 49.890166307500003 ], [ 6.0792007488, 49.889655458 ], [ 6.0798123961, 49.889500536600003 ], [ 6.0751462207, 49.887550215899999 ], [ 6.0744779309, 49.886718846699999 ], [ 6.0755180524, 49.885566489299997 ], [ 6.0742992256, 49.884635264400004 ], [ 6.0731848516, 49.884409242 ], [ 6.0724842561, 49.884042323800003 ], [ 6.0725210632, 49.883841207800003 ], [ 6.0732864762, 49.883358263200002 ], [ 6.0748953465, 49.883250310800001 ], [ 6.0756990143, 49.882872174900001 ], [ 6.0761848745, 49.882007106400003 ], [ 6.0761379506, 49.881027051499998 ], [ 6.0755584346, 49.879840566399999 ], [ 6.0755968284, 49.879520442199997 ], [ 6.0758157408, 49.879230165199999 ], [ 6.0763869493, 49.878977960699999 ], [ 6.077628376, 49.878776000099997 ], [ 6.0766377508, 49.878177536400003 ], [ 6.0762159954, 49.877486270799999 ], [ 6.0762051429, 49.876679869599997 ], [ 6.0758007002, 49.876275469500001 ] ] ] ] } },
{ "type": "Feature", "properties": { "name": "Esch-sur-Alzette", "canton": "Esch-sur-Alzette", "district": "Luxembourg", "lau2": "0204" }, "geometry": { "type": "MultiPolygon", "coordinates": [ [ [ [ 5.9738239504, 49.489126150399997 ], [ 5.9708365515, 49.488357252500002 ], [ 5.970644421, 49.488097539100004 ], [ 5.970106814, 49.487925917399998 ], [ 5.9701197778, 49.487687717699998 ], [ 5.9681054497, 49.4863961438 ], [ 5.9710362212, 49.483328379900001 ], [ 5.9714104544, 49.4830669292 ], [ 5.9729685307, 49.483411221899999 ], [ 5.9731778453, 49.482827144700003 ], [ 5.9748036679, 49.481999756 ], [ 5.9749757901, 49.4815711615 ], [ 5.9749248057, 49.480635613300002 ], [ 5.9746360226, 49.480342972499997 ], [ 5.9745300861, 49.479814688300003 ], [ 5.9750351832, 49.478796392500001 ], [ 5.9750042862, 49.478190135600002 ], [ 5.9742866097, 49.476948153099997 ], [ 5.9724135227, 49.475530524500002 ], [ 5.9696459383, 49.475508055100001 ], [ 5.969833498, 49.475243529899998 ], [ 5.97121459, 49.474511790100003 ], [ 5.9715942462, 49.474645404 ], [ 5.9723100679, 49.474378485099997 ], [ 5.9724709125, 49.473434713700001 ], [ 5.9722220794, 49.472393632399999 ], [ 5.9727956807, 49.471015469900003 ], [ 5.9719401638, 49.469566944699999 ], [ 5.9736263574, 49.4685917491 ], [ 5.9740051382, 49.465485938699999 ], [ 5.9757566598, 49.463428293600003 ], [ 5.9757782206, 49.462787532699998 ], [ 5.9774784829, 49.462532906100002 ], [ 5.9779641583, 49.462193626100003 ], [ 5.9787193315, 49.461184468600003 ], [ 5.9793095725, 49.460906331899999 ], [ 5.9814384355, 49.461219141299999 ], [ 5.981989132, 49.462780678900003 ], [ 5.9825788112, 49.463518660399998 ], [ 5.9873181281, 49.462640428599997 ], [ 5.9896244974, 49.464344145600002 ], [ 5.9900000547, 49.464979053199997 ], [ 5.9895575897, 49.465756296 ], [ 5.9897762852, 49.467006592700002 ], [ 5.9910702671, 49.467525386399998 ], [ 5.9930642866, 49.468862794 ], [ 5.9948339355, 49.470005442400002 ], [ 5.9972898733, 49.471084336799997 ], [ 5.9955983292, 49.472117457700001 ], [ 5.994907365, 49.472974202 ], [ 5.9955036188, 49.473469057300001 ], [ 5.9963239152, 49.473758818299999 ], [ 5.9958729668, 49.474268385 ], [ 5.9994766049, 49.475090078299999 ], [ 6.0001489124, 49.475513314700002 ], [ 6.0013011933, 49.476643047099998 ], [ 6.0010726112, 49.476625455899999 ], [ 6.001387051, 49.4780643215 ], [ 6.001029021, 49.4793130467 ], [ 6.0026536594, 49.481110374300002 ], [ 6.0044883799, 49.482389541300002 ], [ 6.0049465118, 49.483318257 ], [ 6.0048520384, 49.483592446099998 ], [ 6.0051419051, 49.483667290699998 ], [ 6.0048522332, 49.484618702299997 ], [ 6.0037392496, 49.486187547 ], [ 6.0022299217, 49.4860601659 ], [ 6.0010524202, 49.485558246099998 ], [ 6.0004844994, 49.484727469100001 ], [ 6.0002563782, 49.483386308900002 ], [ 5.9998798649, 49.483288039500003 ], [ 5.9999123225, 49.483867524600001 ], [ 5.9990123482, 49.4839758313 ], [ 5.9966945179, 49.485003198400001 ], [ 5.9965487348, 49.485369734499997 ], [ 5.9967049323, 49.486200904699999 ], [ 5.9974602107, 49.487608014300001 ], [ 5.9985709894, 49.4871788616 ], [ 6.0007591945, 49.486639654800001 ], [ 6.0026597824, 49.486988031499997 ], [ 6.0028990135, 49.487244602799997 ], [ 6.0031837252, 49.4877278162 ], [ 5.9978677006, 49.489693454200001 ], [ 6.0020323432, 49.490761470499997 ], [ 6.0019755705, 49.4909714777 ], [ 6.0031018486, 49.491296691899997 ], [ 6.0031526682, 49.492722020599999 ], [ 5.9991954946, 49.492501685299999 ], [ 5.9964597095, 49.493479355700003 ], [ 5.998078315, 49.494186283 ], [ 5.9979728262, 49.494615422 ], [ 5.9988018297, 49.494630990700003 ], [ 5.9987433821, 49.494740517099999 ], [ 5.9979983783, 49.494755083500003 ], [ 5.9972954898, 49.495602749299998 ], [ 5.9947443037, 49.495959673500003 ], [ 5.9947205614, 49.495794559899998 ], [ 5.9945561692, 49.495861667699998 ], [ 5.9943036363, 49.495635467900001 ], [ 5.9941202049, 49.495707509699997 ], [ 5.9932899397, 49.496798999100001 ], [ 5.9936398728, 49.4975532646 ], [ 5.9959544912, 49.499470298299997 ], [ 5.9969148374, 49.499974071099999 ], [ 5.99713404, 49.499649874900001 ], [ 5.9975493662, 49.499768844599998 ], [ 5.9973206899, 49.500154482399999 ], [ 5.9985841644, 49.500515933099997 ], [ 5.9980208594, 49.501071313899999 ], [ 5.9973991628, 49.502630623800002 ], [ 5.9954964292, 49.501762495599998 ], [ 5.9952764634, 49.501892882600004 ], [ 5.9964752058, 49.5029206679 ], [ 5.9977939509, 49.5043230717 ], [ 5.9984256214, 49.506356718799999 ], [ 5.9997794927, 49.506519771800001 ], [ 6.0004298903, 49.507313417500001 ], [ 6.0004673419, 49.507945190900003 ], [ 5.9999278088, 49.508697727799998 ], [ 6.0012568694, 49.5097543774 ], [ 6.0009556002, 49.510690257500002 ], [ 5.9996477458, 49.510764777600002 ], [ 5.9988159231, 49.513333180499998 ], [ 5.9977901098, 49.514879016 ], [ 5.9992930414, 49.515448279200001 ], [ 5.9990425727, 49.515893301200002 ], [ 6.0017939482, 49.51603708 ], [ 6.0019318624, 49.5166524698 ], [ 6.0015350402, 49.516651911300002 ], [ 5.9996644436, 49.5186183426 ], [ 5.9936481214, 49.515165035300001 ], [ 5.991762346, 49.514635066499999 ], [ 5.9864684201, 49.5138135865 ], [ 5.9865016589, 49.514667996199996 ], [ 5.9847511951, 49.514265061499998 ], [ 5.9840165788, 49.5132887376 ], [ 5.9819023687, 49.5116277423 ], [ 5.9715926239, 49.512825934699997 ], [ 5.9691243451, 49.513496054100003 ], [ 5.9668518258, 49.514443270800001 ], [ 5.9658935315, 49.513677961200003 ], [ 5.9666526094, 49.512874193 ], [ 5.9618994282, 49.512081817599999 ], [ 5.9575688357, 49.512023197600001 ], [ 5.9565302244, 49.511741694800001 ], [ 5.9563130408, 49.510788955 ], [ 5.9552029319, 49.510483078699998 ], [ 5.9548758969, 49.510761798499999 ], [ 5.9533454571, 49.510705212399998 ], [ 5.952116546, 49.510897916600001 ], [ 5.951872524, 49.511537390900003 ], [ 5.9517969233, 49.511735487400003 ], [ 5.9495281416, 49.511602937 ], [ 5.9468405108, 49.510031740800002 ], [ 5.9466269059, 49.508649049399999 ], [ 5.9502090861, 49.508793928099998 ], [ 5.9502492234, 49.508416446200002 ], [ 5.9487758139, 49.506084501799997 ], [ 5.9484005213, 49.506176428700002 ], [ 5.9477657696, 49.505073510899997 ], [ 5.946390687, 49.505409538099997 ], [ 5.9462182375, 49.505110180300001 ], [ 5.9452972347, 49.505335201800001 ], [ 5.9432186875, 49.501728098599997 ], [ 5.943880651, 49.501488621500002 ], [ 5.9436435527, 49.501076996800002 ], [ 5.9451910723, 49.500460062 ], [ 5.9448351735, 49.499829420200001 ], [ 5.9459477776, 49.499563157600001 ], [ 5.9462079771, 49.497603585599997 ], [ 5.9462873712, 49.497001453599999 ], [ 5.9491113909, 49.496504555199998 ], [ 5.9488600341, 49.495855519700001 ], [ 5.9511532309, 49.495171019200001 ], [ 5.9520444812, 49.494141858200003 ], [ 5.9537467407, 49.494014046 ], [ 5.9544721348, 49.494126234699998 ], [ 5.9551629949, 49.493091591800003 ], [ 5.9569496716, 49.493540474500001 ], [ 5.9584608406, 49.493199864499999 ], [ 5.9590170585, 49.493374522700002 ], [ 5.9608905601, 49.493062090599999 ], [ 5.9634011753, 49.492898783299999 ], [ 5.9645945959, 49.493004745900002 ], [ 5.9652348988, 49.492759102299999 ], [ 5.9654929274, 49.492038377900002 ], [ 5.9660189101, 49.492146855500003 ], [ 5.9661299455, 49.491343703299997 ], [ 5.9679440555, 49.491517594199998 ], [ 5.9679363168, 49.491774863800003 ], [ 5.9690908827, 49.491503649499997 ], [ 5.9696279346, 49.491218486199998 ], [ 5.9721114693, 49.491412981899998 ], [ 5.9729905474, 49.490527165099998 ], [ 5.9738239504, 49.489126150399997 ] ] ] ] } },
{ "type": "Feature", "properties": { "name": "Esch-sur-Sûre", "canton": "Wiltz", "district": "Diekirch", "lau2": "0802" }, "geometry": { "type": "MultiPolygon", "coordinates": [ [ [ [ 5.8997931194, 49.888234633700002 ], [ 5.9006687154, 49.887473385200003 ], [ 5.9012285802, 49.887225847400003 ], [ 5.9021496297, 49.887078398200003 ], [ 5.9025561028, 49.886068668 ], [ 5.9040065674, 49.8846989181 ], [ 5.9041990212, 49.882554928300003 ], [ 5.9044983868, 49.8823175092 ], [ 5.9057716745, 49.881922148900003 ], [ 5.9066282003, 49.881384830199998 ], [ 5.9069670308, 49.880935621 ], [ 5.9069327008, 49.8807994983 ], [ 5.9065176039, 49.880965790799998 ], [ 5.9063176487, 49.880858335 ], [ 5.9065345651, 49.880459173 ], [ 5.9063830094, 49.8799139212 ], [ 5.906649838, 49.879391214599998 ], [ 5.9074112274, 49.879836878699997 ], [ 5.9085093657, 49.879718842099997 ], [ 5.9091958989, 49.8785479712 ], [ 5.9096089116, 49.8771098454 ], [ 5.9109409805, 49.8764752469 ], [ 5.9107002791, 49.876140498 ], [ 5.9124682614, 49.874810676199999 ], [ 5.912275389, 49.874694624100002 ], [ 5.9129768955, 49.874262952300001 ], [ 5.9139430541, 49.874030645799998 ], [ 5.9139513575, 49.873850087699999 ], [ 5.9130900757, 49.874006527699997 ], [ 5.9131417826, 49.873410285200002 ], [ 5.9143331736, 49.871315723099997 ], [ 5.9169683865, 49.871056128 ], [ 5.9163944511, 49.870752344800003 ], [ 5.9157251497, 49.8708966238 ], [ 5.9159344058, 49.870684827200002 ], [ 5.9156589302, 49.870206657700002 ], [ 5.9163754533, 49.867799769199998 ], [ 5.9163203777, 49.867086865200001 ], [ 5.9170532276, 49.866956979100003 ], [ 5.9179960616, 49.867181581200001 ], [ 5.9194244117, 49.867282056 ], [ 5.9198902583, 49.8666874675 ], [ 5.9208028349, 49.866121554400003 ], [ 5.9204335091, 49.865315308600003 ], [ 5.9209004578, 49.864500546899997 ], [ 5.9206101622, 49.864286097 ], [ 5.9179000927, 49.864658904800002 ], [ 5.9153993728, 49.864551330899999 ], [ 5.9145337942, 49.865017508199998 ], [ 5.9134629486, 49.864447259099997 ], [ 5.912216384, 49.864021605300003 ], [ 5.9098944869, 49.862526747300002 ], [ 5.9095519103, 49.861798150600002 ], [ 5.9096930418, 49.861273375800003 ], [ 5.910203371, 49.860841286099998 ], [ 5.9105420255, 49.860696307300003 ], [ 5.91087388, 49.860910883499997 ], [ 5.9112654475, 49.860711374600001 ], [ 5.9135804239, 49.858838653200003 ], [ 5.9139369105, 49.85871235 ], [ 5.9152392113, 49.859513843099997 ], [ 5.9175767668, 49.860354452800003 ], [ 5.9179963939, 49.861355634399999 ], [ 5.9194705651, 49.862032766900001 ], [ 5.9217459366, 49.861503680699997 ], [ 5.9250878497, 49.859241412 ], [ 5.9250116722, 49.859153944900001 ], [ 5.9251817847, 49.859042564699998 ], [ 5.9265167114, 49.859903013500002 ], [ 5.9281576316, 49.86350468 ], [ 5.9289271491, 49.864436406499998 ], [ 5.9301602465, 49.865170599599999 ], [ 5.9305910285, 49.865928858 ], [ 5.9309206295, 49.865829698399999 ], [ 5.9314824211, 49.866883553 ], [ 5.9319260685, 49.867156887699998 ], [ 5.9324642188, 49.86688559 ], [ 5.9338621116, 49.867644963 ], [ 5.9365616089, 49.870313553899997 ], [ 5.9372492052, 49.870235919300001 ], [ 5.9384176027, 49.870542518 ], [ 5.9419548032, 49.8702134113 ], [ 5.9454011957, 49.8706730026 ], [ 5.9473755593, 49.870508530800002 ], [ 5.9491477525, 49.86988935 ], [ 5.9503629484, 49.869153626299997 ], [ 5.9544479324, 49.868590497900001 ], [ 5.9552119972, 49.868343568 ], [ 5.956958517, 49.867175838500003 ], [ 5.9568296122, 49.8669402035 ], [ 5.9571776792, 49.866584518800003 ], [ 5.9578753558, 49.866378412099998 ], [ 5.9583170168, 49.866545867699998 ], [ 5.9593184036, 49.866474070499997 ], [ 5.9593389527, 49.86625898 ], [ 5.9607501447, 49.866250892700002 ], [ 5.9611518454, 49.865952615600001 ], [ 5.9618688575, 49.865739929199997 ], [ 5.9628335227, 49.865693012599998 ], [ 5.9629150238, 49.866192386800002 ], [ 5.9638568819, 49.866033794 ], [ 5.9642069659, 49.866616738399998 ], [ 5.9643134927, 49.866189448299998 ], [ 5.9652703491, 49.865021107700002 ], [ 5.9651497374, 49.864889679599997 ], [ 5.9662379088, 49.862820619099999 ], [ 5.96688763, 49.862144741199998 ], [ 5.967175481, 49.861064242399998 ], [ 5.9680448755, 49.860574653599997 ], [ 5.9696534774, 49.860128486299999 ], [ 5.9706047122, 49.860044279 ], [ 5.9727963017, 49.860514650900001 ], [ 5.9745796842, 49.860716536299996 ], [ 5.975132086, 49.8609185639 ], [ 5.974994429, 49.860704485 ], [ 5.9758634118, 49.860131952400003 ], [ 5.9763736802, 49.859502299299997 ], [ 5.9765484242, 49.858855738700001 ], [ 5.9759239474, 49.8587766534 ], [ 5.9764268288, 49.8574833 ], [ 5.9775118648, 49.856738526199997 ], [ 5.9779062228, 49.856058994100003 ], [ 5.9780567938, 49.855429995 ], [ 5.9778030878, 49.855181808099999 ], [ 5.9772002288, 49.855108725699999 ], [ 5.9788425472, 49.854459522500001 ], [ 5.9796161499, 49.853372434400001 ], [ 5.9806384408, 49.8526932328 ], [ 5.981708106, 49.852431685699997 ], [ 5.9826945129, 49.8529617831 ], [ 5.9832557519, 49.853268410399998 ], [ 5.9819198012, 49.853834994 ], [ 5.9826253347, 49.854425446199997 ], [ 5.9814688446, 49.855648221199999 ], [ 5.9812360874, 49.856241427100002 ], [ 5.9823120905, 49.856288371 ], [ 5.9867674423, 49.857371461 ], [ 5.9866648428, 49.858012404500002 ], [ 5.9861545931, 49.858595207900002 ], [ 5.9866058596, 49.8589500613 ], [ 5.9861809018, 49.8603454888 ], [ 5.9863985129, 49.861221100900003 ], [ 5.9862034127, 49.861739150399998 ], [ 5.9858369523, 49.862025540099999 ], [ 5.9864354348, 49.862343843600001 ], [ 5.985463737, 49.862899032100003 ], [ 5.9877815272, 49.862678101900002 ], [ 5.9900939839, 49.861296689600003 ], [ 5.9905715797, 49.861696394799999 ], [ 5.9911393092, 49.8617702532 ], [ 5.9921101739, 49.862213998900003 ], [ 5.9934835263, 49.862290489300001 ], [ 5.9941326503, 49.862494755900002 ], [ 5.9936662196, 49.863327911 ], [ 5.9977944004, 49.865117160799997 ], [ 5.9957385569, 49.866269027 ], [ 5.9945136262, 49.868173810800002 ], [ 5.9944165847, 49.868745082 ], [ 5.9935418975, 49.869766573100001 ], [ 5.9951473221, 49.870250215699997 ], [ 5.996492499, 49.8722573238 ], [ 5.996118134, 49.872964520799997 ], [ 5.9930319094, 49.872821766900003 ], [ 5.9924044085, 49.873230263300002 ], [ 5.9924389158, 49.874249660099998 ], [ 5.9936117864, 49.875039330900002 ], [ 5.9936127976, 49.875502348 ], [ 5.9944863722, 49.876256758700002 ], [ 5.9934164291, 49.877038051600003 ], [ 5.9960061287, 49.878018768 ], [ 5.9970157379, 49.878611943 ], [ 5.9980710694, 49.876558454300003 ], [ 5.9996846075, 49.875977406399997 ], [ 6.0018439108, 49.876984593400003 ], [ 6.0032004748, 49.878165672100003 ], [ 6.001921262, 49.878390957800001 ], [ 6.0012152945, 49.878369648499998 ], [ 6.0011260085, 49.878643832400002 ], [ 6.0014799465, 49.878908734100001 ], [ 6.0032082495, 49.8791028889 ], [ 6.0042593163, 49.878985865899999 ], [ 6.005027572, 49.879155498599999 ], [ 6.0069447151, 49.878995264 ], [ 6.0075300485, 49.879284552500003 ], [ 6.0086808856, 49.879466959399998 ], [ 6.0098360195, 49.879451540799998 ], [ 6.0101210505, 49.879139837099999 ], [ 6.010656135, 49.879223202299997 ], [ 6.0110450267, 49.879914015 ], [ 6.0118980413, 49.879536162599997 ], [ 6.0122632273, 49.879610859499998 ], [ 6.0122715477, 49.8800498449 ], [ 6.0122716669, 49.880564735900002 ], [ 6.0116182964, 49.880612949499998 ], [ 6.011506358, 49.881112280099998 ], [ 6.0119370603, 49.881681413199999 ], [ 6.0134392124, 49.882874172599998 ], [ 6.0136716388, 49.883349983400002 ], [ 6.0138499762, 49.883341085 ], [ 6.0135700931, 49.884468106100002 ], [ 6.0137159607, 49.886349766199999 ], [ 6.0130498111, 49.887065853800003 ], [ 6.0124704412, 49.888257834400001 ], [ 6.0127545342, 49.888316436099998 ], [ 6.0134087104, 49.889706717499998 ], [ 6.0132480691, 49.890252222800001 ], [ 6.0124528346, 49.891374976199998 ], [ 6.0148512564, 49.8919500963 ], [ 6.0122481878, 49.8925677151 ], [ 6.011343513, 49.893285756700003 ], [ 6.0158626465, 49.893786862600003 ], [ 6.0158108526, 49.894536859699997 ], [ 6.014128861, 49.894567763600001 ], [ 6.014044436, 49.896410869900002 ], [ 6.0146129842, 49.897729185800003 ], [ 6.0161469673, 49.898162003800003 ], [ 6.0174234205, 49.899150912499998 ], [ 6.0184272048, 49.899662526599997 ], [ 6.0195526945, 49.900012888600003 ], [ 6.0203102963, 49.900036965600002 ], [ 6.0202911508, 49.900149278299999 ], [ 6.0197982573, 49.901422578 ], [ 6.0178943258, 49.902421950099999 ], [ 6.0164490996, 49.902849918299999 ], [ 6.0173114037, 49.903728432800001 ], [ 6.0195761077, 49.905207513900002 ], [ 6.0214989961, 49.908711600399997 ], [ 6.0186398757, 49.909395973700001 ], [ 6.0185412026, 49.909607808200001 ], [ 6.0189014004, 49.910097174800001 ], [ 6.02028782, 49.911209486700002 ], [ 6.0209265792, 49.911481457699999 ], [ 6.0213512178, 49.912359217 ], [ 6.0215962561, 49.913481669299998 ], [ 6.0206019849, 49.914750661799999 ], [ 6.0224204082, 49.915906314399997 ], [ 6.0232780745, 49.916006286799998 ], [ 6.0254897126, 49.915725152699999 ], [ 6.0273321316, 49.915743230899999 ], [ 6.0275441513, 49.915962261899999 ], [ 6.029272602, 49.916678421199997 ], [ 6.0322109472, 49.918567830299999 ], [ 6.0348644994, 49.919484308 ], [ 6.0363583582, 49.919598501499998 ], [ 6.0375236848, 49.920123939900002 ], [ 6.0372960207, 49.9211638612 ], [ 6.0368053282, 49.921511279599997 ], [ 6.0335742432, 49.9213275663 ], [ 6.0322718192, 49.920684872400003 ], [ 6.0320417375, 49.920267057700002 ], [ 6.0314547823, 49.9199597414 ], [ 6.0302293899, 49.918739868899998 ], [ 6.0293884906, 49.91835816 ], [ 6.0285196896, 49.918291034900001 ], [ 6.0276764704, 49.918513132299999 ], [ 6.0263634581, 49.919134696199997 ], [ 6.0247804733, 49.920284610700001 ], [ 6.0202373968, 49.921735056 ], [ 6.019312315, 49.922201485800002 ], [ 6.0156968897, 49.923802633199998 ], [ 6.014027276, 49.925477261 ], [ 6.0136363542, 49.925739887399999 ], [ 6.0129423332, 49.925906927100002 ], [ 6.0097078566, 49.9262357052 ], [ 6.0090237964, 49.925999627300001 ], [ 6.0074158271, 49.9246649209 ], [ 6.0063688684, 49.924084007899999 ], [ 6.0046700586, 49.924025655500003 ], [ 6.0026107211, 49.922108516900003 ], [ 6.0013190957, 49.919613496899998 ], [ 6.0011090193, 49.917513126300001 ], [ 6.0029733001, 49.916671067400003 ], [ 6.0035331215, 49.916040085399999 ], [ 6.0032365575, 49.913783987099997 ], [ 6.0025141129, 49.913261161800001 ], [ 6.0018275426, 49.913118646800001 ], [ 5.9930677081, 49.913957541899997 ], [ 5.9876444921, 49.913610670099999 ], [ 5.9866117025, 49.913378378200001 ], [ 5.9861584652, 49.912931165499998 ], [ 5.986310596, 49.912287689499998 ], [ 5.9870196042, 49.911317644500002 ], [ 5.9882183414, 49.908707443300003 ], [ 5.9881236133, 49.907077554300002 ], [ 5.9875721777, 49.905952991100001 ], [ 5.9866395102, 49.905166434100003 ], [ 5.985553247, 49.904662426599998 ], [ 5.9841844392, 49.904277025200003 ], [ 5.9813789857, 49.903948840699996 ], [ 5.9802235244, 49.904240929300002 ], [ 5.979911713, 49.904474845700001 ], [ 5.9795455038, 49.905374702099998 ], [ 5.9797054398, 49.9071907545 ], [ 5.9799056043, 49.9082812893 ], [ 5.9805369473, 49.909551133599997 ], [ 5.98044388, 49.909796560399997 ], [ 5.9790659779, 49.910981291200002 ], [ 5.9765683581, 49.9113530168 ], [ 5.9757172957, 49.911061382 ], [ 5.9753448623, 49.910595658799998 ], [ 5.9755953956, 49.908404475600001 ], [ 5.9743014007, 49.908022803500003 ], [ 5.9731357508, 49.907946434800003 ], [ 5.9724216003, 49.907989884499997 ], [ 5.9707840733, 49.908560143700001 ], [ 5.969695666, 49.908602942100003 ], [ 5.969109026, 49.908438223700003 ], [ 5.9679068574, 49.907706751900001 ], [ 5.967247156, 49.9060754773 ], [ 5.9669007879, 49.905697690099998 ], [ 5.965495553, 49.904956339 ], [ 5.9647748251, 49.9047409012 ], [ 5.9634995846, 49.904623247300002 ], [ 5.9629189462, 49.904968865599997 ], [ 5.9624806891, 49.905999155799996 ], [ 5.9607938126, 49.90664914 ], [ 5.9598366515, 49.906819871099998 ], [ 5.9586930542, 49.9067485482 ], [ 5.9573955802, 49.906295206099998 ], [ 5.9552496343, 49.904849597099997 ], [ 5.9551759389, 49.905040448599998 ], [ 5.9539435484, 49.905736970200003 ], [ 5.9537161829, 49.9069767441 ], [ 5.9533035946, 49.907760678800003 ], [ 5.9515277586, 49.908466456 ], [ 5.9505953401, 49.909261199500001 ], [ 5.9499605011, 49.910020944599999 ], [ 5.9498901573, 49.910701891400002 ], [ 5.9488096497, 49.910669986 ], [ 5.9488392413, 49.9105080231 ], [ 5.948107107, 49.910638929 ], [ 5.9466215496, 49.910629954299999 ], [ 5.9441508532, 49.910523167699999 ], [ 5.9437969602, 49.910374969599999 ], [ 5.9437691772, 49.910783689100001 ], [ 5.9421309823, 49.910414264400004 ], [ 5.9398729288, 49.909494370700003 ], [ 5.9394380735, 49.910895386 ], [ 5.9394989199, 49.911281217800003 ], [ 5.9398910744, 49.911676105600002 ], [ 5.9399374993, 49.9122846494 ], [ 5.9396930081, 49.9125597301 ], [ 5.9399065717, 49.913061964900002 ], [ 5.939726846, 49.913381208200001 ], [ 5.9391455254, 49.913694996 ], [ 5.9388758129, 49.914538146399998 ], [ 5.9383244127, 49.9149538068 ], [ 5.9378396455, 49.915071865800002 ], [ 5.9354571975, 49.914836818700003 ], [ 5.9351927703, 49.914676887699997 ], [ 5.9344675358, 49.915184532700003 ], [ 5.9346465043, 49.9156769258 ], [ 5.9337163509, 49.915849904799998 ], [ 5.9331711613, 49.915715242399997 ], [ 5.9320355815, 49.914544211299997 ], [ 5.9317037585, 49.913047844799998 ], [ 5.9320141626, 49.912089148 ], [ 5.9306340899, 49.912288978699998 ], [ 5.9304542062, 49.9120029551 ], [ 5.9302622743, 49.912048064300002 ], [ 5.9293026518, 49.912386769199998 ], [ 5.9287021322, 49.912864228099998 ], [ 5.9283899, 49.9135303511 ], [ 5.9284902857, 49.913930367 ], [ 5.9275226202, 49.9147777433 ], [ 5.9274305406, 49.915354520800001 ], [ 5.9276777801, 49.916250507100003 ], [ 5.9274590684, 49.916800932299999 ], [ 5.9267539225, 49.915452609100001 ], [ 5.9256913552, 49.915543228399997 ], [ 5.9246613092, 49.915142474200003 ], [ 5.9241046443, 49.913790803799998 ], [ 5.9259931741, 49.9120790013 ], [ 5.9262363002, 49.911528647200001 ], [ 5.9239770909, 49.910586540600001 ], [ 5.9230146214, 49.911516414899999 ], [ 5.9219814367, 49.9121622551 ], [ 5.9207858794, 49.9123341823 ], [ 5.9185904546, 49.911747952200002 ], [ 5.9179879818, 49.911156294900003 ], [ 5.9176876251, 49.9101634883 ], [ 5.917718734, 49.909419875099999 ], [ 5.9190955468, 49.906867535 ], [ 5.9195442113, 49.905530933500003 ], [ 5.9193379151, 49.904277515099999 ], [ 5.918925391, 49.903887161699998 ], [ 5.9173440919, 49.903660538799997 ], [ 5.9161912829, 49.904312426799997 ], [ 5.913882407, 49.906467620400001 ], [ 5.9123760992, 49.908826695400002 ], [ 5.9118521313, 49.908780473199997 ], [ 5.9123927257, 49.910014940799996 ], [ 5.9123399993, 49.910792498200003 ], [ 5.9118760397, 49.911160674400001 ], [ 5.9114499197, 49.911269707800002 ], [ 5.9098940271, 49.911203422100002 ], [ 5.9090153905, 49.909859899700002 ], [ 5.9059132703, 49.907686552599998 ], [ 5.905407092, 49.9074588581 ], [ 5.9047845858, 49.907414970700003 ], [ 5.9042761696, 49.907597891599998 ], [ 5.9036266744, 49.908276076 ], [ 5.903647427, 49.908700908699998 ], [ 5.9032037902, 49.909691062699999 ], [ 5.902182937, 49.910779018100001 ], [ 5.9007185159, 49.912821703699997 ], [ 5.9000691351, 49.913457387500003 ], [ 5.8993521741, 49.913795558300002 ], [ 5.8984053174, 49.9139916 ], [ 5.8974834185, 49.913847867400001 ], [ 5.8970470441, 49.913507018099999 ], [ 5.8961731781, 49.911979625199997 ], [ 5.8951664586, 49.911562776799997 ], [ 5.8946135806, 49.911434037500001 ], [ 5.8907990484, 49.9117537208 ], [ 5.8888594439, 49.911094542699999 ], [ 5.8874549176, 49.910109341 ], [ 5.8864128384, 49.908908579699997 ], [ 5.8863285021, 49.90862333 ], [ 5.8865713991, 49.908254424299997 ], [ 5.8861797515, 49.907588372699998 ], [ 5.8841940066, 49.9060369161 ], [ 5.8822871286, 49.905715527300003 ], [ 5.8813264691, 49.905322550199998 ], [ 5.8808658745, 49.9046985389 ], [ 5.8808521829, 49.904107303799996 ], [ 5.8804271455, 49.903288067399998 ], [ 5.8789365342, 49.902387005400001 ], [ 5.8778725597, 49.9020359712 ], [ 5.8750696648, 49.902060608600003 ], [ 5.873468089, 49.9024682947 ], [ 5.8705600082, 49.902814553699997 ], [ 5.8678787475, 49.902628194 ], [ 5.8669348813, 49.902330153 ], [ 5.8663017038, 49.901842877299998 ], [ 5.8660383951, 49.901334451499999 ], [ 5.8653063346, 49.898778704900003 ], [ 5.8649320473, 49.898144299099997 ], [ 5.8635943703, 49.897602385900001 ], [ 5.8620652636, 49.897429457299999 ], [ 5.8604654727, 49.897562477599998 ], [ 5.8598257951, 49.897827030499997 ], [ 5.859404515, 49.898450775800001 ], [ 5.8598375015, 49.8993166825 ], [ 5.8619517184, 49.900646029800001 ], [ 5.8622120049, 49.901401239099997 ], [ 5.8620901593, 49.902115650699997 ], [ 5.8617128101, 49.902504371299997 ], [ 5.8596955412, 49.903534779499999 ], [ 5.8590239212, 49.904050007899997 ], [ 5.8573489024, 49.906784051499997 ], [ 5.8567319266, 49.9072659765 ], [ 5.8561439953, 49.907448653400003 ], [ 5.8536422239, 49.907560968799999 ], [ 5.8527992949, 49.9071786915 ], [ 5.8524061099, 49.906746743200003 ], [ 5.8522579544, 49.905704919199998 ], [ 5.8526127632, 49.905201682600001 ], [ 5.8539635812, 49.904134059699999 ], [ 5.8558933122, 49.902933450699997 ], [ 5.856027233, 49.901492424399997 ], [ 5.8557898698, 49.900648570800001 ], [ 5.8551109718, 49.899898900899998 ], [ 5.8544367596, 49.8994654201 ], [ 5.8496768361, 49.901704837499999 ], [ 5.847855488, 49.90160058 ], [ 5.8455981953, 49.900803018600001 ], [ 5.8452522223, 49.900068661699997 ], [ 5.8456933361, 49.89918346 ], [ 5.8491238635, 49.897338839699998 ], [ 5.8504021854, 49.896229890199997 ], [ 5.850833825, 49.895598905200004 ], [ 5.8506962582, 49.8946485313 ], [ 5.8494719219, 49.893675171200002 ], [ 5.8484422767, 49.893415709099997 ], [ 5.8467943493, 49.893314644299998 ], [ 5.8467131098, 49.892872164 ], [ 5.8470464414, 49.892649974599998 ], [ 5.8482290428, 49.8923279455 ], [ 5.8502373251, 49.8922721279 ], [ 5.8515274436, 49.892052474099998 ], [ 5.8531125785, 49.891383015300001 ], [ 5.8546000414, 49.890374020800003 ], [ 5.8559645528, 49.889154863800002 ], [ 5.8567990922, 49.888691271600003 ], [ 5.8596617166, 49.888401266199999 ], [ 5.8614487024, 49.887764181 ], [ 5.8621754138, 49.887288209300003 ], [ 5.8627713566, 49.887191805 ], [ 5.8630992902, 49.887175142899999 ], [ 5.8667629189, 49.888168138200001 ], [ 5.8649466815, 49.886322927400002 ], [ 5.8630708374, 49.885119351599997 ], [ 5.8646826082, 49.8829846159 ], [ 5.8652930063, 49.881801524899998 ], [ 5.8667801187, 49.880854640899997 ], [ 5.8683635669, 49.880569802099998 ], [ 5.8692484043, 49.8802343025 ], [ 5.8684157825, 49.881417633200002 ], [ 5.8687234261, 49.881487482399997 ], [ 5.8697030363, 49.880233743700003 ], [ 5.8722941625, 49.880892181699998 ], [ 5.8724351111, 49.880669582300001 ], [ 5.8705990903, 49.880210982599998 ], [ 5.8714191613, 49.878257334200001 ], [ 5.8722880568, 49.877068247799997 ], [ 5.8713329103, 49.876617078800003 ], [ 5.8716859273, 49.875486993300001 ], [ 5.8734341527, 49.875520556700003 ], [ 5.873149874, 49.875963279700002 ], [ 5.8732372355, 49.876692945 ], [ 5.8744155454, 49.877339231199997 ], [ 5.8742794583, 49.877453553599999 ], [ 5.875165613, 49.878041320100003 ], [ 5.8769663256, 49.875703223099997 ], [ 5.8801954745, 49.873659443400001 ], [ 5.8786144805, 49.872839818899998 ], [ 5.8781219456, 49.8728488681 ], [ 5.8785683376, 49.872291285800003 ], [ 5.8775113017, 49.871656240900002 ], [ 5.8779397579, 49.869810881500001 ], [ 5.8781908202, 49.867762456299999 ], [ 5.8791628124, 49.866452559599999 ], [ 5.8785288652, 49.865386727100002 ], [ 5.8793482597, 49.864669892400002 ], [ 5.8807680233, 49.863940772 ], [ 5.8809110911, 49.864043555599999 ], [ 5.8818490379, 49.863971335700001 ], [ 5.8826003175, 49.8642325709 ], [ 5.8851511321, 49.865637179099998 ], [ 5.8860897878, 49.865703472100002 ], [ 5.887048988, 49.866020178 ], [ 5.8884417374, 49.866931461699998 ], [ 5.8878413171, 49.868712478100001 ], [ 5.8881879745, 49.869362956700002 ], [ 5.8889510086, 49.8701457871 ], [ 5.8892331145, 49.870300104400002 ], [ 5.8899151898, 49.869973130799998 ], [ 5.8924499347, 49.869899472699998 ], [ 5.8925111163, 49.8700973662 ], [ 5.8937267794, 49.870587711100001 ], [ 5.8935943123, 49.870678446500001 ], [ 5.8947871897, 49.871440440599997 ], [ 5.8943873276, 49.871753893 ], [ 5.8977050419, 49.873552671399999 ], [ 5.8969626889, 49.874278822900003 ], [ 5.8968223165, 49.874745665399999 ], [ 5.896326711, 49.875079471500001 ], [ 5.8958412339, 49.875183562300002 ], [ 5.893502772, 49.874967748300001 ], [ 5.8949203479, 49.876402605899997 ], [ 5.8939453412, 49.876883943499998 ], [ 5.8955003497, 49.878213981199998 ], [ 5.8947158689, 49.878652005200003 ], [ 5.8923535205, 49.879453776 ], [ 5.8929193337, 49.879991728599997 ], [ 5.8930775396, 49.880468532499997 ], [ 5.8927512005, 49.881264237300002 ], [ 5.8928301499, 49.881759419300003 ], [ 5.8942977557, 49.884196744100002 ], [ 5.894699339, 49.884559928400002 ], [ 5.8958430168, 49.8841418421 ], [ 5.8978943254, 49.885842519500002 ], [ 5.896951544, 49.8865844408 ], [ 5.8970413968, 49.886696025600003 ], [ 5.8985985775, 49.887598773699999 ], [ 5.8995276216, 49.888391275399997 ], [ 5.8997931194, 49.888234633700002 ] ] ] ] } },
{ "type": "Feature", "properties": { "name": "Ettelbruck", "canton": "Diekirch", "district": "Diekirch", "lau2": "0605" }, "geometry": { "type": "MultiPolygon", "coordinates": [ [ [ [ 6.093310896, 49.837467719199999 ], [ 6.0936840793, 49.8375050159 ], [ 6.0938571455, 49.837055044800003 ], [ 6.095674105, 49.836923694200003 ], [ 6.0958282719, 49.837598519300002 ], [ 6.0996826361, 49.8370573443 ], [ 6.0998094723, 49.836873595299998 ], [ 6.1007946061, 49.838455717599999 ], [ 6.1031689106, 49.837724855499999 ], [ 6.1043553795, 49.837860409599998 ], [ 6.1047800467, 49.838072872300003 ], [ 6.1053149469, 49.838051177 ], [ 6.108989992, 49.836997741200001 ], [ 6.111048759, 49.837581737500003 ], [ 6.1133717016, 49.838499597899997 ], [ 6.1148308927, 49.8378359477 ], [ 6.1145996429, 49.8406600199 ], [ 6.1134910658, 49.842983546799999 ], [ 6.1143226786, 49.843053831500001 ], [ 6.1142992324, 49.843276411 ], [ 6.1164038766, 49.843394869199997 ], [ 6.1162959529, 49.845814894100002 ], [ 6.1167099407, 49.8479074109 ], [ 6.1140199204, 49.8479851186 ], [ 6.1119225333, 49.848343555600003 ], [ 6.1115224162, 49.850231809500002 ], [ 6.1110145722, 49.852695966600002 ], [ 6.1093397514, 49.854976521600001 ], [ 6.1085329749, 49.854639624100002 ], [ 6.1073033357, 49.856023649400001 ], [ 6.1065373488, 49.856314870699997 ], [ 6.1055357539, 49.857378903 ], [ 6.1057720613, 49.857440074800003 ], [ 6.1041487895, 49.8582337757 ], [ 6.1031162039, 49.858990515800002 ], [ 6.1017544463, 49.860464404 ], [ 6.10117493, 49.861895659200002 ], [ 6.1019271642, 49.863539577200001 ], [ 6.1025126272, 49.864037445599998 ], [ 6.1024104692, 49.864234822199997 ], [ 6.1004872223, 49.864603397899998 ], [ 6.0981566394, 49.865997195 ], [ 6.0970287525, 49.867521647300002 ], [ 6.096035165, 49.869472046399999 ], [ 6.095959174, 49.871164578299997 ], [ 6.0955901802, 49.872068517 ], [ 6.0946670646, 49.871533452199998 ], [ 6.0931838411, 49.871211811199998 ], [ 6.0905548483, 49.872134236900003 ], [ 6.0898597263, 49.872749945499997 ], [ 6.0897444429, 49.873360293700003 ], [ 6.0880182298, 49.872839615099998 ], [ 6.087493757, 49.8733197938 ], [ 6.0880785594, 49.874203376099999 ], [ 6.0878249581, 49.875295190700001 ], [ 6.0845325252, 49.875646399499999 ], [ 6.0838799545, 49.874671829 ], [ 6.0824295957, 49.874984486099997 ], [ 6.0803959043, 49.874369769 ], [ 6.0794979612, 49.875443109 ], [ 6.080185826, 49.876073049399999 ], [ 6.0768522743, 49.877168474699999 ], [ 6.0759759238, 49.876156725 ], [ 6.0758007002, 49.876275469500001 ], [ 6.0754618356, 49.875707266500001 ], [ 6.075422894, 49.8748791035 ], [ 6.0762635654, 49.874092037499999 ], [ 6.0766503275, 49.8729111743 ], [ 6.0774934219, 49.8722661973 ], [ 6.0784931461, 49.871961016699998 ], [ 6.0794320958, 49.871448422500002 ], [ 6.0786310849, 49.870120990099998 ], [ 6.079455236, 49.868527485 ], [ 6.0790650283, 49.867829212700002 ], [ 6.078291854, 49.867454298699997 ], [ 6.0781072463, 49.867772091500001 ], [ 6.0778437263, 49.867773327199998 ], [ 6.0772051518, 49.867637389800002 ], [ 6.0754443149, 49.867627522299998 ], [ 6.0744008412, 49.867405073400001 ], [ 6.0713169706, 49.867457343300003 ], [ 6.0704904173, 49.8671127482 ], [ 6.0696082013, 49.866372388 ], [ 6.0681295068, 49.865831068200002 ], [ 6.0664231114, 49.8655655162 ], [ 6.0629159017, 49.865586275299997 ], [ 6.0628856343, 49.865199454200003 ], [ 6.0635895041, 49.864895304 ], [ 6.0648299599, 49.864684722200003 ], [ 6.0643837993, 49.8643356627 ], [ 6.064760813, 49.863221305 ], [ 6.0654853161, 49.862205446799997 ], [ 6.0652912753, 49.861998636199999 ], [ 6.0655398904, 49.861728695700002 ], [ 6.0642170478, 49.861372641599999 ], [ 6.0645279521, 49.860744671500001 ], [ 6.0643439989, 49.860723776 ], [ 6.0644604194, 49.8598384927 ], [ 6.0641927098, 49.858834588 ], [ 6.0657157506, 49.858298805 ], [ 6.0650920073, 49.857680916600003 ], [ 6.0649700462, 49.857179627199997 ], [ 6.0645848077, 49.856765223899998 ], [ 6.0669798644, 49.855358867 ], [ 6.0676964834, 49.853626272299998 ], [ 6.0678948535, 49.853127041599997 ], [ 6.0679175813, 49.853069249199997 ], [ 6.0680280113, 49.852921219400002 ], [ 6.0680609534, 49.8529214438 ], [ 6.0685391077, 49.852959303699997 ], [ 6.0688673049, 49.852950894300001 ], [ 6.0689212686, 49.852948803899999 ], [ 6.0689212683, 49.852948803099999 ], [ 6.0689282944, 49.852804907200003 ], [ 6.0689596931, 49.852435477599997 ], [ 6.069007488, 49.851887631099999 ], [ 6.0689754563, 49.851556975199998 ], [ 6.0682941787, 49.851559648799999 ], [ 6.0680974611, 49.850914462 ], [ 6.0680182916, 49.850647714099999 ], [ 6.0680117188, 49.850625662100001 ], [ 6.0669293628, 49.850719184 ], [ 6.0642113384, 49.850922099 ], [ 6.0642167177, 49.8509030146 ], [ 6.0642552871, 49.85076729 ], [ 6.0643614636, 49.8504046093 ], [ 6.0638479049, 49.8503589643 ], [ 6.0635797536, 49.850363168 ], [ 6.0635164047, 49.850005114 ], [ 6.0635137601, 49.849911446199997 ], [ 6.0635231774, 49.849431780499998 ], [ 6.0635339659, 49.849300979399999 ], [ 6.0635854399, 49.848850418200001 ], [ 6.0636753179, 49.848760002500001 ], [ 6.0637972733, 49.848692320399998 ], [ 6.0638289279, 49.848674753300003 ], [ 6.0640133613, 49.848572398400002 ], [ 6.0638383843, 49.848392149399999 ], [ 6.0636693103, 49.8482583312 ], [ 6.0624816768, 49.8478502711 ], [ 6.0624610479, 49.847844506599998 ], [ 6.0621619667, 49.847744200500003 ], [ 6.0609567638, 49.847289913600001 ], [ 6.060808123, 49.847223057199997 ], [ 6.0604999254, 49.847047982600003 ], [ 6.0604789785, 49.847032905100001 ], [ 6.0603309283, 49.846907305400002 ], [ 6.0597029788, 49.846285165899999 ], [ 6.0591061033, 49.845824275299996 ], [ 6.058806163, 49.845645175800001 ], [ 6.0583595189, 49.845833490399997 ], [ 6.0583533151, 49.845836170799998 ], [ 6.0583388924, 49.845820321200002 ], [ 6.0578159778, 49.8451767886 ], [ 6.0576851141, 49.8450262928 ], [ 6.0573360778, 49.844689490100002 ], [ 6.0576821687, 49.844500549800003 ], [ 6.058113342, 49.844804137099999 ], [ 6.0582044766, 49.844867586 ], [ 6.058460151, 49.844750506499999 ], [ 6.0587923717, 49.844604187100003 ], [ 6.0590721684, 49.844475796200001 ], [ 6.0597121981, 49.844172697 ], [ 6.0600139107, 49.844026551600003 ], [ 6.0600217477, 49.844022570100002 ], [ 6.060307452, 49.843881657399997 ], [ 6.0603473985, 49.8438618108 ], [ 6.0603450381, 49.843859014499998 ], [ 6.0600584008, 49.843516321899997 ], [ 6.0595100962, 49.842946040199998 ], [ 6.059361867, 49.8428479158 ], [ 6.0582504752, 49.842117704 ], [ 6.057559289, 49.841660640599997 ], [ 6.057109818, 49.841416440800003 ], [ 6.0565208457, 49.8411210704 ], [ 6.0563587447, 49.841038341400001 ], [ 6.0558083481, 49.840784022100003 ], [ 6.0557611565, 49.840763061200001 ], [ 6.0556858317, 49.840588134599997 ], [ 6.0557723689, 49.840472263800002 ], [ 6.0559184741, 49.840336997 ], [ 6.0563551465, 49.839998918699997 ], [ 6.0566624919, 49.839796642800003 ], [ 6.0568194012, 49.839700055400002 ], [ 6.0568822137, 49.839658223299999 ], [ 6.0569707453, 49.8395855642 ], [ 6.05720597, 49.839338595299999 ], [ 6.057342624, 49.839156807800002 ], [ 6.0581519706, 49.838430822200003 ], [ 6.0582013603, 49.837664694600001 ], [ 6.0600716219, 49.8370123507 ], [ 6.0604497283, 49.836675577199998 ], [ 6.0595273513, 49.836310818400001 ], [ 6.0593389821, 49.836530509600003 ], [ 6.0582130417, 49.835955861800002 ], [ 6.0580949611, 49.836028179400003 ], [ 6.0570759472, 49.835022285599997 ], [ 6.0568857902, 49.835151444300003 ], [ 6.0557445045, 49.834312918099997 ], [ 6.055866904, 49.8358281764 ], [ 6.0546524711, 49.837243849 ], [ 6.0540076528, 49.837594728500001 ], [ 6.0538146593, 49.837675306800001 ], [ 6.0536008913, 49.837745457300002 ], [ 6.0524719674, 49.8379684059 ], [ 6.0518289504, 49.8380976101 ], [ 6.0517109923, 49.838110009899999 ], [ 6.0514759277, 49.838122903299997 ], [ 6.0513572162, 49.838118422400001 ], [ 6.0511064539, 49.838078385199999 ], [ 6.050996892, 49.838052471799998 ], [ 6.0508170769, 49.838000846500002 ], [ 6.0507822744, 49.837923740199997 ], [ 6.0507318156, 49.837817521799998 ], [ 6.0506217596, 49.837638678200001 ], [ 6.0506107152, 49.837621515 ], [ 6.0504749563, 49.8373535299 ], [ 6.0502103564, 49.836850802699999 ], [ 6.0495204042, 49.836364995700002 ], [ 6.0489283295, 49.834771797899997 ], [ 6.0475073349, 49.834781343800003 ], [ 6.0461745242, 49.833882377800002 ], [ 6.0450824402, 49.833439557299997 ], [ 6.0430907264, 49.832973101299999 ], [ 6.0403319205, 49.832683024700003 ], [ 6.0381060217, 49.832629329100001 ], [ 6.0392625522, 49.829192214599999 ], [ 6.0397372617, 49.828418470700001 ], [ 6.0415537496, 49.826475063099998 ], [ 6.0438276124, 49.8267459582 ], [ 6.0450298514, 49.826721860100001 ], [ 6.0490017834, 49.824384925899999 ], [ 6.0514754497, 49.8253183701 ], [ 6.0501417587, 49.826623464500003 ], [ 6.0511320013, 49.826863594199999 ], [ 6.0529099993, 49.827689445499999 ], [ 6.056564074, 49.8288680259 ], [ 6.0572276642, 49.8293608603 ], [ 6.0591986004, 49.830176997800002 ], [ 6.0618430317, 49.8305558168 ], [ 6.0642514791, 49.834164879600003 ], [ 6.0645739363, 49.834438103799997 ], [ 6.0653215642, 49.834173745900003 ], [ 6.0643963292, 49.832834688 ], [ 6.0642345927, 49.832880882300003 ], [ 6.0638953958, 49.832041455499997 ], [ 6.0639395225, 49.830927022 ], [ 6.0643696952, 49.830358178799997 ], [ 6.0724965955, 49.830003122599997 ], [ 6.0761784975, 49.829979505399997 ], [ 6.080961854, 49.829701135400001 ], [ 6.0842572108, 49.828569719500003 ], [ 6.0853127752, 49.828538634200001 ], [ 6.0853974093, 49.829226668300002 ], [ 6.0869130574, 49.830202891100001 ], [ 6.0870015768, 49.829943778699999 ], [ 6.0928494954, 49.830117097900001 ], [ 6.0925840252, 49.829360156600004 ], [ 6.0932396075, 49.829369774200003 ], [ 6.0937819848, 49.830775529900002 ], [ 6.0938178914, 49.831469919 ], [ 6.0925865804, 49.834085745899998 ], [ 6.092423124, 49.835811638800003 ], [ 6.093310896, 49.837467719199999 ] ] ] ] } },
{ "type": "Feature", "properties": { "name": "Feulen", "canton": "Diekirch", "district": "Diekirch", "lau2": "0606" }, "geometry": { "type": "MultiPolygon", "coordinates": [ [ [ [ 6.0480768854, 49.882967908200001 ], [ 6.0473317618, 49.883092253100003 ], [ 6.046083487, 49.883022393600001 ], [ 6.045319804, 49.882690416400003 ], [ 6.0430033546, 49.880594186700002 ], [ 6.0421801095, 49.880193508700003 ], [ 6.0418258681, 49.880864129199999 ], [ 6.0419835543, 49.881383613600001 ], [ 6.0404449623, 49.881938458599997 ], [ 6.0399751903, 49.881950566800001 ], [ 6.0403579534, 49.882084316499999 ], [ 6.0390363823, 49.882616193300002 ], [ 6.0374929278, 49.884288567399999 ], [ 6.0361256746, 49.885084862399999 ], [ 6.0344814631, 49.8863307218 ], [ 6.0343311723, 49.886263120400002 ], [ 6.0335033012, 49.886812922200001 ], [ 6.0331094875, 49.8868741697 ], [ 6.0319475738, 49.887646656699999 ], [ 6.0298775987, 49.887994729900001 ], [ 6.0289747667, 49.8880673528 ], [ 6.0289486299, 49.887937057199998 ], [ 6.0276505597, 49.88809575 ], [ 6.02648493, 49.8882923046 ], [ 6.0256502049, 49.888635771300002 ], [ 6.0254194801, 49.888494562200002 ], [ 6.0243037166, 49.888852257800004 ], [ 6.0242493312, 49.889314953400003 ], [ 6.023749404, 49.889390602900001 ], [ 6.024134837, 49.889934595 ], [ 6.0240730856, 49.890200181099999 ], [ 6.0231202393, 49.891022537 ], [ 6.0223914741, 49.891374688600003 ], [ 6.0215883618, 49.889287637199999 ], [ 6.0212813329, 49.887142946 ], [ 6.0215017341, 49.886043280400003 ], [ 6.0217989575, 49.885607304899999 ], [ 6.021120005, 49.885601461699999 ], [ 6.0206846314, 49.885411373 ], [ 6.0195721224, 49.884166394200001 ], [ 6.0174527627, 49.882928802199999 ], [ 6.0164766095, 49.881035388500003 ], [ 6.015160912, 49.88052635 ], [ 6.0136338459, 49.8803725673 ], [ 6.0122715477, 49.8800498449 ], [ 6.0122632273, 49.879610859499998 ], [ 6.0118980413, 49.879536162599997 ], [ 6.0110450267, 49.879914015 ], [ 6.010656135, 49.879223202299997 ], [ 6.0101210505, 49.879139837099999 ], [ 6.0098360195, 49.879451540799998 ], [ 6.0086808856, 49.879466959399998 ], [ 6.0075300485, 49.879284552500003 ], [ 6.0069447151, 49.878995264 ], [ 6.005027572, 49.879155498599999 ], [ 6.0042593163, 49.878985865899999 ], [ 6.0032082495, 49.8791028889 ], [ 6.0014799465, 49.878908734100001 ], [ 6.0011260085, 49.878643832400002 ], [ 6.0012152945, 49.878369648499998 ], [ 6.001921262, 49.878390957800001 ], [ 6.0032004748, 49.878165672100003 ], [ 6.0018439108, 49.876984593400003 ], [ 5.9996846075, 49.875977406399997 ], [ 5.9980710694, 49.876558454300003 ], [ 5.9970157379, 49.878611943 ], [ 5.9960061287, 49.878018768 ], [ 5.9934164291, 49.877038051600003 ], [ 5.9944863722, 49.876256758700002 ], [ 5.9936127976, 49.875502348 ], [ 5.9936117864, 49.875039330900002 ], [ 5.9924389158, 49.874249660099998 ], [ 5.9924044085, 49.873230263300002 ], [ 5.9930319094, 49.872821766900003 ], [ 5.996118134, 49.872964520799997 ], [ 5.996492499, 49.8722573238 ], [ 5.9951473221, 49.870250215699997 ], [ 5.9935418975, 49.869766573100001 ], [ 5.9944165847, 49.868745082 ], [ 5.9945136262, 49.868173810800002 ], [ 5.9957385569, 49.866269027 ], [ 5.9977944004, 49.865117160799997 ], [ 5.9936662196, 49.863327911 ], [ 5.9941326503, 49.862494755900002 ], [ 5.9934835263, 49.862290489300001 ], [ 5.9921101739, 49.862213998900003 ], [ 5.9911393092, 49.8617702532 ], [ 5.9905715797, 49.861696394799999 ], [ 5.9900939839, 49.861296689600003 ], [ 5.9877815272, 49.862678101900002 ], [ 5.985463737, 49.862899032100003 ], [ 5.9864354348, 49.862343843600001 ], [ 5.9858369523, 49.862025540099999 ], [ 5.9862034127, 49.861739150399998 ], [ 5.9863985129, 49.861221100900003 ], [ 5.9861809018, 49.8603454888 ], [ 5.9866058596, 49.8589500613 ], [ 5.9861545931, 49.858595207900002 ], [ 5.9866648428, 49.858012404500002 ], [ 5.9867674423, 49.857371461 ], [ 5.9874686953, 49.855490390299998 ], [ 5.9886572633, 49.853788431399998 ], [ 5.9892760083, 49.853284496 ], [ 5.9925391912, 49.851606152099997 ], [ 5.9940678403, 49.8512040468 ], [ 5.9951450404, 49.850607710699997 ], [ 5.9986344988, 49.850238683299999 ], [ 6.0018925605, 49.849233880100002 ], [ 6.0035627172, 49.848991102200003 ], [ 6.0072403057, 49.848063789800001 ], [ 6.0078292106, 49.847775561 ], [ 6.0077062077, 49.846709345100003 ], [ 6.0079333969, 49.845129633699997 ], [ 6.0106999841, 49.844555726400003 ], [ 6.0125838511, 49.844864664600003 ], [ 6.0138261578, 49.844693452 ], [ 6.0154152079, 49.844198514200002 ], [ 6.016044895, 49.844176608700003 ], [ 6.0168135313, 49.843602000700002 ], [ 6.0192147079, 49.842799988099998 ], [ 6.02023459, 49.842310037 ], [ 6.0209097382, 49.841486727800003 ], [ 6.0212283108, 49.841572315699999 ], [ 6.0227448716, 49.840529278 ], [ 6.0236767255, 49.840664818800001 ], [ 6.0247219003, 49.841149912799999 ], [ 6.0255460784, 49.8403842727 ], [ 6.0253619817, 49.840316240100002 ], [ 6.026109543, 49.839988409500002 ], [ 6.0256944083, 49.839803891899997 ], [ 6.0258877268, 49.839702749200001 ], [ 6.0255754842, 49.839531240100001 ], [ 6.0269403924, 49.839237646900003 ], [ 6.0264627375, 49.838811981100001 ], [ 6.0265925116, 49.838589665 ], [ 6.0259322218, 49.838053370099999 ], [ 6.0274603293, 49.837594586599998 ], [ 6.0285707729, 49.837354008600002 ], [ 6.0296735993, 49.838373792100001 ], [ 6.0300523054, 49.838596300900001 ], [ 6.0302100758, 49.838461681699997 ], [ 6.0311987018, 49.838972283 ], [ 6.0318097311, 49.838376711599999 ], [ 6.0321665782, 49.838245639599997 ], [ 6.0323546803, 49.838323591699996 ], [ 6.0328115703, 49.837044681 ], [ 6.0340500083, 49.835733205499999 ], [ 6.0341735961, 49.835302883899999 ], [ 6.0359703075, 49.835544506 ], [ 6.0369910473, 49.835402004599999 ], [ 6.0371562441, 49.8345966905 ], [ 6.0380098946, 49.833760696100001 ], [ 6.0376042851, 49.833536124200002 ], [ 6.0379401574, 49.832661025100002 ], [ 6.0381060217, 49.832629329100001 ], [ 6.0403319205, 49.832683024700003 ], [ 6.0430907264, 49.832973101299999 ], [ 6.0450824402, 49.833439557299997 ], [ 6.0461745242, 49.833882377800002 ], [ 6.0475073349, 49.834781343800003 ], [ 6.0489283295, 49.834771797899997 ], [ 6.0495204042, 49.836364995700002 ], [ 6.0502103564, 49.836850802699999 ], [ 6.0504749563, 49.8373535299 ], [ 6.0506107152, 49.837621515 ], [ 6.0506217596, 49.837638678200001 ], [ 6.0507318156, 49.837817521799998 ], [ 6.0507822744, 49.837923740199997 ], [ 6.0508170769, 49.838000846500002 ], [ 6.050996892, 49.838052471799998 ], [ 6.0511064539, 49.838078385199999 ], [ 6.0513572162, 49.838118422400001 ], [ 6.0514759277, 49.838122903299997 ], [ 6.0517109923, 49.838110009899999 ], [ 6.0518289504, 49.8380976101 ], [ 6.0524719674, 49.8379684059 ], [ 6.0536008913, 49.837745457300002 ], [ 6.0538146593, 49.837675306800001 ], [ 6.0540076528, 49.837594728500001 ], [ 6.0546524711, 49.837243849 ], [ 6.055866904, 49.8358281764 ], [ 6.0557445045, 49.834312918099997 ], [ 6.0568857902, 49.835151444300003 ], [ 6.0570759472, 49.835022285599997 ], [ 6.0580949611, 49.836028179400003 ], [ 6.0582130417, 49.835955861800002 ], [ 6.0593389821, 49.836530509600003 ], [ 6.0595273513, 49.836310818400001 ], [ 6.0604497283, 49.836675577199998 ], [ 6.0600716219, 49.8370123507 ], [ 6.0582013603, 49.837664694600001 ], [ 6.0581519706, 49.838430822200003 ], [ 6.057342624, 49.839156807800002 ], [ 6.05720597, 49.839338595299999 ], [ 6.0569707453, 49.8395855642 ], [ 6.0568822137, 49.839658223299999 ], [ 6.0568194012, 49.839700055400002 ], [ 6.0566624919, 49.839796642800003 ], [ 6.0563551465, 49.839998918699997 ], [ 6.0559184741, 49.840336997 ], [ 6.0557723689, 49.840472263800002 ], [ 6.0556858317, 49.840588134599997 ], [ 6.0557611565, 49.840763061200001 ], [ 6.0558083481, 49.840784022100003 ], [ 6.0563587447, 49.841038341400001 ], [ 6.0565208457, 49.8411210704 ], [ 6.057109818, 49.841416440800003 ], [ 6.057559289, 49.841660640599997 ], [ 6.0582504752, 49.842117704 ], [ 6.059361867, 49.8428479158 ], [ 6.0595100962, 49.842946040199998 ], [ 6.0600584008, 49.843516321899997 ], [ 6.0603450381, 49.843859014499998 ], [ 6.0603473985, 49.8438618108 ], [ 6.060307452, 49.843881657399997 ], [ 6.0600217477, 49.844022570100002 ], [ 6.0600139107, 49.844026551600003 ], [ 6.0597121981, 49.844172697 ], [ 6.0590721684, 49.844475796200001 ], [ 6.0587923717, 49.844604187100003 ], [ 6.058460151, 49.844750506499999 ], [ 6.0582044766, 49.844867586 ], [ 6.058113342, 49.844804137099999 ], [ 6.0576821742, 49.844500546200003 ], [ 6.0573360778, 49.844689490100002 ], [ 6.0576851141, 49.8450262928 ], [ 6.0578159778, 49.8451767886 ], [ 6.0583388924, 49.845820321200002 ], [ 6.0583533151, 49.845836170799998 ], [ 6.0583595189, 49.845833490399997 ], [ 6.058806163, 49.845645175800001 ], [ 6.0591061033, 49.845824275299996 ], [ 6.0597029788, 49.846285165899999 ], [ 6.0603309283, 49.846907305400002 ], [ 6.0604789785, 49.847032905100001 ], [ 6.0604999254, 49.847047982600003 ], [ 6.060808123, 49.847223057199997 ], [ 6.0609567638, 49.847289913600001 ], [ 6.0621619667, 49.847744200500003 ], [ 6.0624610479, 49.847844506599998 ], [ 6.0624816768, 49.8478502711 ], [ 6.0636693103, 49.8482583312 ], [ 6.0638383843, 49.848392149399999 ], [ 6.0640133586, 49.848572396599998 ], [ 6.0638289279, 49.848674753300003 ], [ 6.0637972733, 49.848692320399998 ], [ 6.0636753179, 49.848760002500001 ], [ 6.0635854399, 49.848850418200001 ], [ 6.0635339659, 49.849300979399999 ], [ 6.0635231774, 49.849431780499998 ], [ 6.0635137601, 49.849911446199997 ], [ 6.0635164047, 49.850005114 ], [ 6.0635797536, 49.850363168 ], [ 6.0638479049, 49.8503589643 ], [ 6.0643614636, 49.8504046093 ], [ 6.0642552871, 49.85076729 ], [ 6.0642167177, 49.8509030146 ], [ 6.0642113384, 49.850922099 ], [ 6.0669293628, 49.850719184 ], [ 6.0680117188, 49.850625662100001 ], [ 6.0680182916, 49.850647714099999 ], [ 6.0680974611, 49.850914462 ], [ 6.0682941787, 49.851559648799999 ], [ 6.0689754521, 49.851556977 ], [ 6.069007488, 49.851887631099999 ], [ 6.0689596931, 49.852435477599997 ], [ 6.0689282944, 49.852804907200003 ], [ 6.0689212683, 49.852948803099999 ], [ 6.0688673049, 49.852950894300001 ], [ 6.0685391077, 49.852959303699997 ], [ 6.0680609534, 49.8529214438 ], [ 6.0680280113, 49.852921219400002 ], [ 6.0679175813, 49.853069249199997 ], [ 6.0678948535, 49.853127041599997 ], [ 6.0676964834, 49.853626272299998 ], [ 6.0669798644, 49.855358867 ], [ 6.0645848077, 49.856765223899998 ], [ 6.0649700462, 49.857179627199997 ], [ 6.0650920073, 49.857680916600003 ], [ 6.0657157506, 49.858298805 ], [ 6.0641927098, 49.858834588 ], [ 6.0644604194, 49.8598384927 ], [ 6.0643439989, 49.860723776 ], [ 6.0645279521, 49.860744671500001 ], [ 6.0642170478, 49.861372641599999 ], [ 6.0655398904, 49.861728695700002 ], [ 6.0652912753, 49.861998636199999 ], [ 6.0654853161, 49.862205446799997 ], [ 6.064760813, 49.863221305 ], [ 6.0643837993, 49.8643356627 ], [ 6.0648299599, 49.864684722200003 ], [ 6.0635895041, 49.864895304 ], [ 6.0628856343, 49.865199454200003 ], [ 6.0615399227, 49.865868673900003 ], [ 6.0629916595, 49.868057851 ], [ 6.0601328702, 49.869812206799999 ], [ 6.0607147607, 49.8703125571 ], [ 6.0576896297, 49.871594369199997 ], [ 6.0575405158, 49.872567127499998 ], [ 6.0569765248, 49.873531535 ], [ 6.0571205685, 49.874287528899998 ], [ 6.0568920402, 49.875144285700003 ], [ 6.0562845006, 49.876006676800003 ], [ 6.0555415989, 49.876369327200003 ], [ 6.0562646141, 49.878389513800002 ], [ 6.0553008965, 49.878522277599998 ], [ 6.0553241924, 49.878796602800001 ], [ 6.0536102093, 49.879767861200001 ], [ 6.0520055913, 49.880228187 ], [ 6.0514860543, 49.880247386 ], [ 6.0512375883, 49.880516225900003 ], [ 6.0500411801, 49.880949501800004 ], [ 6.0490238409, 49.881840550699998 ], [ 6.0487606374, 49.882710093599997 ], [ 6.0480768854, 49.882967908200001 ] ] ] ] } },
{ "type": "Feature", "properties": { "name": "Fischbach", "canton": "Mersch", "district": "Luxembourg", "lau2": "0404" }, "geometry": { "type": "MultiPolygon", "coordinates": [ [ [ [ 6.1847609186, 49.7297297673 ], [ 6.1848916674, 49.728723234699999 ], [ 6.1846290372, 49.727469298300001 ], [ 6.1811512615, 49.726492341099998 ], [ 6.1812791281, 49.726130553099999 ], [ 6.1809086195, 49.725899884 ], [ 6.1782288559, 49.725462469699998 ], [ 6.1783727859, 49.725152919899998 ], [ 6.1760449381, 49.722437460599998 ], [ 6.1770293874, 49.720156588400002 ], [ 6.1789706278, 49.718426158299998 ], [ 6.1774572661, 49.717915137200002 ], [ 6.1791423427, 49.716845192699999 ], [ 6.179982813, 49.717095974300001 ], [ 6.1804263746, 49.716632249299998 ], [ 6.181435845, 49.716050755399998 ], [ 6.1818623831, 49.715540067699997 ], [ 6.1843274005, 49.716294007 ], [ 6.1848932457, 49.714583163599997 ], [ 6.1894508748, 49.716841460799998 ], [ 6.1959462942, 49.719701867600001 ], [ 6.1988174853, 49.719872718799998 ], [ 6.2017949465, 49.720861084200003 ], [ 6.2030644631, 49.721021130600001 ], [ 6.2025795639, 49.721914419400001 ], [ 6.2019014249, 49.722617311500002 ], [ 6.2019464725, 49.723264448499997 ], [ 6.2044451036, 49.723802690299998 ], [ 6.2041978911, 49.724322241300001 ], [ 6.2062452494, 49.725404505100002 ], [ 6.2056741064, 49.726500461299999 ], [ 6.2084252901, 49.727881449 ], [ 6.2105296877, 49.728291597499997 ], [ 6.2120780242, 49.728401424499999 ], [ 6.2136132425, 49.728826885499998 ], [ 6.2140266453, 49.729372201 ], [ 6.2139486313, 49.729911771300003 ], [ 6.2162023996, 49.731264901499998 ], [ 6.2173988986, 49.732256543399998 ], [ 6.2187925873, 49.732807445600002 ], [ 6.22011198, 49.733850629599999 ], [ 6.2207602163, 49.7347480639 ], [ 6.2208715797, 49.735354235499997 ], [ 6.2214328011, 49.735315799299997 ], [ 6.2219834308, 49.736417821899998 ], [ 6.2225588406, 49.737513590299997 ], [ 6.2230261197, 49.739318314499997 ], [ 6.2253015392, 49.742287000200001 ], [ 6.2258062361, 49.745638711300003 ], [ 6.2262856259, 49.746455083299999 ], [ 6.2259801514, 49.746841716600002 ], [ 6.2274665194, 49.748640261299997 ], [ 6.2276430935, 49.74970787 ], [ 6.2282535902, 49.752805512400002 ], [ 6.2260948333, 49.752703388500002 ], [ 6.2253795486, 49.753204617100003 ], [ 6.2249326383, 49.754005325400001 ], [ 6.2231236779, 49.754074875 ], [ 6.2225653471, 49.754647325100002 ], [ 6.2227147226, 49.755535847899999 ], [ 6.2237501517, 49.755943330599997 ], [ 6.2257217922, 49.755741938500002 ], [ 6.2277922106, 49.755941908200001 ], [ 6.2276443069, 49.757832277299997 ], [ 6.2269942572, 49.7589294255 ], [ 6.2240493453, 49.759012283 ], [ 6.2229979385, 49.759253485800002 ], [ 6.2219320923, 49.759733381799997 ], [ 6.2209364475, 49.758601280599997 ], [ 6.2204635407, 49.7586125216 ], [ 6.219563906, 49.758060655500003 ], [ 6.2192399819, 49.758197119499997 ], [ 6.2187428009, 49.758086071900003 ], [ 6.2184613634, 49.758177192300003 ], [ 6.2174734023, 49.7579654428 ], [ 6.2166082147, 49.757397571200002 ], [ 6.2162127455, 49.757644311 ], [ 6.216005452, 49.757564866099997 ], [ 6.2160778553, 49.757276240899998 ], [ 6.2157258263, 49.757151030499998 ], [ 6.2155272224, 49.757350034300003 ], [ 6.2149623835, 49.757416548400002 ], [ 6.212650682, 49.757182009700003 ], [ 6.2106721865, 49.757215018499998 ], [ 6.2098924945, 49.757025180500001 ], [ 6.2068147556, 49.758363884200001 ], [ 6.2070571226, 49.759443547499998 ], [ 6.2042199473, 49.759972201399997 ], [ 6.2039636597, 49.760630038499997 ], [ 6.2014009321, 49.760676900599996 ], [ 6.1981626441, 49.760990671499997 ], [ 6.1970920323, 49.761245364200001 ], [ 6.1924833217, 49.761545269 ], [ 6.1858718847, 49.761448936400001 ], [ 6.1854938034, 49.759975814800001 ], [ 6.1844687534, 49.759526496500001 ], [ 6.1841817822, 49.7590408756 ], [ 6.18278332, 49.759139143299997 ], [ 6.1812796004, 49.760927626 ], [ 6.181106757, 49.760802927 ], [ 6.1796025418, 49.761198727199996 ], [ 6.1797697455, 49.761959417699998 ], [ 6.178798256, 49.761990878699997 ], [ 6.1756889576, 49.761540216100002 ], [ 6.1749962723, 49.763348244100001 ], [ 6.1756505159, 49.763481072799998 ], [ 6.175509156, 49.764000973800002 ], [ 6.1748375351, 49.763911930500001 ], [ 6.1734543148, 49.7661272912 ], [ 6.1720704526, 49.766514985 ], [ 6.1734165349, 49.767455587599997 ], [ 6.1727860298, 49.767876144200002 ], [ 6.1712963808, 49.768438739700002 ], [ 6.1711402412, 49.768215154099998 ], [ 6.1708742263, 49.7682493366 ], [ 6.1709876526, 49.7691921033 ], [ 6.1704810525, 49.769207780599999 ], [ 6.1704441058, 49.770127760299999 ], [ 6.1698218299, 49.770070819600001 ], [ 6.1673055255, 49.773325391900002 ], [ 6.1678676619, 49.773586337499999 ], [ 6.1668578033, 49.774596601799999 ], [ 6.1646821795, 49.774370025899998 ], [ 6.1641537875, 49.774751796099999 ], [ 6.1618227935, 49.774134991 ], [ 6.1596697892, 49.773090218100002 ], [ 6.1592229026, 49.773398211100002 ], [ 6.1578596505, 49.772511109 ], [ 6.1568613883, 49.772108004800003 ], [ 6.1538460226, 49.771332702700001 ], [ 6.1522768243, 49.771078243600002 ], [ 6.1546189356, 49.7690101277 ], [ 6.1521994933, 49.767915862499997 ], [ 6.1516073417, 49.7682217216 ], [ 6.1505116708, 49.767798365099999 ], [ 6.1521373492, 49.766524400199998 ], [ 6.1518152477, 49.766310377800004 ], [ 6.1524022608, 49.765841406500002 ], [ 6.1520637388, 49.765638270499998 ], [ 6.150704965, 49.766608825900001 ], [ 6.1500022455, 49.766249686800002 ], [ 6.1511126972, 49.765345592 ], [ 6.1470159034, 49.762737351 ], [ 6.1478760218, 49.761822354899998 ], [ 6.1467425642, 49.7613422242 ], [ 6.1470240133, 49.760521425699999 ], [ 6.1468243437, 49.760009870099999 ], [ 6.1474486063, 49.759474020600003 ], [ 6.1471465053, 49.758780735499997 ], [ 6.1456279882, 49.7579913338 ], [ 6.1442748164, 49.757652508299998 ], [ 6.1442909064, 49.757464694299998 ], [ 6.1455867915, 49.757412347399999 ], [ 6.1473950316, 49.757677467 ], [ 6.1510606054, 49.758867802600001 ], [ 6.1518455913, 49.758668404200002 ], [ 6.1523242272, 49.7581755028 ], [ 6.1516881396, 49.7580212007 ], [ 6.1514236064, 49.757724649300002 ], [ 6.1508929294, 49.7578244093 ], [ 6.1471865892, 49.756482009199999 ], [ 6.146870975, 49.756331080099997 ], [ 6.1467663505, 49.756034833699999 ], [ 6.1454407724, 49.755695649 ], [ 6.1448424156, 49.75521122 ], [ 6.1431954247, 49.754664871499998 ], [ 6.1433127408, 49.754414997200001 ], [ 6.1424359132, 49.754303579099997 ], [ 6.1420412527, 49.753864456499997 ], [ 6.141701132, 49.753775706 ], [ 6.1452979309, 49.751168963600001 ], [ 6.1474392915, 49.7488316556 ], [ 6.1485124686, 49.748835681899997 ], [ 6.1500256568, 49.749342951499997 ], [ 6.1504896633, 49.749658865599997 ], [ 6.149559575, 49.751014888199997 ], [ 6.1588756813, 49.753433787399999 ], [ 6.1584079485, 49.752505401100002 ], [ 6.1585829988, 49.751585882299999 ], [ 6.1589680604, 49.751138376299998 ], [ 6.1583183845, 49.7506321563 ], [ 6.1559661494, 49.7496213879 ], [ 6.1562262492, 49.749446317299999 ], [ 6.1579131747, 49.749182234899997 ], [ 6.1560152539, 49.746917953500002 ], [ 6.156870039, 49.744960279700003 ], [ 6.1564364075, 49.744453726 ], [ 6.1570509157, 49.744584462699997 ], [ 6.1590231131, 49.7440185767 ], [ 6.1600483685, 49.743403782400001 ], [ 6.1607701847, 49.743252743500001 ], [ 6.1643459009, 49.743453921300002 ], [ 6.16427427, 49.7432121481 ], [ 6.1647194512, 49.743074527499999 ], [ 6.1673719834, 49.743924687700002 ], [ 6.169938318, 49.743934015199997 ], [ 6.1699598674, 49.743738339099998 ], [ 6.1720240301, 49.743863720299998 ], [ 6.1722979823, 49.740476993199998 ], [ 6.1730651222, 49.738927024299997 ], [ 6.1767264575, 49.736074449599997 ], [ 6.1823330321, 49.733022832400003 ], [ 6.1840229204, 49.731507558200001 ], [ 6.1847609186, 49.7297297673 ] ] ] ] } },
{ "type": "Feature", "properties": { "name": "Flaxweiler", "canton": "Grevenmacher", "district": "Grevenmacher", "lau2": "1103" }, "geometry": { "type": "MultiPolygon", "coordinates": [ [ [ [ 6.3378512949, 49.622575309699997 ], [ 6.3388535992, 49.622131768099997 ], [ 6.3384855692, 49.619827553699999 ], [ 6.3400346566, 49.619569368 ], [ 6.3397039271, 49.618653391300001 ], [ 6.3398954295, 49.618086682200001 ], [ 6.3404522374, 49.617502523500001 ], [ 6.3399935764, 49.617414791500003 ], [ 6.3403571715, 49.615671451300003 ], [ 6.3443739572, 49.616685079200003 ], [ 6.3449101135, 49.616057629899998 ], [ 6.3451116546, 49.613998947799999 ], [ 6.3456340284, 49.613939135899997 ], [ 6.3448213482, 49.611717836499999 ], [ 6.3444147481, 49.611562133 ], [ 6.3448780763, 49.610940665800001 ], [ 6.3458028483, 49.610611772399999 ], [ 6.3455778278, 49.610459928600001 ], [ 6.3458543271, 49.610322353400001 ], [ 6.344054511, 49.609393090899999 ], [ 6.344033344, 49.608831338 ], [ 6.3446276321, 49.607893151900001 ], [ 6.3452566085, 49.607414161100003 ], [ 6.3460058256, 49.6071537236 ], [ 6.3490374564, 49.609056004 ], [ 6.3492333388, 49.609496633299997 ], [ 6.3482749791, 49.610711841300002 ], [ 6.3481617761, 49.611763768300001 ], [ 6.3495516269, 49.614145633 ], [ 6.3523212806, 49.6158860671 ], [ 6.3538532054, 49.615120658199999 ], [ 6.3550336029, 49.615025962 ], [ 6.3562109316, 49.615079988 ], [ 6.3567829724, 49.6156638633 ], [ 6.3585980001, 49.6160137647 ], [ 6.3596328567, 49.615358412600003 ], [ 6.3598383663, 49.615454876900003 ], [ 6.3607228179, 49.614669080900001 ], [ 6.360993286, 49.6140062164 ], [ 6.3606893036, 49.613235881100003 ], [ 6.3615219399, 49.613369486499998 ], [ 6.3625899938, 49.613815108200001 ], [ 6.3645928916, 49.615802875900002 ], [ 6.365547709, 49.615570175400002 ], [ 6.3661311521, 49.6173185261 ], [ 6.3673790397, 49.617277794899998 ], [ 6.3672425335, 49.617665066299999 ], [ 6.3676999929, 49.617811682400003 ], [ 6.3678211976, 49.618332878399997 ], [ 6.3687805774, 49.618265325899998 ], [ 6.3694229575, 49.618903600400003 ], [ 6.3707368693, 49.6190132539 ], [ 6.3716552791, 49.619249312699999 ], [ 6.3741000709, 49.619081414299998 ], [ 6.3753443843, 49.619267941 ], [ 6.3769068416, 49.619794861899997 ], [ 6.3775783506, 49.6192523498 ], [ 6.3779403663, 49.619526887799999 ], [ 6.3787267566, 49.619289889599997 ], [ 6.3784890586, 49.618917835700003 ], [ 6.3806243766, 49.618359624100002 ], [ 6.3810507477, 49.617826669099998 ], [ 6.3828841577, 49.618239146800001 ], [ 6.3869673408, 49.619843014499999 ], [ 6.3838052659, 49.6214438051 ], [ 6.3814431647, 49.6227011848 ], [ 6.3794200361, 49.623496010099998 ], [ 6.3754197422, 49.624076242 ], [ 6.3741548867, 49.624868772699998 ], [ 6.3731167048, 49.626004297199998 ], [ 6.3690233162, 49.627620297500002 ], [ 6.3684893489, 49.628240777599999 ], [ 6.3682448092, 49.629181254499997 ], [ 6.3679135153, 49.629162049100003 ], [ 6.367945736, 49.629009874799998 ], [ 6.3673559716, 49.628991826 ], [ 6.3672174944, 49.628445890199998 ], [ 6.3659814888, 49.628381368699998 ], [ 6.3655164454, 49.627842167799997 ], [ 6.3650535005, 49.6281125454 ], [ 6.3629945958, 49.628619711100001 ], [ 6.3603636196, 49.6311015673 ], [ 6.3603390967, 49.631572034100003 ], [ 6.3618843653, 49.632402900499997 ], [ 6.3601344843, 49.633714348799998 ], [ 6.35975426, 49.635044557500002 ], [ 6.3567510855, 49.633693665400003 ], [ 6.3566110293, 49.633798675400001 ], [ 6.3548621798, 49.632762148600001 ], [ 6.3545123434, 49.6332044416 ], [ 6.3531658876, 49.635559728700002 ], [ 6.3531557772, 49.6377691852 ], [ 6.352706555, 49.6407437206 ], [ 6.3534440458, 49.643783009099998 ], [ 6.3530474363, 49.646376871199998 ], [ 6.3526523775, 49.647410600800001 ], [ 6.3526061849, 49.647530955699999 ], [ 6.3535737654, 49.647214278600003 ], [ 6.355145956, 49.647134280499998 ], [ 6.3587674252, 49.648016436100001 ], [ 6.3601833625, 49.648655895 ], [ 6.3603852374, 49.648511945899997 ], [ 6.3613681816, 49.648615747800001 ], [ 6.3631326727, 49.6490847285 ], [ 6.365037357, 49.649354671099999 ], [ 6.36583678, 49.649818719 ], [ 6.3662289686, 49.649513513199999 ], [ 6.3674556337, 49.649158746399998 ], [ 6.3687858341, 49.6488452886 ], [ 6.3711907837, 49.648577974799998 ], [ 6.3726876393, 49.647986034399999 ], [ 6.3737109926, 49.647448676800003 ], [ 6.3750699229, 49.646052602700003 ], [ 6.3763914754, 49.645015435799998 ], [ 6.3773225505, 49.643959344499997 ], [ 6.3782680316, 49.643244021599997 ], [ 6.378514646, 49.642190820300002 ], [ 6.3823428669, 49.642236170099999 ], [ 6.3853538231, 49.642644471499999 ], [ 6.3865128587, 49.641610964800002 ], [ 6.3865827456, 49.641530138500002 ], [ 6.3799447053, 49.638837197800001 ], [ 6.3796411583, 49.638580181899997 ], [ 6.3806661352, 49.636699885900001 ], [ 6.3831398806, 49.637075598899997 ], [ 6.3842030196, 49.637556192600002 ], [ 6.3854363913, 49.637934264400002 ], [ 6.3859961743, 49.637943242 ], [ 6.3867203455, 49.638251745 ], [ 6.3884369797, 49.636201476899998 ], [ 6.3909987042, 49.633817848100001 ], [ 6.3907469748, 49.63374299 ], [ 6.3913221634, 49.632754228400003 ], [ 6.391045273, 49.632745782100002 ], [ 6.3909282531, 49.6313446025 ], [ 6.397450887, 49.631115663199999 ], [ 6.396122423, 49.629391966100002 ], [ 6.396921009, 49.628731084599998 ], [ 6.3964217076, 49.6281649409 ], [ 6.3952459551, 49.627398974099997 ], [ 6.3975479529, 49.6261966649 ], [ 6.3981602119, 49.626887742199997 ], [ 6.3985054944, 49.626734206099997 ], [ 6.3977540346, 49.625872588199996 ], [ 6.3984769895, 49.625800117499999 ], [ 6.3986209753, 49.625984585600001 ], [ 6.4009777619, 49.624893451799998 ], [ 6.4006849043, 49.624648202099998 ], [ 6.4023671169, 49.623876319499999 ], [ 6.4021994377, 49.623544002300001 ], [ 6.4026343586, 49.623417514499998 ], [ 6.4029768318, 49.623317916700003 ], [ 6.403408965, 49.624731291800003 ], [ 6.4031352023, 49.625304297299998 ], [ 6.4049817302, 49.629328418699998 ], [ 6.4064192793, 49.628929854299997 ], [ 6.4066697901, 49.629208056899998 ], [ 6.40680794, 49.6291538252 ], [ 6.4070652924, 49.629668916200004 ], [ 6.4079995474, 49.630560779500001 ], [ 6.4088353424, 49.630480250300003 ], [ 6.4105036175, 49.631161581800001 ], [ 6.4113025523, 49.6312407291 ], [ 6.4119911172, 49.631790503399998 ], [ 6.4122737875, 49.631649043700001 ], [ 6.4126771305, 49.632102116900001 ], [ 6.4132291428, 49.631993134399998 ], [ 6.4152344875, 49.6321375578 ], [ 6.4148876962, 49.633628626799997 ], [ 6.4158650522, 49.633695843399998 ], [ 6.4169396633, 49.634535886199998 ], [ 6.4187815419, 49.636833543400002 ], [ 6.4194601572, 49.636620779 ], [ 6.4200129567, 49.637239941499999 ], [ 6.4206003895, 49.637089766899997 ], [ 6.4207861745, 49.637676506600002 ], [ 6.421293241, 49.638283715100002 ], [ 6.4226549607, 49.639460370099997 ], [ 6.423106432, 49.6418543781 ], [ 6.4235544298, 49.642584064899999 ], [ 6.4223859874, 49.643153067599997 ], [ 6.4206699979, 49.644993258600003 ], [ 6.4188743801, 49.646362209599999 ], [ 6.4176870838, 49.647033297699998 ], [ 6.4173481346, 49.6475716267 ], [ 6.4166578731, 49.647978329200001 ], [ 6.4161258591, 49.648083859099998 ], [ 6.4149901667, 49.647362055400002 ], [ 6.413434098, 49.6479824241 ], [ 6.4127891375, 49.649873593300001 ], [ 6.4136359432, 49.649548488599997 ], [ 6.4150228973, 49.648455294500003 ], [ 6.4157193545, 49.648475569 ], [ 6.4162264264, 49.648664188799998 ], [ 6.4179416756, 49.649881737500003 ], [ 6.4202747124, 49.652297277899997 ], [ 6.4218448821, 49.653611036599997 ], [ 6.4220433393, 49.653949450799999 ], [ 6.4218871979, 49.654326622799999 ], [ 6.4213947131, 49.654531970299999 ], [ 6.4194490205, 49.654058446100002 ], [ 6.4126644526, 49.654306745900001 ], [ 6.4107419305, 49.6548805523 ], [ 6.4076192593, 49.657666429300001 ], [ 6.4070357245, 49.657515593600003 ], [ 6.405574809, 49.655978138199998 ], [ 6.4038468138, 49.655034387699999 ], [ 6.4013563461, 49.654626379500002 ], [ 6.4002474693, 49.654303584799997 ], [ 6.3981875812, 49.6542996831 ], [ 6.3925094907, 49.6556918247 ], [ 6.3904046351, 49.655770318899997 ], [ 6.3889942885, 49.656149470300001 ], [ 6.3851636602, 49.656508604099997 ], [ 6.3834598143, 49.657270076300001 ], [ 6.3824441936, 49.659190454399997 ], [ 6.3816983132, 49.658989263599999 ], [ 6.3808782872, 49.659537958900003 ], [ 6.3811279578, 49.660402138 ], [ 6.3801358407, 49.661177276499998 ], [ 6.3802674337, 49.661992053299997 ], [ 6.3789916208, 49.662376265299997 ], [ 6.3787073262, 49.662266924699999 ], [ 6.3778921255, 49.663010531 ], [ 6.3786439535, 49.663295117200001 ], [ 6.3774799685, 49.664241149 ], [ 6.3767205336, 49.664177161399998 ], [ 6.3754338663, 49.665413369699998 ], [ 6.3745094415, 49.666666672600002 ], [ 6.3740118064, 49.667014324199997 ], [ 6.3714028794, 49.666227150200001 ], [ 6.3664748654, 49.665800367300001 ], [ 6.3629230313, 49.665010125499997 ], [ 6.3601900558, 49.6647052625 ], [ 6.364720368, 49.666708444199998 ], [ 6.3595321449, 49.6667048861 ], [ 6.3573818624, 49.6670274441 ], [ 6.3560630491, 49.667623857099997 ], [ 6.3561697973, 49.667860171100003 ], [ 6.3559043543, 49.667953138500003 ], [ 6.3559331758, 49.668524590200001 ], [ 6.3554609364, 49.668937466499997 ], [ 6.3556340732, 49.669236150899998 ], [ 6.3554843177, 49.669572160199998 ], [ 6.3557005824, 49.669666689499998 ], [ 6.3554024801, 49.670123130599997 ], [ 6.3555574384, 49.670265762299998 ], [ 6.3549756669, 49.670635082799997 ], [ 6.355154717, 49.670874885700002 ], [ 6.3547860066, 49.671947874600001 ], [ 6.3558785923, 49.672792998699997 ], [ 6.3563294741, 49.673744787300002 ], [ 6.3558094267, 49.6739162828 ], [ 6.3560051856, 49.674316670700001 ], [ 6.3563520768, 49.674239457100001 ], [ 6.3576279746, 49.675732104700003 ], [ 6.3580889468, 49.677076259400003 ], [ 6.3589664042, 49.678142974099998 ], [ 6.3586160364, 49.678381821599999 ], [ 6.3581738973, 49.677986736 ], [ 6.3569586, 49.6774996734 ], [ 6.3524380893, 49.676480913699997 ], [ 6.3485155416, 49.676084247600002 ], [ 6.34614495, 49.675662835499999 ], [ 6.3434257928, 49.674981718 ], [ 6.3413226782, 49.674293192599997 ], [ 6.3407381246, 49.673959356399997 ], [ 6.3397365641, 49.675316312900001 ], [ 6.3383424003, 49.674803787 ], [ 6.3349542375, 49.674002070900002 ], [ 6.3318526263, 49.672808564299999 ], [ 6.3275149681, 49.671446377199999 ], [ 6.3234416434, 49.670566851700002 ], [ 6.3214647179, 49.669829846500001 ], [ 6.3204841364, 49.669264307299997 ], [ 6.3137321249, 49.664848032499997 ], [ 6.324005004, 49.658981648500003 ], [ 6.324191912, 49.648523513800001 ], [ 6.3223206834, 49.6477628839 ], [ 6.3216285076, 49.648489486400003 ], [ 6.3199332727, 49.6474192676 ], [ 6.3190114088, 49.646589851 ], [ 6.3185071721, 49.646070726200001 ], [ 6.3186710055, 49.645562999900001 ], [ 6.3181701641, 49.6455865808 ], [ 6.3178212805, 49.645985927700004 ], [ 6.3174539036, 49.645295513299999 ], [ 6.3159447234, 49.644570579300002 ], [ 6.3154527754, 49.644173117800001 ], [ 6.3084549375, 49.641044031299998 ], [ 6.3059340023, 49.639461784399998 ], [ 6.3045497851, 49.637722433900002 ], [ 6.3031724001, 49.636636467700001 ], [ 6.3039973729, 49.634703958099998 ], [ 6.3074744786, 49.632921114799998 ], [ 6.308600864, 49.631021615900003 ], [ 6.3092112215, 49.628908934099996 ], [ 6.3092800971, 49.628751993 ], [ 6.3096337768, 49.62841125 ], [ 6.3100153884, 49.628303951600003 ], [ 6.3112162067, 49.6280212375 ], [ 6.314932764, 49.627760757799997 ], [ 6.3169511838, 49.627756913900001 ], [ 6.3180242138, 49.627690144100001 ], [ 6.3213434381, 49.627390774399998 ], [ 6.3229933235, 49.626883992400003 ], [ 6.3241236615, 49.626713390600003 ], [ 6.3278970485, 49.6269257788 ], [ 6.3299674242, 49.626737106199997 ], [ 6.3288595787, 49.625542462200002 ], [ 6.3281762031, 49.625126835099998 ], [ 6.3286553748, 49.624537024699997 ], [ 6.3298217611, 49.624333005300002 ], [ 6.3309085983, 49.624484185599997 ], [ 6.3313795605, 49.624119545699998 ], [ 6.3326803521, 49.623551180900002 ], [ 6.3329321785, 49.623684148 ], [ 6.3330539095, 49.622459167599999 ], [ 6.3348791535, 49.622471256799997 ], [ 6.3353363587, 49.6218069779 ], [ 6.3377306855, 49.622029078 ], [ 6.3378512949, 49.622575309699997 ] ] ] ] } },
{ "type": "Feature", "properties": { "name": "Frisange", "canton": "Esch-sur-Alzette", "district": "Luxembourg", "lau2": "0205" }, "geometry": { "type": "MultiPolygon", "coordinates": [ [ [ [ 6.2406510528, 49.514937208900001 ], [ 6.2406454082, 49.5150224486 ], [ 6.2383306923, 49.516861847199998 ], [ 6.2372532571, 49.517012521700003 ], [ 6.2351323359, 49.516613473299998 ], [ 6.234656606, 49.517489102699997 ], [ 6.2354866487, 49.517810750700001 ], [ 6.2365257014, 49.519868610499998 ], [ 6.2370705446, 49.520516777899999 ], [ 6.2371999658, 49.521184202 ], [ 6.2380196145, 49.521933177800001 ], [ 6.2388749116, 49.523412296 ], [ 6.238659594, 49.523464101199998 ], [ 6.2394926127, 49.5246687108 ], [ 6.2378180368, 49.525998526499997 ], [ 6.2375548185, 49.525886297600003 ], [ 6.2360362448, 49.526968996900003 ], [ 6.2363876802, 49.527203464899998 ], [ 6.2353127362, 49.527992966299998 ], [ 6.2397096255, 49.530365571300003 ], [ 6.2367526283, 49.533251819699998 ], [ 6.2358035705, 49.533593770099998 ], [ 6.2354366664, 49.5331842975 ], [ 6.2337281387, 49.533652551800003 ], [ 6.2318786461, 49.535601139599997 ], [ 6.2308453943, 49.537671809099997 ], [ 6.2288005297, 49.5375592858 ], [ 6.2291629821, 49.538432462199999 ], [ 6.2287803334, 49.5385398584 ], [ 6.2282011918, 49.538702400799998 ], [ 6.2279307844, 49.537843055400003 ], [ 6.2258825763, 49.5375461645 ], [ 6.2261000942, 49.536951660299998 ], [ 6.2212117327, 49.536803362599997 ], [ 6.2203923582, 49.5386934315 ], [ 6.2198938898, 49.538383547099997 ], [ 6.2195699359, 49.538514065199998 ], [ 6.2214747304, 49.539604591900002 ], [ 6.2212980609, 49.540066673799998 ], [ 6.2199376777, 49.540430344699999 ], [ 6.2198049699, 49.540262505100003 ], [ 6.2174286582, 49.540804978399997 ], [ 6.2157719854, 49.538522590500001 ], [ 6.2160466037, 49.537218143 ], [ 6.2164816136, 49.536310116599999 ], [ 6.2161998162, 49.535460476799997 ], [ 6.2154796255, 49.535309162200001 ], [ 6.2150702313, 49.534616233900003 ], [ 6.2152408326, 49.533208261699997 ], [ 6.2147414481, 49.533045036300003 ], [ 6.2118596725, 49.532972870400002 ], [ 6.2097585181, 49.532031329500001 ], [ 6.2077756808, 49.5323295938 ], [ 6.2073152017, 49.532519125299999 ], [ 6.2060694034, 49.531505666299999 ], [ 6.2051962337, 49.530378451200001 ], [ 6.2036623782, 49.530672109199998 ], [ 6.2020907243, 49.528675808199999 ], [ 6.2010374024, 49.527755797899999 ], [ 6.2024266511, 49.526932074699999 ], [ 6.2005644385, 49.526461617 ], [ 6.2001144485, 49.526845028799997 ], [ 6.1988324748, 49.526382423800001 ], [ 6.1986400981, 49.526668861799998 ], [ 6.1970213199, 49.526219023199999 ], [ 6.1969926024, 49.525784525100001 ], [ 6.1959651208, 49.525628285400003 ], [ 6.1944227527, 49.525646811400001 ], [ 6.1930684485, 49.526025513800001 ], [ 6.1930441018, 49.5264537129 ], [ 6.1907904833, 49.526066244699997 ], [ 6.190837871, 49.525974633399997 ], [ 6.1890702106, 49.525530252400003 ], [ 6.1889118689, 49.526159418699997 ], [ 6.1870350777, 49.525552728100003 ], [ 6.1850440047, 49.5277795079 ], [ 6.179820673, 49.526190122400003 ], [ 6.1802817504, 49.525219370599999 ], [ 6.1765362608, 49.524724231599997 ], [ 6.1742831024, 49.524155351300003 ], [ 6.1744873705, 49.523903829600002 ], [ 6.1738527972, 49.523675933500002 ], [ 6.172282738, 49.5226609586 ], [ 6.1716166587, 49.521808356199998 ], [ 6.1721289099, 49.517051643599999 ], [ 6.1691131183, 49.516988821399998 ], [ 6.1652306501, 49.517406881299998 ], [ 6.1625805531, 49.517282161300002 ], [ 6.162055521, 49.517858525400001 ], [ 6.1614553139, 49.517554398599998 ], [ 6.1605823633, 49.518612249900002 ], [ 6.1602723494, 49.518512232200003 ], [ 6.159739777, 49.51891324 ], [ 6.159540146, 49.518746881799999 ], [ 6.1567063884, 49.520658086099999 ], [ 6.1554834632, 49.521109278799997 ], [ 6.1553128097, 49.521013811499998 ], [ 6.1546628945, 49.521272076199999 ], [ 6.1530404631, 49.519801037100002 ], [ 6.1557818913, 49.517912948599999 ], [ 6.1555464027, 49.517731537800003 ], [ 6.1547331734, 49.518201033399997 ], [ 6.1516933221, 49.516683355799998 ], [ 6.1487757136, 49.517606669 ], [ 6.1468351793, 49.516581937300003 ], [ 6.1465108989, 49.516810317800001 ], [ 6.1449264088, 49.516278305 ], [ 6.145197687, 49.515875940100003 ], [ 6.1448924955, 49.5158158837 ], [ 6.1457824112, 49.514738166 ], [ 6.1427244009, 49.513901553 ], [ 6.142814219, 49.513726208599998 ], [ 6.141286957, 49.513476147200002 ], [ 6.1411246982, 49.5121863209 ], [ 6.1383825092, 49.512439796 ], [ 6.1359994707, 49.512451630400001 ], [ 6.1359229926, 49.511963372099999 ], [ 6.1345978051, 49.511740888600002 ], [ 6.1342740438, 49.511508663299999 ], [ 6.1343339736, 49.511320657299997 ], [ 6.132970209, 49.510911505800003 ], [ 6.1332690118, 49.509802246900001 ], [ 6.1300979679, 49.509185765399998 ], [ 6.1305288738, 49.508766348400002 ], [ 6.1315056433, 49.508374144900003 ], [ 6.131988269, 49.507123694299999 ], [ 6.1316878477, 49.507056510399998 ], [ 6.1321513348, 49.505688448500003 ], [ 6.1301534421, 49.50535384 ], [ 6.1309386187, 49.503361592399997 ], [ 6.1317603194, 49.502262829599999 ], [ 6.1313652312, 49.502049347400003 ], [ 6.1313428246, 49.501577232099997 ], [ 6.1317858708, 49.501215195299999 ], [ 6.1325592162, 49.501655439399997 ], [ 6.1340214921, 49.500402274099997 ], [ 6.1346663204, 49.49935976 ], [ 6.1350210044, 49.499389098499996 ], [ 6.1365816416, 49.497014116599999 ], [ 6.1368893207, 49.494339069900001 ], [ 6.137949453, 49.494461173399998 ], [ 6.1402902678, 49.495193920699997 ], [ 6.1410889535, 49.493686849100001 ], [ 6.1414262081, 49.493768924400001 ], [ 6.1417758642, 49.491683964099998 ], [ 6.1416446956, 49.490626005199999 ], [ 6.1408303039, 49.488299451 ], [ 6.1407653587, 49.4866739904 ], [ 6.1422352927, 49.486901650500002 ], [ 6.1426683216, 49.487213234099997 ], [ 6.1446960293, 49.487891555399997 ], [ 6.1486246363, 49.490080097700002 ], [ 6.1503773257, 49.490871509599998 ], [ 6.1531347867, 49.4917122843 ], [ 6.1528054269, 49.492741203900003 ], [ 6.1550287626, 49.493312507500001 ], [ 6.1558532786, 49.493392630899997 ], [ 6.1573328177, 49.491479703400003 ], [ 6.1594345625, 49.491771115299997 ], [ 6.1618316884, 49.4926677897 ], [ 6.1624900692, 49.493485809299997 ], [ 6.1622911293, 49.493834623 ], [ 6.1612632422, 49.494458634600001 ], [ 6.1611137448, 49.494389026100002 ], [ 6.1603595576, 49.495313592 ], [ 6.1596239487, 49.495888055499996 ], [ 6.1582847264, 49.496226675499997 ], [ 6.1570819468, 49.497064167600001 ], [ 6.156254003, 49.498016446599998 ], [ 6.153887794, 49.501634048500001 ], [ 6.1547972112, 49.502053219099999 ], [ 6.1546864234, 49.502151139 ], [ 6.1555397298, 49.502829800699999 ], [ 6.1560611543, 49.503541709899999 ], [ 6.1559576078, 49.503666146599997 ], [ 6.1565455071, 49.5040141335 ], [ 6.1571125798, 49.504234216199997 ], [ 6.1573477265, 49.503968475599997 ], [ 6.1583196808, 49.504286814700002 ], [ 6.1585396515, 49.504002350900002 ], [ 6.1616525585, 49.504921673299997 ], [ 6.1619352052, 49.504145892799997 ], [ 6.163626677, 49.5045436909 ], [ 6.1653221723, 49.505499321 ], [ 6.171991007, 49.5081463888 ], [ 6.1735323773, 49.509411829500003 ], [ 6.1751392931, 49.510346918800003 ], [ 6.17620557, 49.510247353700002 ], [ 6.1768574466, 49.509978213899998 ], [ 6.1769028763, 49.508868431400003 ], [ 6.1766016006, 49.508609717699997 ], [ 6.178306303, 49.506959104400003 ], [ 6.180255006, 49.507286727900002 ], [ 6.1808406718, 49.508013155199997 ], [ 6.1827281523, 49.507760706399999 ], [ 6.1871694453, 49.506821824900001 ], [ 6.1883602168, 49.506373323 ], [ 6.1913586561, 49.5059785905 ], [ 6.1952437224, 49.506425654200001 ], [ 6.1957591074, 49.505359868500001 ], [ 6.2025009382, 49.5070123737 ], [ 6.2074026645, 49.506252280299996 ], [ 6.2091631124, 49.5061945705 ], [ 6.2145010369, 49.5063485895 ], [ 6.21723036, 49.506897970700003 ], [ 6.2170345451, 49.507859731899998 ], [ 6.2173029041, 49.507887128900002 ], [ 6.2168108401, 49.508775631600002 ], [ 6.2163688249, 49.509016055 ], [ 6.2171293035, 49.509758507 ], [ 6.218102388, 49.509963063500003 ], [ 6.2183694583, 49.509405026400003 ], [ 6.2198669325, 49.509544427900003 ], [ 6.2200018862, 49.508771252599999 ], [ 6.2245733911, 49.509529162100002 ], [ 6.2275745478, 49.510356781900001 ], [ 6.2282709782, 49.509510528299998 ], [ 6.2292314193, 49.509598337600004 ], [ 6.2323052661, 49.509378397699997 ], [ 6.2338328956, 49.509000474899999 ], [ 6.2361636035, 49.508152187 ], [ 6.2387492293, 49.512044031400002 ], [ 6.2389582563, 49.513503472 ], [ 6.2395529042, 49.513959357700003 ], [ 6.2404631463, 49.514250601900002 ], [ 6.2406510528, 49.514937208900001 ] ] ] ] } },
{ "type": "Feature", "properties": { "name": "Garnich", "canton": "Capellen", "district": "Luxembourg", "lau2": "0102" }, "geometry": { "type": "MultiPolygon", "coordinates": [ [ [ [ 5.9392619061, 49.596673391700001 ], [ 5.9430525838, 49.595149585500003 ], [ 5.9456171024, 49.593563478699998 ], [ 5.9468292307, 49.593215403099997 ], [ 5.948618394, 49.592397590300003 ], [ 5.9487996898, 49.592556255700003 ], [ 5.9499667101, 49.592195393799997 ], [ 5.9502115869, 49.592654351100002 ], [ 5.9512862432, 49.591762076099997 ], [ 5.9520941335, 49.591420428299998 ], [ 5.9527349093, 49.592286789200003 ], [ 5.9540909995, 49.591682938300004 ], [ 5.9565359777, 49.591237376700001 ], [ 5.9577579085, 49.591917905199999 ], [ 5.9596839811, 49.592813096599997 ], [ 5.9600086233, 49.592481378499997 ], [ 5.9612614838, 49.592936996500001 ], [ 5.9620457514, 49.593054625299999 ], [ 5.9619402588, 49.594706001500001 ], [ 5.9633117087, 49.596617536300002 ], [ 5.9640805475, 49.597035002 ], [ 5.965752299, 49.597363965299998 ], [ 5.9663936712, 49.597708132500003 ], [ 5.9666550699, 49.5976467184 ], [ 5.9672995273, 49.597952611099998 ], [ 5.9673685313, 49.598137217100003 ], [ 5.968090832, 49.598254149399999 ], [ 5.9681530571, 49.598613106400002 ], [ 5.9687694403, 49.598912540900002 ], [ 5.9679153858, 49.5993380305 ], [ 5.968476291, 49.599692099400002 ], [ 5.9676848069, 49.600594488699997 ], [ 5.9665987241, 49.601306588699998 ], [ 5.9655223112, 49.6028091859 ], [ 5.9659556078, 49.602933899299998 ], [ 5.9654137403, 49.603905478599998 ], [ 5.9644312052, 49.6066509399 ], [ 5.9704944861, 49.608873533100002 ], [ 5.970874481, 49.609488192299999 ], [ 5.9722505606, 49.610107427199999 ], [ 5.9716115207, 49.611117729699998 ], [ 5.9711046328, 49.613411943199999 ], [ 5.9712257023, 49.6142207181 ], [ 5.9721226494, 49.615590708500001 ], [ 5.9718368049, 49.617923390599998 ], [ 5.9720071159, 49.619010698300002 ], [ 5.9716830722, 49.620410651599997 ], [ 5.9705246736, 49.622744557799997 ], [ 5.9697962689, 49.622643032500001 ], [ 5.9658842627, 49.6229524727 ], [ 5.9649006036, 49.624873085099999 ], [ 5.9658938729, 49.625121025799999 ], [ 5.9649884816, 49.627038501599998 ], [ 5.965616987, 49.627601740899998 ], [ 5.9659769661, 49.628878762799999 ], [ 5.9652548263, 49.630308797300003 ], [ 5.966650652, 49.630791980300003 ], [ 5.9647093437, 49.635701251 ], [ 5.9635391764, 49.637483033499997 ], [ 5.9627092091, 49.638384650200003 ], [ 5.9630210013, 49.638521935100002 ], [ 5.9621272106, 49.639232547699997 ], [ 5.9613395789, 49.640718893500001 ], [ 5.9606346086, 49.640572739500001 ], [ 5.9598733778, 49.6416491974 ], [ 5.9573531458, 49.641328714499998 ], [ 5.9550237773, 49.6406787381 ], [ 5.9528237861, 49.638923605199999 ], [ 5.9513178815, 49.637996895299999 ], [ 5.9514839717, 49.637723609699997 ], [ 5.9506293548, 49.637292695500001 ], [ 5.9510318221, 49.636917823 ], [ 5.9493641414, 49.636357248 ], [ 5.9488256891, 49.636457463 ], [ 5.948340912, 49.636312431299999 ], [ 5.945150338, 49.635018237399997 ], [ 5.9423446735, 49.632032970300003 ], [ 5.94155553, 49.630436606099998 ], [ 5.9396310783, 49.629056805499999 ], [ 5.9394360265, 49.628444585499999 ], [ 5.9380051188, 49.629769343 ], [ 5.9366194847, 49.630324886499999 ], [ 5.9358048487, 49.63242831 ], [ 5.9350652729, 49.633645466399997 ], [ 5.9345091229, 49.634156835500001 ], [ 5.9350165639, 49.635155852499999 ], [ 5.9344774352, 49.635287117099999 ], [ 5.9336548313, 49.635873290399999 ], [ 5.933385831, 49.637496966400001 ], [ 5.9329619632, 49.637692022800003 ], [ 5.9329236218, 49.638123511800003 ], [ 5.9323981442, 49.637970230100002 ], [ 5.9316474156, 49.638565615600001 ], [ 5.9314741567, 49.638149430699997 ], [ 5.9312557631, 49.638106998 ], [ 5.9308814932, 49.638320399500003 ], [ 5.9303379259, 49.637873066899999 ], [ 5.9299951985, 49.637805562300002 ], [ 5.9297422942, 49.637828690100001 ], [ 5.9293731339, 49.638271187199997 ], [ 5.9278532644, 49.637887647200003 ], [ 5.9265089005, 49.637010578100003 ], [ 5.9255170684, 49.636659572299997 ], [ 5.9217574919, 49.635346083800002 ], [ 5.9206828992, 49.636951296699998 ], [ 5.9185047867, 49.636611724700003 ], [ 5.9183421331, 49.637207476699999 ], [ 5.9178918389, 49.637171263299997 ], [ 5.9176812056, 49.637807819800003 ], [ 5.9152484883, 49.637870253300001 ], [ 5.9154407464, 49.638441058700003 ], [ 5.9114583427, 49.637723482200002 ], [ 5.9095408407, 49.637822626800002 ], [ 5.9084051219, 49.638649960400002 ], [ 5.9067778277, 49.638646940800001 ], [ 5.9058898528, 49.638231139600002 ], [ 5.9031909167, 49.636163197499997 ], [ 5.90384648, 49.634235002200001 ], [ 5.9043751209, 49.633750690699998 ], [ 5.9041043577, 49.632770976 ], [ 5.9041906768, 49.632159812399998 ], [ 5.9062670833, 49.632128502 ], [ 5.9081526312, 49.632488087 ], [ 5.9084406685, 49.632014753599996 ], [ 5.904802941, 49.631340459900002 ], [ 5.9029727722, 49.6318181241 ], [ 5.9012007061, 49.631736563899999 ], [ 5.9005001207, 49.630778041699998 ], [ 5.8982125738, 49.630352960300002 ], [ 5.8966097651, 49.629737928 ], [ 5.8951773129, 49.628887530299998 ], [ 5.8928291435, 49.6285598419 ], [ 5.8928778788, 49.628384902800001 ], [ 5.8951780818, 49.628351759099999 ], [ 5.8956691098, 49.627441765 ], [ 5.8973446284, 49.626705274700001 ], [ 5.8978254595, 49.6259022403 ], [ 5.8989536353, 49.625746618400001 ], [ 5.9000459816, 49.625308046299999 ], [ 5.9007991554, 49.625185796099998 ], [ 5.8999715829, 49.621948874700003 ], [ 5.9001245029, 49.621676683499999 ], [ 5.9017647598, 49.620185531600001 ], [ 5.9047354119, 49.61862556 ], [ 5.9039022295, 49.618243312600001 ], [ 5.9032499388, 49.6181997403 ], [ 5.9025035919, 49.618388168899997 ], [ 5.9016902339, 49.618110327399997 ], [ 5.9011009066, 49.6172976979 ], [ 5.9030660389, 49.616773788099998 ], [ 5.9038822242, 49.616919755300003 ], [ 5.9046357884, 49.616495518100002 ], [ 5.9058895891, 49.616250410200003 ], [ 5.9061634515, 49.615683776399997 ], [ 5.9057974285, 49.615735610800002 ], [ 5.9058921806, 49.615310271399998 ], [ 5.906643295, 49.613694643899997 ], [ 5.90646751, 49.613258372899999 ], [ 5.9068064939, 49.6109046865 ], [ 5.9079351557, 49.609587617599999 ], [ 5.9081506197, 49.609021935599998 ], [ 5.9086569491, 49.608686030400001 ], [ 5.9081115843, 49.608532008700003 ], [ 5.9078478323, 49.608078513499997 ], [ 5.9088327478, 49.6073533426 ], [ 5.9086410271, 49.607168301900003 ], [ 5.910058287, 49.606130379699998 ], [ 5.9129013295, 49.604197827299998 ], [ 5.9130947621, 49.604299257299999 ], [ 5.9142271021, 49.603227642699999 ], [ 5.9146199888, 49.603212631600002 ], [ 5.9146319425, 49.602751822599998 ], [ 5.9162645267, 49.602537206100003 ], [ 5.9166741131, 49.602323513499996 ], [ 5.9171477796, 49.601924886600003 ], [ 5.9169700096, 49.601844752 ], [ 5.917480493, 49.600891133099999 ], [ 5.9179389228, 49.600942857600003 ], [ 5.9178598896, 49.6003762526 ], [ 5.9203299325, 49.5978906538 ], [ 5.9205129914, 49.597244184099999 ], [ 5.9210928336, 49.5968739 ], [ 5.9218271972, 49.596449409900004 ], [ 5.922249138, 49.5967614833 ], [ 5.9262227564, 49.594979241499999 ], [ 5.9272014828, 49.594337561700002 ], [ 5.9278004019, 49.5946443534 ], [ 5.928632148, 49.594012346500001 ], [ 5.9277852688, 49.593350484799998 ], [ 5.9279559515, 49.5932481241 ], [ 5.9269553543, 49.592148272499998 ], [ 5.9271288568, 49.592037305399998 ], [ 5.9290931695, 49.592023641600001 ], [ 5.9305313398, 49.592386062099997 ], [ 5.9332636935, 49.591245088199997 ], [ 5.9357494751, 49.594438380100001 ], [ 5.9372832124, 49.5952582635 ], [ 5.9392619061, 49.596673391700001 ] ] ] ] } },
{ "type": "Feature", "properties": { "name": "Goesdorf", "canton": "Wiltz", "district": "Diekirch", "lau2": "0804" }, "geometry": { "type": "MultiPolygon", "coordinates": [ [ [ [ 6.0490994299, 49.923483719 ], [ 6.0494171079, 49.923961222700001 ], [ 6.0482655935, 49.927517421899999 ], [ 6.0476439086, 49.9284488017 ], [ 6.047141877, 49.9288757996 ], [ 6.0438866236, 49.930406955300001 ], [ 6.0435771788, 49.930793694099997 ], [ 6.0436664444, 49.931882287400001 ], [ 6.0443023067, 49.932658213899998 ], [ 6.0443085365, 49.9331496143 ], [ 6.043829051, 49.933629359699999 ], [ 6.0415366231, 49.934152078399997 ], [ 6.0409924933, 49.934702973699999 ], [ 6.0408455223, 49.936495428699999 ], [ 6.0412682767, 49.937073635700003 ], [ 6.0411789199, 49.9374469049 ], [ 6.0419057788, 49.937889332399997 ], [ 6.0421450608, 49.938391368 ], [ 6.0416035584, 49.9385696577 ], [ 6.0400300993, 49.9384466793 ], [ 6.038234334, 49.938941933499997 ], [ 6.03764089, 49.9400979256 ], [ 6.0367176069, 49.940248155500001 ], [ 6.0357751439, 49.940062552599997 ], [ 6.0360027535, 49.938759530799999 ], [ 6.0356633742, 49.938657778600003 ], [ 6.0358260305, 49.938367453200001 ], [ 6.0361470709, 49.938383918299998 ], [ 6.0358882956, 49.937594233399999 ], [ 6.0350474819, 49.937131652399998 ], [ 6.0341103932, 49.936946051 ], [ 6.0335282164, 49.937003657799998 ], [ 6.0327630458, 49.9373415532 ], [ 6.0320887584, 49.938072056400003 ], [ 6.0272304501, 49.938815283799997 ], [ 6.0251441313, 49.9395965832 ], [ 6.0243579273, 49.940432578299998 ], [ 6.023925573, 49.941674701399997 ], [ 6.0176095843, 49.941130849099999 ], [ 6.0165885881, 49.9409025808 ], [ 6.0154803301, 49.940438018199998 ], [ 6.014912494, 49.940398147400003 ], [ 6.0131301792, 49.9406346078 ], [ 6.0118683203, 49.9413185035 ], [ 6.011166492, 49.942244256099997 ], [ 6.0112859017, 49.943619026199997 ], [ 6.0110975855, 49.943857587099998 ], [ 6.0119825376, 49.944353692 ], [ 6.0139909559, 49.944836265500001 ], [ 6.0135870885, 49.942754955399998 ], [ 6.0151794005, 49.943599327100003 ], [ 6.01547075, 49.944144478 ], [ 6.0177889536, 49.944586268099997 ], [ 6.0172751578, 49.9453786017 ], [ 6.0154672969, 49.945243704 ], [ 6.0150733431, 49.945611123500001 ], [ 6.0144803518, 49.945691204600003 ], [ 6.0146864631, 49.9473455535 ], [ 6.0156745283, 49.947328319199997 ], [ 6.0158221735, 49.947745445499997 ], [ 6.0140770853, 49.947876312699997 ], [ 6.0138929006, 49.947369878499998 ], [ 6.011116754, 49.947703570500003 ], [ 6.0109417254, 49.9471114376 ], [ 6.0084494391, 49.946858954 ], [ 6.0081827984, 49.9478711326 ], [ 6.0053066393, 49.947582632 ], [ 6.0003467443, 49.947809085800003 ], [ 6.0004277124, 49.947932614499997 ], [ 6.0023207891, 49.948002201199998 ], [ 6.00227905, 49.948307224799997 ], [ 6.0021383256, 49.948581261199998 ], [ 6.0008589099, 49.948605721600003 ], [ 6.0007519266, 49.948842089599999 ], [ 6.0000859943, 49.949017102699997 ], [ 5.999032893, 49.949089851 ], [ 5.9985883668, 49.948692707500001 ], [ 5.9982092281, 49.948826995 ], [ 5.998414085, 49.949640086400002 ], [ 5.9987288375, 49.949591653799999 ], [ 5.9991215253, 49.950253581 ], [ 6.0006169228, 49.950726515600003 ], [ 6.0007066654, 49.950872901499999 ], [ 6.0002009206, 49.951283524600001 ], [ 5.9983763139, 49.951333450600004 ], [ 5.9990381798, 49.952077025199998 ], [ 5.9982698554, 49.9522350851 ], [ 5.9974590487, 49.952327600099999 ], [ 5.9948312561, 49.951808390799997 ], [ 5.9934700109, 49.952953364599999 ], [ 5.9925900009, 49.953049383 ], [ 5.9910544595, 49.952864752499998 ], [ 5.9899320867, 49.952498532900002 ], [ 5.9890791058, 49.9520253162 ], [ 5.9887074745, 49.951550542299998 ], [ 5.9881451097, 49.952117693700004 ], [ 5.9878144669, 49.952044045299999 ], [ 5.9872036654, 49.9525961481 ], [ 5.9871689495, 49.953363943600003 ], [ 5.9844276792, 49.95291746 ], [ 5.9835497488, 49.952502421600002 ], [ 5.9824345166, 49.951674515800001 ], [ 5.9824308932, 49.952158997700003 ], [ 5.9833831699, 49.953028927600002 ], [ 5.9874180776, 49.954857926 ], [ 5.9865527072, 49.956455131799999 ], [ 5.9866371346, 49.957395648199999 ], [ 5.9860567984, 49.957509506599997 ], [ 5.9829495437, 49.956909290900001 ], [ 5.9823183481, 49.956748310099997 ], [ 5.9808596586, 49.955933309599999 ], [ 5.9794618123, 49.955868212200002 ], [ 5.978346295, 49.956921064200003 ], [ 5.9780867075, 49.959052289799999 ], [ 5.9778414107, 49.959321549599998 ], [ 5.9767524696, 49.959440886400003 ], [ 5.9756767813, 49.959190142399997 ], [ 5.9734109144, 49.959299497099998 ], [ 5.9709909906, 49.9602963914 ], [ 5.9706378904, 49.960949391200003 ], [ 5.9713515602, 49.9623961116 ], [ 5.9715036542, 49.9641731886 ], [ 5.9713638529, 49.964467453099999 ], [ 5.9706903263, 49.964576555 ], [ 5.9700102696, 49.964366040199998 ], [ 5.9694696238, 49.963790647700002 ], [ 5.9696124738, 49.963537027500003 ], [ 5.9694656557, 49.963228296700002 ], [ 5.9689967686, 49.962732913399996 ], [ 5.9683782914, 49.962417305700001 ], [ 5.9670552335, 49.961963943100002 ], [ 5.9661178862, 49.961911202300001 ], [ 5.9643275093, 49.961289658 ], [ 5.9635947482, 49.960778632900002 ], [ 5.9629231232, 49.9606307906 ], [ 5.9624001554, 49.960165645899998 ], [ 5.9604828326, 49.960013569600001 ], [ 5.9593311321, 49.9601915366 ], [ 5.958371897, 49.960791608299999 ], [ 5.9582105407, 49.961506383200003 ], [ 5.9585283394, 49.963043775800003 ], [ 5.9583459886, 49.963175436599997 ], [ 5.9576328336, 49.963565568 ], [ 5.9569583482, 49.9633529639 ], [ 5.9568214011, 49.963503404699999 ], [ 5.9549267377, 49.963522195400003 ], [ 5.9548558577, 49.963961510399997 ], [ 5.9532243511, 49.962585048699999 ], [ 5.9524062661, 49.961204013299998 ], [ 5.9524553615, 49.960383868199997 ], [ 5.952773374, 49.960402662100002 ], [ 5.9528365298, 49.959942098399999 ], [ 5.9537625884, 49.958293507 ], [ 5.9535574568, 49.9574554155 ], [ 5.9520148949, 49.955830629300003 ], [ 5.9513858011, 49.9552629979 ], [ 5.950746938, 49.954953802799999 ], [ 5.9503074393, 49.954444453699999 ], [ 5.9504956856, 49.954412502799997 ], [ 5.9504270834, 49.953935034300002 ], [ 5.9510288012, 49.953667135300002 ], [ 5.9519667347, 49.952689133299998 ], [ 5.9521550501, 49.9522550358 ], [ 5.9514595326, 49.952661453399998 ], [ 5.9513615512, 49.952576616800002 ], [ 5.9517079077, 49.951908872700002 ], [ 5.9527873536, 49.950765584899997 ], [ 5.9532709284, 49.950662251200001 ], [ 5.9544214413, 49.949660553299999 ], [ 5.9547691307, 49.948995310599997 ], [ 5.9548170772, 49.948364122599997 ], [ 5.9552730656, 49.948279583 ], [ 5.9539711623, 49.947385197099997 ], [ 5.9535137317, 49.946483940199997 ], [ 5.9542422464, 49.945691851600003 ], [ 5.9535409908, 49.944696447699997 ], [ 5.9555958212, 49.943175040900002 ], [ 5.9560906221, 49.942294811399996 ], [ 5.9552273279, 49.941742245500002 ], [ 5.9546355369, 49.941525067 ], [ 5.9538125943, 49.940397172700003 ], [ 5.9535268695, 49.9403080274 ], [ 5.949895765, 49.939374253 ], [ 5.9472949715, 49.939534344599998 ], [ 5.9473491186, 49.939124138899999 ], [ 5.9452893246, 49.938859464799997 ], [ 5.9441847029, 49.939500823 ], [ 5.9435583294, 49.9402107294 ], [ 5.94203527, 49.940045998599999 ], [ 5.9417439388, 49.9402379012 ], [ 5.9406470251, 49.940202112400002 ], [ 5.939453823, 49.939862515 ], [ 5.9393174582, 49.940845987400003 ], [ 5.9373169066, 49.941015142600001 ], [ 5.9362215024, 49.940847082600001 ], [ 5.9356108036, 49.9412145561 ], [ 5.9353979705, 49.941687543500002 ], [ 5.9341952248, 49.941691885399997 ], [ 5.9326022923, 49.940886389500001 ], [ 5.9331732894, 49.940120114099997 ], [ 5.9338966226, 49.939544363300001 ], [ 5.9330513476, 49.939182006099998 ], [ 5.9321908291, 49.939244053300001 ], [ 5.9311316278, 49.939803727600001 ], [ 5.9298384255, 49.941330066299997 ], [ 5.9297400887, 49.941769203600003 ], [ 5.9292193087, 49.941588227399997 ], [ 5.929246799, 49.9413581811 ], [ 5.9282939704, 49.940902427 ], [ 5.927201411, 49.940732175 ], [ 5.9257585714, 49.9410643282 ], [ 5.9253780064, 49.9412991584 ], [ 5.9244751345, 49.941391268099999 ], [ 5.924649368, 49.941063731100002 ], [ 5.9244894136, 49.940121345100003 ], [ 5.9247632114, 49.939900337899999 ], [ 5.924464984, 49.939740645199997 ], [ 5.9228728444, 49.939641184800003 ], [ 5.922819243, 49.939819695099999 ], [ 5.9217059756, 49.940092669199998 ], [ 5.919190481, 49.939295623100001 ], [ 5.9201888315, 49.937208684399998 ], [ 5.9203673186, 49.936525678099997 ], [ 5.9202128794, 49.936060432300003 ], [ 5.9184969084, 49.935547875799998 ], [ 5.916503348, 49.934534642 ], [ 5.9163743974, 49.933162941799999 ], [ 5.9180421958, 49.932972773199999 ], [ 5.919200314, 49.932600971399999 ], [ 5.9198237985, 49.932620301900002 ], [ 5.9199711461, 49.932783605099999 ], [ 5.9208986625, 49.932745301 ], [ 5.9210681515, 49.932593109800003 ], [ 5.921368476, 49.932685656799997 ], [ 5.9216787526, 49.932456264800003 ], [ 5.9221610247, 49.9328147835 ], [ 5.9222979059, 49.9325495199 ], [ 5.9235303809, 49.9323167262 ], [ 5.9279566902, 49.932531545300002 ], [ 5.9291189092, 49.932909821199999 ], [ 5.9293704841, 49.932708788100001 ], [ 5.9300265877, 49.932703874200001 ], [ 5.9318503411, 49.932161838399999 ], [ 5.9322805559, 49.932301856800002 ], [ 5.9325397526, 49.931990689499997 ], [ 5.9320412541, 49.931775507799998 ], [ 5.9324960413, 49.931856912100002 ], [ 5.9337943922, 49.931729241799999 ], [ 5.9341071412, 49.9307427305 ], [ 5.9327785673, 49.930663516499997 ], [ 5.93087177, 49.930138187899999 ], [ 5.9313035901, 49.928866522600003 ], [ 5.9319267793, 49.928951885700002 ], [ 5.9311135849, 49.928409579499998 ], [ 5.9365925426, 49.929407141600002 ], [ 5.9374961326, 49.929267235200001 ], [ 5.9384791226, 49.928749436300002 ], [ 5.9380912432, 49.928369109099997 ], [ 5.9405744174, 49.928840038300002 ], [ 5.9412299079, 49.927891361500002 ], [ 5.9422009524, 49.925503308899998 ], [ 5.9414423078, 49.923454629799998 ], [ 5.9420475475, 49.922730433 ], [ 5.9423232801, 49.921339576199998 ], [ 5.9428846423, 49.920507852900002 ], [ 5.9446477044, 49.919333931 ], [ 5.9461786678, 49.918661535200002 ], [ 5.9473491831, 49.9176695333 ], [ 5.9476801995, 49.916936245199999 ], [ 5.9474456726, 49.916209069200001 ], [ 5.947786782, 49.915485833200002 ], [ 5.9481007777, 49.913415645500002 ], [ 5.9489846169, 49.912790509700002 ], [ 5.9495720304, 49.912012664199999 ], [ 5.9498901573, 49.910701891400002 ], [ 5.9499605011, 49.910020944599999 ], [ 5.9505953401, 49.909261199500001 ], [ 5.9515277586, 49.908466456 ], [ 5.9533035946, 49.907760678800003 ], [ 5.9537161829, 49.9069767441 ], [ 5.9539435484, 49.905736970200003 ], [ 5.9551759389, 49.905040448599998 ], [ 5.9552496343, 49.904849597099997 ], [ 5.9573955802, 49.906295206099998 ], [ 5.9586930542, 49.9067485482 ], [ 5.9598366515, 49.906819871099998 ], [ 5.9607938126, 49.90664914 ], [ 5.9624806891, 49.905999155799996 ], [ 5.9629189462, 49.904968865599997 ], [ 5.9634995846, 49.904623247300002 ], [ 5.9647748251, 49.9047409012 ], [ 5.965495553, 49.904956339 ], [ 5.9669007879, 49.905697690099998 ], [ 5.967247156, 49.9060754773 ], [ 5.9679068574, 49.907706751900001 ], [ 5.969109026, 49.908438223700003 ], [ 5.969695666, 49.908602942100003 ], [ 5.9707840733, 49.908560143700001 ], [ 5.9724216003, 49.907989884499997 ], [ 5.9731357508, 49.907946434800003 ], [ 5.9743014007, 49.908022803500003 ], [ 5.9755953956, 49.908404475600001 ], [ 5.9753448623, 49.910595658799998 ], [ 5.9757172957, 49.911061382 ], [ 5.9765683581, 49.9113530168 ], [ 5.9790659779, 49.910981291200002 ], [ 5.98044388, 49.909796560399997 ], [ 5.9805369473, 49.909551133599997 ], [ 5.9799056043, 49.9082812893 ], [ 5.9797054398, 49.9071907545 ], [ 5.9795455038, 49.905374702099998 ], [ 5.979911713, 49.904474845700001 ], [ 5.9802235244, 49.904240929300002 ], [ 5.9813789857, 49.903948840699996 ], [ 5.9841844392, 49.904277025200003 ], [ 5.985553247, 49.904662426599998 ], [ 5.9866395102, 49.905166434100003 ], [ 5.9875721777, 49.905952991100001 ], [ 5.9881236133, 49.907077554300002 ], [ 5.9882183414, 49.908707443300003 ], [ 5.9870196042, 49.911317644500002 ], [ 5.986310596, 49.912287689499998 ], [ 5.9861584652, 49.912931165499998 ], [ 5.9866117025, 49.913378378200001 ], [ 5.9876444921, 49.913610670099999 ], [ 5.9930677081, 49.913957541899997 ], [ 6.0018275426, 49.913118646800001 ], [ 6.0025141129, 49.913261161800001 ], [ 6.0032365575, 49.913783987099997 ], [ 6.0035331215, 49.916040085399999 ], [ 6.0029733001, 49.916671067400003 ], [ 6.0011090193, 49.917513126300001 ], [ 6.0013190957, 49.919613496899998 ], [ 6.0026107211, 49.922108516900003 ], [ 6.0046700586, 49.924025655500003 ], [ 6.0063688684, 49.924084007899999 ], [ 6.0074158271, 49.9246649209 ], [ 6.0090237964, 49.925999627300001 ], [ 6.0097078566, 49.9262357052 ], [ 6.0129423332, 49.925906927100002 ], [ 6.0136363542, 49.925739887399999 ], [ 6.014027276, 49.925477261 ], [ 6.0156968897, 49.923802633199998 ], [ 6.019312315, 49.922201485800002 ], [ 6.0202373968, 49.921735056 ], [ 6.0247804733, 49.920284610700001 ], [ 6.0263634581, 49.919134696199997 ], [ 6.0276764704, 49.918513132299999 ], [ 6.0285196896, 49.918291034900001 ], [ 6.0293884906, 49.91835816 ], [ 6.0302293899, 49.918739868899998 ], [ 6.0314547823, 49.9199597414 ], [ 6.0320417375, 49.920267057700002 ], [ 6.0322718192, 49.920684872400003 ], [ 6.0335742432, 49.9213275663 ], [ 6.0368053282, 49.921511279599997 ], [ 6.0372960207, 49.9211638612 ], [ 6.0375236848, 49.920123939900002 ], [ 6.037744304, 49.919428463899997 ], [ 6.038247031, 49.919063909899997 ], [ 6.0390704776, 49.9192526796 ], [ 6.0396399885, 49.920006641199997 ], [ 6.0396742749, 49.921361685100003 ], [ 6.0394184626, 49.922618997199997 ], [ 6.0381913333, 49.924834780499999 ], [ 6.0394191125, 49.9260341795 ], [ 6.0400996923, 49.926167465500001 ], [ 6.0410823151, 49.926038418700003 ], [ 6.0465397282, 49.924878758299997 ], [ 6.0478037177, 49.924391594 ], [ 6.0490994299, 49.923483719 ] ] ] ] } },
{ "type": "Feature", "properties": { "name": "Grevenmacher", "canton": "Grevenmacher", "district": "Grevenmacher", "lau2": "1104" }, "geometry": { "type": "MultiPolygon", "coordinates": [ [ [ [ 6.4542360305, 49.693631552299998 ], [ 6.4535377311, 49.693695758399997 ], [ 6.4519846208, 49.693534856399999 ], [ 6.4518179227, 49.693730907899997 ], [ 6.4508599353, 49.694068339399998 ], [ 6.4496031577, 49.693909115899999 ], [ 6.4471840453, 49.693108937799998 ], [ 6.4469445068, 49.693369614 ], [ 6.4460567689, 49.693560374500002 ], [ 6.4448636063, 49.693395821700001 ], [ 6.444719415, 49.693752296299998 ], [ 6.4444900205, 49.693603866700002 ], [ 6.44437736, 49.693765837400001 ], [ 6.4430565647, 49.694135522099998 ], [ 6.44313043, 49.6942735541 ], [ 6.4407296304, 49.695451354299998 ], [ 6.4369611491, 49.697065460499999 ], [ 6.4328262032, 49.6994069721 ], [ 6.4327522774, 49.699844053299998 ], [ 6.4315044383, 49.699440259 ], [ 6.431033459, 49.698952687499997 ], [ 6.4295158539, 49.698029939 ], [ 6.4293484796, 49.697491179899998 ], [ 6.4275754689, 49.696580932400003 ], [ 6.4277819622, 49.695932171599999 ], [ 6.4259099838, 49.694495516 ], [ 6.4241231461, 49.693424489199998 ], [ 6.4206234641, 49.6914101578 ], [ 6.4186930519, 49.690690311200001 ], [ 6.4124325923, 49.687833618500001 ], [ 6.4118999397, 49.687991420400003 ], [ 6.4120736999, 49.688982910299998 ], [ 6.4112287265, 49.688968357199997 ], [ 6.4101584855, 49.689176759299997 ], [ 6.405912306, 49.690866462099997 ], [ 6.4049186659, 49.689840721300001 ], [ 6.4029479638, 49.6883228433 ], [ 6.4034040964, 49.68814518 ], [ 6.401072613, 49.685276071099999 ], [ 6.3992867772, 49.683510569600003 ], [ 6.398331681, 49.684012769100001 ], [ 6.3968354584, 49.681944709699998 ], [ 6.3959023076, 49.681862976700003 ], [ 6.3915333762, 49.680523120499998 ], [ 6.3917354754, 49.680452779200003 ], [ 6.3915333749, 49.68052312 ], [ 6.3914593981, 49.680500479499997 ], [ 6.3890104099, 49.679756210199997 ], [ 6.3884072029, 49.679572240299997 ], [ 6.3867926894, 49.679030823600002 ], [ 6.3821702243, 49.678420319 ], [ 6.3790056955, 49.677717234600003 ], [ 6.3776264018, 49.676877292 ], [ 6.37787821, 49.676435938200001 ], [ 6.3748087369, 49.673653247399997 ], [ 6.3739044476, 49.672381850599997 ], [ 6.3734780229, 49.671090176 ], [ 6.3752460947, 49.670485044599999 ], [ 6.3733876606, 49.668524742800003 ], [ 6.3704622603, 49.667036648299998 ], [ 6.3678134691, 49.667752313900003 ], [ 6.364720368, 49.666708444199998 ], [ 6.3601900558, 49.6647052625 ], [ 6.3629230313, 49.665010125499997 ], [ 6.3664748654, 49.665800367300001 ], [ 6.3714028794, 49.666227150200001 ], [ 6.3740118064, 49.667014324199997 ], [ 6.3745094415, 49.666666672600002 ], [ 6.3754338663, 49.665413369699998 ], [ 6.3767205336, 49.664177161399998 ], [ 6.3774799685, 49.664241149 ], [ 6.3786439535, 49.663295117200001 ], [ 6.3778921255, 49.663010531 ], [ 6.3787073262, 49.662266924699999 ], [ 6.3789916208, 49.662376265299997 ], [ 6.3802674337, 49.661992053299997 ], [ 6.3801358407, 49.661177276499998 ], [ 6.3811279578, 49.660402138 ], [ 6.3808782872, 49.659537958900003 ], [ 6.3816983132, 49.658989263599999 ], [ 6.3824441936, 49.659190454399997 ], [ 6.3834598143, 49.657270076300001 ], [ 6.3851636602, 49.656508604099997 ], [ 6.3889942885, 49.656149470300001 ], [ 6.3904046351, 49.655770318899997 ], [ 6.3925094907, 49.6556918247 ], [ 6.3981875812, 49.6542996831 ], [ 6.4002474693, 49.654303584799997 ], [ 6.4013563461, 49.654626379500002 ], [ 6.4038468138, 49.655034387699999 ], [ 6.405574809, 49.655978138199998 ], [ 6.4070357245, 49.657515593600003 ], [ 6.4076192593, 49.657666429300001 ], [ 6.4107419305, 49.6548805523 ], [ 6.4126644526, 49.654306745900001 ], [ 6.4194490205, 49.654058446100002 ], [ 6.4213947131, 49.654531970299999 ], [ 6.4218871979, 49.654326622799999 ], [ 6.4215012811, 49.6554333662 ], [ 6.4213126303, 49.657087961 ], [ 6.4206586963, 49.6582688437 ], [ 6.420497531, 49.659297184400003 ], [ 6.4206757246, 49.660198055 ], [ 6.4215660505, 49.662192746800002 ], [ 6.421034509, 49.663585709499998 ], [ 6.4212362696, 49.664033060400001 ], [ 6.423806922, 49.663993631799997 ], [ 6.4252537417, 49.663814329499999 ], [ 6.4254396675, 49.664366254900003 ], [ 6.4271757046, 49.666811176099998 ], [ 6.4294222171, 49.668415900500001 ], [ 6.4298607657, 49.669059025499998 ], [ 6.4314413035, 49.670415522900001 ], [ 6.4342482824, 49.671774328700003 ], [ 6.4370710137, 49.672691746300004 ], [ 6.4393311183, 49.673727686900001 ], [ 6.440160483, 49.674348257200002 ], [ 6.4400729742, 49.674434146899998 ], [ 6.4432681529, 49.676042691600003 ], [ 6.4468810422, 49.678602520200002 ], [ 6.4495303511, 49.681085279400001 ], [ 6.4495050959, 49.681272801399999 ], [ 6.4506772656, 49.682412799399998 ], [ 6.4510389405, 49.682560632200001 ], [ 6.4522379835, 49.683734983500003 ], [ 6.4554023573, 49.687207063 ], [ 6.4574508029, 49.690510462699997 ], [ 6.4610566062, 49.692349232799998 ], [ 6.4599486229, 49.6936072118 ], [ 6.4586007069, 49.693150268300002 ], [ 6.4584079413, 49.692899008200001 ], [ 6.4570067719, 49.692356227 ], [ 6.4550511273, 49.693455052300003 ], [ 6.4542360305, 49.693631552299998 ] ] ] ] } },
{ "type": "Feature", "properties": { "name": "Groussbus-Wal", "canton": "Redange", "district": "Diekirch", "lau2": "0711" }, "geometry": { "type": "MultiPolygon", "coordinates": [ [ [ [ 5.8884417374, 49.866931461699998 ], [ 5.887048988, 49.866020178 ], [ 5.8860897878, 49.865703472100002 ], [ 5.8851511321, 49.865637179099998 ], [ 5.8826003175, 49.8642325709 ], [ 5.8818490379, 49.863971335700001 ], [ 5.8809110911, 49.864043555599999 ], [ 5.8807680233, 49.863940772 ], [ 5.8793482597, 49.864669892400002 ], [ 5.8785288652, 49.865386727100002 ], [ 5.8791628124, 49.866452559599999 ], [ 5.8781908202, 49.867762456299999 ], [ 5.8779397579, 49.869810881500001 ], [ 5.8761069346, 49.869639167499997 ], [ 5.8746078184, 49.8693032985 ], [ 5.8751225389, 49.868679604699999 ], [ 5.8752848345, 49.868108102299999 ], [ 5.8749858638, 49.866952144599999 ], [ 5.8730640493, 49.865782792600001 ], [ 5.8733837072, 49.8651660373 ], [ 5.8741649827, 49.864377613099997 ], [ 5.8749915113, 49.863987006899997 ], [ 5.8749676309, 49.863853184200003 ], [ 5.8754412179, 49.863755875700001 ], [ 5.8749771389, 49.862212455 ], [ 5.8738941438, 49.862281878799998 ], [ 5.8748297793, 49.861500987699998 ], [ 5.8762647242, 49.860928478300004 ], [ 5.8732323388, 49.859978934300003 ], [ 5.8730329105, 49.8598843774 ], [ 5.8732256477, 49.859738543799999 ], [ 5.8719967347, 49.858983813199998 ], [ 5.8712296509, 49.857951638599999 ], [ 5.8706570039, 49.855912043099998 ], [ 5.8717276849, 49.855873671799998 ], [ 5.8726539251, 49.856076987599998 ], [ 5.873615456, 49.855699203699999 ], [ 5.8737268785, 49.855516796099998 ], [ 5.8731266174, 49.855256083800001 ], [ 5.8737710346, 49.853998155200003 ], [ 5.8736300662, 49.853925756300001 ], [ 5.8743602666, 49.853095123899998 ], [ 5.8745097994, 49.852734689099997 ], [ 5.8743141594, 49.852691947899999 ], [ 5.8745792832, 49.852186795 ], [ 5.870908936, 49.851678500299997 ], [ 5.8681265001, 49.850574073899999 ], [ 5.8678122095, 49.8500297601 ], [ 5.86829675, 49.849293399799997 ], [ 5.8689365901, 49.848811503900002 ], [ 5.8700972264, 49.849218074500001 ], [ 5.8715111056, 49.849447570700001 ], [ 5.8746439477, 49.849553059 ], [ 5.8749355806, 49.848561299099998 ], [ 5.876117564, 49.848328619299998 ], [ 5.8783306534, 49.848759026300002 ], [ 5.88064465, 49.848922654399999 ], [ 5.8823689153, 49.8490857237 ], [ 5.8856822035, 49.848744243100001 ], [ 5.885977258, 49.848047959399999 ], [ 5.886107187, 49.847871185700001 ], [ 5.8826327335, 49.846258354200003 ], [ 5.8814012664, 49.845486417099998 ], [ 5.8784758922, 49.844231498699997 ], [ 5.8769277737, 49.843874578300003 ], [ 5.875118811, 49.843736361300003 ], [ 5.8687210058, 49.842590909400002 ], [ 5.8689142466, 49.842322496199998 ], [ 5.8701919764, 49.842055859600002 ], [ 5.8708568738, 49.841706673899999 ], [ 5.8711048808, 49.841316420699997 ], [ 5.8710144919, 49.840938303400002 ], [ 5.871771118, 49.841178064200001 ], [ 5.8725882022, 49.841272972299997 ], [ 5.872760074, 49.840700569100001 ], [ 5.8746132973, 49.841310099399998 ], [ 5.8760053638, 49.840470199899997 ], [ 5.8774624072, 49.840689797700001 ], [ 5.8775970574, 49.839938640900002 ], [ 5.878363195, 49.840138769600003 ], [ 5.8783504462, 49.8399242566 ], [ 5.8787324202, 49.840069418 ], [ 5.8788911558, 49.839993590100001 ], [ 5.8796559661, 49.840449041699998 ], [ 5.8811582338, 49.838795447099997 ], [ 5.8816415077, 49.838874335900002 ], [ 5.881870985, 49.8385801242 ], [ 5.8819979433, 49.837405914400001 ], [ 5.8814701058, 49.835191714799997 ], [ 5.8816237283, 49.835185242500003 ], [ 5.881416549, 49.832924909 ], [ 5.8822220343, 49.832834908700001 ], [ 5.8826786784, 49.832027067799999 ], [ 5.8838508845, 49.831103864 ], [ 5.8832660182, 49.830601409400003 ], [ 5.8843606589, 49.830258448199999 ], [ 5.8852354908, 49.830376550399997 ], [ 5.8866411187, 49.830279985 ], [ 5.8868939476, 49.8305142643 ], [ 5.8883761936, 49.829679180299998 ], [ 5.8891996171, 49.829835411200001 ], [ 5.893815319, 49.827356098300001 ], [ 5.8960403779, 49.825897660499997 ], [ 5.8964233621, 49.825268983500003 ], [ 5.8964809114, 49.824444735299998 ], [ 5.8975452112, 49.822427998599998 ], [ 5.8980260062, 49.821656726299999 ], [ 5.8986540603, 49.8212640944 ], [ 5.9006892962, 49.820551245499999 ], [ 5.901121971, 49.820175179099998 ], [ 5.9038106911, 49.820001362900001 ], [ 5.9058993983, 49.820149483199998 ], [ 5.9075142039, 49.819441643399998 ], [ 5.9080297711, 49.819261023700001 ], [ 5.9084830078, 49.819704081600001 ], [ 5.9087959763, 49.820882236199999 ], [ 5.9087774578, 49.822133509499999 ], [ 5.9091674089, 49.822517588300002 ], [ 5.9095267676, 49.823777721799999 ], [ 5.9094263787, 49.825411653700002 ], [ 5.9102930685, 49.825513878 ], [ 5.9107449044, 49.82486728 ], [ 5.9117234205, 49.824723863899997 ], [ 5.9149901311, 49.825151692299997 ], [ 5.9195567068, 49.825220419300003 ], [ 5.9251313212, 49.8239380148 ], [ 5.9298971039, 49.819541662500001 ], [ 5.9344072923, 49.817670910499999 ], [ 5.9388646393, 49.816789097200001 ], [ 5.9391013868, 49.816572411199999 ], [ 5.9392054164, 49.8158719714 ], [ 5.9420084524, 49.815960516700002 ], [ 5.9420412723, 49.815484307600002 ], [ 5.9447449518, 49.815731827699999 ], [ 5.9457210044, 49.815715562900003 ], [ 5.946172974, 49.815364206399998 ], [ 5.9467227367, 49.815533550300003 ], [ 5.9470948036, 49.814685940799997 ], [ 5.9467221122, 49.814340727 ], [ 5.9469921097, 49.813917473 ], [ 5.9467116305, 49.813406169399997 ], [ 5.9472288481, 49.812775223300001 ], [ 5.9469182779, 49.812313168 ], [ 5.9499855563, 49.813222486299999 ], [ 5.9508840693, 49.812233850799998 ], [ 5.9524925746, 49.811501510900001 ], [ 5.9534148689, 49.811939426499997 ], [ 5.9540656487, 49.811483313300002 ], [ 5.9544877283, 49.811795059 ], [ 5.956029548, 49.811301691099999 ], [ 5.9562570762, 49.811670373399998 ], [ 5.9600571616, 49.8109073185 ], [ 5.9615423597, 49.810434859200001 ], [ 5.9626662264, 49.809728282199998 ], [ 5.9641039799, 49.809626374799997 ], [ 5.9642249847, 49.810112075500001 ], [ 5.9639227501, 49.811781504700001 ], [ 5.9646208412, 49.812062445499997 ], [ 5.9657781523, 49.811838832200003 ], [ 5.9670441051, 49.8119576438 ], [ 5.9679298825, 49.812264799899999 ], [ 5.9677923894, 49.811686821400002 ], [ 5.9691439279, 49.811778308699999 ], [ 5.9689706123, 49.812637217099997 ], [ 5.9695397772, 49.8130488571 ], [ 5.9730678063, 49.814074293 ], [ 5.9749535106, 49.813483367499998 ], [ 5.9778534043, 49.813228463500003 ], [ 5.9787243491, 49.812788440200002 ], [ 5.9811472426, 49.8127925529 ], [ 5.981950291, 49.813044499900002 ], [ 5.9842475598, 49.812785567 ], [ 5.9846879187, 49.813910502299997 ], [ 5.9845188818, 49.815386866700003 ], [ 5.9859511812, 49.816941312600001 ], [ 5.9850335175, 49.817242886899997 ], [ 5.9841855566, 49.8167813807 ], [ 5.9832525839, 49.817369494899999 ], [ 5.9825669252, 49.817022919499998 ], [ 5.9815901133, 49.8177317492 ], [ 5.9822059298, 49.818043703599997 ], [ 5.9792773667, 49.819809572099999 ], [ 5.9797331198, 49.820155804099997 ], [ 5.9810452282, 49.820660498099997 ], [ 5.9818874256, 49.821618500900001 ], [ 5.9813727138, 49.821869694500002 ], [ 5.9827072942, 49.823044831200001 ], [ 5.9846193422, 49.8240045119 ], [ 5.9836191578, 49.825289218599998 ], [ 5.9838856787, 49.825900799400003 ], [ 5.9825368352, 49.825516509700002 ], [ 5.9809978749, 49.827469356500004 ], [ 5.9819882057, 49.827779754799998 ], [ 5.9808227051, 49.8299935195 ], [ 5.9793593469, 49.830179125 ], [ 5.9784246835, 49.830116838599999 ], [ 5.9779413526, 49.831135259100002 ], [ 5.9770214167, 49.8317010552 ], [ 5.9785828034, 49.833320684900002 ], [ 5.977098338, 49.834044102699998 ], [ 5.9774026893, 49.834417507 ], [ 5.9773468467, 49.835679389200003 ], [ 5.9775676577, 49.8363113443 ], [ 5.9768891599, 49.8365191571 ], [ 5.9765374311, 49.838131241699998 ], [ 5.9762955017, 49.838034445799998 ], [ 5.9754338058, 49.838166669400003 ], [ 5.9749694205, 49.838756694 ], [ 5.9734194828, 49.839441349600001 ], [ 5.9737357419, 49.839737490499999 ], [ 5.9727261573, 49.840478087100003 ], [ 5.9733883476, 49.841227721700001 ], [ 5.9732021606, 49.841494576300001 ], [ 5.9720988984, 49.8421110114 ], [ 5.9705234933, 49.8427004821 ], [ 5.9701871002, 49.843144156599998 ], [ 5.9711309273, 49.844513189 ], [ 5.9713769488, 49.845584768099997 ], [ 5.9735794414, 49.845475059899996 ], [ 5.974329658, 49.847163152599997 ], [ 5.9765378407, 49.846789846100002 ], [ 5.9786998224, 49.846135977499998 ], [ 5.9787711864, 49.846261737699997 ], [ 5.9806108228, 49.846113473 ], [ 5.9821194982, 49.846156619200002 ], [ 5.9820924175, 49.845900936100001 ], [ 5.9834654692, 49.8455199036 ], [ 5.9846057144, 49.845645767199997 ], [ 5.9846957213, 49.845982572499999 ], [ 5.9849870809, 49.845919565899997 ], [ 5.985219563, 49.846196222499998 ], [ 5.985778603, 49.846178533100002 ], [ 5.9861945186, 49.845770450800003 ], [ 5.986250184, 49.845287218899998 ], [ 5.9866127258, 49.845275341200001 ], [ 5.986630769, 49.845619522100002 ], [ 5.9872821363, 49.845664732899998 ], [ 5.9871439503, 49.846301352300003 ], [ 5.9873113574, 49.846868256199997 ], [ 5.9860260459, 49.849465717199998 ], [ 5.9847171782, 49.85098906 ], [ 5.9825335943, 49.852539956199998 ], [ 5.9826945129, 49.8529617831 ], [ 5.981708106, 49.852431685699997 ], [ 5.9806384408, 49.8526932328 ], [ 5.9796161499, 49.853372434400001 ], [ 5.9788425472, 49.854459522500001 ], [ 5.9772002288, 49.855108725699999 ], [ 5.9778030878, 49.855181808099999 ], [ 5.9780567938, 49.855429995 ], [ 5.9779062228, 49.856058994100003 ], [ 5.9775118648, 49.856738526199997 ], [ 5.9764268288, 49.8574833 ], [ 5.9759239474, 49.8587766534 ], [ 5.9765484242, 49.858855738700001 ], [ 5.9763736802, 49.859502299299997 ], [ 5.9758634118, 49.860131952400003 ], [ 5.974994429, 49.860704485 ], [ 5.975132086, 49.8609185639 ], [ 5.9745796842, 49.860716536299996 ], [ 5.9727963017, 49.860514650900001 ], [ 5.9706047122, 49.860044279 ], [ 5.9696534774, 49.860128486299999 ], [ 5.9680448755, 49.860574653599997 ], [ 5.967175481, 49.861064242399998 ], [ 5.96688763, 49.862144741199998 ], [ 5.9662379088, 49.862820619099999 ], [ 5.9651497374, 49.864889679599997 ], [ 5.9652703491, 49.865021107700002 ], [ 5.9643134927, 49.866189448299998 ], [ 5.9642069659, 49.866616738399998 ], [ 5.9638568819, 49.866033794 ], [ 5.9629150238, 49.866192386800002 ], [ 5.9628335227, 49.865693012599998 ], [ 5.9618688575, 49.865739929199997 ], [ 5.9611518454, 49.865952615600001 ], [ 5.9607501447, 49.866250892700002 ], [ 5.9593389527, 49.86625898 ], [ 5.9593184036, 49.866474070499997 ], [ 5.9583170168, 49.866545867699998 ], [ 5.9578753558, 49.866378412099998 ], [ 5.9571776792, 49.866584518800003 ], [ 5.9568296122, 49.8669402035 ], [ 5.956958517, 49.867175838500003 ], [ 5.9552119972, 49.868343568 ], [ 5.9544479324, 49.868590497900001 ], [ 5.9503629484, 49.869153626299997 ], [ 5.9491477525, 49.86988935 ], [ 5.9473755593, 49.870508530800002 ], [ 5.9454011957, 49.8706730026 ], [ 5.9419548032, 49.8702134113 ], [ 5.9384176027, 49.870542518 ], [ 5.9372492052, 49.870235919300001 ], [ 5.9365616089, 49.870313553899997 ], [ 5.9338621116, 49.867644963 ], [ 5.9324642188, 49.86688559 ], [ 5.9319260685, 49.867156887699998 ], [ 5.9314824211, 49.866883553 ], [ 5.9309206295, 49.865829698399999 ], [ 5.9305910285, 49.865928858 ], [ 5.9301602465, 49.865170599599999 ], [ 5.9289271491, 49.864436406499998 ], [ 5.9281576316, 49.86350468 ], [ 5.9265167114, 49.859903013500002 ], [ 5.9251817847, 49.859042564699998 ], [ 5.9250116722, 49.859153944900001 ], [ 5.9250878497, 49.859241412 ], [ 5.9217459366, 49.861503680699997 ], [ 5.9194705651, 49.862032766900001 ], [ 5.9179963939, 49.861355634399999 ], [ 5.9175767668, 49.860354452800003 ], [ 5.9152392113, 49.859513843099997 ], [ 5.9139369105, 49.85871235 ], [ 5.9135804239, 49.858838653200003 ], [ 5.9112654475, 49.860711374600001 ], [ 5.91087388, 49.860910883499997 ], [ 5.9105420255, 49.860696307300003 ], [ 5.910203371, 49.860841286099998 ], [ 5.9096930418, 49.861273375800003 ], [ 5.9095519103, 49.861798150600002 ], [ 5.9098944869, 49.862526747300002 ], [ 5.912216384, 49.864021605300003 ], [ 5.9134629486, 49.864447259099997 ], [ 5.9145337942, 49.865017508199998 ], [ 5.9153993728, 49.864551330899999 ], [ 5.9179000927, 49.864658904800002 ], [ 5.9206101622, 49.864286097 ], [ 5.9209004578, 49.864500546899997 ], [ 5.9204335091, 49.865315308600003 ], [ 5.9208028349, 49.866121554400003 ], [ 5.9198902583, 49.8666874675 ], [ 5.9194244117, 49.867282056 ], [ 5.9179960616, 49.867181581200001 ], [ 5.9170532276, 49.866956979100003 ], [ 5.9163203777, 49.867086865200001 ], [ 5.9163754533, 49.867799769199998 ], [ 5.9156589302, 49.870206657700002 ], [ 5.9159344058, 49.870684827200002 ], [ 5.9157251497, 49.8708966238 ], [ 5.9163944511, 49.870752344800003 ], [ 5.9169683865, 49.871056128 ], [ 5.9143331736, 49.871315723099997 ], [ 5.9131417826, 49.873410285200002 ], [ 5.9130900757, 49.874006527699997 ], [ 5.9139513575, 49.873850087699999 ], [ 5.9139430541, 49.874030645799998 ], [ 5.9129768955, 49.874262952300001 ], [ 5.912275389, 49.874694624100002 ], [ 5.9124682614, 49.874810676199999 ], [ 5.9107002791, 49.876140498 ], [ 5.9109409805, 49.8764752469 ], [ 5.9096089116, 49.8771098454 ], [ 5.9091958989, 49.8785479712 ], [ 5.9085093657, 49.879718842099997 ], [ 5.9074112274, 49.879836878699997 ], [ 5.906649838, 49.879391214599998 ], [ 5.9063830094, 49.8799139212 ], [ 5.9065345651, 49.880459173 ], [ 5.9063176487, 49.880858335 ], [ 5.9065176039, 49.880965790799998 ], [ 5.9069327008, 49.8807994983 ], [ 5.9069670308, 49.880935621 ], [ 5.9066282003, 49.881384830199998 ], [ 5.9057716745, 49.881922148900003 ], [ 5.9044983868, 49.8823175092 ], [ 5.9041990212, 49.882554928300003 ], [ 5.9040065674, 49.8846989181 ], [ 5.9025561028, 49.886068668 ], [ 5.9021496297, 49.887078398200003 ], [ 5.9012285802, 49.887225847400003 ], [ 5.9006687154, 49.887473385200003 ], [ 5.8997931194, 49.888234633700002 ], [ 5.8995276216, 49.888391275399997 ], [ 5.8985985775, 49.887598773699999 ], [ 5.8970413968, 49.886696025600003 ], [ 5.896951544, 49.8865844408 ], [ 5.8978943254, 49.885842519500002 ], [ 5.8958430168, 49.8841418421 ], [ 5.894699339, 49.884559928400002 ], [ 5.8942977557, 49.884196744100002 ], [ 5.8928301499, 49.881759419300003 ], [ 5.8927512005, 49.881264237300002 ], [ 5.8930775396, 49.880468532499997 ], [ 5.8929193337, 49.879991728599997 ], [ 5.8923535205, 49.879453776 ], [ 5.8947158689, 49.878652005200003 ], [ 5.8955003497, 49.878213981199998 ], [ 5.8939453412, 49.876883943499998 ], [ 5.8949203479, 49.876402605899997 ], [ 5.893502772, 49.874967748300001 ], [ 5.8958412339, 49.875183562300002 ], [ 5.896326711, 49.875079471500001 ], [ 5.8968223165, 49.874745665399999 ], [ 5.8969626889, 49.874278822900003 ], [ 5.8977050419, 49.873552671399999 ], [ 5.8943873276, 49.871753893 ], [ 5.8947871897, 49.871440440599997 ], [ 5.8935943123, 49.870678446500001 ], [ 5.8937267794, 49.870587711100001 ], [ 5.8925111163, 49.8700973662 ], [ 5.8924499347, 49.869899472699998 ], [ 5.8899151898, 49.869973130799998 ], [ 5.8892331145, 49.870300104400002 ], [ 5.8889510086, 49.8701457871 ], [ 5.8881879745, 49.869362956700002 ], [ 5.8878413171, 49.868712478100001 ], [ 5.8884417374, 49.866931461699998 ] ] ] ] } },
{ "type": "Feature", "properties": { "name": "Habscht", "canton": "Capellen", "district": "Luxembourg", "lau2": "0103" }, "geometry": { "type": "MultiPolygon", "coordinates": [ [ [ [ 5.9857597263, 49.691352242599997 ], [ 5.9880785472, 49.692892492600002 ], [ 5.9893654992, 49.693226760800002 ], [ 5.9911314931, 49.69399443 ], [ 5.9921924464, 49.693909357 ], [ 5.9929124633, 49.693605184600003 ], [ 5.9935630983, 49.6930728321 ], [ 5.9943302858, 49.6919365348 ], [ 5.9934940974, 49.690481206400001 ], [ 5.9926386734, 49.689922044900001 ], [ 5.9925869127, 49.6897126052 ], [ 5.9931907336, 49.688828865 ], [ 5.9933247295, 49.6880795951 ], [ 5.9939657721, 49.688048422400001 ], [ 5.9938388787, 49.687680244500001 ], [ 5.9944441088, 49.686197634599999 ], [ 5.9952713747, 49.685745832800002 ], [ 5.9959527127, 49.686424251799998 ], [ 5.9956968664, 49.686874226800001 ], [ 5.9958728542, 49.687440328699999 ], [ 5.9972974363, 49.688554492199998 ], [ 5.9986652948, 49.689134272099999 ], [ 6.0011872916, 49.689602860400001 ], [ 6.0030657281, 49.690204222799998 ], [ 6.0040688382, 49.690298336200001 ], [ 6.0045271993, 49.690263538899998 ], [ 6.0045656208, 49.690100174599998 ], [ 6.0053522121, 49.6901323401 ], [ 6.0070234082, 49.690601398200002 ], [ 6.0072081146, 49.690375335100001 ], [ 6.0094781155, 49.691003611799999 ], [ 6.0095870304, 49.690246251399998 ], [ 6.0092797442, 49.688584398700002 ], [ 6.0170043928, 49.690121452500001 ], [ 6.0187941758, 49.689722892500001 ], [ 6.0204819763, 49.691049175 ], [ 6.021457332, 49.691204806899997 ], [ 6.0213039245, 49.691538274199999 ], [ 6.0224472069, 49.6924422222 ], [ 6.0228148006, 49.6946838275 ], [ 6.0225361937, 49.695871021199999 ], [ 6.0189356135, 49.6973506175 ], [ 6.0186462792, 49.697419287599999 ], [ 6.0185213784, 49.697178495700001 ], [ 6.0170772803, 49.697238067400001 ], [ 6.0151051494, 49.696639822100003 ], [ 6.0129303929, 49.694979289499997 ], [ 6.0110039766, 49.6942425035 ], [ 6.0104048472, 49.694871936200002 ], [ 6.0095671315, 49.694637611700003 ], [ 6.0088390408, 49.695389289399998 ], [ 6.0079418038, 49.695270629200003 ], [ 6.0069208694, 49.695518205 ], [ 6.0066063715, 49.695120291800002 ], [ 6.0061397056, 49.695020852100001 ], [ 6.0057496671, 49.695475930500002 ], [ 6.0065373114, 49.695749161599998 ], [ 6.0060890865, 49.696429903099997 ], [ 6.0063601851, 49.696489296 ], [ 6.0060258377, 49.6979141359 ], [ 6.0049749989, 49.697910744700003 ], [ 6.0043314692, 49.6982636591 ], [ 6.0029036827, 49.698243624699998 ], [ 6.0022007325, 49.698119243699999 ], [ 6.0002858244, 49.697283261800003 ], [ 5.9999232561, 49.696950651900003 ], [ 5.9985904365, 49.696812192700001 ], [ 5.9979581475, 49.6969485431 ], [ 5.9969233757, 49.697557470500001 ], [ 5.9979408272, 49.698327591400002 ], [ 5.9979808358, 49.698904827699998 ], [ 5.9975935616, 49.699888842100002 ], [ 6.0000635, 49.700474312799997 ], [ 5.9991940279, 49.701661368400003 ], [ 6.0016208711, 49.7034976327 ], [ 6.0030412365, 49.7028528341 ], [ 6.003849613, 49.703373918600001 ], [ 6.0024565427, 49.704448061500003 ], [ 6.004207913, 49.705422981700004 ], [ 6.0030864856, 49.706238945700001 ], [ 6.0018466595, 49.706860904899997 ], [ 6.0001247528, 49.708308712600001 ], [ 5.9975760566, 49.7112230607 ], [ 5.9971369846, 49.71202494 ], [ 5.9992033218, 49.713341005799997 ], [ 5.9996526615, 49.714098281200002 ], [ 5.998850353, 49.714627218 ], [ 5.9991181583, 49.714747598800002 ], [ 5.9980033425, 49.715517722599998 ], [ 5.99677262, 49.716724979699997 ], [ 5.9982408856, 49.717239258 ], [ 5.9975499185, 49.718471728200001 ], [ 5.9989259589, 49.718873845700003 ], [ 6.0005383373, 49.719622892899999 ], [ 5.9994955508, 49.720873918899997 ], [ 5.9930725271, 49.719300062800002 ], [ 5.9903552495, 49.719001977 ], [ 5.9899203715, 49.720647098299999 ], [ 5.9903233725, 49.722030001199997 ], [ 5.990054659, 49.722847873200003 ], [ 5.9894265129, 49.723721574800003 ], [ 5.9887188538, 49.723595325200002 ], [ 5.9877056507, 49.72372864 ], [ 5.9860562315, 49.723379664600003 ], [ 5.9850669356, 49.723082710500002 ], [ 5.9851643639, 49.7229036584 ], [ 5.9813218386, 49.721939744499998 ], [ 5.9804193801, 49.721380384500002 ], [ 5.978351217, 49.720674595 ], [ 5.9733791324, 49.7201612677 ], [ 5.9714901285, 49.720212593799999 ], [ 5.9710322616, 49.720399925499997 ], [ 5.9708621696, 49.720934754 ], [ 5.9701717033, 49.720951068700003 ], [ 5.9701744967, 49.721055816700002 ], [ 5.9693964463, 49.720637118 ], [ 5.9685107801, 49.719825222 ], [ 5.9672945319, 49.719426894100003 ], [ 5.9661654908, 49.718597504100003 ], [ 5.9651679468, 49.718245512300001 ], [ 5.9642028936, 49.716982068199997 ], [ 5.9618006366, 49.715922263099998 ], [ 5.961289121, 49.715444660300001 ], [ 5.9596141616, 49.714502963199998 ], [ 5.957173123, 49.713414167400003 ], [ 5.9552787452, 49.712803349 ], [ 5.9542071848, 49.712424424 ], [ 5.9515183451, 49.710467588100002 ], [ 5.9499817914, 49.708668181699998 ], [ 5.9461717506, 49.708718533099997 ], [ 5.9432462038, 49.707437101300002 ], [ 5.9370887462, 49.703813419799999 ], [ 5.9322521567, 49.702418108899998 ], [ 5.9292845833, 49.7019582458 ], [ 5.9281747084, 49.702858473 ], [ 5.9277232386, 49.703599367899997 ], [ 5.9250325437, 49.702709449300002 ], [ 5.9241321175, 49.702732530799999 ], [ 5.9227614871, 49.703546268700002 ], [ 5.9225761671, 49.703963835899998 ], [ 5.9228477765, 49.704918304300001 ], [ 5.922595229, 49.705305574199997 ], [ 5.9211924099, 49.704350713099998 ], [ 5.9196422772, 49.7043850819 ], [ 5.9180571747, 49.704195509100003 ], [ 5.9167211274, 49.704370457800003 ], [ 5.9161753539, 49.703755083 ], [ 5.9154817003, 49.703444435500003 ], [ 5.9145232791, 49.703182107899998 ], [ 5.9137302165, 49.703330846199997 ], [ 5.9122993265, 49.704698516599997 ], [ 5.9117407605, 49.704935885600001 ], [ 5.9098665489, 49.706939199099999 ], [ 5.9097583294, 49.708565558499998 ], [ 5.9103950084, 49.710364847299999 ], [ 5.908346921, 49.711993324600002 ], [ 5.9073519449, 49.711848286 ], [ 5.9040862123, 49.710839268900003 ], [ 5.8999461819, 49.710825771400003 ], [ 5.9003574361, 49.711947340099996 ], [ 5.8986451671, 49.712882684500002 ], [ 5.8957772813, 49.712099594100003 ], [ 5.8932145593, 49.710556995499999 ], [ 5.8921297725, 49.710343265 ], [ 5.8893632605, 49.710426705300002 ], [ 5.8885289838, 49.7101695944 ], [ 5.8869859976, 49.7093110295 ], [ 5.8869270084, 49.709276685600003 ], [ 5.8819253894, 49.705430822899999 ], [ 5.8796580998, 49.702807029399999 ], [ 5.877940988, 49.7012087433 ], [ 5.8731177766, 49.69856734 ], [ 5.872264754, 49.698388554 ], [ 5.8718060151, 49.698461928299999 ], [ 5.8705747766, 49.697163761600002 ], [ 5.8701077311, 49.696209359800001 ], [ 5.8688105667, 49.694616517100002 ], [ 5.8666914853, 49.694351426200001 ], [ 5.8657091151, 49.693026492900003 ], [ 5.8668179187, 49.692428512699998 ], [ 5.8669575201, 49.6918265029 ], [ 5.8657390108, 49.690817094700002 ], [ 5.8650315241, 49.6897699604 ], [ 5.8634206405, 49.688485864900002 ], [ 5.8642910895, 49.688235833299998 ], [ 5.8645610423, 49.687364349900001 ], [ 5.8640824532, 49.687172599 ], [ 5.8642841387, 49.6865890419 ], [ 5.8638259175, 49.686396965599997 ], [ 5.8625893284, 49.6845162571 ], [ 5.8625115972, 49.683980581299998 ], [ 5.8629135668, 49.683087798199999 ], [ 5.8623189058, 49.682182558 ], [ 5.8623431074, 49.681578513600002 ], [ 5.8618044598, 49.681030761700001 ], [ 5.8624756264, 49.679665812300001 ], [ 5.8654088679, 49.676050289700001 ], [ 5.866114095, 49.675671126300003 ], [ 5.8675318547, 49.675136742299998 ], [ 5.8689406701, 49.675135497399999 ], [ 5.8701679601, 49.675343851599997 ], [ 5.8738594774, 49.673265273399998 ], [ 5.876929241, 49.6735025021 ], [ 5.8776471786, 49.673252634699999 ], [ 5.878007765, 49.673307688100003 ], [ 5.8788693889, 49.672823364899998 ], [ 5.8791813694, 49.672888534199998 ], [ 5.8808853145, 49.672038667199999 ], [ 5.8821763666, 49.671807377900002 ], [ 5.8824163334, 49.671694610700001 ], [ 5.8822853897, 49.670333152700003 ], [ 5.8832350101, 49.6701962968 ], [ 5.8845365121, 49.670575391699998 ], [ 5.8850628957, 49.670482207699997 ], [ 5.8850417391, 49.669910315400003 ], [ 5.8846239134, 49.669425081299998 ], [ 5.8847252477, 49.669032856599998 ], [ 5.8850893745, 49.6686681463 ], [ 5.8864985601, 49.667891113400003 ], [ 5.8871638789, 49.667959742699999 ], [ 5.8873303456, 49.668394308 ], [ 5.8870233481, 49.668742926100002 ], [ 5.8874762521, 49.669718799199998 ], [ 5.8896860197, 49.670504069700002 ], [ 5.8901510794, 49.670469192600002 ], [ 5.8901136656, 49.670334374100001 ], [ 5.8907015902, 49.670259968 ], [ 5.8915407292, 49.669153243799997 ], [ 5.8923211079, 49.668951310600001 ], [ 5.8935146455, 49.669592799 ], [ 5.8955801963, 49.669755911700001 ], [ 5.8964235083, 49.670229146 ], [ 5.8965802478, 49.6705804821 ], [ 5.8963802612, 49.671096947599999 ], [ 5.8964663138, 49.671968908499998 ], [ 5.8967808633, 49.672690886 ], [ 5.8969997966, 49.674478890400003 ], [ 5.8968867999, 49.675696140500001 ], [ 5.8979234829, 49.675917124900003 ], [ 5.8999915288, 49.676037988 ], [ 5.9033794096, 49.6756122679 ], [ 5.9035568626, 49.675624836799997 ], [ 5.9037418489, 49.676181795300003 ], [ 5.9083056617, 49.675818435099998 ], [ 5.9096634793, 49.675424073400002 ], [ 5.9128490352, 49.6737239733 ], [ 5.9158560712, 49.673204013099998 ], [ 5.9176468037, 49.672524972 ], [ 5.9179904975, 49.6738955322 ], [ 5.9190452711, 49.674634773599998 ], [ 5.920816117, 49.675288516899997 ], [ 5.9230922566, 49.6766393937 ], [ 5.923832527, 49.678006185299999 ], [ 5.9254572316, 49.679145904099997 ], [ 5.9257581072, 49.6790707834 ], [ 5.9274294142, 49.681189563799997 ], [ 5.9283037861, 49.681040584500003 ], [ 5.9287402621, 49.680493218800002 ], [ 5.930223408, 49.679507066100001 ], [ 5.930819187, 49.6793602845 ], [ 5.9315576291, 49.679277895399998 ], [ 5.9319449711, 49.679504066900002 ], [ 5.9335835245, 49.679547159800002 ], [ 5.9345301648, 49.679763381800001 ], [ 5.9351883093, 49.680097905099998 ], [ 5.9360224001, 49.679919701199999 ], [ 5.9371274079, 49.680534721800001 ], [ 5.9381575797, 49.680447313400002 ], [ 5.9385797374, 49.679749221800002 ], [ 5.9406244807, 49.679281766499997 ], [ 5.9408772319, 49.678709944700003 ], [ 5.9417544809, 49.677875205 ], [ 5.9432694512, 49.677728670699999 ], [ 5.9442215283, 49.678524081100001 ], [ 5.9446258262, 49.679041808900003 ], [ 5.9423373506, 49.681339184700001 ], [ 5.9421498055, 49.681639170399997 ], [ 5.9424067636, 49.682095148400002 ], [ 5.9418431212, 49.682475393 ], [ 5.9422455525, 49.682750595599998 ], [ 5.9422827132, 49.682997575800002 ], [ 5.9414014397, 49.683660018499999 ], [ 5.9410894873, 49.684123726700001 ], [ 5.9411252346, 49.684300935099998 ], [ 5.9419496223, 49.684377201899999 ], [ 5.9424675894, 49.684975976899999 ], [ 5.9423568212, 49.685659294600001 ], [ 5.9437336121, 49.685841462699997 ], [ 5.9438570457, 49.686122009899996 ], [ 5.9450063555, 49.6865314183 ], [ 5.9450907422, 49.687034917200002 ], [ 5.9456231475, 49.686447627100002 ], [ 5.9471361887, 49.687061119600003 ], [ 5.9479556985, 49.687716716300002 ], [ 5.9493182832, 49.689256253300002 ], [ 5.9502912629, 49.68953802 ], [ 5.9508544441, 49.689268384899997 ], [ 5.9515881755, 49.688522691400003 ], [ 5.9532197182, 49.687804908899999 ], [ 5.95502001, 49.687572678 ], [ 5.9563774435, 49.687556563900003 ], [ 5.9563937736, 49.687728409599998 ], [ 5.9577358802, 49.688064667500001 ], [ 5.9589850043, 49.68876366 ], [ 5.9601047974, 49.689866179299997 ], [ 5.9603540405, 49.689851592 ], [ 5.9608777379, 49.69171087 ], [ 5.9613665016, 49.6922948164 ], [ 5.9622223735, 49.691785661300003 ], [ 5.9631402794, 49.692056712099998 ], [ 5.9640384839, 49.691361039299998 ], [ 5.9656578559, 49.691389969299998 ], [ 5.9662753349, 49.691616479700002 ], [ 5.9689796366, 49.691948722699998 ], [ 5.9724028673, 49.692676049399999 ], [ 5.9755942453, 49.692753974799999 ], [ 5.9762066042, 49.692640946 ], [ 5.9777587332, 49.691351703599999 ], [ 5.9786148037, 49.690226857900001 ], [ 5.9809199358, 49.688646988199999 ], [ 5.9831748446, 49.689516739200002 ], [ 5.9840202331, 49.69016358 ], [ 5.9844747829, 49.690816244899999 ], [ 5.9857597263, 49.691352242599997 ] ] ] ] } },
{ "type": "Feature", "properties": { "name": "Heffingen", "canton": "Mersch", "district": "Luxembourg", "lau2": "0405" }, "geometry": { "type": "MultiPolygon", "coordinates": [ [ [ [ 6.2265849146, 49.770342839800001 ], [ 6.2272509207, 49.7701092406 ], [ 6.2272599531, 49.769453846 ], [ 6.2283766722, 49.768635157299997 ], [ 6.2291140986, 49.767479669499998 ], [ 6.2294577928, 49.767536333899997 ], [ 6.2295463607, 49.766784470300003 ], [ 6.229119273, 49.766452508699999 ], [ 6.2287623912, 49.765544479399999 ], [ 6.228088984, 49.765188018899998 ], [ 6.2277047771, 49.764695805199999 ], [ 6.2267110981, 49.764364884300001 ], [ 6.2262564903, 49.763511138399998 ], [ 6.2250083109, 49.762355339800003 ], [ 6.224961093, 49.7619696326 ], [ 6.2232897906, 49.761143033300002 ], [ 6.2230687186, 49.760787546300001 ], [ 6.2225805228, 49.760687911200002 ], [ 6.221844935, 49.760203523199998 ], [ 6.2219320923, 49.759733381799997 ], [ 6.2229979385, 49.759253485800002 ], [ 6.2240493453, 49.759012283 ], [ 6.2269942572, 49.7589294255 ], [ 6.2276443069, 49.757832277299997 ], [ 6.2277922106, 49.755941908200001 ], [ 6.2257217922, 49.755741938500002 ], [ 6.2237501517, 49.755943330599997 ], [ 6.2227147226, 49.755535847899999 ], [ 6.2225653471, 49.754647325100002 ], [ 6.2231236779, 49.754074875 ], [ 6.2249326383, 49.754005325400001 ], [ 6.2253795486, 49.753204617100003 ], [ 6.2260948333, 49.752703388500002 ], [ 6.2282535902, 49.752805512400002 ], [ 6.2276430935, 49.74970787 ], [ 6.2291125379, 49.748438557500002 ], [ 6.2306470379, 49.747554274800002 ], [ 6.2308409201, 49.7476420984 ], [ 6.2353630604, 49.747319643499999 ], [ 6.2372484631, 49.747044524899998 ], [ 6.2413634848, 49.746131548100003 ], [ 6.2475519695, 49.745838467200002 ], [ 6.2490798791, 49.745605983600001 ], [ 6.2501631891, 49.7452017154 ], [ 6.2514146295, 49.745080524800002 ], [ 6.2550158862, 49.745189957800001 ], [ 6.2550208481, 49.745064082900001 ], [ 6.2615590105, 49.7454273679 ], [ 6.2633577573, 49.7448522137 ], [ 6.2643345954, 49.744251533300002 ], [ 6.2649034347, 49.744296962 ], [ 6.2652573001, 49.744772869400002 ], [ 6.2647693612, 49.745477017600003 ], [ 6.2652113404, 49.7461053436 ], [ 6.2651221837, 49.7464996832 ], [ 6.2656159221, 49.746595520299998 ], [ 6.2657275351, 49.746761404399997 ], [ 6.2654803746, 49.747177761899998 ], [ 6.2660609363, 49.748126695300002 ], [ 6.2694650636, 49.750528272700002 ], [ 6.2718961428, 49.752994386 ], [ 6.2718682176, 49.753946444900002 ], [ 6.2714523471, 49.754669966100003 ], [ 6.2724756183, 49.755633940099997 ], [ 6.2723824606, 49.7567579165 ], [ 6.2724831015, 49.757494619 ], [ 6.2731441265, 49.7575708607 ], [ 6.2756207518, 49.758324082599998 ], [ 6.2773190314, 49.760184505799998 ], [ 6.2773826452, 49.760812450499998 ], [ 6.2781200778, 49.761433027 ], [ 6.2783046021, 49.762046856700003 ], [ 6.2788411534, 49.7621208475 ], [ 6.2790320481, 49.762536333500002 ], [ 6.2788189143, 49.762941276299998 ], [ 6.2777635364, 49.763215796099999 ], [ 6.2774449665, 49.763244897 ], [ 6.2771358457, 49.763057993899999 ], [ 6.2756543468, 49.763213527600001 ], [ 6.2750409767, 49.764196466800001 ], [ 6.2779697161, 49.766041431700003 ], [ 6.2794425497, 49.766697859399997 ], [ 6.2795370197, 49.7669673738 ], [ 6.2786840567, 49.768212437400003 ], [ 6.2773252035, 49.767892227200001 ], [ 6.2767044285, 49.7692225483 ], [ 6.2758005938, 49.769171522199997 ], [ 6.2752262755, 49.7702442963 ], [ 6.2717978321, 49.769754478400003 ], [ 6.2687217291, 49.768999994600001 ], [ 6.2682697137, 49.768754168900003 ], [ 6.267644065, 49.7688989695 ], [ 6.2674324701, 49.7690999163 ], [ 6.266596976, 49.768983252600002 ], [ 6.2665059716, 49.769099527100003 ], [ 6.2674667109, 49.769434234800002 ], [ 6.2672667472, 49.769649430500003 ], [ 6.2648839597, 49.7687943838 ], [ 6.2647492933, 49.768418773599997 ], [ 6.2630986102, 49.7687123149 ], [ 6.2631966342, 49.770073406900003 ], [ 6.2646139346, 49.769961907700001 ], [ 6.2645170576, 49.770441780600002 ], [ 6.2646683225, 49.770488009799998 ], [ 6.2632978508, 49.773524134900001 ], [ 6.2629318988, 49.774063873599999 ], [ 6.2627662606, 49.774027184200001 ], [ 6.261329381, 49.776407733799999 ], [ 6.2633572907, 49.776665227199999 ], [ 6.2632698495, 49.776937746199998 ], [ 6.2636700628, 49.776975031 ], [ 6.2628175684, 49.7787891969 ], [ 6.2593624663, 49.778199119600004 ], [ 6.2567712803, 49.777124860500003 ], [ 6.2552183877, 49.778555272299997 ], [ 6.2539135213, 49.778765101899999 ], [ 6.2536498488, 49.778203620399999 ], [ 6.2528977603, 49.777616400299998 ], [ 6.25122201, 49.776851121599996 ], [ 6.2477309163, 49.7803709748 ], [ 6.2482656179, 49.780499628100003 ], [ 6.2479390226, 49.7808665433 ], [ 6.2462834662, 49.780458534300003 ], [ 6.2459331466, 49.780863185100003 ], [ 6.2440134609, 49.780091521700001 ], [ 6.2428022161, 49.781232298500001 ], [ 6.2429819214, 49.781290791700002 ], [ 6.2425727949, 49.781982904499998 ], [ 6.2400989614, 49.781350199499997 ], [ 6.2374314602, 49.781083158400001 ], [ 6.236848796, 49.782369508599999 ], [ 6.2366575067, 49.782869454199997 ], [ 6.2385097137, 49.783147833299999 ], [ 6.2422929544, 49.783761129299997 ], [ 6.2424679111, 49.783590003100002 ], [ 6.2432436207, 49.783631825100002 ], [ 6.2451577983, 49.784049755300003 ], [ 6.2485742648, 49.785378547500002 ], [ 6.2464844414, 49.787612842800002 ], [ 6.2467970639, 49.787777662300002 ], [ 6.2450735148, 49.789041679199997 ], [ 6.243547209, 49.787968096299998 ], [ 6.243654705, 49.787896621100003 ], [ 6.2420354376, 49.786342722900002 ], [ 6.2409481707, 49.787066624799998 ], [ 6.2376939353, 49.786154113 ], [ 6.2355777061, 49.791841257500003 ], [ 6.2261647689, 49.786970310100003 ], [ 6.2257330713, 49.786121354800002 ], [ 6.2242025016, 49.786308774 ], [ 6.2235361814, 49.783589017799997 ], [ 6.2240144938, 49.782542577900003 ], [ 6.2239329167, 49.781768111200002 ], [ 6.2241324602, 49.781758357299999 ], [ 6.223853532, 49.780763938900002 ], [ 6.2225404455, 49.7786446924 ], [ 6.2203978169, 49.777127366499997 ], [ 6.2204792974, 49.776339596299998 ], [ 6.2209145249, 49.775946392100003 ], [ 6.222071091, 49.775825680099999 ], [ 6.2225060777, 49.775980482800001 ], [ 6.2226622056, 49.775551181099999 ], [ 6.2230353153, 49.775404866400002 ], [ 6.2234474821, 49.774724040899997 ], [ 6.2234802614, 49.774005943100001 ], [ 6.2226906845, 49.773098312400002 ], [ 6.2225058268, 49.7725629388 ], [ 6.2228423935, 49.771437549600002 ], [ 6.2236360435, 49.7709596312 ], [ 6.2265849146, 49.770342839800001 ] ] ] ] } },
{ "type": "Feature", "properties": { "name": "Helperknapp", "canton": "Mersch", "district": "Luxembourg", "lau2": "0403" }, "geometry": { "type": "MultiPolygon", "coordinates": [ [ [ [ 6.0443238149, 49.763960753900001 ], [ 6.0408332174, 49.764888810899997 ], [ 6.0371285475, 49.766371917699999 ], [ 6.0379224733, 49.767734870399998 ], [ 6.037971175, 49.768541341800002 ], [ 6.0391521348, 49.769826074400001 ], [ 6.0392242297, 49.770339724 ], [ 6.0384223553, 49.77137582 ], [ 6.0387526237, 49.7714068091 ], [ 6.0389266101, 49.771842208199999 ], [ 6.0391982131, 49.771990262599999 ], [ 6.0395198481, 49.773470297199999 ], [ 6.0399508192, 49.7737356568 ], [ 6.0396316888, 49.774511162499998 ], [ 6.0389422934, 49.774752297500001 ], [ 6.0387194374, 49.775027733800002 ], [ 6.0381378792, 49.776772371 ], [ 6.0375094884, 49.7775396587 ], [ 6.0370150166, 49.7776903464 ], [ 6.0369434939, 49.778112471299998 ], [ 6.0366028251, 49.778323729900002 ], [ 6.036830152, 49.7790310448 ], [ 6.0365301494, 49.779007726499998 ], [ 6.0365319249, 49.7793283922 ], [ 6.0362475997, 49.779365481699998 ], [ 6.0361698375, 49.779652387200002 ], [ 6.0355922856, 49.779771489300003 ], [ 6.0351467742, 49.780155435399998 ], [ 6.0353575352, 49.780566992700003 ], [ 6.034765312, 49.781280631500003 ], [ 6.0348229986, 49.782444251500003 ], [ 6.034717676, 49.7827051951 ], [ 6.0340936892, 49.782967773700001 ], [ 6.0334101069, 49.781689942299998 ], [ 6.0330426168, 49.781382079099998 ], [ 6.0316125244, 49.781229918500003 ], [ 6.0303854833, 49.781514768199997 ], [ 6.0301773428, 49.781383850899999 ], [ 6.0298569071, 49.781428254300003 ], [ 6.0299737644, 49.781570077799998 ], [ 6.0297888195, 49.781667417100003 ], [ 6.0290088943, 49.781401469599999 ], [ 6.028306085, 49.781565977900001 ], [ 6.026345797, 49.781249906699998 ], [ 6.0260153054, 49.781036513899998 ], [ 6.0252618971, 49.780900903099997 ], [ 6.0249496501, 49.781116675500002 ], [ 6.0239290208, 49.781281252200003 ], [ 6.0237625565, 49.781530098700003 ], [ 6.0235470687, 49.781485777100002 ], [ 6.0224324357, 49.781921906100003 ], [ 6.0211417204, 49.782934836899997 ], [ 6.0203378063, 49.7830574344 ], [ 6.0188768474, 49.783575022199997 ], [ 6.0185428665, 49.784058196799997 ], [ 6.0176693392, 49.784286804099999 ], [ 6.0173918912, 49.7847993221 ], [ 6.0162728789, 49.785704351500002 ], [ 6.0140629049, 49.786439662900001 ], [ 6.0136095648, 49.786968931499999 ], [ 6.0127377496, 49.786989071699999 ], [ 6.0109655796, 49.786735980300001 ], [ 6.0098758679, 49.786779999 ], [ 6.0076768265, 49.7872963959 ], [ 6.006443315, 49.787391512299997 ], [ 6.0053556815, 49.787122901700002 ], [ 6.0031376501, 49.786598787599999 ], [ 6.0014352213, 49.785944114099998 ], [ 6.0018235798, 49.785408749399998 ], [ 5.9985104867, 49.783572668700003 ], [ 5.9990052533, 49.782710924600003 ], [ 5.9976920079, 49.781872809299998 ], [ 5.9990665521, 49.7810953957 ], [ 5.9982518836, 49.7806898252 ], [ 5.9992766756, 49.779768343400001 ], [ 5.9990292213, 49.779665831700001 ], [ 6.0002977616, 49.778422951400003 ], [ 6.0008220812, 49.7767029038 ], [ 5.9987420454, 49.775050033100001 ], [ 5.9999516358, 49.775126615399998 ], [ 6.0000061991, 49.774443891700002 ], [ 6.0015825824, 49.774465908300002 ], [ 6.0013895467, 49.773784681800002 ], [ 6.0030875315, 49.773384511400003 ], [ 6.0028268554, 49.773065177 ], [ 6.0020655105, 49.772812092599999 ], [ 6.0000116531, 49.772447044499998 ], [ 5.9996689953, 49.772004177500001 ], [ 5.9990616252, 49.771670001499999 ], [ 5.9987575584, 49.771611983 ], [ 5.9980135763, 49.771835119499997 ], [ 5.9975341575, 49.771285991299997 ], [ 5.997421713, 49.770634383400001 ], [ 5.9971108967, 49.770373348500001 ], [ 5.9966623955, 49.770257553500002 ], [ 5.9960154482, 49.770317943400002 ], [ 5.9971756173, 49.769126218499999 ], [ 5.9968555061, 49.768886504199997 ], [ 5.9973140218, 49.768528464100001 ], [ 5.9968330541, 49.768195162700003 ], [ 5.9975617615, 49.765525049499999 ], [ 5.9981142683, 49.764435807700004 ], [ 5.9986125366, 49.764378983900002 ], [ 5.9998132734, 49.761890704800003 ], [ 5.9965032287, 49.760984172800001 ], [ 5.9954580643, 49.7605408756 ], [ 5.9961644644, 49.759841296700003 ], [ 5.9935910591, 49.758184919599998 ], [ 5.993551719, 49.7577405814 ], [ 5.9929802149, 49.7568776337 ], [ 5.9908260032, 49.755730828 ], [ 5.989743329, 49.754948271400004 ], [ 5.9879649513, 49.754627601700001 ], [ 5.9879544686, 49.754350462600001 ], [ 5.9896856964, 49.754016872900003 ], [ 5.989063359, 49.753363267700003 ], [ 5.98902972, 49.752484933200002 ], [ 5.9883311377, 49.752203335200001 ], [ 5.988955471, 49.751779392899998 ], [ 5.9894656679, 49.750309292899999 ], [ 5.9889811915, 49.750255071399998 ], [ 5.9892224945, 49.749834304799997 ], [ 5.9870473397, 49.749223902499999 ], [ 5.9859216044, 49.748590966 ], [ 5.9882098683, 49.7469855497 ], [ 5.9901290993, 49.744640031300001 ], [ 5.9908789384, 49.744935425900003 ], [ 5.9910198167, 49.744786869499997 ], [ 5.9869776596, 49.742965130499996 ], [ 5.9888265231, 49.741928844299999 ], [ 5.9885953109, 49.741806392900003 ], [ 5.9888975968, 49.741156823600001 ], [ 5.9905340193, 49.741882766700002 ], [ 5.9906603221, 49.741703772500003 ], [ 5.9927978944, 49.742321684499998 ], [ 5.993094249, 49.742023779500002 ], [ 5.9937057981, 49.742343097300001 ], [ 5.9951628724, 49.740927007300002 ], [ 5.9977464087, 49.741774557100001 ], [ 5.9972570754, 49.74239372 ], [ 5.997464557, 49.7424812979 ], [ 5.9977368359, 49.742591069600003 ], [ 5.9985125747, 49.741895181 ], [ 6.000904172, 49.739404320399998 ], [ 6.0020048089, 49.737936554699999 ], [ 6.0031881213, 49.737762528799998 ], [ 6.0046605978, 49.737326032699997 ], [ 6.0052602772, 49.736936141 ], [ 6.0068638127, 49.736782381099999 ], [ 6.00704198, 49.736274404100001 ], [ 6.0067977708, 49.736301614 ], [ 6.00660333, 49.735560879499999 ], [ 6.0052086933, 49.735283980600002 ], [ 6.0010090589, 49.734024370699998 ], [ 6.0017163114, 49.733051399399997 ], [ 6.0020069806, 49.733128874499997 ], [ 6.0028600404, 49.732413960499997 ], [ 6.0033320174, 49.73135356 ], [ 6.0048746398, 49.731140428899998 ], [ 6.0038079598, 49.728514994400001 ], [ 6.0038225298, 49.7279551385 ], [ 6.0052386799, 49.727219987600002 ], [ 6.0050091898, 49.727047141600003 ], [ 6.0040976586, 49.726768144099999 ], [ 6.0044510316, 49.726316798299997 ], [ 6.0051574994, 49.725300162099998 ], [ 6.0033173191, 49.724728220099998 ], [ 6.0033939707, 49.724551227200003 ], [ 6.0018043055, 49.724048376799999 ], [ 6.0030380075, 49.722732301 ], [ 6.0029033262, 49.722689394600003 ], [ 6.0035776624, 49.721736727600003 ], [ 5.9994955508, 49.720873918899997 ], [ 6.0005383373, 49.719622892899999 ], [ 5.9989259589, 49.718873845700003 ], [ 5.9975499185, 49.718471728200001 ], [ 5.9982408856, 49.717239258 ], [ 5.99677262, 49.716724979699997 ], [ 5.9980033425, 49.715517722599998 ], [ 5.9991181583, 49.714747598800002 ], [ 5.998850353, 49.714627218 ], [ 5.9996526615, 49.714098281200002 ], [ 5.9992033218, 49.713341005799997 ], [ 5.9971369846, 49.71202494 ], [ 5.9975760566, 49.7112230607 ], [ 6.0001247528, 49.708308712600001 ], [ 6.0018466595, 49.706860904899997 ], [ 6.0030864856, 49.706238945700001 ], [ 6.004207913, 49.705422981700004 ], [ 6.0024565427, 49.704448061500003 ], [ 6.003849613, 49.703373918600001 ], [ 6.0030412365, 49.7028528341 ], [ 6.0016208711, 49.7034976327 ], [ 5.9991940279, 49.701661368400003 ], [ 6.0000635, 49.700474312799997 ], [ 5.9975935616, 49.699888842100002 ], [ 5.9979808358, 49.698904827699998 ], [ 5.9979408272, 49.698327591400002 ], [ 5.9969233757, 49.697557470500001 ], [ 5.9979581475, 49.6969485431 ], [ 5.9985904365, 49.696812192700001 ], [ 5.9999232561, 49.696950651900003 ], [ 6.0002858244, 49.697283261800003 ], [ 6.0022007325, 49.698119243699999 ], [ 6.0029036827, 49.698243624699998 ], [ 6.0043314692, 49.6982636591 ], [ 6.0049749989, 49.697910744700003 ], [ 6.0060258377, 49.6979141359 ], [ 6.0063601851, 49.696489296 ], [ 6.0060890865, 49.696429903099997 ], [ 6.0065373114, 49.695749161599998 ], [ 6.0057496671, 49.695475930500002 ], [ 6.0061397056, 49.695020852100001 ], [ 6.0066063715, 49.695120291800002 ], [ 6.0069208694, 49.695518205 ], [ 6.0079418038, 49.695270629200003 ], [ 6.0088390408, 49.695389289399998 ], [ 6.0095671315, 49.694637611700003 ], [ 6.0104048472, 49.694871936200002 ], [ 6.0110039766, 49.6942425035 ], [ 6.0129303929, 49.694979289499997 ], [ 6.0151051494, 49.696639822100003 ], [ 6.0170772803, 49.697238067400001 ], [ 6.0185213784, 49.697178495700001 ], [ 6.0186462792, 49.697419287599999 ], [ 6.0189356135, 49.6973506175 ], [ 6.0225361937, 49.695871021199999 ], [ 6.0239060738, 49.697104068900003 ], [ 6.0257134509, 49.696868185900001 ], [ 6.0271663916, 49.6962514429 ], [ 6.0295822005, 49.695745068900003 ], [ 6.0310652664, 49.695969534600003 ], [ 6.0316287218, 49.69624947 ], [ 6.0319997394, 49.696320527099999 ], [ 6.0325724052, 49.6961197627 ], [ 6.0331354135, 49.696384612599999 ], [ 6.0328249492, 49.695771300200001 ], [ 6.0332201639, 49.694753991399999 ], [ 6.03550444, 49.695494744100003 ], [ 6.0378041181, 49.693191339400002 ], [ 6.0358977264, 49.692110747100003 ], [ 6.0370587684, 49.691312867599997 ], [ 6.0431441693, 49.693754931800001 ], [ 6.0466902789, 49.694158320500001 ], [ 6.0470652968, 49.693564881 ], [ 6.0491143008, 49.694139707 ], [ 6.0492069804, 49.694043356400002 ], [ 6.0514088553, 49.6951416112 ], [ 6.0510989298, 49.695349187799998 ], [ 6.0542655655, 49.697590128400002 ], [ 6.0550578763, 49.697667051 ], [ 6.0559359131, 49.696605887600001 ], [ 6.0589163335, 49.697512546699997 ], [ 6.0585233214, 49.698363244900001 ], [ 6.0593710016, 49.698489262099997 ], [ 6.0588245693, 49.699053890800002 ], [ 6.0576886683, 49.701120199199998 ], [ 6.0586958483, 49.701445762299997 ], [ 6.0597505968, 49.7014221377 ], [ 6.0586139978, 49.702326637 ], [ 6.0583837248, 49.702807144099999 ], [ 6.0585904633, 49.702897022 ], [ 6.0598724298, 49.703171719 ], [ 6.0610586651, 49.703222046199997 ], [ 6.0627044523, 49.703651687499999 ], [ 6.0652005935, 49.703588180700002 ], [ 6.0660523113, 49.703437413800003 ], [ 6.0671176657, 49.703527007200002 ], [ 6.0680929452, 49.703370793700003 ], [ 6.0693245998, 49.702817905400003 ], [ 6.0697269594, 49.702318371 ], [ 6.0697483961, 49.701490933300001 ], [ 6.0719978011, 49.698814903 ], [ 6.0743816412, 49.702222046 ], [ 6.0746342041, 49.702233630599999 ], [ 6.0747573502, 49.702492809500001 ], [ 6.0745862119, 49.7025549345 ], [ 6.0750856716, 49.703545936499999 ], [ 6.0772185921, 49.706617891199997 ], [ 6.0782209438, 49.707572388099997 ], [ 6.0793067302, 49.7099004624 ], [ 6.0817958274, 49.714213532899997 ], [ 6.083792337, 49.715047593599998 ], [ 6.0788169445, 49.7164447659 ], [ 6.0770442154, 49.71674417 ], [ 6.0736928536, 49.716778941599998 ], [ 6.0732805427, 49.716429799499998 ], [ 6.0697944677, 49.7159549641 ], [ 6.06925334, 49.716581699499997 ], [ 6.0703673404, 49.7174937765 ], [ 6.0716831194, 49.7173945045 ], [ 6.072752414, 49.717945962100003 ], [ 6.0738981362, 49.718007111399999 ], [ 6.0704334852, 49.722363302 ], [ 6.0667247931, 49.725026688100002 ], [ 6.0648014277, 49.724024405900003 ], [ 6.0627239761, 49.723205913900003 ], [ 6.0612327382, 49.722203952 ], [ 6.0586636442, 49.720963194200003 ], [ 6.0587716079, 49.721378491899998 ], [ 6.0571540472, 49.723009556900003 ], [ 6.0567250722, 49.724257641599998 ], [ 6.056941338, 49.7252254132 ], [ 6.0568329764, 49.725759454799999 ], [ 6.0562278557, 49.726612132600003 ], [ 6.0558076712, 49.726637200299997 ], [ 6.0553469475, 49.727150653700001 ], [ 6.0547742155, 49.727460786 ], [ 6.0543001159, 49.728243641 ], [ 6.0527352614, 49.728510903699998 ], [ 6.0524133854, 49.728740228600003 ], [ 6.0512061574, 49.728820051200003 ], [ 6.0506902291, 49.729079431 ], [ 6.0503513519, 49.729064848199997 ], [ 6.0501999987, 49.729303230799999 ], [ 6.0497747647, 49.729283218500001 ], [ 6.0489703071, 49.7295903626 ], [ 6.048776369, 49.729872332299998 ], [ 6.0484515398, 49.729799902400003 ], [ 6.0480935716, 49.730114618 ], [ 6.0479145497, 49.7299782499 ], [ 6.0475907816, 49.730365986599999 ], [ 6.0471208712, 49.730353929300001 ], [ 6.0464040598, 49.7306531535 ], [ 6.0460304718, 49.730832543699997 ], [ 6.0459055786, 49.731301481800003 ], [ 6.0455732359, 49.731302913500002 ], [ 6.0456089393, 49.731075096700003 ], [ 6.0449796235, 49.731283587699998 ], [ 6.0451286546, 49.731403017 ], [ 6.0450029367, 49.731621846800003 ], [ 6.0445679653, 49.731682803299996 ], [ 6.0444522622, 49.7320102881 ], [ 6.0441519537, 49.732078497400003 ], [ 6.0442802009, 49.732310057100001 ], [ 6.0440780356, 49.732648957899997 ], [ 6.0434945765, 49.7326616876 ], [ 6.0430489567, 49.733162313800001 ], [ 6.0428542167, 49.733098503900003 ], [ 6.0425577777, 49.733358388399999 ], [ 6.0427009918, 49.7335503973 ], [ 6.0423262026, 49.73376224 ], [ 6.0424486071, 49.733933736700003 ], [ 6.0421612692, 49.734093031800001 ], [ 6.0422905911, 49.734298764199998 ], [ 6.0420321267, 49.7343303396 ], [ 6.0420524585, 49.7345798745 ], [ 6.0416455505, 49.734628640899999 ], [ 6.0417698823, 49.7349564007 ], [ 6.0412519146, 49.735208813100002 ], [ 6.0412847799, 49.735539890399998 ], [ 6.0410179418, 49.735593535900001 ], [ 6.0415240309, 49.735720901400001 ], [ 6.0413621805, 49.7359061971 ], [ 6.0414917918, 49.736145439300003 ], [ 6.0411951301, 49.736293842899997 ], [ 6.0409789692, 49.736211116900002 ], [ 6.0407782522, 49.736580770899998 ], [ 6.0409686482, 49.7367940516 ], [ 6.040325193, 49.737606369200002 ], [ 6.0403789976, 49.738657291300001 ], [ 6.0401278985, 49.7389029956 ], [ 6.0403258789, 49.738997840800003 ], [ 6.0398026824, 49.739182764799999 ], [ 6.0399299677, 49.739325166199997 ], [ 6.0395255981, 49.7398550347 ], [ 6.0399241459, 49.740007435800003 ], [ 6.0396862909, 49.7401084826 ], [ 6.039411763, 49.739995012800001 ], [ 6.0396079212, 49.740240965600002 ], [ 6.0393883238, 49.740140494099997 ], [ 6.0392674225, 49.740271311599997 ], [ 6.0395448729, 49.740619732500001 ], [ 6.0387260172, 49.741182505499999 ], [ 6.038755518, 49.7414271958 ], [ 6.0384429229, 49.741625698299998 ], [ 6.0385327004, 49.741871525599997 ], [ 6.0381511409, 49.742073205300002 ], [ 6.037921334, 49.742695894500002 ], [ 6.0376207352, 49.742834457500003 ], [ 6.0373180231, 49.743317032100002 ], [ 6.0377678321, 49.744521645799999 ], [ 6.0385124385, 49.745461303100001 ], [ 6.0378689175, 49.745822232099997 ], [ 6.0384672925, 49.746320341100002 ], [ 6.0388879313, 49.746664292 ], [ 6.0412623341, 49.746880833500001 ], [ 6.0420823889, 49.747215550200004 ], [ 6.0401075643, 49.748365066600002 ], [ 6.0415663586, 49.749622392100001 ], [ 6.0435161115, 49.750519585799999 ], [ 6.044515829, 49.752212696299999 ], [ 6.044229584, 49.753134505399998 ], [ 6.0442736472, 49.7546918181 ], [ 6.0437204272, 49.755698700300002 ], [ 6.0429102189, 49.756310564300001 ], [ 6.0436000078, 49.756546474 ], [ 6.0433176361, 49.757761329499999 ], [ 6.0432392053, 49.758128195099999 ], [ 6.0427262428, 49.758099234200003 ], [ 6.0413224751, 49.758667130100001 ], [ 6.0407487555, 49.759126419200001 ], [ 6.0405193751, 49.759790802399998 ], [ 6.0418514526, 49.7624126288 ], [ 6.0417753736, 49.7626999453 ], [ 6.0422120324, 49.763393020800002 ], [ 6.0421986066, 49.763810231699999 ], [ 6.0423769679, 49.763840669 ], [ 6.0435881231, 49.762629580899997 ], [ 6.0448307544, 49.763049393199999 ], [ 6.0443238149, 49.763960753900001 ] ] ] ] } },
{ "type": "Feature", "properties": { "name": "Hesperange", "canton": "Luxembourg", "district": "Luxembourg", "lau2": "0303" }, "geometry": { "type": "MultiPolygon", "coordinates": [ [ [ [ 6.1154717684, 49.568092402399998 ], [ 6.117380748, 49.5661244299 ], [ 6.1177157762, 49.564993119299999 ], [ 6.1192567012, 49.565343403900002 ], [ 6.1181480966, 49.564199589499999 ], [ 6.116275105, 49.562278646400003 ], [ 6.1156556712, 49.561031462599999 ], [ 6.1137146002, 49.560987532299997 ], [ 6.1167472703, 49.559665488599997 ], [ 6.1172726119, 49.559802192100001 ], [ 6.1212464369, 49.559783464900001 ], [ 6.1250079352, 49.5588565957 ], [ 6.1276954029, 49.557937109599997 ], [ 6.1272621559, 49.557175865600001 ], [ 6.1275361511, 49.557119999400001 ], [ 6.1273386166, 49.5569869264 ], [ 6.1302230506, 49.556800447199997 ], [ 6.1325333738, 49.5563467172 ], [ 6.1356665369, 49.556058604199997 ], [ 6.1358355839, 49.556311587400003 ], [ 6.1366966479, 49.5556828283 ], [ 6.136939603, 49.555795091900002 ], [ 6.1373159314, 49.5556793306 ], [ 6.1374265939, 49.555816284400002 ], [ 6.1376943279, 49.555660402599997 ], [ 6.1378049824, 49.555812577899999 ], [ 6.1384356841, 49.555713843500001 ], [ 6.1394716648, 49.555343744600002 ], [ 6.1395362164, 49.555425534 ], [ 6.1418029185, 49.554820369399998 ], [ 6.1439987692, 49.554434852299998 ], [ 6.1454687834, 49.553957072700001 ], [ 6.1460761386, 49.554801475399998 ], [ 6.1499025207, 49.553540976 ], [ 6.1502326702, 49.5541802284 ], [ 6.1522052008, 49.553841725799998 ], [ 6.1544773885, 49.553047042 ], [ 6.1549912221, 49.55358133 ], [ 6.1568777512, 49.553164588 ], [ 6.1588680622, 49.555757589599999 ], [ 6.1604533732, 49.5552822804 ], [ 6.1592067127, 49.5536469647 ], [ 6.1604814277, 49.553181154599997 ], [ 6.1610654851, 49.553783131599999 ], [ 6.1626979498, 49.552388823599998 ], [ 6.1642928085, 49.553429971200003 ], [ 6.1652136419, 49.552814640599998 ], [ 6.165955391, 49.552667170200003 ], [ 6.1646502144, 49.551255115700002 ], [ 6.169575032, 49.549991376800001 ], [ 6.1695466838, 49.549883996699997 ], [ 6.1731411767, 49.549854836199998 ], [ 6.1754312586, 49.549296295300003 ], [ 6.1772329927, 49.548092047600001 ], [ 6.1816389435, 49.548995978800001 ], [ 6.1827296177, 49.550493646200003 ], [ 6.18375873, 49.551072467099999 ], [ 6.1848643575, 49.551380392600002 ], [ 6.1843995764, 49.552360446599998 ], [ 6.1833627244, 49.553393932900001 ], [ 6.1843599475, 49.5537210651 ], [ 6.1842378643, 49.5538536388 ], [ 6.1820780124, 49.556104648100003 ], [ 6.1813066548, 49.556682313899998 ], [ 6.1814464168, 49.557075009400002 ], [ 6.1806178774, 49.557825782800002 ], [ 6.1803690722, 49.5589332789 ], [ 6.184353311, 49.560071558600001 ], [ 6.1863844306, 49.560995118199997 ], [ 6.1871974115, 49.560443746700003 ], [ 6.1909257472, 49.559755854700001 ], [ 6.1916380158, 49.559472910099998 ], [ 6.1929591694, 49.558459580700003 ], [ 6.1938232838, 49.558772634500002 ], [ 6.1959833659, 49.560479110199999 ], [ 6.1961111384, 49.561300089600003 ], [ 6.1951497862, 49.563153512200003 ], [ 6.1951155739, 49.563613252099998 ], [ 6.1965324983, 49.564576627900003 ], [ 6.2016487054, 49.567015808800001 ], [ 6.2016943663, 49.5677621707 ], [ 6.2024666865, 49.568612960499998 ], [ 6.2025346775, 49.569612737200003 ], [ 6.2028440057, 49.570335020400002 ], [ 6.2022271519, 49.571398033100003 ], [ 6.2018836308, 49.5733024341 ], [ 6.2010194679, 49.574706346600003 ], [ 6.2028564981, 49.575453995099998 ], [ 6.2017677109, 49.5770949319 ], [ 6.2023501048, 49.577241130899999 ], [ 6.2019532904, 49.577692988099997 ], [ 6.2010236236, 49.577459738800002 ], [ 6.1992915394, 49.578515745300002 ], [ 6.2001724883, 49.579546267600001 ], [ 6.2012855246, 49.580386590400003 ], [ 6.2008969303, 49.580436964100002 ], [ 6.2003650588, 49.580824335 ], [ 6.1994710021, 49.580213628 ], [ 6.1983612544, 49.581030849500003 ], [ 6.1954162716, 49.582267657499997 ], [ 6.1954603596, 49.582824516099997 ], [ 6.1959371882, 49.582959579099999 ], [ 6.2000622955, 49.583561169500001 ], [ 6.2000473089, 49.584329026699997 ], [ 6.202269261, 49.584501353699999 ], [ 6.2018521452, 49.585447192799997 ], [ 6.1997403529, 49.587121523299999 ], [ 6.1995890304, 49.588398643399998 ], [ 6.1998383525, 49.5889297278 ], [ 6.1978492646, 49.589296107499997 ], [ 6.1971783618, 49.589685900600003 ], [ 6.1977801721, 49.590231426899997 ], [ 6.2011876924, 49.591199449400001 ], [ 6.2013840204, 49.591713768399998 ], [ 6.2019219438, 49.592234638500003 ], [ 6.2047359213, 49.593909391399997 ], [ 6.204791336, 49.594348522099999 ], [ 6.2091499555, 49.597593494800002 ], [ 6.2098942184, 49.5995735487 ], [ 6.208236279, 49.600094683 ], [ 6.2089576383, 49.602614399799997 ], [ 6.208932967, 49.603467547900003 ], [ 6.2060718712, 49.605833700600002 ], [ 6.2051377787, 49.606335367 ], [ 6.1979117602, 49.603989470800002 ], [ 6.1935031625, 49.604281801699997 ], [ 6.1918134844, 49.604885937399999 ], [ 6.1914217653, 49.604989839200002 ], [ 6.1904923158, 49.604744467400003 ], [ 6.1898276498, 49.6048758409 ], [ 6.1898502829, 49.605113954300002 ], [ 6.1882290286, 49.605720649600002 ], [ 6.1876397287, 49.606577553 ], [ 6.1876315502, 49.6072023575 ], [ 6.1870224075, 49.607747408100003 ], [ 6.1846774942, 49.608274334800001 ], [ 6.1834704867, 49.6079825817 ], [ 6.1821953698, 49.607471435299999 ], [ 6.1819015704, 49.607134157399997 ], [ 6.1812331025, 49.607034988599999 ], [ 6.1790422293, 49.606977573800002 ], [ 6.177605773, 49.607519968200002 ], [ 6.1752864767, 49.6076343569 ], [ 6.1728733658, 49.6068015643 ], [ 6.1710798523, 49.606821148599998 ], [ 6.1691582181, 49.606019262 ], [ 6.1690150429, 49.605733026599999 ], [ 6.1683441546, 49.605495951199998 ], [ 6.1676657904, 49.605508732 ], [ 6.1673551552, 49.605102465100003 ], [ 6.166441034, 49.604513839299997 ], [ 6.1643467519, 49.603407633300002 ], [ 6.1634945436, 49.603278120500001 ], [ 6.1636575597, 49.602985800900001 ], [ 6.1607145835, 49.601407093900001 ], [ 6.1531187902, 49.595126425099998 ], [ 6.1537259008, 49.593721982399998 ], [ 6.1534908547, 49.593550037299998 ], [ 6.1508228025, 49.592030413400003 ], [ 6.1489800455, 49.591897151399998 ], [ 6.1503893454, 49.590962360699997 ], [ 6.1493342404, 49.590468442099997 ], [ 6.1464524096, 49.588782511 ], [ 6.1449459067, 49.589848540600002 ], [ 6.1423165147, 49.588530135100001 ], [ 6.141912567, 49.58906407 ], [ 6.1412739697, 49.588884179899999 ], [ 6.1389936748, 49.5880568758 ], [ 6.1348954958, 49.585859131900001 ], [ 6.135670094, 49.584971444499999 ], [ 6.1359820722, 49.584936149400001 ], [ 6.1358615213, 49.583926746499998 ], [ 6.1349872387, 49.583760576700001 ], [ 6.1342342193, 49.583378137399997 ], [ 6.1338765612, 49.582924589699999 ], [ 6.1336811924, 49.582077442100001 ], [ 6.133257725, 49.5815871358 ], [ 6.1316393771, 49.580737877 ], [ 6.1304016572, 49.579381307200002 ], [ 6.1288451149, 49.580384094800003 ], [ 6.1272723095, 49.582140368200001 ], [ 6.1265967007, 49.581709776700002 ], [ 6.125472548, 49.581347532099997 ], [ 6.1242524492, 49.5805249983 ], [ 6.1230433053, 49.577875141699998 ], [ 6.1218077917, 49.576397811299998 ], [ 6.1202265422, 49.575283808800002 ], [ 6.1198065168, 49.574194649799999 ], [ 6.1227436614, 49.574449174599998 ], [ 6.1234005791, 49.573183286400003 ], [ 6.1256768951, 49.5707294133 ], [ 6.1243286942, 49.570033292 ], [ 6.1212538416, 49.569300841599997 ], [ 6.1201955911, 49.568627812899997 ], [ 6.1154717684, 49.568092402399998 ] ] ] ] } },
{ "type": "Feature", "properties": { "name": "Junglinster", "canton": "Grevenmacher", "district": "Grevenmacher", "lau2": "1105" }, "geometry": { "type": "MultiPolygon", "coordinates": [ [ [ [ 6.2230261197, 49.739318314499997 ], [ 6.2225588406, 49.737513590299997 ], [ 6.2219834308, 49.736417821899998 ], [ 6.2214328011, 49.735315799299997 ], [ 6.2208715797, 49.735354235499997 ], [ 6.2207602163, 49.7347480639 ], [ 6.22011198, 49.733850629599999 ], [ 6.2187925873, 49.732807445600002 ], [ 6.2173988986, 49.732256543399998 ], [ 6.2162023996, 49.731264901499998 ], [ 6.2139486313, 49.729911771300003 ], [ 6.2140266453, 49.729372201 ], [ 6.2136132425, 49.728826885499998 ], [ 6.2120780242, 49.728401424499999 ], [ 6.2105296877, 49.728291597499997 ], [ 6.2084252901, 49.727881449 ], [ 6.2056741064, 49.726500461299999 ], [ 6.2062452494, 49.725404505100002 ], [ 6.2041978911, 49.724322241300001 ], [ 6.2044451036, 49.723802690299998 ], [ 6.2019464725, 49.723264448499997 ], [ 6.2019014249, 49.722617311500002 ], [ 6.2025795639, 49.721914419400001 ], [ 6.2030644631, 49.721021130600001 ], [ 6.2017949465, 49.720861084200003 ], [ 6.1988174853, 49.719872718799998 ], [ 6.1959462942, 49.719701867600001 ], [ 6.1894508748, 49.716841460799998 ], [ 6.1848932457, 49.714583163599997 ], [ 6.1865108019, 49.713528118299998 ], [ 6.1867989497, 49.7128942067 ], [ 6.186907807, 49.711421074900002 ], [ 6.1870642346, 49.711055687299996 ], [ 6.18678727, 49.710190203800003 ], [ 6.1867934549, 49.709331064600001 ], [ 6.1860199753, 49.7084615172 ], [ 6.1859256084, 49.708043574900003 ], [ 6.1861390378, 49.707206699 ], [ 6.1872295672, 49.706183950400003 ], [ 6.1857331767, 49.704943335899998 ], [ 6.1848890231, 49.702335427599998 ], [ 6.1837773466, 49.701517396900002 ], [ 6.185261881, 49.699611005 ], [ 6.1849392023, 49.699127751100001 ], [ 6.184970229, 49.698760631399999 ], [ 6.1845584307, 49.698742487300002 ], [ 6.1835947101, 49.697961078900001 ], [ 6.1831024988, 49.697820548300001 ], [ 6.1825831699, 49.697390252700004 ], [ 6.1821063912, 49.697284663300003 ], [ 6.1810148194, 49.697190924899999 ], [ 6.1790723862, 49.696168842699997 ], [ 6.1829148977, 49.693113387300002 ], [ 6.1809756504, 49.691797828699997 ], [ 6.1811839675, 49.691160252 ], [ 6.1808888676, 49.690676901800003 ], [ 6.1797915107, 49.690031481299997 ], [ 6.1790770815, 49.69057421 ], [ 6.1778943954, 49.689932808099996 ], [ 6.1771495505, 49.689235272300003 ], [ 6.1755900271, 49.689552557699997 ], [ 6.1734338362, 49.689336373099998 ], [ 6.1710523557, 49.688289147100001 ], [ 6.1679982839, 49.687445665799999 ], [ 6.1669980783, 49.686917148299997 ], [ 6.1690309889, 49.6859514597 ], [ 6.169297752, 49.686020019600001 ], [ 6.173218102, 49.685535624800004 ], [ 6.1748559001, 49.686696161299999 ], [ 6.1785509682, 49.686706962300001 ], [ 6.1798655489, 49.686523942699999 ], [ 6.178963857, 49.684723379600001 ], [ 6.1799513552, 49.684397049899999 ], [ 6.1796854979, 49.6836135052 ], [ 6.1803313443, 49.683661517200001 ], [ 6.1810496039, 49.684375984200003 ], [ 6.1877642926, 49.684487409399999 ], [ 6.190565291, 49.684235241700001 ], [ 6.1937200756, 49.682711326700002 ], [ 6.1986017921, 49.684752476200003 ], [ 6.1980784294, 49.6856732384 ], [ 6.1966917496, 49.686373665700003 ], [ 6.1962752677, 49.6879082086 ], [ 6.19814686, 49.688275055200002 ], [ 6.2043286888, 49.688113345399998 ], [ 6.2120151306, 49.6890626263 ], [ 6.213098653, 49.688434989400001 ], [ 6.2144769834, 49.6866237168 ], [ 6.2141994302, 49.685724076200003 ], [ 6.2147496015, 49.685024190100002 ], [ 6.2148056729, 49.684957652500003 ], [ 6.214953044, 49.684785479399999 ], [ 6.2233439618, 49.685574541800001 ], [ 6.2229647412, 49.684525084199997 ], [ 6.2238253557, 49.684389623599998 ], [ 6.2235742751, 49.6835133055 ], [ 6.2242984391, 49.683428958 ], [ 6.2252839622, 49.685025141399997 ], [ 6.226442551, 49.685252123 ], [ 6.229331656, 49.685145038500004 ], [ 6.2317526454, 49.684849838700003 ], [ 6.232815056, 49.685123967199999 ], [ 6.2342725888, 49.6852403197 ], [ 6.2354507872, 49.683721790200003 ], [ 6.2374706292, 49.683384224400001 ], [ 6.2411947168, 49.6841831642 ], [ 6.2411335222, 49.683962908600002 ], [ 6.2452988523, 49.684945899900001 ], [ 6.2474080887, 49.685285114300001 ], [ 6.2487044186, 49.685759998 ], [ 6.2492551199, 49.685208036399999 ], [ 6.2494423737, 49.684615251399997 ], [ 6.2521287377, 49.684688638600001 ], [ 6.2527806225, 49.685128064899999 ], [ 6.2530353589, 49.685125278 ], [ 6.2532885546, 49.684869883799998 ], [ 6.2555350878, 49.6855380943 ], [ 6.2560429437, 49.68527421 ], [ 6.2568718639, 49.685609740499999 ], [ 6.2575431461, 49.686286807800002 ], [ 6.2587772515, 49.685771326400001 ], [ 6.2599839531, 49.684945137699998 ], [ 6.2608021043, 49.684741546200001 ], [ 6.2611442761, 49.684450081400001 ], [ 6.26217644, 49.684097929700002 ], [ 6.2638638564, 49.684393511800003 ], [ 6.2638340211, 49.684120483500003 ], [ 6.2645395048, 49.683767530899999 ], [ 6.2659519993, 49.6821339225 ], [ 6.2673871771, 49.6810121372 ], [ 6.2677768458, 49.677949689599998 ], [ 6.2687056758, 49.676108262600003 ], [ 6.2700238461, 49.677904101800003 ], [ 6.2713418349, 49.677123161700003 ], [ 6.2712050479, 49.676963084699999 ], [ 6.2724148966, 49.675051758400002 ], [ 6.2743055769, 49.675582520600003 ], [ 6.2741032038, 49.676001063100003 ], [ 6.2779306897, 49.677899671699997 ], [ 6.2793587548, 49.678738991499998 ], [ 6.2797708294, 49.679486966900001 ], [ 6.2800033215, 49.679363331700003 ], [ 6.2798884269, 49.679224426300003 ], [ 6.2807117099, 49.679344010500003 ], [ 6.2806167871, 49.679500320300001 ], [ 6.2813500032, 49.679467610400003 ], [ 6.2814160137, 49.679326208500001 ], [ 6.2825651836, 49.679735476899999 ], [ 6.2835388465, 49.679750551799998 ], [ 6.2835754428, 49.6799201193 ], [ 6.2837573112, 49.679819508100003 ], [ 6.2841513376, 49.680047012099998 ], [ 6.2844478475, 49.6799685995 ], [ 6.2853558564, 49.680111234400002 ], [ 6.2853493405, 49.680264167099999 ], [ 6.2856229374, 49.680188013600002 ], [ 6.2869619609, 49.680646575 ], [ 6.2874740088, 49.6806213554 ], [ 6.2884666875, 49.680864809699997 ], [ 6.2893159569, 49.681349084 ], [ 6.2908988757, 49.681592981500003 ], [ 6.2911799051, 49.681835561 ], [ 6.2914499459, 49.681783205400002 ], [ 6.2927264724, 49.6823796694 ], [ 6.293379439, 49.681940231299997 ], [ 6.2944205714, 49.682378729100002 ], [ 6.2955526666, 49.682523195500004 ], [ 6.2955412766, 49.683497254199999 ], [ 6.2972317213, 49.683592380500002 ], [ 6.2962790204, 49.683915364900002 ], [ 6.2957970003, 49.683825677500003 ], [ 6.2961497387, 49.684771369499998 ], [ 6.298725527, 49.684350010400003 ], [ 6.2997052478, 49.686441181 ], [ 6.298472389, 49.686750666499996 ], [ 6.2995794459, 49.688079302200002 ], [ 6.2982026713, 49.688122036700001 ], [ 6.2978988377, 49.689779777 ], [ 6.2983289808, 49.690293065699997 ], [ 6.3009768097, 49.692137744299998 ], [ 6.3011954515, 49.692570678300001 ], [ 6.3029832631, 49.694172014499998 ], [ 6.2995722803, 49.700010201399998 ], [ 6.2989810699, 49.701360788899997 ], [ 6.2989191401, 49.701978360699997 ], [ 6.2993692262, 49.704009980099997 ], [ 6.3024250448, 49.703629385600003 ], [ 6.3075214744, 49.703509257100002 ], [ 6.3072301647, 49.703104184799997 ], [ 6.3075707515, 49.703098584899998 ], [ 6.3096607632, 49.703192091699997 ], [ 6.3112410014, 49.7030799096 ], [ 6.3124443819, 49.703205627700001 ], [ 6.3155265342, 49.703939035499999 ], [ 6.3186834923, 49.7052092335 ], [ 6.3191880927, 49.705781047400002 ], [ 6.3200020793, 49.705874479400002 ], [ 6.3212708108, 49.706479412 ], [ 6.321682911, 49.706923272099999 ], [ 6.3214580771, 49.707494589900001 ], [ 6.3244081323, 49.708367924400001 ], [ 6.3205845844, 49.712064135699997 ], [ 6.3230827718, 49.712662117800001 ], [ 6.3233201265, 49.712889869 ], [ 6.3232251507, 49.713699874299998 ], [ 6.3223763348, 49.714054498400003 ], [ 6.3202860949, 49.716612072099998 ], [ 6.3199953728, 49.718473109900003 ], [ 6.3182562459, 49.720943455600001 ], [ 6.3162626767, 49.720368215 ], [ 6.3146755164, 49.722506405 ], [ 6.3145017042, 49.722766524100003 ], [ 6.3167615062, 49.722581528500001 ], [ 6.3185775306, 49.723709029399998 ], [ 6.3180746824, 49.724543719499998 ], [ 6.3205362919, 49.726910289400003 ], [ 6.3217502508, 49.727684818100002 ], [ 6.3211292363, 49.728481539400001 ], [ 6.3211297084, 49.730183680800003 ], [ 6.3208034269, 49.731076830100001 ], [ 6.3219482152, 49.7312073099 ], [ 6.3234751696, 49.731142531400003 ], [ 6.3264411676, 49.731597698599998 ], [ 6.3273138422, 49.732158961400003 ], [ 6.331556987, 49.732422528400001 ], [ 6.3320046435, 49.732181037499998 ], [ 6.3326660783, 49.732157725599997 ], [ 6.3327170506, 49.732446446799997 ], [ 6.3328438387, 49.733064294199998 ], [ 6.3288827913, 49.733158683 ], [ 6.3287188567, 49.734958584700003 ], [ 6.3268024508, 49.734848936299997 ], [ 6.326785822, 49.735099542100002 ], [ 6.3248650902, 49.735038013400001 ], [ 6.3248540336, 49.7351533625 ], [ 6.3220794579, 49.735039028400003 ], [ 6.3220484577, 49.7353538562 ], [ 6.3194269649, 49.735234929299999 ], [ 6.3164940828, 49.7353566691 ], [ 6.3164100122, 49.735494381700001 ], [ 6.3131571775, 49.734624924099997 ], [ 6.3096405507, 49.734089501500002 ], [ 6.3092432506, 49.734732553599997 ], [ 6.3081438923, 49.735390414100003 ], [ 6.3073233337, 49.735302643200001 ], [ 6.3072323155, 49.735782754500001 ], [ 6.3048319164, 49.735538023899998 ], [ 6.3046664576, 49.736020730100002 ], [ 6.3034414006, 49.735738544100002 ], [ 6.3041331572, 49.737797801200003 ], [ 6.3032145582, 49.737760204799997 ], [ 6.3032273501, 49.737239604099997 ], [ 6.3022336963, 49.737130853799997 ], [ 6.2999571796, 49.736292457600001 ], [ 6.298415254, 49.738747975800003 ], [ 6.29625859, 49.738314047400003 ], [ 6.2955619861, 49.7388534603 ], [ 6.2906679184, 49.739574267 ], [ 6.2911407537, 49.739902600699999 ], [ 6.2892378037, 49.7403618389 ], [ 6.2886330727, 49.740639939300003 ], [ 6.2883997684, 49.740740997400003 ], [ 6.288338244, 49.741188291100002 ], [ 6.2863634381, 49.740906337600002 ], [ 6.285380132, 49.740777859200001 ], [ 6.2821941063, 49.742598465 ], [ 6.2793609798, 49.7429359514 ], [ 6.276884824, 49.743478470900001 ], [ 6.2748546264, 49.744334203699999 ], [ 6.2731826061, 49.7441617283 ], [ 6.2649034347, 49.744296962 ], [ 6.2643345954, 49.744251533300002 ], [ 6.2633577573, 49.7448522137 ], [ 6.2615590105, 49.7454273679 ], [ 6.2550208481, 49.745064082900001 ], [ 6.2550158862, 49.745189957800001 ], [ 6.2514146295, 49.745080524800002 ], [ 6.2501631891, 49.7452017154 ], [ 6.2490798791, 49.745605983600001 ], [ 6.2475519695, 49.745838467200002 ], [ 6.2413634848, 49.746131548100003 ], [ 6.2372484631, 49.747044524899998 ], [ 6.2353630604, 49.747319643499999 ], [ 6.2308409201, 49.7476420984 ], [ 6.2306470379, 49.747554274800002 ], [ 6.2291125379, 49.748438557500002 ], [ 6.2276430935, 49.74970787 ], [ 6.2274665194, 49.748640261299997 ], [ 6.2259801514, 49.746841716600002 ], [ 6.2262856259, 49.746455083299999 ], [ 6.2258062361, 49.745638711300003 ], [ 6.2253015392, 49.742287000200001 ], [ 6.2230261197, 49.739318314499997 ] ] ] ] } },
{ "type": "Feature", "properties": { "name": "Kayl", "canton": "Esch-sur-Alzette", "district": "Luxembourg", "lau2": "0206" }, "geometry": { "type": "MultiPolygon", "coordinates": [ [ [ [ 6.0584123572, 49.478195032400002 ], [ 6.0584316371, 49.478586294 ], [ 6.0569763064, 49.478757466600001 ], [ 6.05364833, 49.479527877700001 ], [ 6.0512256321, 49.481089431299999 ], [ 6.0518217901, 49.481379814100002 ], [ 6.0536546788, 49.481860769199997 ], [ 6.0535488418, 49.481976112300003 ], [ 6.0563919775, 49.483639519 ], [ 6.0566351082, 49.483924260199998 ], [ 6.0555550961, 49.484321784700001 ], [ 6.0563818225, 49.485338288500003 ], [ 6.0561568762, 49.485504967399997 ], [ 6.0576178828, 49.486338082499998 ], [ 6.0588299493, 49.486588451400003 ], [ 6.0585864554, 49.4872172201 ], [ 6.0602133324, 49.487135783600003 ], [ 6.0612904399, 49.487424106399999 ], [ 6.0611152617, 49.487402654699999 ], [ 6.0605915977, 49.488688992900002 ], [ 6.0583025697, 49.489221782599998 ], [ 6.0567106007, 49.489809519600001 ], [ 6.0574660899, 49.490681494100002 ], [ 6.0580230265, 49.491069325600002 ], [ 6.058801136, 49.491293020900002 ], [ 6.0574737579, 49.4930181314 ], [ 6.0569727949, 49.493414175399998 ], [ 6.0568522557, 49.493492005 ], [ 6.0557300989, 49.4931000013 ], [ 6.0555234763, 49.493410798100001 ], [ 6.0590151425, 49.494557156799999 ], [ 6.0543235163, 49.497205198300001 ], [ 6.0566782601, 49.498992544700002 ], [ 6.0583161381, 49.498516765300003 ], [ 6.0588642199, 49.499288174500002 ], [ 6.0610066459, 49.498629489400003 ], [ 6.0616499146, 49.499478036 ], [ 6.0615986209, 49.500219581400003 ], [ 6.058205209, 49.500515579100004 ], [ 6.0588036164, 49.501581640399998 ], [ 6.0585601074, 49.501572303899998 ], [ 6.0587772984, 49.501896127 ], [ 6.0583181836, 49.502447555899998 ], [ 6.0568116783, 49.503480544299997 ], [ 6.058312326, 49.505217522800002 ], [ 6.0567809427, 49.505941892199999 ], [ 6.0562376247, 49.505280099 ], [ 6.0539513372, 49.506261481 ], [ 6.0541170388, 49.5063728728 ], [ 6.0519650635, 49.506557891299998 ], [ 6.0514968808, 49.505751437800001 ], [ 6.0500826308, 49.504485308 ], [ 6.0472017075, 49.503805023699996 ], [ 6.0470803102, 49.503607559499997 ], [ 6.0443927179, 49.5038883641 ], [ 6.0444519251, 49.504128697900001 ], [ 6.041379301, 49.504155921799999 ], [ 6.0398008459, 49.504309741500002 ], [ 6.0393918299, 49.504682324900003 ], [ 6.0390495508, 49.505122729299998 ], [ 6.0391928763, 49.506122858700003 ], [ 6.0366292728, 49.506147074899999 ], [ 6.0357586362, 49.504572436799997 ], [ 6.0342402706, 49.503679110199997 ], [ 6.0348961616, 49.502781913900002 ], [ 6.0318155708, 49.501722264500003 ], [ 6.031665597, 49.501823572200003 ], [ 6.0301336789, 49.501450341800002 ], [ 6.0288278554, 49.5013729287 ], [ 6.0288017389, 49.5011905924 ], [ 6.0265761886, 49.500204732299999 ], [ 6.0242166379, 49.498736655499997 ], [ 6.0245677928, 49.498507409399998 ], [ 6.0243013227, 49.4982698572 ], [ 6.0239240422, 49.498478066899999 ], [ 6.0218141892, 49.4974213984 ], [ 6.0190605807, 49.496674603800003 ], [ 6.0189904761, 49.496800372599999 ], [ 6.0175721702, 49.496246002600003 ], [ 6.0147723148, 49.493706886799998 ], [ 6.012593759, 49.492428829200001 ], [ 6.0111096118, 49.491690026 ], [ 6.0109360555, 49.491789890600003 ], [ 6.0073105802, 49.489275269499998 ], [ 6.0068911033, 49.488891933799998 ], [ 6.0071713406, 49.488793895199997 ], [ 6.0058379814, 49.486369535500003 ], [ 6.0038563671, 49.487174676400002 ], [ 6.0035375914, 49.486513093900001 ], [ 6.0037392496, 49.486187547 ], [ 6.0048522332, 49.484618702299997 ], [ 6.0051419051, 49.483667290699998 ], [ 6.0048520384, 49.483592446099998 ], [ 6.0049465118, 49.483318257 ], [ 6.0044883799, 49.482389541300002 ], [ 6.0026536594, 49.481110374300002 ], [ 6.001029021, 49.4793130467 ], [ 6.001387051, 49.4780643215 ], [ 6.0010726112, 49.476625455899999 ], [ 6.0013011933, 49.476643047099998 ], [ 6.0001489124, 49.475513314700002 ], [ 5.9994766049, 49.475090078299999 ], [ 5.9958729668, 49.474268385 ], [ 5.9963239152, 49.473758818299999 ], [ 5.9955036188, 49.473469057300001 ], [ 5.994907365, 49.472974202 ], [ 5.9955983292, 49.472117457700001 ], [ 5.9972898733, 49.471084336799997 ], [ 5.9948339355, 49.470005442400002 ], [ 5.9930642866, 49.468862794 ], [ 5.9943477383, 49.467888901099997 ], [ 5.9946250016, 49.468096023500003 ], [ 5.9967593053, 49.467208966699999 ], [ 5.9986726068, 49.468630856 ], [ 5.9994650713, 49.469760407 ], [ 6.0033148316, 49.471882010400002 ], [ 6.0033209946, 49.472185203199999 ], [ 6.0027814145, 49.472629233100001 ], [ 6.000629022, 49.473401556299997 ], [ 6.0022567113, 49.475008641700001 ], [ 6.0052897543, 49.476153552900001 ], [ 6.0053165385, 49.476307960500002 ], [ 6.0059899993, 49.475488102 ], [ 6.006585968, 49.475100960100001 ], [ 6.008587502, 49.474294692400001 ], [ 6.0088352471, 49.474400319 ], [ 6.0104665719, 49.474054670800001 ], [ 6.0104350694, 49.473419848100001 ], [ 6.0107206563, 49.472907645399999 ], [ 6.0105447948, 49.472803468800002 ], [ 6.0107349678, 49.472616349200003 ], [ 6.0118523894, 49.472058601400001 ], [ 6.0125942918, 49.4720945714 ], [ 6.0125364407, 49.470924376399999 ], [ 6.0130258358, 49.470918556100003 ], [ 6.0134789497, 49.470426260300002 ], [ 6.0150660382, 49.470278205299998 ], [ 6.0167506878, 49.469445304 ], [ 6.0184313556, 49.469311557600001 ], [ 6.0199713477, 49.469398108599997 ], [ 6.0218646345, 49.46926024 ], [ 6.0240212038, 49.468723905799997 ], [ 6.0252649539, 49.467525559599999 ], [ 6.025294772, 49.467232482100002 ], [ 6.0249476482, 49.466810367100003 ], [ 6.0263749322, 49.467493199300002 ], [ 6.0267936002, 49.468230988899997 ], [ 6.0284704988, 49.467262859 ], [ 6.0297216735, 49.467056655699999 ], [ 6.0309067068, 49.467067049400001 ], [ 6.0314611151, 49.4671337869 ], [ 6.0314987648, 49.467488085500001 ], [ 6.0322897108, 49.467328697200003 ], [ 6.032482499, 49.467709520600003 ], [ 6.0337253578, 49.467515402399997 ], [ 6.0336424266, 49.467318848300003 ], [ 6.0350343456, 49.467095217 ], [ 6.0351486095, 49.466671860700004 ], [ 6.0370831108, 49.466334958 ], [ 6.037024724, 49.464644226300003 ], [ 6.0366663787, 49.463674109 ], [ 6.0385685849, 49.4630304899 ], [ 6.0402988145, 49.461176610300001 ], [ 6.0392736172, 49.460440087599999 ], [ 6.0390905635, 49.460495900399998 ], [ 6.0377813274, 49.458785927400001 ], [ 6.0391235918, 49.458302793800001 ], [ 6.0389996354, 49.458073649500001 ], [ 6.0436303137, 49.456542626 ], [ 6.0435823349, 49.456315186200001 ], [ 6.041558414, 49.456192702300001 ], [ 6.0382597986, 49.456324929399997 ], [ 6.0378781726, 49.4549539677 ], [ 6.0381181952, 49.454678384399998 ], [ 6.0394747892, 49.454421662 ], [ 6.0395448865, 49.453984315200003 ], [ 6.0399017028, 49.453766311099997 ], [ 6.038989961, 49.453375443399999 ], [ 6.0386807403, 49.4527440942 ], [ 6.0368259253, 49.452674583799997 ], [ 6.0368183705, 49.452559037699999 ], [ 6.0328446355, 49.452729279400003 ], [ 6.032804782, 49.453181492900001 ], [ 6.0320048408, 49.453084354200001 ], [ 6.0312585275, 49.452747206600002 ], [ 6.0310162232, 49.452890062199998 ], [ 6.0303852976, 49.452375917099999 ], [ 6.0300151308, 49.451732514200003 ], [ 6.0324100392, 49.450924679 ], [ 6.032581545, 49.449535819799998 ], [ 6.0343322895, 49.449305735300001 ], [ 6.0361390529, 49.448743298899998 ], [ 6.0382341514, 49.4485899258 ], [ 6.0417731537, 49.447858675100001 ], [ 6.0447207565, 49.452378581799998 ], [ 6.0457111382, 49.453322098199997 ], [ 6.0469199747, 49.455087228700002 ], [ 6.0469311249, 49.455552627199999 ], [ 6.0494822798, 49.458722911899997 ], [ 6.0499042429, 49.459673732600002 ], [ 6.0485622025, 49.460498128 ], [ 6.0474976035, 49.461684135 ], [ 6.0479977133, 49.463232186799999 ], [ 6.0499359198, 49.465323847299999 ], [ 6.0505950934, 49.466507759499997 ], [ 6.0525169891, 49.467533485200001 ], [ 6.0522647391, 49.469528486500003 ], [ 6.0528708375, 49.470843037400002 ], [ 6.0532541022, 49.471253109599999 ], [ 6.0535826341, 49.4711349106 ], [ 6.0532128571, 49.472105814199999 ], [ 6.0523764621, 49.472297102299997 ], [ 6.0535759537, 49.472376654400001 ], [ 6.0544605057, 49.4759808126 ], [ 6.0572995338, 49.477174314199999 ], [ 6.0584107341, 49.477937324800003 ], [ 6.0584123572, 49.478195032400002 ] ] ] ] } },
{ "type": "Feature", "properties": { "name": "Kehlen", "canton": "Capellen", "district": "Luxembourg", "lau2": "0105" }, "geometry": { "type": "MultiPolygon", "coordinates": [ [ [ [ 6.0203134854, 49.655117322700001 ], [ 6.0218454928, 49.6555038164 ], [ 6.0230004975, 49.655519331400001 ], [ 6.0238178174, 49.6557484824 ], [ 6.0240806705, 49.6556644367 ], [ 6.0241109047, 49.654591729700002 ], [ 6.0242515878, 49.654253565499999 ], [ 6.0248668066, 49.653743674200001 ], [ 6.0249423295, 49.653332755400001 ], [ 6.0246884818, 49.652988719600003 ], [ 6.0264603286, 49.651813442600002 ], [ 6.0265535099, 49.651415194199998 ], [ 6.0274032004, 49.650390581700002 ], [ 6.0279261721, 49.65038428 ], [ 6.0291686034, 49.652357903599999 ], [ 6.0309154916, 49.654103064099999 ], [ 6.0316004959, 49.653795641099997 ], [ 6.0330116108, 49.654242570299999 ], [ 6.0339668739, 49.654857952100002 ], [ 6.0354783181, 49.654233795499998 ], [ 6.0370572804, 49.6543092888 ], [ 6.038712139, 49.6548159062 ], [ 6.0397083593, 49.654898977800002 ], [ 6.0446879882, 49.654420776599999 ], [ 6.0460461981, 49.653830854 ], [ 6.0464866462, 49.653782529300003 ], [ 6.0469847335, 49.653525187500001 ], [ 6.0469036857, 49.653359292399998 ], [ 6.0491429941, 49.652944966500002 ], [ 6.0492315849, 49.652725956600001 ], [ 6.0501613446, 49.652707452800001 ], [ 6.0503826077, 49.652819047 ], [ 6.0505878023, 49.652689505700003 ], [ 6.0513154211, 49.652681497 ], [ 6.0522533208, 49.652951566699997 ], [ 6.0539820545, 49.653037443300001 ], [ 6.0540768028, 49.6531518197 ], [ 6.0542672226, 49.6529941067 ], [ 6.0544873125, 49.653126622800002 ], [ 6.0557773711, 49.653156300900001 ], [ 6.0565785524, 49.6533525591 ], [ 6.0600823652, 49.652956296600003 ], [ 6.0606202828, 49.653136557800003 ], [ 6.0612399246, 49.65328456 ], [ 6.0619590825, 49.653061287699998 ], [ 6.0624609988, 49.653262555399998 ], [ 6.0629902193, 49.653066005500001 ], [ 6.0644978607, 49.653776234 ], [ 6.0649827909, 49.654320273099998 ], [ 6.0653829028, 49.6543157885 ], [ 6.065929502, 49.654560156 ], [ 6.0668646514, 49.655490533699997 ], [ 6.0667401353, 49.655833384799998 ], [ 6.0679207773, 49.657206140500001 ], [ 6.0679213918, 49.657598460199999 ], [ 6.0632576611, 49.658415598600001 ], [ 6.0612636274, 49.659181607500003 ], [ 6.0597567533, 49.659175453800003 ], [ 6.0562417454, 49.659479538299998 ], [ 6.054571787, 49.659805114699999 ], [ 6.0535334829, 49.660574802100001 ], [ 6.0555630697, 49.661327590900001 ], [ 6.0563738313, 49.661944203099999 ], [ 6.0549649236, 49.662666174599998 ], [ 6.0535178063, 49.663724270899998 ], [ 6.0543226294, 49.664183613100001 ], [ 6.0521901335, 49.665324943599998 ], [ 6.0526504407, 49.666529319600002 ], [ 6.0533339512, 49.667174642299997 ], [ 6.0543661855, 49.668659962699998 ], [ 6.0556153175, 49.6698100678 ], [ 6.0561097806, 49.670689854199999 ], [ 6.0573847497, 49.671118390300002 ], [ 6.0570311513, 49.67184327 ], [ 6.0636970635, 49.673423161499997 ], [ 6.0645651649, 49.676245800700002 ], [ 6.064963246, 49.676714183199998 ], [ 6.0676572117, 49.675992870899996 ], [ 6.0681677072, 49.676197536899998 ], [ 6.068745904, 49.677094431599997 ], [ 6.0685460405, 49.677431411199997 ], [ 6.0672080437, 49.678206007100002 ], [ 6.0640139202, 49.6795255408 ], [ 6.0643001584, 49.679884667 ], [ 6.0629687933, 49.680047811800002 ], [ 6.0618192253, 49.680454130800001 ], [ 6.0650157836, 49.6812498396 ], [ 6.0658362201, 49.681021931300002 ], [ 6.0706147017, 49.678926785800002 ], [ 6.0750669591, 49.6775341727 ], [ 6.0761105201, 49.677106636 ], [ 6.0767340657, 49.676624394599997 ], [ 6.0769765431, 49.676728833200002 ], [ 6.0774386973, 49.676598132099997 ], [ 6.0777727136, 49.676129982699997 ], [ 6.0789944674, 49.675477497199999 ], [ 6.0798471798, 49.675502131400002 ], [ 6.0811614886, 49.675300127900002 ], [ 6.0818890606, 49.675714598299997 ], [ 6.0826921452, 49.675710502900003 ], [ 6.0827137306, 49.676630278700003 ], [ 6.0834857079, 49.677072328400001 ], [ 6.084061385, 49.677180481100002 ], [ 6.0841576586, 49.677363002500002 ], [ 6.0839491103, 49.677500575300002 ], [ 6.0842586497, 49.677696781 ], [ 6.0846324796, 49.677860772400003 ], [ 6.085047515, 49.677812786499999 ], [ 6.0852735083, 49.678193018800002 ], [ 6.0869531586, 49.678777776099999 ], [ 6.0879723632, 49.679716839599998 ], [ 6.0883245878, 49.680697087299997 ], [ 6.0881648736, 49.681530973500003 ], [ 6.0887621842, 49.682132528499999 ], [ 6.0900634776, 49.684781138200002 ], [ 6.0901454726, 49.685332738600003 ], [ 6.0904238878, 49.686104251499998 ], [ 6.09017662, 49.686536827399998 ], [ 6.0907303779, 49.686926337800003 ], [ 6.0907682903, 49.688006329499999 ], [ 6.0920050276, 49.688465179600001 ], [ 6.0920347274, 49.688599172 ], [ 6.0914734433, 49.688824729099998 ], [ 6.0914265617, 49.689028710499997 ], [ 6.0922490642, 49.6896249005 ], [ 6.0919929654, 49.690570206 ], [ 6.0915152087, 49.690960251600004 ], [ 6.0918785902, 49.691518777 ], [ 6.0912963101, 49.691668346599997 ], [ 6.0912900922, 49.6921011811 ], [ 6.0907076376, 49.692329822399998 ], [ 6.0908548839, 49.693062100299997 ], [ 6.0904104841, 49.693397948200001 ], [ 6.0910133865, 49.694292281800003 ], [ 6.0909963519, 49.694620644099999 ], [ 6.0906148883, 49.694950060700002 ], [ 6.0912497311, 49.695490749100003 ], [ 6.0901642894, 49.695819709299997 ], [ 6.0902367246, 49.696205618500002 ], [ 6.0905342228, 49.696385264600003 ], [ 6.0905885445, 49.697009941 ], [ 6.0910281451, 49.697512272 ], [ 6.0905881737, 49.697818759 ], [ 6.0903979117, 49.698692616899997 ], [ 6.0867718229, 49.6987104747 ], [ 6.0856259129, 49.697921785699997 ], [ 6.0840767547, 49.697330298899999 ], [ 6.0832094501, 49.696799526600003 ], [ 6.0830552262, 49.6964516659 ], [ 6.0826238139, 49.6961718166 ], [ 6.0812773133, 49.6955591766 ], [ 6.0788839081, 49.695003367600002 ], [ 6.0781450446, 49.694973860099999 ], [ 6.0766164838, 49.694495780799997 ], [ 6.0752191188, 49.694336026400002 ], [ 6.0733628826, 49.6952503292 ], [ 6.0717393508, 49.696589316 ], [ 6.0723531562, 49.696946227399998 ], [ 6.0720169741, 49.697479550499999 ], [ 6.0727861228, 49.698371381699999 ], [ 6.0719978011, 49.698814903 ], [ 6.0697483961, 49.701490933300001 ], [ 6.0697269594, 49.702318371 ], [ 6.0693245998, 49.702817905400003 ], [ 6.0680929452, 49.703370793700003 ], [ 6.0671176657, 49.703527007200002 ], [ 6.0660523113, 49.703437413800003 ], [ 6.0652005935, 49.703588180700002 ], [ 6.0627044523, 49.703651687499999 ], [ 6.0610586651, 49.703222046199997 ], [ 6.0598724298, 49.703171719 ], [ 6.0585904633, 49.702897022 ], [ 6.0583837248, 49.702807144099999 ], [ 6.0586139978, 49.702326637 ], [ 6.0597505968, 49.7014221377 ], [ 6.0586958483, 49.701445762299997 ], [ 6.0576886683, 49.701120199199998 ], [ 6.0588245693, 49.699053890800002 ], [ 6.0593710016, 49.698489262099997 ], [ 6.0585233214, 49.698363244900001 ], [ 6.0589163335, 49.697512546699997 ], [ 6.0559359131, 49.696605887600001 ], [ 6.0550578763, 49.697667051 ], [ 6.0542655655, 49.697590128400002 ], [ 6.0510989298, 49.695349187799998 ], [ 6.0514088553, 49.6951416112 ], [ 6.0492069804, 49.694043356400002 ], [ 6.0491143008, 49.694139707 ], [ 6.0470652968, 49.693564881 ], [ 6.0466902789, 49.694158320500001 ], [ 6.0431441693, 49.693754931800001 ], [ 6.0370587684, 49.691312867599997 ], [ 6.0358977264, 49.692110747100003 ], [ 6.0378041181, 49.693191339400002 ], [ 6.03550444, 49.695494744100003 ], [ 6.0332201639, 49.694753991399999 ], [ 6.0328249492, 49.695771300200001 ], [ 6.0331354135, 49.696384612599999 ], [ 6.0325724052, 49.6961197627 ], [ 6.0319997394, 49.696320527099999 ], [ 6.0316287218, 49.69624947 ], [ 6.0310652664, 49.695969534600003 ], [ 6.0295822005, 49.695745068900003 ], [ 6.0271663916, 49.6962514429 ], [ 6.0257134509, 49.696868185900001 ], [ 6.0239060738, 49.697104068900003 ], [ 6.0225361937, 49.695871021199999 ], [ 6.0228148006, 49.6946838275 ], [ 6.0224472069, 49.6924422222 ], [ 6.0213039245, 49.691538274199999 ], [ 6.021457332, 49.691204806899997 ], [ 6.0204819763, 49.691049175 ], [ 6.0187941758, 49.689722892500001 ], [ 6.0170043928, 49.690121452500001 ], [ 6.0092797442, 49.688584398700002 ], [ 6.0095870304, 49.690246251399998 ], [ 6.0094781155, 49.691003611799999 ], [ 6.0072081146, 49.690375335100001 ], [ 6.0070234082, 49.690601398200002 ], [ 6.0053522121, 49.6901323401 ], [ 6.0045656208, 49.690100174599998 ], [ 6.0045271993, 49.690263538899998 ], [ 6.0040688382, 49.690298336200001 ], [ 6.0030657281, 49.690204222799998 ], [ 6.0011872916, 49.689602860400001 ], [ 5.9986652948, 49.689134272099999 ], [ 5.9972974363, 49.688554492199998 ], [ 5.9958728542, 49.687440328699999 ], [ 5.9956968664, 49.686874226800001 ], [ 5.9959527127, 49.686424251799998 ], [ 5.9952713747, 49.685745832800002 ], [ 5.9944441088, 49.686197634599999 ], [ 5.9938388787, 49.687680244500001 ], [ 5.9939657721, 49.688048422400001 ], [ 5.9933247295, 49.6880795951 ], [ 5.9931907336, 49.688828865 ], [ 5.9925869127, 49.6897126052 ], [ 5.9926386734, 49.689922044900001 ], [ 5.9934940974, 49.690481206400001 ], [ 5.9943302858, 49.6919365348 ], [ 5.9935630983, 49.6930728321 ], [ 5.9929124633, 49.693605184600003 ], [ 5.9921924464, 49.693909357 ], [ 5.9911314931, 49.69399443 ], [ 5.9893654992, 49.693226760800002 ], [ 5.9880785472, 49.692892492600002 ], [ 5.9857597263, 49.691352242599997 ], [ 5.9844747829, 49.690816244899999 ], [ 5.9840202331, 49.69016358 ], [ 5.9831748446, 49.689516739200002 ], [ 5.9809199358, 49.688646988199999 ], [ 5.9822516558, 49.687812565599998 ], [ 5.9857903977, 49.686105398899997 ], [ 5.9871801753, 49.6856437816 ], [ 5.9894301917, 49.6854460323 ], [ 5.986297065, 49.684140863700001 ], [ 5.9873210426, 49.682731877499997 ], [ 5.9881427082, 49.680464073499998 ], [ 5.9905250353, 49.680987226699997 ], [ 5.9928650622, 49.681151656200001 ], [ 5.9942786634, 49.681462082499998 ], [ 5.9946279692, 49.6796535362 ], [ 5.9950730429, 49.679670714899999 ], [ 5.9951100806, 49.679109054500003 ], [ 5.9922878236, 49.678802821700003 ], [ 5.9924106405, 49.677388010100003 ], [ 5.9919195249, 49.677284654600001 ], [ 5.9919216041, 49.676243664 ], [ 5.9913461321, 49.676203564200001 ], [ 5.9895276573, 49.673907819599997 ], [ 5.9878963069, 49.6737187437 ], [ 5.9884055837, 49.672586083200002 ], [ 5.9895359, 49.671648965 ], [ 5.9911874021, 49.669361402699998 ], [ 5.9922464896, 49.668499987700002 ], [ 5.9937903976, 49.668002792700001 ], [ 5.9946854723, 49.666760011500003 ], [ 5.9926589363, 49.665516308500003 ], [ 5.9915029369, 49.665075434599999 ], [ 5.9924220964, 49.663567852100002 ], [ 5.9911460244, 49.663396556899997 ], [ 5.9895907039, 49.662963498400003 ], [ 5.9903996584, 49.661433033199998 ], [ 5.9888948627, 49.659533792600001 ], [ 5.9869955014, 49.658132150900002 ], [ 5.9872819424, 49.657936863700002 ], [ 5.9864405464, 49.657401563699999 ], [ 5.9879185831, 49.6543716774 ], [ 5.9869748519, 49.653692052700002 ], [ 5.9866404728, 49.652960172699999 ], [ 5.9858502753, 49.652933808100002 ], [ 5.9835759419, 49.651983819 ], [ 5.9798677776, 49.649586242399998 ], [ 5.9774433848, 49.648641769400001 ], [ 5.9786015787, 49.647657273699998 ], [ 5.9804491078, 49.647243394100002 ], [ 5.9809649913, 49.646775904400002 ], [ 5.9838127394, 49.647484711200001 ], [ 5.9871372124, 49.6486546167 ], [ 5.9883245323, 49.648045917799998 ], [ 5.9886311049, 49.647401937799998 ], [ 5.9898543585, 49.647129845800002 ], [ 5.9903993359, 49.647164089699999 ], [ 5.9900758349, 49.645763911 ], [ 5.9904329072, 49.645728223100001 ], [ 5.9904260842, 49.645543781299999 ], [ 5.9915312886, 49.645335965299999 ], [ 5.9912131587, 49.645147993899997 ], [ 5.9968876474, 49.643989364600003 ], [ 5.9973686006, 49.643959582800001 ], [ 5.9978177588, 49.6462616548 ], [ 5.9987995933, 49.646635105599998 ], [ 5.9982518441, 49.647093700200003 ], [ 5.9993946018, 49.649705550900002 ], [ 5.9996409696, 49.650925187600002 ], [ 6.0013745726, 49.651135563099999 ], [ 6.0017943181, 49.651326097199998 ], [ 6.0020338386, 49.651663338699997 ], [ 6.0024163863, 49.6515284802 ], [ 6.0051121384, 49.652439156699998 ], [ 6.0064361001, 49.652600609799997 ], [ 6.008080193, 49.652552037200003 ], [ 6.0092686387, 49.652588225499997 ], [ 6.0102882679, 49.652204925500001 ], [ 6.0115439512, 49.652302508799998 ], [ 6.0129624524, 49.652855731599999 ], [ 6.0143600776, 49.652952556300001 ], [ 6.0154173792, 49.653518946699997 ], [ 6.0152534882, 49.653699494500003 ], [ 6.0164717393, 49.654000916699999 ], [ 6.0164515601, 49.6542301323 ], [ 6.0194884131, 49.6546444827 ], [ 6.0203134854, 49.655117322700001 ] ] ] ] } },
{ "type": "Feature", "properties": { "name": "Kiischpelt", "canton": "Wiltz", "district": "Diekirch", "lau2": "0805" }, "geometry": { "type": "MultiPolygon", "coordinates": [ [ [ [ 6.0331640024, 50.000181381600001 ], [ 6.0327183981, 50.000571498699998 ], [ 6.0309473264, 49.999459487 ], [ 6.0296905835, 49.999419039899998 ], [ 6.0284896217, 49.999639403400003 ], [ 6.0266105806, 49.999214539100002 ], [ 6.0262228083, 50.0004748729 ], [ 6.0248741124, 50.000089597 ], [ 6.0220000822, 49.998861184 ], [ 6.0215672192, 49.999366162599998 ], [ 6.0213306169, 49.999244980500002 ], [ 6.0196361491, 50.000524598799998 ], [ 6.020229771, 50.000840348700002 ], [ 6.0188967179, 50.0019066395 ], [ 6.0174129453, 50.000926659400001 ], [ 6.0172540411, 50.001471937399998 ], [ 6.0167793146, 50.001963852700001 ], [ 6.0169059491, 50.002577431399999 ], [ 6.0162069451, 50.003464684800001 ], [ 6.0127792917, 50.002742443499997 ], [ 6.0120933083, 50.0035513471 ], [ 6.0097713022, 50.002768869500002 ], [ 6.0082603096, 50.004140370800002 ], [ 6.0124564845, 50.0059650866 ], [ 6.0120674879, 50.006559371199998 ], [ 6.0113081481, 50.006276379 ], [ 6.0110767182, 50.006558402 ], [ 6.0108529667, 50.0065237934 ], [ 6.0103870528, 50.00734583 ], [ 6.0095417812, 50.007996271800003 ], [ 6.0083442685, 50.008088902700003 ], [ 6.0072674935, 50.008638435199998 ], [ 6.0065555609, 50.009348708 ], [ 6.0069126897, 50.009441748900002 ], [ 6.0067468565, 50.009740414 ], [ 6.0057682377, 50.010719385900003 ], [ 6.0064355225, 50.011454709600002 ], [ 6.0057957658, 50.011676432199998 ], [ 6.0054303578, 50.011668209600003 ], [ 6.004908452, 50.011964837699999 ], [ 6.0044484042, 50.011648837700001 ], [ 6.0036913441, 50.011534647399998 ], [ 6.0036750753, 50.011629742700002 ], [ 6.0007185822, 50.011364053299999 ], [ 6.0004342358, 50.011483990199999 ], [ 5.9991798814, 50.011460091300002 ], [ 5.9992728608, 50.0118697017 ], [ 5.997700744, 50.012238745600001 ], [ 5.996568955, 50.012192944 ], [ 5.9961702292, 50.012577747599998 ], [ 5.9946827413, 50.013058616599999 ], [ 5.9947196463, 50.013182451 ], [ 5.9936587647, 50.013323393699999 ], [ 5.9927814776, 50.013187600199998 ], [ 5.9915658901, 50.013636040800002 ], [ 5.9909727375, 50.014062346199999 ], [ 5.9906013452, 50.013870682099999 ], [ 5.9895525534, 50.014762778700003 ], [ 5.9877491827, 50.013935756899997 ], [ 5.9880447765, 50.013621235800002 ], [ 5.9850509797, 50.012311792 ], [ 5.9851470703, 50.014155950599999 ], [ 5.9884717911, 50.015160786199999 ], [ 5.9876246198, 50.0162495613 ], [ 5.9874574251, 50.016175455499997 ], [ 5.9871759056, 50.0164297703 ], [ 5.9869786987, 50.016340855 ], [ 5.9866546451, 50.016484341100004 ], [ 5.9858526097, 50.017356262500002 ], [ 5.9850108314, 50.017155447500002 ], [ 5.9842186367, 50.019973518599997 ], [ 5.9801831362, 50.018029552100003 ], [ 5.9765883116, 50.017940829499999 ], [ 5.9765256361, 50.017066250799999 ], [ 5.9772370064, 50.016636374100003 ], [ 5.9773637765, 50.016166124199998 ], [ 5.9779032619, 50.015853367299997 ], [ 5.9779494827, 50.015587795 ], [ 5.9783374704, 50.015604708700003 ], [ 5.978656044, 50.0153618573 ], [ 5.9786769801, 50.0151031033 ], [ 5.9784846177, 50.015018802500002 ], [ 5.9787089525, 50.014405600800004 ], [ 5.9784163728, 50.014040907 ], [ 5.9790978046, 50.012980079 ], [ 5.9798745811, 50.012198030599997 ], [ 5.9797477719, 50.010582182100002 ], [ 5.9800913036, 50.010256997 ], [ 5.9801847223, 50.009457740499997 ], [ 5.9782835479, 50.008462113100002 ], [ 5.9778797331, 50.008397838900002 ], [ 5.9761349308, 50.0072468523 ], [ 5.9756619815, 50.0071049055 ], [ 5.9751358872, 50.006749266100002 ], [ 5.9742637608, 50.005213869499997 ], [ 5.9724796103, 50.004492107099999 ], [ 5.97178831, 50.004041299299999 ], [ 5.9724450762, 50.003331245299997 ], [ 5.9675995107, 50.000904422799998 ], [ 5.9673053509, 50.000587373400002 ], [ 5.9681088112, 50.000018880299997 ], [ 5.9677632431, 49.999408333 ], [ 5.966735942, 49.998859829200001 ], [ 5.966166505, 49.999061937199997 ], [ 5.9661462498, 49.9984975745 ], [ 5.9679928677, 49.9962543539 ], [ 5.968651634, 49.995964122 ], [ 5.9699622412, 49.995771823 ], [ 5.9710363738, 49.99525434 ], [ 5.9691079758, 49.994502090600001 ], [ 5.9680696829, 49.993739346799998 ], [ 5.9679114615, 49.993453710499999 ], [ 5.9680780185, 49.993007523599999 ], [ 5.967419236, 49.991499705700001 ], [ 5.9659913417, 49.990542608799998 ], [ 5.9658641852, 49.989822561499999 ], [ 5.9652523243, 49.988761455800002 ], [ 5.9649938314, 49.988639320200001 ], [ 5.965689936, 49.987972534100003 ], [ 5.9661149508, 49.986954045499999 ], [ 5.966172985, 49.986636361599999 ], [ 5.9664289357, 49.986620370300002 ], [ 5.9664655026, 49.986434664500003 ], [ 5.9679011993, 49.985780236399997 ], [ 5.9696959538, 49.986294393199998 ], [ 5.9721261731, 49.9867288405 ], [ 5.9723592803, 49.9858296954 ], [ 5.9731336632, 49.984902273599999 ], [ 5.972348684, 49.984435101 ], [ 5.970722638, 49.984044646500003 ], [ 5.969895149, 49.9833541888 ], [ 5.970487592, 49.9806922836 ], [ 5.9692189758, 49.977544291800001 ], [ 5.9691959184, 49.977017430799997 ], [ 5.9688649947, 49.976760629099999 ], [ 5.9688040364, 49.9764100326 ], [ 5.9693489912, 49.976279846799997 ], [ 5.9694744769, 49.9757924643 ], [ 5.9692342925, 49.975432131399998 ], [ 5.9687455676, 49.975451012400001 ], [ 5.9687955531, 49.974730262400001 ], [ 5.9689610512, 49.974727542499998 ], [ 5.9690280141, 49.974440744900001 ], [ 5.9686726784, 49.973985787399997 ], [ 5.9681572448, 49.9740552544 ], [ 5.9676630987, 49.973031994400003 ], [ 5.9677301294, 49.972311921100001 ], [ 5.9663697832, 49.971691067400002 ], [ 5.9664365856, 49.971589591 ], [ 5.9651925422, 49.970849396600002 ], [ 5.9643052607, 49.970057515800001 ], [ 5.9638506958, 49.969874942 ], [ 5.9643273267, 49.969579963800001 ], [ 5.964888523, 49.9686223012 ], [ 5.9655237468, 49.968042741 ], [ 5.9713185459, 49.967804669099998 ], [ 5.9710165639, 49.967415186899999 ], [ 5.969594013, 49.967062477399999 ], [ 5.9678984076, 49.966233758400001 ], [ 5.9667221458, 49.964809414500003 ], [ 5.9666415012, 49.964242975200001 ], [ 5.9677192678, 49.963322151900002 ], [ 5.9688822818, 49.963128486700001 ], [ 5.9694656557, 49.963228296700002 ], [ 5.9696124738, 49.963537027500003 ], [ 5.9694696238, 49.963790647700002 ], [ 5.9700102696, 49.964366040199998 ], [ 5.9706903263, 49.964576555 ], [ 5.9713638529, 49.964467453099999 ], [ 5.9715036542, 49.9641731886 ], [ 5.9713515602, 49.9623961116 ], [ 5.9706378904, 49.960949391200003 ], [ 5.9709909906, 49.9602963914 ], [ 5.9734109144, 49.959299497099998 ], [ 5.9756767813, 49.959190142399997 ], [ 5.9767524696, 49.959440886400003 ], [ 5.9778414107, 49.959321549599998 ], [ 5.9780867075, 49.959052289799999 ], [ 5.978346295, 49.956921064200003 ], [ 5.9794618123, 49.955868212200002 ], [ 5.9808596586, 49.955933309599999 ], [ 5.9823183481, 49.956748310099997 ], [ 5.9829495437, 49.956909290900001 ], [ 5.9860567984, 49.957509506599997 ], [ 5.9866371346, 49.957395648199999 ], [ 5.9865527072, 49.956455131799999 ], [ 5.9874180776, 49.954857926 ], [ 5.9833831699, 49.953028927600002 ], [ 5.9824308932, 49.952158997700003 ], [ 5.9824345166, 49.951674515800001 ], [ 5.9835497488, 49.952502421600002 ], [ 5.9844276792, 49.95291746 ], [ 5.9871689495, 49.953363943600003 ], [ 5.9872036654, 49.9525961481 ], [ 5.9878144669, 49.952044045299999 ], [ 5.9881451097, 49.952117693700004 ], [ 5.9887074745, 49.951550542299998 ], [ 5.9890791058, 49.9520253162 ], [ 5.9899320867, 49.952498532900002 ], [ 5.9910544595, 49.952864752499998 ], [ 5.9925900009, 49.953049383 ], [ 5.9934700109, 49.952953364599999 ], [ 5.9948312561, 49.951808390799997 ], [ 5.9974590487, 49.952327600099999 ], [ 5.9982698554, 49.9522350851 ], [ 5.9990381798, 49.952077025199998 ], [ 5.9983763139, 49.951333450600004 ], [ 6.0002009206, 49.951283524600001 ], [ 6.0007066654, 49.950872901499999 ], [ 6.0006169228, 49.950726515600003 ], [ 5.9991215253, 49.950253581 ], [ 5.9987288375, 49.949591653799999 ], [ 5.998414085, 49.949640086400002 ], [ 5.9982092281, 49.948826995 ], [ 5.9985883668, 49.948692707500001 ], [ 5.999032893, 49.949089851 ], [ 6.0000859943, 49.949017102699997 ], [ 6.0007519266, 49.948842089599999 ], [ 6.0008589099, 49.948605721600003 ], [ 6.0021383256, 49.948581261199998 ], [ 6.00227905, 49.948307224799997 ], [ 6.0023207891, 49.948002201199998 ], [ 6.0004277124, 49.947932614499997 ], [ 6.0003467443, 49.947809085800003 ], [ 6.0053066393, 49.947582632 ], [ 6.0081827984, 49.9478711326 ], [ 6.0084494391, 49.946858954 ], [ 6.0109417254, 49.9471114376 ], [ 6.011116754, 49.947703570500003 ], [ 6.0138929006, 49.947369878499998 ], [ 6.0140770853, 49.947876312699997 ], [ 6.0158221735, 49.947745445499997 ], [ 6.0156745283, 49.947328319199997 ], [ 6.0146864631, 49.9473455535 ], [ 6.0144803518, 49.945691204600003 ], [ 6.0150733431, 49.945611123500001 ], [ 6.0154672969, 49.945243704 ], [ 6.0172751578, 49.9453786017 ], [ 6.0177889536, 49.944586268099997 ], [ 6.01547075, 49.944144478 ], [ 6.0151794005, 49.943599327100003 ], [ 6.0135870885, 49.942754955399998 ], [ 6.0139909559, 49.944836265500001 ], [ 6.0119825376, 49.944353692 ], [ 6.0110975855, 49.943857587099998 ], [ 6.0112859017, 49.943619026199997 ], [ 6.011166492, 49.942244256099997 ], [ 6.0118683203, 49.9413185035 ], [ 6.0131301792, 49.9406346078 ], [ 6.014912494, 49.940398147400003 ], [ 6.0154803301, 49.940438018199998 ], [ 6.0165885881, 49.9409025808 ], [ 6.0176095843, 49.941130849099999 ], [ 6.023925573, 49.941674701399997 ], [ 6.0243579273, 49.940432578299998 ], [ 6.0251441313, 49.9395965832 ], [ 6.0272304501, 49.938815283799997 ], [ 6.0320887584, 49.938072056400003 ], [ 6.0327630458, 49.9373415532 ], [ 6.0335282164, 49.937003657799998 ], [ 6.0341103932, 49.936946051 ], [ 6.0350474819, 49.937131652399998 ], [ 6.0358882956, 49.937594233399999 ], [ 6.0361470709, 49.938383918299998 ], [ 6.0358260305, 49.938367453200001 ], [ 6.0356633742, 49.938657778600003 ], [ 6.0360027535, 49.938759530799999 ], [ 6.0357751439, 49.940062552599997 ], [ 6.0367176069, 49.940248155500001 ], [ 6.03764089, 49.9400979256 ], [ 6.0371617087, 49.942210100099999 ], [ 6.0367325487, 49.942854946200001 ], [ 6.0368111779, 49.944314954399999 ], [ 6.0380318533, 49.94551904 ], [ 6.038696822, 49.946013329099998 ], [ 6.0395167303, 49.946344661700003 ], [ 6.040396637, 49.947129084399997 ], [ 6.0406899934, 49.947790708299998 ], [ 6.0406374048, 49.948378106699998 ], [ 6.0410458102, 49.948988978 ], [ 6.0399625789, 49.950235618699999 ], [ 6.0388863287, 49.9509157221 ], [ 6.0406178858, 49.951450121400001 ], [ 6.0419611268, 49.952571522600003 ], [ 6.0423185228, 49.953190326300003 ], [ 6.0414925933, 49.954070769700003 ], [ 6.0401623011, 49.954487925499997 ], [ 6.0389106492, 49.955145648 ], [ 6.0380609046, 49.956058109300002 ], [ 6.0366440432, 49.958125444499998 ], [ 6.0389024021, 49.958694885 ], [ 6.0418452188, 49.960795567700004 ], [ 6.0422568765, 49.961650069299999 ], [ 6.0428198616, 49.961720323400002 ], [ 6.0419974785, 49.963394441200002 ], [ 6.0413195759, 49.963233857200002 ], [ 6.0385320717, 49.963264728600002 ], [ 6.0364355574, 49.964111874099999 ], [ 6.032362094, 49.964702081699997 ], [ 6.0311654626, 49.965027235699999 ], [ 6.0289633368, 49.964382947799997 ], [ 6.028339835, 49.9639505265 ], [ 6.0261080934, 49.966077266799999 ], [ 6.0275163677, 49.967796614299999 ], [ 6.0256331011, 49.966971102899997 ], [ 6.0248961068, 49.966148114500001 ], [ 6.0246583597, 49.9660987257 ], [ 6.0235523996, 49.967123828 ], [ 6.0233269401, 49.967697103200003 ], [ 6.0233313355, 49.967994737399998 ], [ 6.0240691452, 49.968750092400001 ], [ 6.0250678429, 49.969491917299997 ], [ 6.0294941217, 49.970961026200001 ], [ 6.0258940782, 49.973055272400003 ], [ 6.0256038848, 49.973370671700003 ], [ 6.0263179075, 49.973279955499997 ], [ 6.0267755027, 49.9734905989 ], [ 6.0274263427, 49.974171889099999 ], [ 6.0277925559, 49.975092608899999 ], [ 6.0284383716, 49.975696245800002 ], [ 6.031733833, 49.977244202900003 ], [ 6.0320451477, 49.977907943 ], [ 6.0319933294, 49.978723116799998 ], [ 6.0322497997, 49.979385650499999 ], [ 6.0327715161, 49.979790447900001 ], [ 6.0344205371, 49.980443164100002 ], [ 6.0362280387, 49.981816231800003 ], [ 6.035988188, 49.982825297700003 ], [ 6.0362463262, 49.983225213600001 ], [ 6.0361967695, 49.983555133199999 ], [ 6.0355059989, 49.984303433 ], [ 6.0359949423, 49.984432568 ], [ 6.0370433781, 49.98411654 ], [ 6.0376861775, 49.984119264199997 ], [ 6.0395207402, 49.984790571700003 ], [ 6.0393315916, 49.985051022599997 ], [ 6.0402769985, 49.985023857900003 ], [ 6.0411645785, 49.983605049300003 ], [ 6.0415270533, 49.983728584399998 ], [ 6.0418321238, 49.983837033299999 ], [ 6.0425879718, 49.983736534599998 ], [ 6.0430875078, 49.9838940968 ], [ 6.0444711937, 49.984955988899998 ], [ 6.0450211656, 49.985874014700002 ], [ 6.0456259524, 49.986335130199997 ], [ 6.0465695274, 49.98672567 ], [ 6.0471682009, 49.986711915299999 ], [ 6.0481941344, 49.986294666100001 ], [ 6.0485512869, 49.986500031399999 ], [ 6.0493808327, 49.986540218899997 ], [ 6.0517773324, 49.987187124 ], [ 6.0532082896, 49.987803528199997 ], [ 6.0523064465, 49.988822565 ], [ 6.0522832105, 49.990720363900003 ], [ 6.0515567826, 49.992436657299997 ], [ 6.0537156534, 49.993608701699998 ], [ 6.0549801795, 49.993825737400002 ], [ 6.0567291119, 49.994392211200001 ], [ 6.0564433751, 49.995057804 ], [ 6.0586854673, 49.996067459099997 ], [ 6.0584641206, 49.996382922899997 ], [ 6.0592293779, 49.996668228700003 ], [ 6.0583856051, 49.997462344500001 ], [ 6.059682585, 49.998147237600001 ], [ 6.0593159801, 49.998771702900001 ], [ 6.060276166, 49.999240371100001 ], [ 6.0608407934, 50.00016771 ], [ 6.060382846, 50.003138461200002 ], [ 6.0597443638, 50.003725258700001 ], [ 6.0568523338, 50.002004983900001 ], [ 6.056690017, 50.002138957100001 ], [ 6.0561299164, 50.001977476199997 ], [ 6.0561702318, 50.0015878532 ], [ 6.0554563661, 50.001652824700002 ], [ 6.0537699006, 50.001025052199999 ], [ 6.053404915, 50.000756448399997 ], [ 6.0534076503, 50.000531277699999 ], [ 6.0496976251, 49.999317661100001 ], [ 6.0492471181, 49.999124494900002 ], [ 6.0487186275, 49.998599465600002 ], [ 6.0480287871, 49.998697581499997 ], [ 6.0473555374, 49.998286764 ], [ 6.0470184091, 49.9982850038 ], [ 6.0467523167, 49.997885895800003 ], [ 6.044665769, 49.997146039500002 ], [ 6.0441464076, 49.9982304153 ], [ 6.0440749316, 49.999637912099999 ], [ 6.0435220907, 50.000094036199997 ], [ 6.0433897647, 50.0004701521 ], [ 6.0434767427, 50.001557336399998 ], [ 6.0439764942, 50.002184004199997 ], [ 6.0429758789, 50.0030667196 ], [ 6.0429866086, 50.003996409400003 ], [ 6.0427867158, 50.004252430299999 ], [ 6.0415976686, 50.005166002199999 ], [ 6.0401023345, 50.005538023299998 ], [ 6.0398610503, 50.004366877499997 ], [ 6.0390510805, 50.003729583 ], [ 6.0376530275, 50.002989370900004 ], [ 6.0368773258, 50.002011417399999 ], [ 6.0354998271, 50.0010687475 ], [ 6.0331640024, 50.000181381600001 ] ] ] ] } },
{ "type": "Feature", "properties": { "name": "Koerich", "canton": "Capellen", "district": "Luxembourg", "lau2": "0106" }, "geometry": { "type": "MultiPolygon", "coordinates": [ [ [ [ 5.9557622548, 49.645402113800003 ], [ 5.9587951858, 49.642775717 ], [ 5.9628361976, 49.643707865300001 ], [ 5.9638249989, 49.643798212299998 ], [ 5.9633473628, 49.645661853699998 ], [ 5.9651361178, 49.6462739826 ], [ 5.966943826, 49.647657135599999 ], [ 5.9684788512, 49.647753457199997 ], [ 5.9702403019, 49.647463101299998 ], [ 5.9710628787, 49.647849957699997 ], [ 5.9724205173, 49.6478928258 ], [ 5.9725547109, 49.648062081399999 ], [ 5.9735341243, 49.648172091699998 ], [ 5.9744597687, 49.648129212 ], [ 5.9745036288, 49.647983685600003 ], [ 5.9774433848, 49.648641769400001 ], [ 5.9798677776, 49.649586242399998 ], [ 5.9835759419, 49.651983819 ], [ 5.9858502753, 49.652933808100002 ], [ 5.9866404728, 49.652960172699999 ], [ 5.9869748519, 49.653692052700002 ], [ 5.9879185831, 49.6543716774 ], [ 5.9864405464, 49.657401563699999 ], [ 5.9872819424, 49.657936863700002 ], [ 5.9869955014, 49.658132150900002 ], [ 5.9888948627, 49.659533792600001 ], [ 5.9903996584, 49.661433033199998 ], [ 5.9895907039, 49.662963498400003 ], [ 5.9911460244, 49.663396556899997 ], [ 5.9924220964, 49.663567852100002 ], [ 5.9915029369, 49.665075434599999 ], [ 5.9926589363, 49.665516308500003 ], [ 5.9946854723, 49.666760011500003 ], [ 5.9937903976, 49.668002792700001 ], [ 5.9922464896, 49.668499987700002 ], [ 5.9911874021, 49.669361402699998 ], [ 5.9895359, 49.671648965 ], [ 5.9884055837, 49.672586083200002 ], [ 5.9878963069, 49.6737187437 ], [ 5.9895276573, 49.673907819599997 ], [ 5.9913461321, 49.676203564200001 ], [ 5.9919216041, 49.676243664 ], [ 5.9919195249, 49.677284654600001 ], [ 5.9924106405, 49.677388010100003 ], [ 5.9922878236, 49.678802821700003 ], [ 5.9951100806, 49.679109054500003 ], [ 5.9950730429, 49.679670714899999 ], [ 5.9946279692, 49.6796535362 ], [ 5.9942786634, 49.681462082499998 ], [ 5.9928650622, 49.681151656200001 ], [ 5.9905250353, 49.680987226699997 ], [ 5.9881427082, 49.680464073499998 ], [ 5.9873210426, 49.682731877499997 ], [ 5.986297065, 49.684140863700001 ], [ 5.9894301917, 49.6854460323 ], [ 5.9871801753, 49.6856437816 ], [ 5.9857903977, 49.686105398899997 ], [ 5.9822516558, 49.687812565599998 ], [ 5.9809199358, 49.688646988199999 ], [ 5.9786148037, 49.690226857900001 ], [ 5.9777587332, 49.691351703599999 ], [ 5.9762066042, 49.692640946 ], [ 5.9755942453, 49.692753974799999 ], [ 5.9724028673, 49.692676049399999 ], [ 5.9689796366, 49.691948722699998 ], [ 5.9662753349, 49.691616479700002 ], [ 5.9656578559, 49.691389969299998 ], [ 5.9640384839, 49.691361039299998 ], [ 5.9631402794, 49.692056712099998 ], [ 5.9622223735, 49.691785661300003 ], [ 5.9613665016, 49.6922948164 ], [ 5.9608777379, 49.69171087 ], [ 5.9603540405, 49.689851592 ], [ 5.9601047974, 49.689866179299997 ], [ 5.9589850043, 49.68876366 ], [ 5.9577358802, 49.688064667500001 ], [ 5.9563937736, 49.687728409599998 ], [ 5.9563774435, 49.687556563900003 ], [ 5.95502001, 49.687572678 ], [ 5.9532197182, 49.687804908899999 ], [ 5.9515881755, 49.688522691400003 ], [ 5.9508544441, 49.689268384899997 ], [ 5.9502912629, 49.68953802 ], [ 5.9493182832, 49.689256253300002 ], [ 5.9479556985, 49.687716716300002 ], [ 5.9471361887, 49.687061119600003 ], [ 5.9456231475, 49.686447627100002 ], [ 5.9450907422, 49.687034917200002 ], [ 5.9450063555, 49.6865314183 ], [ 5.9438570457, 49.686122009899996 ], [ 5.9437336121, 49.685841462699997 ], [ 5.9423568212, 49.685659294600001 ], [ 5.9424675894, 49.684975976899999 ], [ 5.9419496223, 49.684377201899999 ], [ 5.9411252346, 49.684300935099998 ], [ 5.9410894873, 49.684123726700001 ], [ 5.9414014397, 49.683660018499999 ], [ 5.9422827132, 49.682997575800002 ], [ 5.9422455525, 49.682750595599998 ], [ 5.9418431212, 49.682475393 ], [ 5.9424067636, 49.682095148400002 ], [ 5.9421498055, 49.681639170399997 ], [ 5.9423373506, 49.681339184700001 ], [ 5.9446258262, 49.679041808900003 ], [ 5.9442215283, 49.678524081100001 ], [ 5.9432694512, 49.677728670699999 ], [ 5.9417544809, 49.677875205 ], [ 5.9408772319, 49.678709944700003 ], [ 5.9406244807, 49.679281766499997 ], [ 5.9385797374, 49.679749221800002 ], [ 5.9381575797, 49.680447313400002 ], [ 5.9371274079, 49.680534721800001 ], [ 5.9360224001, 49.679919701199999 ], [ 5.9351883093, 49.680097905099998 ], [ 5.9345301648, 49.679763381800001 ], [ 5.9335835245, 49.679547159800002 ], [ 5.9319449711, 49.679504066900002 ], [ 5.9315576291, 49.679277895399998 ], [ 5.930819187, 49.6793602845 ], [ 5.930223408, 49.679507066100001 ], [ 5.9287402621, 49.680493218800002 ], [ 5.9283037861, 49.681040584500003 ], [ 5.9274294142, 49.681189563799997 ], [ 5.9257581072, 49.6790707834 ], [ 5.9254572316, 49.679145904099997 ], [ 5.923832527, 49.678006185299999 ], [ 5.9230922566, 49.6766393937 ], [ 5.920816117, 49.675288516899997 ], [ 5.9190452711, 49.674634773599998 ], [ 5.9179904975, 49.6738955322 ], [ 5.9176468037, 49.672524972 ], [ 5.9176688908, 49.672353598800001 ], [ 5.9215501757, 49.671091705499997 ], [ 5.9219021626, 49.670400708400003 ], [ 5.9249884066, 49.6666013655 ], [ 5.9254300206, 49.665199838699998 ], [ 5.9264137031, 49.663320024100003 ], [ 5.9284428589, 49.660831759700002 ], [ 5.9285318436, 49.660164564 ], [ 5.9281113134, 49.659218758100003 ], [ 5.9321927681, 49.658520435200003 ], [ 5.9358723726, 49.657330252 ], [ 5.9409539859, 49.654417158199998 ], [ 5.9441397639, 49.651201883900001 ], [ 5.9472856451, 49.648573373799998 ], [ 5.9540614602, 49.646442332699998 ], [ 5.9557622548, 49.645402113800003 ] ] ] ] } },
{ "type": "Feature", "properties": { "name": "Kopstal", "canton": "Capellen", "district": "Luxembourg", "lau2": "0107" }, "geometry": { "type": "MultiPolygon", "coordinates": [ [ [ [ 6.0753418916, 49.655841257299997 ], [ 6.0768352923, 49.653032208399999 ], [ 6.0790601164, 49.650689329899997 ], [ 6.0793766771, 49.648994490500002 ], [ 6.0790066351, 49.647701563399998 ], [ 6.0783704882, 49.646839933400003 ], [ 6.0797404938, 49.646462080100001 ], [ 6.0822247897, 49.646474809300003 ], [ 6.0914336071, 49.646007406499997 ], [ 6.1011643958, 49.646271199499999 ], [ 6.0981406587, 49.650802713 ], [ 6.0996697665, 49.651840351 ], [ 6.1012966525, 49.6540881142 ], [ 6.1028426104, 49.655803716400001 ], [ 6.1041848419, 49.656551547100001 ], [ 6.1024095557, 49.660043164500003 ], [ 6.0989133746, 49.662894487 ], [ 6.0976839885, 49.664295565400003 ], [ 6.0972830227, 49.665208027799999 ], [ 6.0955800619, 49.666478491 ], [ 6.0939198517, 49.668011373799999 ], [ 6.0980431598, 49.668593248400001 ], [ 6.0984497057, 49.668959915099997 ], [ 6.0963638666, 49.669381347399998 ], [ 6.0946505697, 49.6702779118 ], [ 6.0942173956, 49.670757835 ], [ 6.0916914873, 49.671562070199997 ], [ 6.0887103958, 49.673719001599999 ], [ 6.0855380833, 49.673863449300001 ], [ 6.0821936659, 49.674692565900003 ], [ 6.0826921452, 49.675710502900003 ], [ 6.0818890606, 49.675714598299997 ], [ 6.0811614886, 49.675300127900002 ], [ 6.0798471798, 49.675502131400002 ], [ 6.0789944674, 49.675477497199999 ], [ 6.0777727136, 49.676129982699997 ], [ 6.0774386973, 49.676598132099997 ], [ 6.0769765431, 49.676728833200002 ], [ 6.0767340657, 49.676624394599997 ], [ 6.0761105201, 49.677106636 ], [ 6.0750669591, 49.6775341727 ], [ 6.0706147017, 49.678926785800002 ], [ 6.0658362201, 49.681021931300002 ], [ 6.0650157836, 49.6812498396 ], [ 6.0618192253, 49.680454130800001 ], [ 6.0629687933, 49.680047811800002 ], [ 6.0643001584, 49.679884667 ], [ 6.0640139202, 49.6795255408 ], [ 6.0672080437, 49.678206007100002 ], [ 6.0685460405, 49.677431411199997 ], [ 6.068745904, 49.677094431599997 ], [ 6.0681677072, 49.676197536899998 ], [ 6.0676572117, 49.675992870899996 ], [ 6.064963246, 49.676714183199998 ], [ 6.0645651649, 49.676245800700002 ], [ 6.0636970635, 49.673423161499997 ], [ 6.0570311513, 49.67184327 ], [ 6.0573847497, 49.671118390300002 ], [ 6.0561097806, 49.670689854199999 ], [ 6.0556153175, 49.6698100678 ], [ 6.0543661855, 49.668659962699998 ], [ 6.0533339512, 49.667174642299997 ], [ 6.0526504407, 49.666529319600002 ], [ 6.0521901335, 49.665324943599998 ], [ 6.0543226294, 49.664183613100001 ], [ 6.0535178063, 49.663724270899998 ], [ 6.0549649236, 49.662666174599998 ], [ 6.0563738313, 49.661944203099999 ], [ 6.0555630697, 49.661327590900001 ], [ 6.0535334829, 49.660574802100001 ], [ 6.054571787, 49.659805114699999 ], [ 6.0562417454, 49.659479538299998 ], [ 6.0597567533, 49.659175453800003 ], [ 6.0612636274, 49.659181607500003 ], [ 6.0632576611, 49.658415598600001 ], [ 6.0679213918, 49.657598460199999 ], [ 6.0683055757, 49.657648544799997 ], [ 6.06926266, 49.658287606400002 ], [ 6.0698575792, 49.657961108 ], [ 6.0712925322, 49.6575891731 ], [ 6.0729320039, 49.657469627499999 ], [ 6.0753418916, 49.655841257299997 ] ] ] ] } },
{ "type": "Feature", "properties": { "name": "Käerjeng", "canton": "Capellen", "district": "Luxembourg", "lau2": "0104" }, "geometry": { "type": "MultiPolygon", "coordinates": [ [ [ [ 5.917480493, 49.600891133099999 ], [ 5.9169700096, 49.601844752 ], [ 5.9171477796, 49.601924886600003 ], [ 5.9166741131, 49.602323513499996 ], [ 5.9162645267, 49.602537206100003 ], [ 5.9146319425, 49.602751822599998 ], [ 5.9146199888, 49.603212631600002 ], [ 5.9142271021, 49.603227642699999 ], [ 5.9130947621, 49.604299257299999 ], [ 5.9129013295, 49.604197827299998 ], [ 5.910058287, 49.606130379699998 ], [ 5.9086410271, 49.607168301900003 ], [ 5.9088327478, 49.6073533426 ], [ 5.9078478323, 49.608078513499997 ], [ 5.9081115843, 49.608532008700003 ], [ 5.9086569491, 49.608686030400001 ], [ 5.9081506197, 49.609021935599998 ], [ 5.9079351557, 49.609587617599999 ], [ 5.9068064939, 49.6109046865 ], [ 5.90646751, 49.613258372899999 ], [ 5.906643295, 49.613694643899997 ], [ 5.9058921806, 49.615310271399998 ], [ 5.9057974285, 49.615735610800002 ], [ 5.9061634515, 49.615683776399997 ], [ 5.9058895891, 49.616250410200003 ], [ 5.9046357884, 49.616495518100002 ], [ 5.9038822242, 49.616919755300003 ], [ 5.9030660389, 49.616773788099998 ], [ 5.9011009066, 49.6172976979 ], [ 5.9016902339, 49.618110327399997 ], [ 5.9025035919, 49.618388168899997 ], [ 5.9032499388, 49.6181997403 ], [ 5.9039022295, 49.618243312600001 ], [ 5.9047354119, 49.61862556 ], [ 5.9017647598, 49.620185531600001 ], [ 5.9001245029, 49.621676683499999 ], [ 5.8999715829, 49.621948874700003 ], [ 5.9007991554, 49.625185796099998 ], [ 5.9000459816, 49.625308046299999 ], [ 5.8989536353, 49.625746618400001 ], [ 5.8978254595, 49.6259022403 ], [ 5.8973446284, 49.626705274700001 ], [ 5.8956691098, 49.627441765 ], [ 5.8951780818, 49.628351759099999 ], [ 5.8928778788, 49.628384902800001 ], [ 5.8928291435, 49.6285598419 ], [ 5.8920194782, 49.628476012299998 ], [ 5.8916175528, 49.628986193899998 ], [ 5.8911410544, 49.629219543600001 ], [ 5.8896374942, 49.629039815100001 ], [ 5.8890907116, 49.628560901599997 ], [ 5.8867591152, 49.627333221599997 ], [ 5.8863354921, 49.627251995 ], [ 5.8854786753, 49.626517776699998 ], [ 5.8843855665, 49.6262143987 ], [ 5.8836967171, 49.625634071500002 ], [ 5.883215951, 49.625576879299999 ], [ 5.8829153076, 49.625227021100002 ], [ 5.8825621397, 49.625291284 ], [ 5.8824076086, 49.624978251100003 ], [ 5.881539793, 49.624700476100003 ], [ 5.8816747522, 49.624588781200003 ], [ 5.8813352248, 49.624313978700002 ], [ 5.8809175007, 49.624448431700003 ], [ 5.8807134488, 49.624036265199997 ], [ 5.88013863, 49.623957986199997 ], [ 5.8802494242, 49.623375230699999 ], [ 5.8791371839, 49.622702764899998 ], [ 5.8770592391, 49.621039248599999 ], [ 5.8761391166, 49.620001427 ], [ 5.8757259255, 49.618867026300002 ], [ 5.8756528487, 49.617917491 ], [ 5.8755550531, 49.615747084900001 ], [ 5.8759270901, 49.615748021599998 ], [ 5.8754364791, 49.6145692873 ], [ 5.8760061059, 49.6138177602 ], [ 5.8770265179, 49.613314533100002 ], [ 5.8768306264, 49.612918554099998 ], [ 5.8770371688, 49.612895623500002 ], [ 5.8771769179, 49.612311054199999 ], [ 5.8757484162, 49.611362546599999 ], [ 5.8763134233, 49.6103223044 ], [ 5.8759493753, 49.6098745623 ], [ 5.8763176559, 49.609611044499999 ], [ 5.8763188943, 49.609051851099998 ], [ 5.8766236356, 49.609025256800003 ], [ 5.8766411501, 49.608776483200003 ], [ 5.876379833, 49.608576514 ], [ 5.8765252543, 49.608484496599999 ], [ 5.875776808, 49.6080904174 ], [ 5.8755921294, 49.6077959908 ], [ 5.8743215471, 49.6073312109 ], [ 5.8741289511, 49.60745934 ], [ 5.872474237, 49.60649024 ], [ 5.8699255435, 49.605720186799999 ], [ 5.8669948629, 49.605417717599998 ], [ 5.8668966099, 49.605243926900002 ], [ 5.8658411658, 49.605151948 ], [ 5.8634987104, 49.6033844022 ], [ 5.8632692604, 49.603267806700003 ], [ 5.8631299485, 49.603394762800001 ], [ 5.8557153071, 49.5998228789 ], [ 5.8546734635, 49.599734763599997 ], [ 5.8530186344, 49.599260843700002 ], [ 5.8490742887, 49.597708205799997 ], [ 5.8486025772, 49.5972500735 ], [ 5.8487893994, 49.596738125100003 ], [ 5.8477613482, 49.595941715899997 ], [ 5.8486690145, 49.594414993299999 ], [ 5.8484020906, 49.593663622800001 ], [ 5.8488450164, 49.590540119099998 ], [ 5.8496313434, 49.588953182300003 ], [ 5.8502660883, 49.588239045199998 ], [ 5.8500882464, 49.586931519099998 ], [ 5.8509508861, 49.586988904599998 ], [ 5.8523942266, 49.586819878299998 ], [ 5.853289274, 49.586956357 ], [ 5.8568027537, 49.586044599899999 ], [ 5.8576842178, 49.586111273500002 ], [ 5.8591242118, 49.585956342300001 ], [ 5.8600111911, 49.586142620899999 ], [ 5.86099665, 49.586590703100001 ], [ 5.8612817091, 49.586424079399997 ], [ 5.8620343587, 49.586782067199998 ], [ 5.8629100358, 49.586257137099999 ], [ 5.8633375964, 49.586598482 ], [ 5.8638876801, 49.586667627499999 ], [ 5.8642942833, 49.586462068800003 ], [ 5.8653942942, 49.587354472599998 ], [ 5.8651891839, 49.587493568699998 ], [ 5.8662639397, 49.5881183423 ], [ 5.8658728688, 49.5884013792 ], [ 5.8677625058, 49.589640125499997 ], [ 5.8691634145, 49.588695805599997 ], [ 5.869784301, 49.589196792700001 ], [ 5.8710094842, 49.588351502800002 ], [ 5.8715607441, 49.587633789599998 ], [ 5.8715566116, 49.586097837 ], [ 5.8731301506, 49.584038217900002 ], [ 5.8732756339, 49.583595544 ], [ 5.8727249294, 49.5831666821 ], [ 5.8697510375, 49.582775995299997 ], [ 5.8691127481, 49.582543732399998 ], [ 5.8683319524, 49.582152612599998 ], [ 5.8676833759, 49.581432406099999 ], [ 5.865971614, 49.580533613299998 ], [ 5.8670521224, 49.580332611 ], [ 5.8689217536, 49.579662341199999 ], [ 5.8711032333, 49.5797674919 ], [ 5.8718965445, 49.579605836299997 ], [ 5.8719029818, 49.579050078900003 ], [ 5.8711651157, 49.577721175100002 ], [ 5.8697410578, 49.576735941599999 ], [ 5.8706566423, 49.576196642 ], [ 5.8723766158, 49.575218878400001 ], [ 5.8727492868, 49.574341596899998 ], [ 5.8701512496, 49.573784731 ], [ 5.8687043708, 49.5733239829 ], [ 5.8680490531, 49.573654744899997 ], [ 5.8675026467, 49.573242798599999 ], [ 5.8675351003, 49.573041077900001 ], [ 5.8653316168, 49.571711370199999 ], [ 5.8692180362, 49.568959786199997 ], [ 5.8704941037, 49.567578878299997 ], [ 5.8711251943, 49.567829691500002 ], [ 5.8716371015, 49.567544175400002 ], [ 5.8711321693, 49.567336988800001 ], [ 5.8713391303, 49.567080723700002 ], [ 5.8711201087, 49.567059133400001 ], [ 5.8718103766, 49.565939897500002 ], [ 5.8712959629, 49.565732786300003 ], [ 5.8720568823, 49.564933012 ], [ 5.8723366264, 49.5650501147 ], [ 5.87423005, 49.563558095700003 ], [ 5.8750814652, 49.561428945300001 ], [ 5.8757938643, 49.561555834399996 ], [ 5.8761034273, 49.560784728 ], [ 5.8856275412, 49.561648645799998 ], [ 5.8857356709, 49.561050515600002 ], [ 5.8853125054, 49.560245349 ], [ 5.8853171856, 49.559674839400003 ], [ 5.8861878777, 49.558189883399997 ], [ 5.8864847906, 49.558250278 ], [ 5.8866099652, 49.558133301600002 ], [ 5.8865821334, 49.557459540099998 ], [ 5.8870343939, 49.557505474499997 ], [ 5.8874633312, 49.556935712200001 ], [ 5.8872854281, 49.556100970700001 ], [ 5.8866817999, 49.555485596600001 ], [ 5.887188816, 49.554189552099999 ], [ 5.8862384751, 49.552153100699996 ], [ 5.8850566393, 49.550261435800003 ], [ 5.8857143113, 49.549229922800002 ], [ 5.8856951044, 49.548359140700001 ], [ 5.8852960504, 49.547042598200001 ], [ 5.88531565, 49.546803949800001 ], [ 5.8868884875, 49.546517006800002 ], [ 5.8899942241, 49.546571449200002 ], [ 5.8900469795, 49.546203083599998 ], [ 5.8985431234, 49.547110193499996 ], [ 5.9007396834, 49.549378137600002 ], [ 5.9024386611, 49.550153150900002 ], [ 5.9035463252, 49.550983041800002 ], [ 5.9042838238, 49.551267220299998 ], [ 5.9038691162, 49.551289726199997 ], [ 5.9036207768, 49.551819123599998 ], [ 5.9048092307, 49.5522137468 ], [ 5.9060230153, 49.552039412900001 ], [ 5.9089072557, 49.5524117167 ], [ 5.911668875, 49.553800976399998 ], [ 5.9127302827, 49.554118003900001 ], [ 5.9160436458, 49.554389805699998 ], [ 5.9165558805, 49.553915628699997 ], [ 5.9204089017, 49.555000729200003 ], [ 5.9205479562, 49.5547499312 ], [ 5.9219354762, 49.555057489799999 ], [ 5.9238405853, 49.555187045700002 ], [ 5.9255567526, 49.555480892699997 ], [ 5.9282197225, 49.556304289 ], [ 5.931714881, 49.5570858663 ], [ 5.9377269931, 49.559462089299998 ], [ 5.9370338689, 49.561505655200001 ], [ 5.9378518247, 49.561854020399998 ], [ 5.9401983415, 49.5620590224 ], [ 5.941901754, 49.5618489298 ], [ 5.9423838291, 49.5619361368 ], [ 5.9426395409, 49.562268853900001 ], [ 5.9430068085, 49.562235705600003 ], [ 5.9458679524, 49.561230695900001 ], [ 5.947430459, 49.560892030399998 ], [ 5.9483365979, 49.559681389300003 ], [ 5.9493854178, 49.5597748705 ], [ 5.9511628582, 49.561079635399999 ], [ 5.951228834, 49.561599425399997 ], [ 5.9528643011, 49.562033489699999 ], [ 5.9546008742, 49.563720597200003 ], [ 5.95497062, 49.564790531299998 ], [ 5.9547984083, 49.565411903600001 ], [ 5.9553036574, 49.566408663799997 ], [ 5.9560977465, 49.567371845700002 ], [ 5.9570736711, 49.567993637400001 ], [ 5.9578880924, 49.5688231014 ], [ 5.9570319281, 49.568803603600003 ], [ 5.9561244577, 49.568387499400004 ], [ 5.9549710891, 49.568247377100001 ], [ 5.952660794, 49.567105377399997 ], [ 5.9509768486, 49.567227579 ], [ 5.9498282743, 49.568398861799999 ], [ 5.949452125, 49.568772192399997 ], [ 5.9486627582, 49.568425923699998 ], [ 5.9466991374, 49.567005933499999 ], [ 5.945099602, 49.566314958299998 ], [ 5.9440052371, 49.565475990099998 ], [ 5.9436305816, 49.564660746800001 ], [ 5.9432759781, 49.564686575899998 ], [ 5.943416962, 49.566570704900002 ], [ 5.943325651, 49.567306241300003 ], [ 5.9429901998, 49.5673023911 ], [ 5.9429958159, 49.569058332300003 ], [ 5.9426851963, 49.570591517499999 ], [ 5.9419403299, 49.570676294499997 ], [ 5.9415485505, 49.571814142699999 ], [ 5.9409865125, 49.5725491894 ], [ 5.9409844771, 49.572663524799999 ], [ 5.94144996, 49.572749795 ], [ 5.9413977181, 49.573434974400001 ], [ 5.9401560409, 49.5742565945 ], [ 5.9396253359, 49.574412581200001 ], [ 5.9397351013, 49.576750734800001 ], [ 5.9394837674, 49.578014725700001 ], [ 5.9381501472, 49.580046375400002 ], [ 5.9350330518, 49.582382020300003 ], [ 5.9348655001, 49.582182667 ], [ 5.933789648, 49.582509871699997 ], [ 5.9339266929, 49.5829553401 ], [ 5.9328292934, 49.5834629338 ], [ 5.9315545101, 49.5852898268 ], [ 5.9300279218, 49.586998874400003 ], [ 5.9314864735, 49.588541202199998 ], [ 5.9342447943, 49.590894465300003 ], [ 5.9332636935, 49.591245088199997 ], [ 5.9305313398, 49.592386062099997 ], [ 5.9290931695, 49.592023641600001 ], [ 5.9271288568, 49.592037305399998 ], [ 5.9269553543, 49.592148272499998 ], [ 5.9279559515, 49.5932481241 ], [ 5.9277852688, 49.593350484799998 ], [ 5.928632148, 49.594012346500001 ], [ 5.9278004019, 49.5946443534 ], [ 5.9272014828, 49.594337561700002 ], [ 5.9262227564, 49.594979241499999 ], [ 5.922249138, 49.5967614833 ], [ 5.9218271972, 49.596449409900004 ], [ 5.9210928336, 49.5968739 ], [ 5.9205129914, 49.597244184099999 ], [ 5.9203299325, 49.5978906538 ], [ 5.9178598896, 49.6003762526 ], [ 5.9179389228, 49.600942857600003 ], [ 5.917480493, 49.600891133099999 ] ] ] ] } },
{ "type": "Feature", "properties": { "name": "Lac de la Haute-Sûre", "canton": "Wiltz", "district": "Diekirch", "lau2": "0806" }, "geometry": { "type": "MultiPolygon", "coordinates": [ [ [ [ 5.8321872959, 49.942561667 ], [ 5.8327789703, 49.943257450600001 ], [ 5.833081412, 49.943290921799999 ], [ 5.8328426916, 49.943650051900001 ], [ 5.833171963, 49.944073042 ], [ 5.8335176231, 49.944242042500001 ], [ 5.8338407904, 49.944202469499999 ], [ 5.8337914844, 49.944436881 ], [ 5.8341630125, 49.9445807715 ], [ 5.8345864018, 49.944535811199998 ], [ 5.8350999466, 49.94504548 ], [ 5.8351839045, 49.945182690599999 ], [ 5.8348583887, 49.945423081500003 ], [ 5.8352783244, 49.945812745600001 ], [ 5.8350358283, 49.945977953099998 ], [ 5.8353928884, 49.946216297399999 ], [ 5.8354433711, 49.946574425599998 ], [ 5.8373729324, 49.947330985900003 ], [ 5.8374308018, 49.9478685845 ], [ 5.8380179632, 49.948153435 ], [ 5.8386436634, 49.948177065 ], [ 5.8386855935, 49.9483932614 ], [ 5.8389492276, 49.948346609799998 ], [ 5.8391238865, 49.948548095500001 ], [ 5.8394717874, 49.948595865599998 ], [ 5.8386488018, 49.949578374399998 ], [ 5.8387425895, 49.950462900200002 ], [ 5.8391804203, 49.950719352299998 ], [ 5.8390176895, 49.9508732858 ], [ 5.838683779, 49.950775890499997 ], [ 5.8383956011, 49.951183763899998 ], [ 5.838544166, 49.951351039499997 ], [ 5.8383745887, 49.951339356699997 ], [ 5.8379463562, 49.951618429600003 ], [ 5.8367465682, 49.951720979699999 ], [ 5.8325046545, 49.953361297 ], [ 5.8305329012, 49.953706327900001 ], [ 5.826024897, 49.952957527300001 ], [ 5.823888128, 49.951997771899997 ], [ 5.8231947193, 49.951845477399999 ], [ 5.8204685586, 49.9517020085 ], [ 5.8169769424, 49.950498767500001 ], [ 5.8155884112, 49.952160532900002 ], [ 5.8129583547, 49.951451361799997 ], [ 5.8106036942, 49.953784984400002 ], [ 5.8129511064, 49.954663643499998 ], [ 5.812090897, 49.955504096600002 ], [ 5.8131208797, 49.956228480299998 ], [ 5.8131815604, 49.956803364599999 ], [ 5.8129779787, 49.957211882199999 ], [ 5.8109790872, 49.958811138500003 ], [ 5.8090728454, 49.958303294099998 ], [ 5.8075018958, 49.959366134699998 ], [ 5.8071124812, 49.960418063 ], [ 5.80766095, 49.962200769900001 ], [ 5.80837389, 49.9629113194 ], [ 5.8102567249, 49.963692395199999 ], [ 5.8101076775, 49.9638452871 ], [ 5.8065957216, 49.962300584200001 ], [ 5.8034906398, 49.963293940299998 ], [ 5.8030903941, 49.963326938400002 ], [ 5.8026877365, 49.963033303400003 ], [ 5.800220661, 49.9629545811 ], [ 5.7982633116, 49.964116038100002 ], [ 5.7974346401, 49.9643464599 ], [ 5.7964802734, 49.965353386399997 ], [ 5.7957793526, 49.965689051399998 ], [ 5.7929169491, 49.9644881993 ], [ 5.7909398919, 49.963881113500001 ], [ 5.7910416057, 49.962779506899999 ], [ 5.7913192025, 49.962298139200001 ], [ 5.7911850765, 49.961798615799999 ], [ 5.7892736529, 49.961558247100001 ], [ 5.7881933945, 49.961281223 ], [ 5.7856279122, 49.960985836299997 ], [ 5.784727119, 49.961593593499998 ], [ 5.7843455951, 49.961441609399998 ], [ 5.7833590728, 49.962087048900003 ], [ 5.7831892758, 49.961987771399997 ], [ 5.7806074132, 49.962694469799999 ], [ 5.7750253763, 49.9607957228 ], [ 5.7756725562, 49.959458964299998 ], [ 5.7772285077, 49.957734992200002 ], [ 5.7753323545, 49.9570614175 ], [ 5.7751752963, 49.957199520300001 ], [ 5.773671226, 49.956502788599998 ], [ 5.7748612255, 49.954933401700004 ], [ 5.7749515908, 49.954616261799998 ], [ 5.7745257119, 49.954262483199997 ], [ 5.7746202293, 49.953794667799997 ], [ 5.7744415726, 49.953659744900001 ], [ 5.7750353334, 49.9531430109 ], [ 5.7739258551, 49.952303650399998 ], [ 5.7721686329, 49.951505364299997 ], [ 5.7711850058, 49.950613334800003 ], [ 5.7714901677, 49.950123117 ], [ 5.770368926, 49.949584980600001 ], [ 5.7713346664, 49.946125639500004 ], [ 5.7728123931, 49.946514001899999 ], [ 5.7727109017, 49.945602387400001 ], [ 5.7732510243, 49.944751203199999 ], [ 5.771779039, 49.944474321199998 ], [ 5.7738882395, 49.941438499100002 ], [ 5.7748660583, 49.938471279399998 ], [ 5.7751584875, 49.937711220300002 ], [ 5.7731260318, 49.937690846800002 ], [ 5.7730282987, 49.937206150100003 ], [ 5.7725284539, 49.9371473335 ], [ 5.7725131087, 49.936722092300002 ], [ 5.7704427242, 49.936672826900001 ], [ 5.7706908387, 49.935778021 ], [ 5.7703448374, 49.935703286100001 ], [ 5.770145243, 49.933242299200003 ], [ 5.7698033661, 49.933096839199997 ], [ 5.7709367701, 49.931671411 ], [ 5.7688801727, 49.931652166 ], [ 5.7668302254, 49.931213723699997 ], [ 5.7640134666, 49.931446135 ], [ 5.7640410286, 49.931074013600004 ], [ 5.7645949331, 49.930565005399998 ], [ 5.7644324833, 49.930018131300002 ], [ 5.7637806037, 49.9297977911 ], [ 5.7645573967, 49.9290071203 ], [ 5.7649044104, 49.928988554299998 ], [ 5.7640953769, 49.928468950899997 ], [ 5.764247551, 49.928200923200002 ], [ 5.7636206441, 49.927746582099999 ], [ 5.763477799, 49.927082600799999 ], [ 5.7636187075, 49.926484087200002 ], [ 5.7647407523, 49.926416053 ], [ 5.7635226698, 49.924489748699997 ], [ 5.7645856148, 49.924150085599997 ], [ 5.7618214084, 49.923308255400002 ], [ 5.7622601852, 49.921433837800002 ], [ 5.7620594984, 49.919712165 ], [ 5.7615443841, 49.918933975900003 ], [ 5.7610514482, 49.918560859700001 ], [ 5.7606998563, 49.917438460200003 ], [ 5.7604716796, 49.917331436700003 ], [ 5.7614305744, 49.917061509699998 ], [ 5.7639990612, 49.915746239599997 ], [ 5.764880563, 49.915628261099997 ], [ 5.7667153538, 49.916019677500003 ], [ 5.7695213944, 49.9175686524 ], [ 5.7720522363, 49.918225909 ], [ 5.7719058036, 49.918832937799998 ], [ 5.7734627343, 49.919375833399997 ], [ 5.7756089766, 49.9181567527 ], [ 5.7802200738, 49.9181184495 ], [ 5.7805048473, 49.917657500600001 ], [ 5.7814157375, 49.917916396499997 ], [ 5.7838801729, 49.917881665499998 ], [ 5.7883405839, 49.918492989800001 ], [ 5.7923746505, 49.918034804599998 ], [ 5.7959533479, 49.918834050100003 ], [ 5.7976824073, 49.919556901200004 ], [ 5.7996956128, 49.920143997899999 ], [ 5.8003998146, 49.919997101100002 ], [ 5.7997763257, 49.919075133500002 ], [ 5.8008673216, 49.919195929600001 ], [ 5.8022426947, 49.91957786 ], [ 5.8034515199, 49.919627033099999 ], [ 5.8044612754, 49.919478435400002 ], [ 5.8047243999, 49.919180412300001 ], [ 5.8062810086, 49.918740918200001 ], [ 5.8080685385, 49.9191277117 ], [ 5.8090563576, 49.918953967299998 ], [ 5.8094450419, 49.919251396600004 ], [ 5.8097457386, 49.9191537604 ], [ 5.8096435084, 49.918959429300003 ], [ 5.8100164168, 49.918861484600001 ], [ 5.8101414638, 49.918956791799999 ], [ 5.8100257371, 49.918634645799997 ], [ 5.8117234446, 49.918730882299997 ], [ 5.8118652993, 49.9189534016 ], [ 5.8113347191, 49.918993886400003 ], [ 5.8126437696, 49.919281880299998 ], [ 5.8128487435, 49.919087331 ], [ 5.8139579024, 49.917243139 ], [ 5.8123881114, 49.916743839600002 ], [ 5.8127842727, 49.916304648800001 ], [ 5.8129417903, 49.916392104700002 ], [ 5.8131572548, 49.9152060547 ], [ 5.8141702388, 49.916028766499998 ], [ 5.8159684776, 49.916488789 ], [ 5.816073997, 49.916319259 ], [ 5.8174955701, 49.916515727499998 ], [ 5.8161645159, 49.914335983400001 ], [ 5.8181124128, 49.914257927500003 ], [ 5.8185275885, 49.914940768299999 ], [ 5.8185850995, 49.915992152599998 ], [ 5.8190302049, 49.916067814599998 ], [ 5.8199469134, 49.915862854499998 ], [ 5.8203906969, 49.915742486399999 ], [ 5.8202655508, 49.915537073499998 ], [ 5.8217114618, 49.916085444399997 ], [ 5.8226673144, 49.916159583099997 ], [ 5.8243690963, 49.915715629300003 ], [ 5.8243734328, 49.914754444300002 ], [ 5.8239566767, 49.914051391 ], [ 5.8245137294, 49.914020681399997 ], [ 5.823947059, 49.913664561899999 ], [ 5.8250285043, 49.912165022499998 ], [ 5.8267882683, 49.912353240199998 ], [ 5.830673474, 49.913447636 ], [ 5.8329493066, 49.9132241497 ], [ 5.8357062963, 49.913344310399999 ], [ 5.8355719394, 49.9121447932 ], [ 5.8346819647, 49.910998520100001 ], [ 5.8351374147, 49.910886571100001 ], [ 5.8363127748, 49.910049565400001 ], [ 5.8370265113, 49.909865018700003 ], [ 5.8385524388, 49.909911330200003 ], [ 5.8395972639, 49.909363147400001 ], [ 5.8408759878, 49.9090562998 ], [ 5.8408437801, 49.908945975899996 ], [ 5.8426120362, 49.909086444499998 ], [ 5.8424967374, 49.909213032399997 ], [ 5.8448692751, 49.909890382900002 ], [ 5.8463989815, 49.909634788600002 ], [ 5.8487425057, 49.909682982100001 ], [ 5.8500160618, 49.909430565299999 ], [ 5.8504289444, 49.908727796199997 ], [ 5.8512974717, 49.908557699600003 ], [ 5.8518683245, 49.908138162500002 ], [ 5.8535483777, 49.907696841 ], [ 5.8536422239, 49.907560968799999 ], [ 5.8561439953, 49.907448653400003 ], [ 5.8567319266, 49.9072659765 ], [ 5.8573489024, 49.906784051499997 ], [ 5.8590239212, 49.904050007899997 ], [ 5.8596955412, 49.903534779499999 ], [ 5.8617128101, 49.902504371299997 ], [ 5.8620901593, 49.902115650699997 ], [ 5.8622120049, 49.901401239099997 ], [ 5.8619517184, 49.900646029800001 ], [ 5.8598375015, 49.8993166825 ], [ 5.859404515, 49.898450775800001 ], [ 5.8598257951, 49.897827030499997 ], [ 5.8604654727, 49.897562477599998 ], [ 5.8620652636, 49.897429457299999 ], [ 5.8635943703, 49.897602385900001 ], [ 5.8649320473, 49.898144299099997 ], [ 5.8653063346, 49.898778704900003 ], [ 5.8660383951, 49.901334451499999 ], [ 5.8663017038, 49.901842877299998 ], [ 5.8669348813, 49.902330153 ], [ 5.8678787475, 49.902628194 ], [ 5.8705600082, 49.902814553699997 ], [ 5.873468089, 49.9024682947 ], [ 5.8750696648, 49.902060608600003 ], [ 5.8778725597, 49.9020359712 ], [ 5.8789365342, 49.902387005400001 ], [ 5.8804271455, 49.903288067399998 ], [ 5.8808521829, 49.904107303799996 ], [ 5.8808658745, 49.9046985389 ], [ 5.8813264691, 49.905322550199998 ], [ 5.8822871286, 49.905715527300003 ], [ 5.8841940066, 49.9060369161 ], [ 5.8861797515, 49.907588372699998 ], [ 5.8865713991, 49.908254424299997 ], [ 5.8863285021, 49.90862333 ], [ 5.8864128384, 49.908908579699997 ], [ 5.8874549176, 49.910109341 ], [ 5.8888594439, 49.911094542699999 ], [ 5.8907990484, 49.9117537208 ], [ 5.8946135806, 49.911434037500001 ], [ 5.8951664586, 49.911562776799997 ], [ 5.8961731781, 49.911979625199997 ], [ 5.8970470441, 49.913507018099999 ], [ 5.8974834185, 49.913847867400001 ], [ 5.8984053174, 49.9139916 ], [ 5.8993521741, 49.913795558300002 ], [ 5.9000691351, 49.913457387500003 ], [ 5.9007185159, 49.912821703699997 ], [ 5.902182937, 49.910779018100001 ], [ 5.9032037902, 49.909691062699999 ], [ 5.903647427, 49.908700908699998 ], [ 5.9036266744, 49.908276076 ], [ 5.9042761696, 49.907597891599998 ], [ 5.9047845858, 49.907414970700003 ], [ 5.905407092, 49.9074588581 ], [ 5.9059132703, 49.907686552599998 ], [ 5.9090153905, 49.909859899700002 ], [ 5.9098940271, 49.911203422100002 ], [ 5.9114499197, 49.911269707800002 ], [ 5.9118760397, 49.911160674400001 ], [ 5.9123399993, 49.910792498200003 ], [ 5.9123927257, 49.910014940799996 ], [ 5.9118521313, 49.908780473199997 ], [ 5.9123760992, 49.908826695400002 ], [ 5.913882407, 49.906467620400001 ], [ 5.9161912829, 49.904312426799997 ], [ 5.9173440919, 49.903660538799997 ], [ 5.918925391, 49.903887161699998 ], [ 5.9193379151, 49.904277515099999 ], [ 5.9195442113, 49.905530933500003 ], [ 5.9190955468, 49.906867535 ], [ 5.917718734, 49.909419875099999 ], [ 5.9176876251, 49.9101634883 ], [ 5.9179879818, 49.911156294900003 ], [ 5.9185904546, 49.911747952200002 ], [ 5.9207858794, 49.9123341823 ], [ 5.9219814367, 49.9121622551 ], [ 5.9230146214, 49.911516414899999 ], [ 5.9239770909, 49.910586540600001 ], [ 5.9262363002, 49.911528647200001 ], [ 5.9259931741, 49.9120790013 ], [ 5.9241046443, 49.913790803799998 ], [ 5.9246613092, 49.915142474200003 ], [ 5.9256913552, 49.915543228399997 ], [ 5.9267539225, 49.915452609100001 ], [ 5.9274590684, 49.916800932299999 ], [ 5.9276777801, 49.916250507100003 ], [ 5.9274305406, 49.915354520800001 ], [ 5.9275226202, 49.9147777433 ], [ 5.9284902857, 49.913930367 ], [ 5.9283899, 49.9135303511 ], [ 5.9287021322, 49.912864228099998 ], [ 5.9293026518, 49.912386769199998 ], [ 5.9302622743, 49.912048064300002 ], [ 5.9304542062, 49.9120029551 ], [ 5.9306340899, 49.912288978699998 ], [ 5.9320141626, 49.912089148 ], [ 5.9317037585, 49.913047844799998 ], [ 5.9320355815, 49.914544211299997 ], [ 5.9331711613, 49.915715242399997 ], [ 5.9337163509, 49.915849904799998 ], [ 5.9346465043, 49.9156769258 ], [ 5.9344675358, 49.915184532700003 ], [ 5.9351927703, 49.914676887699997 ], [ 5.9354571975, 49.914836818700003 ], [ 5.9378396455, 49.915071865800002 ], [ 5.9383244127, 49.9149538068 ], [ 5.9388758129, 49.914538146399998 ], [ 5.9391455254, 49.913694996 ], [ 5.939726846, 49.913381208200001 ], [ 5.9399065717, 49.913061964900002 ], [ 5.9396930081, 49.9125597301 ], [ 5.9399374993, 49.9122846494 ], [ 5.9398910744, 49.911676105600002 ], [ 5.9394989199, 49.911281217800003 ], [ 5.9394380735, 49.910895386 ], [ 5.9398729288, 49.909494370700003 ], [ 5.9421309823, 49.910414264400004 ], [ 5.9437691772, 49.910783689100001 ], [ 5.9437969602, 49.910374969599999 ], [ 5.9441508532, 49.910523167699999 ], [ 5.9466215496, 49.910629954299999 ], [ 5.948107107, 49.910638929 ], [ 5.9488392413, 49.9105080231 ], [ 5.9488096497, 49.910669986 ], [ 5.9498901573, 49.910701891400002 ], [ 5.9495720304, 49.912012664199999 ], [ 5.9489846169, 49.912790509700002 ], [ 5.9481007777, 49.913415645500002 ], [ 5.947786782, 49.915485833200002 ], [ 5.9474456726, 49.916209069200001 ], [ 5.9476801995, 49.916936245199999 ], [ 5.9473491831, 49.9176695333 ], [ 5.9461786678, 49.918661535200002 ], [ 5.9446477044, 49.919333931 ], [ 5.9428846423, 49.920507852900002 ], [ 5.9423232801, 49.921339576199998 ], [ 5.9420475475, 49.922730433 ], [ 5.9414423078, 49.923454629799998 ], [ 5.9422009524, 49.925503308899998 ], [ 5.9412299079, 49.927891361500002 ], [ 5.9405744174, 49.928840038300002 ], [ 5.9380912432, 49.928369109099997 ], [ 5.9384791226, 49.928749436300002 ], [ 5.9374961326, 49.929267235200001 ], [ 5.9365925426, 49.929407141600002 ], [ 5.9311135849, 49.928409579499998 ], [ 5.9319267793, 49.928951885700002 ], [ 5.9313035901, 49.928866522600003 ], [ 5.93087177, 49.930138187899999 ], [ 5.9327785673, 49.930663516499997 ], [ 5.9341071412, 49.9307427305 ], [ 5.9337943922, 49.931729241799999 ], [ 5.9324960413, 49.931856912100002 ], [ 5.9320412541, 49.931775507799998 ], [ 5.9325397526, 49.931990689499997 ], [ 5.9322805559, 49.932301856800002 ], [ 5.9318503411, 49.932161838399999 ], [ 5.9300265877, 49.932703874200001 ], [ 5.9293704841, 49.932708788100001 ], [ 5.9291189092, 49.932909821199999 ], [ 5.9279566902, 49.932531545300002 ], [ 5.9235303809, 49.9323167262 ], [ 5.9222979059, 49.9325495199 ], [ 5.9221610247, 49.9328147835 ], [ 5.9216787526, 49.932456264800003 ], [ 5.921368476, 49.932685656799997 ], [ 5.9210681515, 49.932593109800003 ], [ 5.9208986625, 49.932745301 ], [ 5.9199711461, 49.932783605099999 ], [ 5.9198237985, 49.932620301900002 ], [ 5.919200314, 49.932600971399999 ], [ 5.9180421958, 49.932972773199999 ], [ 5.9163743974, 49.933162941799999 ], [ 5.916503348, 49.934534642 ], [ 5.9154910377, 49.9352117902 ], [ 5.9123706609, 49.936356651300002 ], [ 5.9103585128, 49.938024752600001 ], [ 5.9097441023, 49.939008848500002 ], [ 5.9094248436, 49.9401381646 ], [ 5.9090220764, 49.940390207500002 ], [ 5.9081591197, 49.941793417600003 ], [ 5.9078004827, 49.941881406199997 ], [ 5.906813896, 49.942774837899996 ], [ 5.9055472639, 49.943115280599997 ], [ 5.9041656974, 49.942943350199997 ], [ 5.9030453057, 49.943205178600003 ], [ 5.9021259056, 49.943075829500003 ], [ 5.9017543541, 49.943238696800002 ], [ 5.8995364395, 49.943447447700002 ], [ 5.8982135066, 49.9439412471 ], [ 5.8965219681, 49.945514253799999 ], [ 5.8943751156, 49.946258869300003 ], [ 5.8945439292, 49.946434670800002 ], [ 5.8934119928, 49.946426259500001 ], [ 5.8923830969, 49.946161285899997 ], [ 5.89135219, 49.946235770500003 ], [ 5.8891933352, 49.94754054 ], [ 5.8889821125, 49.947401022599998 ], [ 5.8881654843, 49.947646829900002 ], [ 5.8869494169, 49.9476178886 ], [ 5.884398443, 49.946824462499997 ], [ 5.8807824253, 49.945206228099998 ], [ 5.8789861509, 49.946283038600001 ], [ 5.8788180186, 49.947748098300004 ], [ 5.8781340029, 49.948989771699999 ], [ 5.8782775159, 49.949750868599999 ], [ 5.8773579472, 49.949384486600003 ], [ 5.876863529, 49.948860839600002 ], [ 5.8757586725, 49.9482487382 ], [ 5.8751654993, 49.9491447041 ], [ 5.8729968761, 49.948817112599997 ], [ 5.8729121662, 49.949081937400003 ], [ 5.8724760275, 49.948827253200001 ], [ 5.8720344751, 49.949504741699997 ], [ 5.8710850429, 49.949856628100001 ], [ 5.8702448333, 49.949939062699997 ], [ 5.8689221579, 49.949418149300001 ], [ 5.868159538, 49.949382615200001 ], [ 5.8663022977, 49.948511856899998 ], [ 5.8669060728, 49.9478294607 ], [ 5.8671287055, 49.9471227007 ], [ 5.8680607825, 49.947202462500002 ], [ 5.8683933242, 49.947360015 ], [ 5.8686291176, 49.947141568699998 ], [ 5.8680199568, 49.946863379500002 ], [ 5.8682662729, 49.946547423299997 ], [ 5.8680734838, 49.946220202600003 ], [ 5.8666392792, 49.945760164399999 ], [ 5.8668571462, 49.945133299799998 ], [ 5.8666486365, 49.943862276200001 ], [ 5.8668666487, 49.942309875600003 ], [ 5.8681102702, 49.9395749858 ], [ 5.8675079148, 49.939331631199998 ], [ 5.8664383323, 49.939343598100002 ], [ 5.86588134, 49.9395030465 ], [ 5.8650857654, 49.939389728400002 ], [ 5.8634167279, 49.938618406700002 ], [ 5.8614766598, 49.938332904100001 ], [ 5.8608670166, 49.937827395399999 ], [ 5.8604257191, 49.938404570599999 ], [ 5.8591577858, 49.938325797600001 ], [ 5.8589826119, 49.938529605600003 ], [ 5.8576868151, 49.938249013499998 ], [ 5.8571049574, 49.938360407099999 ], [ 5.8549478146, 49.936876076 ], [ 5.8540033277, 49.936439044899998 ], [ 5.8529411729, 49.936551870800002 ], [ 5.8524690312, 49.9369308713 ], [ 5.8523823899, 49.937401118700002 ], [ 5.8504954046, 49.937037772399997 ], [ 5.8474988833, 49.936128863699999 ], [ 5.8449003058, 49.935843819900001 ], [ 5.844833097, 49.936367897099998 ], [ 5.8432334061, 49.936421599500001 ], [ 5.8416728484, 49.937520096500002 ], [ 5.8410989997, 49.938219717599999 ], [ 5.8408828728, 49.939379407300002 ], [ 5.8406136675, 49.939688957100003 ], [ 5.8385409926, 49.940351268299999 ], [ 5.8367953584, 49.940446741700001 ], [ 5.8354897279, 49.940771636199997 ], [ 5.8351146577, 49.940536701799999 ], [ 5.8343340143, 49.940366979899999 ], [ 5.8339939764, 49.940634631 ], [ 5.8342490215, 49.941024265899998 ], [ 5.8335019741, 49.941368802100001 ], [ 5.8329647435, 49.9413811545 ], [ 5.8327129989, 49.941705148099999 ], [ 5.8328845574, 49.942081706700002 ], [ 5.8321872959, 49.942561667 ] ] ] ] } },
{ "type": "Feature", "properties": { "name": "Larochette", "canton": "Mersch", "district": "Luxembourg", "lau2": "0406" }, "geometry": { "type": "MultiPolygon", "coordinates": [ [ [ [ 6.2242025016, 49.786308774 ], [ 6.2257330713, 49.786121354800002 ], [ 6.2261647689, 49.786970310100003 ], [ 6.2355777061, 49.791841257500003 ], [ 6.2338439463, 49.7938664192 ], [ 6.2335270365, 49.793752086200001 ], [ 6.2324920446, 49.794609632799997 ], [ 6.2322216371, 49.795443125 ], [ 6.2324425492, 49.796142819899998 ], [ 6.2316124112, 49.796550581299996 ], [ 6.229616917, 49.795996172899997 ], [ 6.2284206029, 49.795614579800002 ], [ 6.2263047399, 49.7954709005 ], [ 6.2253757143, 49.795171701 ], [ 6.224374275, 49.795076960599999 ], [ 6.2245169979, 49.794854747599999 ], [ 6.2223376271, 49.793929878100002 ], [ 6.2217311458, 49.793434812500003 ], [ 6.2212160851, 49.791250210599998 ], [ 6.2191512508, 49.791524238400001 ], [ 6.2190872569, 49.791056983499999 ], [ 6.2184902593, 49.790403066400003 ], [ 6.2180764881, 49.789347207699997 ], [ 6.2172445341, 49.789829841100001 ], [ 6.21748103, 49.790227964800003 ], [ 6.2154771552, 49.790696558800001 ], [ 6.2113603499, 49.792194822100001 ], [ 6.2094310008, 49.793674064199998 ], [ 6.2086454749, 49.794000899399997 ], [ 6.2080817392, 49.794047563600003 ], [ 6.2075770736, 49.794566154 ], [ 6.2076298416, 49.794956089700001 ], [ 6.2081251232, 49.794916968199999 ], [ 6.2082253089, 49.795088871200001 ], [ 6.2081672802, 49.796124810499997 ], [ 6.2054444426, 49.797985235100001 ], [ 6.2053351754, 49.797864525900003 ], [ 6.2045498896, 49.798175994899999 ], [ 6.2024993606, 49.798524325899997 ], [ 6.2026092227, 49.798725675299998 ], [ 6.201484473, 49.799128994699998 ], [ 6.1979000228, 49.799726442599997 ], [ 6.198248437, 49.800652437300002 ], [ 6.1980343194, 49.801663121399997 ], [ 6.1967319832, 49.801795695599999 ], [ 6.1973276099, 49.799813847599999 ], [ 6.1922987977, 49.799843743399997 ], [ 6.1921766237, 49.80055346 ], [ 6.1904439936, 49.800314155 ], [ 6.1886571424, 49.799610239499998 ], [ 6.1877180496, 49.796883959600002 ], [ 6.1868058782, 49.795596593699997 ], [ 6.1867421492, 49.794371134400002 ], [ 6.1864360101, 49.7935463775 ], [ 6.1832967875, 49.789945363199998 ], [ 6.1831508604, 49.788423901500003 ], [ 6.184077425, 49.787715796 ], [ 6.1853863516, 49.787111043800003 ], [ 6.1840299448, 49.785143439400002 ], [ 6.1815485402, 49.785612963 ], [ 6.1808103482, 49.786179386800001 ], [ 6.1799101892, 49.785976855900003 ], [ 6.1789966427, 49.786654475500001 ], [ 6.1792754439, 49.787119743799998 ], [ 6.1733921837, 49.78467971 ], [ 6.1741482293, 49.784227487599999 ], [ 6.1740485747, 49.784149831599997 ], [ 6.1721920374, 49.784316479399997 ], [ 6.1718667069, 49.784002383800001 ], [ 6.1712027115, 49.781476624500002 ], [ 6.1709712055, 49.781614702900001 ], [ 6.1709844751, 49.782632093700002 ], [ 6.170582983, 49.782621748799997 ], [ 6.1699368501, 49.783400992399997 ], [ 6.1690518007, 49.783269844 ], [ 6.1680744648, 49.783407062899997 ], [ 6.1673711246, 49.7832120391 ], [ 6.1670663411, 49.782922097 ], [ 6.1668377411, 49.781933188 ], [ 6.1664655882, 49.781449952199999 ], [ 6.1661139242, 49.781513801599999 ], [ 6.1656362726, 49.780990859100001 ], [ 6.1653383467, 49.781008134799997 ], [ 6.1651450807, 49.7814289608 ], [ 6.1642012812, 49.782138255 ], [ 6.1629025242, 49.781688272700002 ], [ 6.1618689589, 49.781029199899997 ], [ 6.1610776246, 49.781137579899998 ], [ 6.1590245118, 49.7757555074 ], [ 6.1591775881, 49.775758916599997 ], [ 6.1588181006, 49.775324269599999 ], [ 6.1580499147, 49.775125183299998 ], [ 6.1599360034, 49.773902225299999 ], [ 6.1592229026, 49.773398211100002 ], [ 6.1596697892, 49.773090218100002 ], [ 6.1618227935, 49.774134991 ], [ 6.1641537875, 49.774751796099999 ], [ 6.1646821795, 49.774370025899998 ], [ 6.1668578033, 49.774596601799999 ], [ 6.1678676619, 49.773586337499999 ], [ 6.1673055255, 49.773325391900002 ], [ 6.1698218299, 49.770070819600001 ], [ 6.1704441058, 49.770127760299999 ], [ 6.1704810525, 49.769207780599999 ], [ 6.1709876526, 49.7691921033 ], [ 6.1708742263, 49.7682493366 ], [ 6.1711402412, 49.768215154099998 ], [ 6.1712963808, 49.768438739700002 ], [ 6.1727860298, 49.767876144200002 ], [ 6.1734165349, 49.767455587599997 ], [ 6.1720704526, 49.766514985 ], [ 6.1734543148, 49.7661272912 ], [ 6.1748375351, 49.763911930500001 ], [ 6.175509156, 49.764000973800002 ], [ 6.1756505159, 49.763481072799998 ], [ 6.1749962723, 49.763348244100001 ], [ 6.1756889576, 49.761540216100002 ], [ 6.178798256, 49.761990878699997 ], [ 6.1797697455, 49.761959417699998 ], [ 6.1796025418, 49.761198727199996 ], [ 6.181106757, 49.760802927 ], [ 6.1812796004, 49.760927626 ], [ 6.18278332, 49.759139143299997 ], [ 6.1841817822, 49.7590408756 ], [ 6.1844687534, 49.759526496500001 ], [ 6.1854938034, 49.759975814800001 ], [ 6.1858718847, 49.761448936400001 ], [ 6.1924833217, 49.761545269 ], [ 6.1970920323, 49.761245364200001 ], [ 6.1981626441, 49.760990671499997 ], [ 6.2014009321, 49.760676900599996 ], [ 6.2039636597, 49.760630038499997 ], [ 6.2042199473, 49.759972201399997 ], [ 6.2070571226, 49.759443547499998 ], [ 6.2068147556, 49.758363884200001 ], [ 6.2098924945, 49.757025180500001 ], [ 6.2106721865, 49.757215018499998 ], [ 6.212650682, 49.757182009700003 ], [ 6.2149623835, 49.757416548400002 ], [ 6.2155272224, 49.757350034300003 ], [ 6.2157258263, 49.757151030499998 ], [ 6.2160778553, 49.757276240899998 ], [ 6.216005452, 49.757564866099997 ], [ 6.2162127455, 49.757644311 ], [ 6.2166082147, 49.757397571200002 ], [ 6.2174734023, 49.7579654428 ], [ 6.2184613634, 49.758177192300003 ], [ 6.2187428009, 49.758086071900003 ], [ 6.2192399819, 49.758197119499997 ], [ 6.219563906, 49.758060655500003 ], [ 6.2204635407, 49.7586125216 ], [ 6.2209364475, 49.758601280599997 ], [ 6.2219320923, 49.759733381799997 ], [ 6.221844935, 49.760203523199998 ], [ 6.2225805228, 49.760687911200002 ], [ 6.2230687186, 49.760787546300001 ], [ 6.2232897906, 49.761143033300002 ], [ 6.224961093, 49.7619696326 ], [ 6.2250083109, 49.762355339800003 ], [ 6.2262564903, 49.763511138399998 ], [ 6.2267110981, 49.764364884300001 ], [ 6.2277047771, 49.764695805199999 ], [ 6.228088984, 49.765188018899998 ], [ 6.2287623912, 49.765544479399999 ], [ 6.229119273, 49.766452508699999 ], [ 6.2295463607, 49.766784470300003 ], [ 6.2294577928, 49.767536333899997 ], [ 6.2291140986, 49.767479669499998 ], [ 6.2283766722, 49.768635157299997 ], [ 6.2272599531, 49.769453846 ], [ 6.2272509207, 49.7701092406 ], [ 6.2265849146, 49.770342839800001 ], [ 6.2236360435, 49.7709596312 ], [ 6.2228423935, 49.771437549600002 ], [ 6.2225058268, 49.7725629388 ], [ 6.2226906845, 49.773098312400002 ], [ 6.2234802614, 49.774005943100001 ], [ 6.2234474821, 49.774724040899997 ], [ 6.2230353153, 49.775404866400002 ], [ 6.2226622056, 49.775551181099999 ], [ 6.2225060777, 49.775980482800001 ], [ 6.222071091, 49.775825680099999 ], [ 6.2209145249, 49.775946392100003 ], [ 6.2204792974, 49.776339596299998 ], [ 6.2203978169, 49.777127366499997 ], [ 6.2225404455, 49.7786446924 ], [ 6.223853532, 49.780763938900002 ], [ 6.2241324602, 49.781758357299999 ], [ 6.2239329167, 49.781768111200002 ], [ 6.2240144938, 49.782542577900003 ], [ 6.2235361814, 49.783589017799997 ], [ 6.2242025016, 49.786308774 ] ] ] ] } },
{ "type": "Feature", "properties": { "name": "Lenningen", "canton": "Remich", "district": "Grevenmacher", "lau2": "1203" }, "geometry": { "type": "MultiPolygon", "coordinates": [ [ [ [ 6.344054511, 49.609393090899999 ], [ 6.3458543271, 49.610322353400001 ], [ 6.3455778278, 49.610459928600001 ], [ 6.3458028483, 49.610611772399999 ], [ 6.3448780763, 49.610940665800001 ], [ 6.3444147481, 49.611562133 ], [ 6.3448213482, 49.611717836499999 ], [ 6.3456340284, 49.613939135899997 ], [ 6.3451116546, 49.613998947799999 ], [ 6.3449101135, 49.616057629899998 ], [ 6.3443739572, 49.616685079200003 ], [ 6.3403571715, 49.615671451300003 ], [ 6.3399935764, 49.617414791500003 ], [ 6.3404522374, 49.617502523500001 ], [ 6.3398954295, 49.618086682200001 ], [ 6.3397039271, 49.618653391300001 ], [ 6.3400346566, 49.619569368 ], [ 6.3384855692, 49.619827553699999 ], [ 6.3388535992, 49.622131768099997 ], [ 6.3378512949, 49.622575309699997 ], [ 6.3377306855, 49.622029078 ], [ 6.3353363587, 49.6218069779 ], [ 6.3348791535, 49.622471256799997 ], [ 6.3330539095, 49.622459167599999 ], [ 6.3329321785, 49.623684148 ], [ 6.3326803521, 49.623551180900002 ], [ 6.3313795605, 49.624119545699998 ], [ 6.3309085983, 49.624484185599997 ], [ 6.3298217611, 49.624333005300002 ], [ 6.3286553748, 49.624537024699997 ], [ 6.3281762031, 49.625126835099998 ], [ 6.3288595787, 49.625542462200002 ], [ 6.3299674242, 49.626737106199997 ], [ 6.3278970485, 49.6269257788 ], [ 6.3241236615, 49.626713390600003 ], [ 6.3229933235, 49.626883992400003 ], [ 6.3213434381, 49.627390774399998 ], [ 6.3180242138, 49.627690144100001 ], [ 6.3169511838, 49.627756913900001 ], [ 6.314932764, 49.627760757799997 ], [ 6.3112162067, 49.6280212375 ], [ 6.3100153884, 49.628303951600003 ], [ 6.3096337733, 49.628411248600003 ], [ 6.3055776791, 49.626719786800003 ], [ 6.3044658882, 49.626051363099997 ], [ 6.2890439204, 49.614131148600002 ], [ 6.281855693, 49.6089105645 ], [ 6.2799199901, 49.607487345700001 ], [ 6.2783562044, 49.606004244300003 ], [ 6.2770199947, 49.605253727200001 ], [ 6.2760636089, 49.6043398849 ], [ 6.2754878556, 49.603551984900001 ], [ 6.2737857129, 49.601299912599998 ], [ 6.2754099161, 49.600689938800002 ], [ 6.2764258931, 49.601434780600002 ], [ 6.2774464381, 49.601639401900002 ], [ 6.2775388711, 49.602115765800001 ], [ 6.2798318448, 49.602165894400002 ], [ 6.2807272157, 49.602493012099998 ], [ 6.2821880114, 49.602749208 ], [ 6.284935222, 49.602610313900001 ], [ 6.2863341143, 49.601818599399998 ], [ 6.288512585, 49.601820329200002 ], [ 6.2891236917, 49.600953843299997 ], [ 6.2895516628, 49.599760256499998 ], [ 6.2903682103, 49.599155778499998 ], [ 6.2919765819, 49.598652060500001 ], [ 6.2933124393, 49.598592387099998 ], [ 6.2951797967, 49.598216410200003 ], [ 6.2966512787, 49.595542138 ], [ 6.2996101328, 49.593135615400001 ], [ 6.2997291329, 49.591163143300001 ], [ 6.3017633971, 49.590474942500002 ], [ 6.3013248843, 49.589915166 ], [ 6.302001504, 49.588843322700001 ], [ 6.3022704268, 49.586697585400003 ], [ 6.3028542736, 49.5850134019 ], [ 6.3023699531, 49.583772224199997 ], [ 6.3007684712, 49.582655399099998 ], [ 6.3018246519, 49.581809187899999 ], [ 6.3019452031, 49.581526971499997 ], [ 6.3023092373, 49.5816858775 ], [ 6.3040782326, 49.581114072399998 ], [ 6.3079459414, 49.580724509500001 ], [ 6.3078060244, 49.580500757400003 ], [ 6.3109948329, 49.581125134799997 ], [ 6.3122738712, 49.581621795899999 ], [ 6.3135264446, 49.5813798975 ], [ 6.315722635, 49.582826628399999 ], [ 6.31553305, 49.583470873300001 ], [ 6.3150670051, 49.584063718800003 ], [ 6.3118855033, 49.586642962900001 ], [ 6.311677463, 49.586988631600001 ], [ 6.3120732048, 49.587388013499996 ], [ 6.314509543, 49.589021532799997 ], [ 6.3170968527, 49.590447085100003 ], [ 6.3241701899, 49.593440670500001 ], [ 6.3257696731, 49.594046707 ], [ 6.3272872235, 49.594393299499998 ], [ 6.3308147085, 49.594532493899997 ], [ 6.3459271403, 49.594536941400001 ], [ 6.3490677464, 49.594207887300001 ], [ 6.3529615321, 49.593160138199998 ], [ 6.3544607747, 49.592890374200003 ], [ 6.3560435928, 49.593332571399998 ], [ 6.3575490132, 49.594166406900001 ], [ 6.358286582, 49.594349382 ], [ 6.3596598555, 49.5951699664 ], [ 6.3604226586, 49.595404332599998 ], [ 6.362621265, 49.594506304 ], [ 6.3628294063, 49.5947417243 ], [ 6.3641489248, 49.594292731400003 ], [ 6.3652229044, 49.594153570099998 ], [ 6.3646000464, 49.5925861029 ], [ 6.3646799378, 49.59234685 ], [ 6.3658512893, 49.592790981 ], [ 6.3663680505, 49.592606873699999 ], [ 6.3661580436, 49.5921187338 ], [ 6.368671314, 49.592658650399997 ], [ 6.3688704972, 49.592433788400001 ], [ 6.369230953, 49.592631771900002 ], [ 6.3697588389, 49.5920046146 ], [ 6.3695714571, 49.590670941900001 ], [ 6.3698780269, 49.589555732299999 ], [ 6.3701523115, 49.589375925399999 ], [ 6.3707758102, 49.589768314499999 ], [ 6.3715595215, 49.590668096599998 ], [ 6.3719089157, 49.590540103199999 ], [ 6.3726299739, 49.591725301399997 ], [ 6.3721154564, 49.592665021599998 ], [ 6.3724099883, 49.592884906099997 ], [ 6.3726665223, 49.592728007 ], [ 6.3731083185, 49.592829450099998 ], [ 6.373651031, 49.593140931 ], [ 6.3742661897, 49.5940970089 ], [ 6.3761513135, 49.595886478700002 ], [ 6.3757117485, 49.596021102800002 ], [ 6.3765855086, 49.596669325500002 ], [ 6.3776877856, 49.598093879399997 ], [ 6.379630571, 49.599393247499997 ], [ 6.3793185009, 49.599490212500001 ], [ 6.3804730815, 49.6000410483 ], [ 6.3821987333, 49.602101970900002 ], [ 6.3818945257, 49.6029779104 ], [ 6.381476554, 49.603261955900003 ], [ 6.3819587135, 49.604164803899998 ], [ 6.3796299332, 49.604055022499999 ], [ 6.3792705187, 49.604170946399996 ], [ 6.3770468013, 49.603332198300002 ], [ 6.3765716784, 49.603852550699997 ], [ 6.3764410689, 49.604415319 ], [ 6.3772717774, 49.6066239146 ], [ 6.3775260857, 49.606605497799997 ], [ 6.3775819083, 49.606775371499999 ], [ 6.3779168958, 49.606726075899999 ], [ 6.3780750327, 49.606944287700003 ], [ 6.3801721228, 49.606850844299998 ], [ 6.3801703553, 49.607213698 ], [ 6.3803682788, 49.607253784299999 ], [ 6.3790665351, 49.607952546 ], [ 6.3801509731, 49.6094533232 ], [ 6.3797285551, 49.609665334200002 ], [ 6.3791720411, 49.609713089800003 ], [ 6.3788470743, 49.610202219900003 ], [ 6.3779736897, 49.609961038 ], [ 6.3769681164, 49.610266221099998 ], [ 6.3758538673, 49.610304018900003 ], [ 6.3755154829, 49.610617659200003 ], [ 6.374562637, 49.611222477699997 ], [ 6.3733490044, 49.611437453299999 ], [ 6.3720590124, 49.6120919508 ], [ 6.3720035173, 49.612350531399997 ], [ 6.3723580445, 49.612822102400003 ], [ 6.3721136162, 49.6130336441 ], [ 6.3696137677, 49.613076882800001 ], [ 6.3686125079, 49.613909748499999 ], [ 6.3673006098, 49.6145141509 ], [ 6.3667891724, 49.615322497599998 ], [ 6.365547709, 49.615570175400002 ], [ 6.3645928916, 49.615802875900002 ], [ 6.3625899938, 49.613815108200001 ], [ 6.3615219399, 49.613369486499998 ], [ 6.3606893036, 49.613235881100003 ], [ 6.360993286, 49.6140062164 ], [ 6.3607228179, 49.614669080900001 ], [ 6.3598383663, 49.615454876900003 ], [ 6.3596328567, 49.615358412600003 ], [ 6.3585980001, 49.6160137647 ], [ 6.3567829724, 49.6156638633 ], [ 6.3562109316, 49.615079988 ], [ 6.3550336029, 49.615025962 ], [ 6.3538532054, 49.615120658199999 ], [ 6.3523212806, 49.6158860671 ], [ 6.3495516269, 49.614145633 ], [ 6.3481617761, 49.611763768300001 ], [ 6.3482749791, 49.610711841300002 ], [ 6.3492333388, 49.609496633299997 ], [ 6.3490374564, 49.609056004 ], [ 6.3460058256, 49.6071537236 ], [ 6.3452566085, 49.607414161100003 ], [ 6.3446276321, 49.607893151900001 ], [ 6.344033344, 49.608831338 ], [ 6.344054511, 49.609393090899999 ] ] ] ] } },
{ "type": "Feature", "properties": { "name": "Leudelange", "canton": "Esch-sur-Alzette", "district": "Luxembourg", "lau2": "0207" }, "geometry": { "type": "MultiPolygon", "coordinates": [ [ [ [ 6.0970848769, 49.572660135200003 ], [ 6.0951796221, 49.575033161900002 ], [ 6.0952691867, 49.575184869799998 ], [ 6.09398154, 49.575566991300001 ], [ 6.0941177985, 49.577354076500001 ], [ 6.0935072276, 49.578512752800002 ], [ 6.0911083549, 49.577971278600003 ], [ 6.0867537042, 49.576597008900002 ], [ 6.0849162423, 49.576230752100003 ], [ 6.083249875, 49.577102155 ], [ 6.0825661587, 49.577090436200002 ], [ 6.0811283785, 49.577663175799998 ], [ 6.0793958454, 49.577376992700003 ], [ 6.0790298644, 49.578234586699999 ], [ 6.0792287826, 49.579110835199998 ], [ 6.0788110193, 49.5798971798 ], [ 6.0782296502, 49.580414681699999 ], [ 6.0785631416, 49.580876322199998 ], [ 6.0781381517, 49.581333954900003 ], [ 6.0790625001, 49.584196782 ], [ 6.0795346449, 49.584458717 ], [ 6.0797568034, 49.5843674642 ], [ 6.0792862986, 49.5852396883 ], [ 6.0769627112, 49.586696192700003 ], [ 6.07622517, 49.587275204599997 ], [ 6.0767548048, 49.587500242799997 ], [ 6.0761928437, 49.589352405299998 ], [ 6.0743630032, 49.589394306700001 ], [ 6.0742320692, 49.5897740009 ], [ 6.0737636233, 49.589337612400001 ], [ 6.072942096, 49.589313236800002 ], [ 6.0709791934, 49.587688694500002 ], [ 6.0705867553, 49.588810583799997 ], [ 6.0698784372, 49.5886615394 ], [ 6.0692871725, 49.589822502600001 ], [ 6.064222048, 49.588499814 ], [ 6.059864525, 49.587664597299998 ], [ 6.0572238465, 49.587523269499997 ], [ 6.0518532079, 49.586554849400002 ], [ 6.0493118525, 49.585856840700004 ], [ 6.0466084827, 49.584843012699999 ], [ 6.0466878015, 49.584519219900002 ], [ 6.0456733943, 49.582954985100002 ], [ 6.0452061724, 49.5816124718 ], [ 6.0448652988, 49.579736453099997 ], [ 6.0461586575, 49.579715434299999 ], [ 6.046321077, 49.579429598700003 ], [ 6.0468100179, 49.579389855499997 ], [ 6.0490372961, 49.579903571 ], [ 6.0491963353, 49.578621789099998 ], [ 6.0485074378, 49.578232428299998 ], [ 6.048222714, 49.577741386299998 ], [ 6.0490113959, 49.576337512800002 ], [ 6.0479498268, 49.5756182541 ], [ 6.0489680186, 49.574890951199997 ], [ 6.0481391504, 49.574578848900003 ], [ 6.0475607972, 49.574570286399997 ], [ 6.0487674768, 49.571614170499998 ], [ 6.0493140743, 49.571743349400002 ], [ 6.0497698356, 49.571051816400001 ], [ 6.0483770015, 49.570788873399998 ], [ 6.0466841234, 49.569730998 ], [ 6.0454940656, 49.570349337700002 ], [ 6.0448460503, 49.569942750899997 ], [ 6.0436197434, 49.569599778300002 ], [ 6.0420713026, 49.569833977099997 ], [ 6.0403906568, 49.570355167 ], [ 6.0396214876, 49.570304322299997 ], [ 6.0374038358, 49.569349558299997 ], [ 6.0384353972, 49.567039313499997 ], [ 6.0382643483, 49.566369297199998 ], [ 6.0398156435, 49.5662674111 ], [ 6.0403494745, 49.566086584600001 ], [ 6.0396279215, 49.5649181836 ], [ 6.0386962534, 49.564017379900001 ], [ 6.0383071914, 49.563858389499998 ], [ 6.0399048469, 49.562482671 ], [ 6.0396844081, 49.562390323700001 ], [ 6.0408480204, 49.561488221399998 ], [ 6.041394717, 49.561625715200002 ], [ 6.0416689789, 49.561260390699999 ], [ 6.0420149223, 49.561337090800002 ], [ 6.0423781685, 49.559951346200002 ], [ 6.0423047194, 49.559365758600002 ], [ 6.0419822863, 49.559121598899999 ], [ 6.0426357676, 49.557528544500002 ], [ 6.0434495385, 49.556347098700002 ], [ 6.0446013747, 49.555144894500003 ], [ 6.045068872, 49.554451852100001 ], [ 6.0450340898, 49.554073587200001 ], [ 6.0455829112, 49.553838841500003 ], [ 6.0463739625, 49.552995622399997 ], [ 6.0472583622, 49.552532413199998 ], [ 6.0477504468, 49.552878162299997 ], [ 6.0492055752, 49.552054578499998 ], [ 6.0496608198, 49.551210499299998 ], [ 6.050904405, 49.5501244266 ], [ 6.0518347848, 49.548833040399998 ], [ 6.0535098537, 49.549147112100002 ], [ 6.0576639387, 49.550276948399997 ], [ 6.0605665429, 49.551676075800003 ], [ 6.061211595, 49.5487866243 ], [ 6.0611574584, 49.547705278 ], [ 6.0629977003, 49.5482310501 ], [ 6.0645166899, 49.548864320600003 ], [ 6.0665418769, 49.549332045699998 ], [ 6.0676162857, 49.549184307600001 ], [ 6.0688637716, 49.549448660800003 ], [ 6.0697722839, 49.550285052900001 ], [ 6.0710443555, 49.550695760399996 ], [ 6.0724637333, 49.550872311500001 ], [ 6.074373589, 49.550785980500002 ], [ 6.075945262, 49.550886168700004 ], [ 6.0772105689, 49.550487334700001 ], [ 6.0779681871, 49.550637946800002 ], [ 6.0783908532, 49.550538201099997 ], [ 6.0786026905, 49.550316229499998 ], [ 6.0790482866, 49.550457766 ], [ 6.0794550136, 49.5502279301 ], [ 6.0809441047, 49.550463906200001 ], [ 6.0834183962, 49.551271730899998 ], [ 6.0846337765, 49.552029591699998 ], [ 6.0848956435, 49.551949388899999 ], [ 6.0864257228, 49.552686226299997 ], [ 6.0878879749, 49.553032109100002 ], [ 6.0879431262, 49.5534105459 ], [ 6.0874651505, 49.553550235800003 ], [ 6.0868805328, 49.554483520200002 ], [ 6.0874243993, 49.555278178199998 ], [ 6.0880844406, 49.5555726849 ], [ 6.0884734725, 49.556128086900003 ], [ 6.088152792, 49.55671513 ], [ 6.0885402474, 49.557561077499997 ], [ 6.0901007552, 49.559396146899999 ], [ 6.090285257, 49.559505439299997 ], [ 6.0908913699, 49.559338939200003 ], [ 6.0917433624, 49.559561613600003 ], [ 6.0917196883, 49.560115727499998 ], [ 6.0924110145, 49.5616878079 ], [ 6.0938750433, 49.563177658199997 ], [ 6.0999471343, 49.564647925700001 ], [ 6.1017531947, 49.5647175183 ], [ 6.1016507962, 49.5650959755 ], [ 6.0996192313, 49.566460505499997 ], [ 6.1018534281, 49.568279252400004 ], [ 6.1036184115, 49.569170710800002 ], [ 6.1043134919, 49.569917726699998 ], [ 6.1043165921, 49.570140985499997 ], [ 6.1027786599, 49.570959953699997 ], [ 6.100397268, 49.571572270300003 ], [ 6.0997171238, 49.571429403300002 ], [ 6.0993599892, 49.571191066200001 ], [ 6.0981917664, 49.571453768600001 ], [ 6.0970848769, 49.572660135200003 ] ] ] ] } },
{ "type": "Feature", "properties": { "name": "Lintgen", "canton": "Mersch", "district": "Luxembourg", "lau2": "0407" }, "geometry": { "type": "MultiPolygon", "coordinates": [ [ [ [ 6.1760449381, 49.722437460599998 ], [ 6.1783727859, 49.725152919899998 ], [ 6.1782288559, 49.725462469699998 ], [ 6.1809086195, 49.725899884 ], [ 6.1812791281, 49.726130553099999 ], [ 6.1811512615, 49.726492341099998 ], [ 6.1846290372, 49.727469298300001 ], [ 6.1848916674, 49.728723234699999 ], [ 6.1847609186, 49.7297297673 ], [ 6.1840229204, 49.731507558200001 ], [ 6.1823330321, 49.733022832400003 ], [ 6.1767264575, 49.736074449599997 ], [ 6.1730651222, 49.738927024299997 ], [ 6.1722979823, 49.740476993199998 ], [ 6.1720240301, 49.743863720299998 ], [ 6.1699598674, 49.743738339099998 ], [ 6.169938318, 49.743934015199997 ], [ 6.1673719834, 49.743924687700002 ], [ 6.1647194512, 49.743074527499999 ], [ 6.16427427, 49.7432121481 ], [ 6.1643459009, 49.743453921300002 ], [ 6.1607701847, 49.743252743500001 ], [ 6.1600483685, 49.743403782400001 ], [ 6.1590231131, 49.7440185767 ], [ 6.1570509157, 49.744584462699997 ], [ 6.1568946968, 49.744096320899999 ], [ 6.156271204, 49.743475449500004 ], [ 6.1508614799, 49.739504054199998 ], [ 6.1471737929, 49.738297691900001 ], [ 6.1426878837, 49.737619695799999 ], [ 6.1392216428, 49.736519676599997 ], [ 6.1367327423, 49.735128269900002 ], [ 6.1349623157, 49.734499549 ], [ 6.1352376907, 49.734354423799999 ], [ 6.1329420095, 49.731869939500001 ], [ 6.1312889282, 49.7296635338 ], [ 6.1303142234, 49.728908916100004 ], [ 6.1276899948, 49.728314449800003 ], [ 6.1276045243, 49.728423173499998 ], [ 6.1232502535, 49.727669691800003 ], [ 6.1233264715, 49.727479735700001 ], [ 6.1227157106, 49.72739311 ], [ 6.1229014386, 49.7265834321 ], [ 6.1183673685, 49.726095448300001 ], [ 6.117479759, 49.728146631599998 ], [ 6.1180536344, 49.728445164900002 ], [ 6.1182928547, 49.729016416699999 ], [ 6.1180622098, 49.7297600124 ], [ 6.1183864372, 49.730023661200001 ], [ 6.1183239318, 49.730526931599996 ], [ 6.1177528464, 49.7312242414 ], [ 6.1171675212, 49.731320290600003 ], [ 6.1175176848, 49.731509715900003 ], [ 6.1173920963, 49.7322045258 ], [ 6.1160959764, 49.732971731399999 ], [ 6.1154914108, 49.7330329961 ], [ 6.1155201998, 49.7333794428 ], [ 6.1145694226, 49.734859297200003 ], [ 6.1149272675, 49.735092204300003 ], [ 6.1147601878, 49.735461309199998 ], [ 6.1142218937, 49.735780076 ], [ 6.1134579181, 49.735702142299999 ], [ 6.1124455649, 49.735912340699997 ], [ 6.1126678264, 49.7363772522 ], [ 6.1122076024, 49.736959081199998 ], [ 6.1124122909, 49.737176989399998 ], [ 6.1123672386, 49.737578919900002 ], [ 6.112871184, 49.7379232264 ], [ 6.1126618557, 49.738213782700001 ], [ 6.1108553333, 49.7382475685 ], [ 6.1091836338, 49.7393881972 ], [ 6.1088729916, 49.739978844600003 ], [ 6.1073162329, 49.740672832100003 ], [ 6.1067898931, 49.740406826700003 ], [ 6.1055548966, 49.740762346499999 ], [ 6.1022862596, 49.737796401799997 ], [ 6.1022465938, 49.7359709857 ], [ 6.1024917184, 49.735380912499998 ], [ 6.1031726782, 49.734846355899997 ], [ 6.1046321903, 49.7342214114 ], [ 6.1041211333, 49.7338091843 ], [ 6.105392867, 49.733077712399997 ], [ 6.106235153, 49.732242615899999 ], [ 6.1065726908, 49.731526369299999 ], [ 6.1036393981, 49.731026220099999 ], [ 6.1025591427, 49.729924580199999 ], [ 6.101968437, 49.728891537 ], [ 6.1019594191, 49.728531207 ], [ 6.101540528, 49.728209395699999 ], [ 6.1017831048, 49.727841053299997 ], [ 6.1015292175, 49.726919224900001 ], [ 6.1012109653, 49.725880622200002 ], [ 6.1014656634, 49.724971642200003 ], [ 6.1005600405, 49.722727023899999 ], [ 6.1009376688, 49.7226462872 ], [ 6.099531858, 49.721459251600002 ], [ 6.1020865586, 49.720085541899998 ], [ 6.105552176, 49.717649889199997 ], [ 6.1059767841, 49.715888585099997 ], [ 6.1042155465, 49.712348154 ], [ 6.1047715978, 49.710626861400002 ], [ 6.1059510934, 49.709426377299998 ], [ 6.1062527452, 49.708458393 ], [ 6.1049721138, 49.705621017799999 ], [ 6.1068638554, 49.705127018500001 ], [ 6.1087749342, 49.704937491300001 ], [ 6.1100748985, 49.705011487199997 ], [ 6.1123662826, 49.704387667699997 ], [ 6.1130193777, 49.704413221400003 ], [ 6.1131878472, 49.704281593099999 ], [ 6.1132807504, 49.704474715 ], [ 6.1147386451, 49.704102668799997 ], [ 6.1165368646, 49.704007375300002 ], [ 6.119771519, 49.7043445268 ], [ 6.1213508779, 49.704712529200002 ], [ 6.1224462207, 49.705060741899999 ], [ 6.1257287714, 49.706636271199997 ], [ 6.1263549234, 49.706928318800003 ], [ 6.1310398295, 49.709380611 ], [ 6.1333701529, 49.710968226399999 ], [ 6.1335823528, 49.710969178299997 ], [ 6.1335658645, 49.711114177799999 ], [ 6.1361577571, 49.711502919600001 ], [ 6.1367593866, 49.711876540900001 ], [ 6.140251356, 49.712698647800003 ], [ 6.1408990011, 49.712728151900002 ], [ 6.1408375281, 49.712845639199998 ], [ 6.1413238439, 49.712786778 ], [ 6.1432067854, 49.7136757213 ], [ 6.1449945136, 49.712033874 ], [ 6.1457365723, 49.711973065099997 ], [ 6.1459811863, 49.7122126712 ], [ 6.1477565055, 49.7125278782 ], [ 6.1487760783, 49.713058801300001 ], [ 6.1500045782, 49.713413678899997 ], [ 6.1511362585, 49.713559439199997 ], [ 6.1528450141, 49.713525192900001 ], [ 6.1531758499, 49.7137977099 ], [ 6.1539525827, 49.7139643836 ], [ 6.1587125558, 49.714223407299997 ], [ 6.1636206985, 49.7159239028 ], [ 6.1641881982, 49.718189411300003 ], [ 6.1669466414, 49.718997501499999 ], [ 6.166701674, 49.719533075400001 ], [ 6.1683326742, 49.720424565800002 ], [ 6.1681778526, 49.720871483300002 ], [ 6.1684128541, 49.721477525799997 ], [ 6.169604544, 49.722123597100001 ], [ 6.17044913, 49.722531670199999 ], [ 6.1710403895, 49.721219189300001 ], [ 6.1754566603, 49.7230402848 ], [ 6.1760449381, 49.722437460599998 ] ] ] ] } },
{ "type": "Feature", "properties": { "name": "Lorentzweiler", "canton": "Mersch", "district": "Luxembourg", "lau2": "0408" }, "geometry": { "type": "MultiPolygon", "coordinates": [ [ [ [ 6.1349935605, 49.689763539300003 ], [ 6.1357078834, 49.689482977700003 ], [ 6.1356353718, 49.689188237 ], [ 6.1346428335, 49.688628037199997 ], [ 6.1338842164, 49.688556676499999 ], [ 6.1336637973, 49.6881152327 ], [ 6.1339925095, 49.687717822700002 ], [ 6.133183504, 49.687370485899997 ], [ 6.1325582683, 49.686864968 ], [ 6.1350195654, 49.686397325400002 ], [ 6.1343398706, 49.685468924699997 ], [ 6.1355148535, 49.6853582958 ], [ 6.1344670301, 49.684742758100001 ], [ 6.134095158, 49.6829021191 ], [ 6.1382416298, 49.682499845499997 ], [ 6.1383867256, 49.683245846600002 ], [ 6.1417711327, 49.682639781699997 ], [ 6.1426733649, 49.683149579899997 ], [ 6.144324291, 49.681782628699999 ], [ 6.1479627896, 49.681343006799999 ], [ 6.1535949011, 49.682037839800003 ], [ 6.1559075432, 49.681993646700001 ], [ 6.1560594415, 49.682404994599999 ], [ 6.160411705, 49.682229227500002 ], [ 6.1639858103, 49.684738684599999 ], [ 6.1690309889, 49.6859514597 ], [ 6.1669980783, 49.686917148299997 ], [ 6.1679982839, 49.687445665799999 ], [ 6.1710523557, 49.688289147100001 ], [ 6.1734338362, 49.689336373099998 ], [ 6.1755900271, 49.689552557699997 ], [ 6.1771495505, 49.689235272300003 ], [ 6.1778943954, 49.689932808099996 ], [ 6.1790770815, 49.69057421 ], [ 6.1797915107, 49.690031481299997 ], [ 6.1808888676, 49.690676901800003 ], [ 6.1811839675, 49.691160252 ], [ 6.1809756504, 49.691797828699997 ], [ 6.1829148977, 49.693113387300002 ], [ 6.1790723862, 49.696168842699997 ], [ 6.1810148194, 49.697190924899999 ], [ 6.1821063912, 49.697284663300003 ], [ 6.1825831699, 49.697390252700004 ], [ 6.1831024988, 49.697820548300001 ], [ 6.1835947101, 49.697961078900001 ], [ 6.1845584307, 49.698742487300002 ], [ 6.184970229, 49.698760631399999 ], [ 6.1849392023, 49.699127751100001 ], [ 6.185261881, 49.699611005 ], [ 6.1837773466, 49.701517396900002 ], [ 6.1848890231, 49.702335427599998 ], [ 6.1857331767, 49.704943335899998 ], [ 6.1872295672, 49.706183950400003 ], [ 6.1861390378, 49.707206699 ], [ 6.1859256084, 49.708043574900003 ], [ 6.1860199753, 49.7084615172 ], [ 6.1867934549, 49.709331064600001 ], [ 6.18678727, 49.710190203800003 ], [ 6.1870642346, 49.711055687299996 ], [ 6.186907807, 49.711421074900002 ], [ 6.1867989497, 49.7128942067 ], [ 6.1865108019, 49.713528118299998 ], [ 6.1848932457, 49.714583163599997 ], [ 6.1843274005, 49.716294007 ], [ 6.1818623831, 49.715540067699997 ], [ 6.181435845, 49.716050755399998 ], [ 6.1804263746, 49.716632249299998 ], [ 6.179982813, 49.717095974300001 ], [ 6.1791423427, 49.716845192699999 ], [ 6.1774572661, 49.717915137200002 ], [ 6.1789706278, 49.718426158299998 ], [ 6.1770293874, 49.720156588400002 ], [ 6.1760449381, 49.722437460599998 ], [ 6.1754566603, 49.7230402848 ], [ 6.1710403895, 49.721219189300001 ], [ 6.17044913, 49.722531670199999 ], [ 6.169604544, 49.722123597100001 ], [ 6.1684128541, 49.721477525799997 ], [ 6.1681778526, 49.720871483300002 ], [ 6.1683326742, 49.720424565800002 ], [ 6.166701674, 49.719533075400001 ], [ 6.1669466414, 49.718997501499999 ], [ 6.1641881982, 49.718189411300003 ], [ 6.1636206985, 49.7159239028 ], [ 6.1587125558, 49.714223407299997 ], [ 6.1539525827, 49.7139643836 ], [ 6.1531758499, 49.7137977099 ], [ 6.1528450141, 49.713525192900001 ], [ 6.1511362585, 49.713559439199997 ], [ 6.1500045782, 49.713413678899997 ], [ 6.1487760783, 49.713058801300001 ], [ 6.1477565055, 49.7125278782 ], [ 6.1459811863, 49.7122126712 ], [ 6.1457365723, 49.711973065099997 ], [ 6.1449945136, 49.712033874 ], [ 6.1432067854, 49.7136757213 ], [ 6.1413238439, 49.712786778 ], [ 6.1408375281, 49.712845639199998 ], [ 6.1408990011, 49.712728151900002 ], [ 6.140251356, 49.712698647800003 ], [ 6.1367593866, 49.711876540900001 ], [ 6.1361577571, 49.711502919600001 ], [ 6.1335658645, 49.711114177799999 ], [ 6.1335823528, 49.710969178299997 ], [ 6.1333701529, 49.710968226399999 ], [ 6.1310398295, 49.709380611 ], [ 6.1263549234, 49.706928318800003 ], [ 6.1257287714, 49.706636271199997 ], [ 6.1224462207, 49.705060741899999 ], [ 6.1213508779, 49.704712529200002 ], [ 6.119771519, 49.7043445268 ], [ 6.1165368646, 49.704007375300002 ], [ 6.1147386451, 49.704102668799997 ], [ 6.1132807504, 49.704474715 ], [ 6.1131878472, 49.704281593099999 ], [ 6.1130193777, 49.704413221400003 ], [ 6.1123662826, 49.704387667699997 ], [ 6.1100748985, 49.705011487199997 ], [ 6.1087749342, 49.704937491300001 ], [ 6.1068638554, 49.705127018500001 ], [ 6.1049721138, 49.705621017799999 ], [ 6.1026702488, 49.704141481800001 ], [ 6.0961824943, 49.7007079244 ], [ 6.0935698294, 49.699869243499997 ], [ 6.0936774238, 49.6987116484 ], [ 6.0931706951, 49.697416991700003 ], [ 6.093036175, 49.6953497704 ], [ 6.0925401611, 49.69317465 ], [ 6.0908548839, 49.693062100299997 ], [ 6.0907076376, 49.692329822399998 ], [ 6.0912900922, 49.6921011811 ], [ 6.0912963101, 49.691668346599997 ], [ 6.0918785902, 49.691518777 ], [ 6.0915152087, 49.690960251600004 ], [ 6.0919929654, 49.690570206 ], [ 6.0922490642, 49.6896249005 ], [ 6.0914265617, 49.689028710499997 ], [ 6.0914734433, 49.688824729099998 ], [ 6.0920347274, 49.688599172 ], [ 6.0920050276, 49.688465179600001 ], [ 6.0907682903, 49.688006329499999 ], [ 6.0907303779, 49.686926337800003 ], [ 6.09017662, 49.686536827399998 ], [ 6.0904238878, 49.686104251499998 ], [ 6.0901454726, 49.685332738600003 ], [ 6.0934060349, 49.684744044399999 ], [ 6.0984637381, 49.6861885398 ], [ 6.101083326, 49.687360282500002 ], [ 6.1049328007, 49.688992526 ], [ 6.1050736097, 49.689411630499997 ], [ 6.1060480846, 49.6892982707 ], [ 6.1063053368, 49.689823941100002 ], [ 6.1070165429, 49.6896430209 ], [ 6.1072056719, 49.6899928192 ], [ 6.1088519842, 49.690309213299997 ], [ 6.1135617398, 49.6908262364 ], [ 6.1137425316, 49.691305920300003 ], [ 6.1155153071, 49.690844315500001 ], [ 6.1167949386, 49.691196018299998 ], [ 6.1179929735, 49.692053256 ], [ 6.1187788805, 49.691932228500001 ], [ 6.1189995878, 49.692117613500002 ], [ 6.1196029632, 49.691076333300003 ], [ 6.119487371, 49.690503252299997 ], [ 6.120805832, 49.690035120700003 ], [ 6.1213839945, 49.691067143799998 ], [ 6.1236253397, 49.690812515399998 ], [ 6.1245897001, 49.691249444199997 ], [ 6.125866745, 49.692305642500003 ], [ 6.1259098135, 49.691643039500001 ], [ 6.1276060369, 49.691542044099997 ], [ 6.1274434337, 49.690819436799998 ], [ 6.1296217006, 49.690768502700003 ], [ 6.1296749591, 49.690356854800001 ], [ 6.1306891463, 49.690405603899997 ], [ 6.1307527428, 49.690000845699998 ], [ 6.133077246, 49.689855785100001 ], [ 6.1330340422, 49.689765405099998 ], [ 6.1345041307, 49.689527517400002 ], [ 6.1349884062, 49.689615044500002 ], [ 6.1349935605, 49.689763539300003 ] ] ] ] } },
{ "type": "Feature", "properties": { "name": "Luxembourg", "canton": "Luxembourg", "district": "Luxembourg", "lau2": "0304" }, "geometry": { "type": "MultiPolygon", "coordinates": [ [ [ [ 6.1348954958, 49.585859131900001 ], [ 6.1389936748, 49.5880568758 ], [ 6.1412739697, 49.588884179899999 ], [ 6.141912567, 49.58906407 ], [ 6.1423165147, 49.588530135100001 ], [ 6.1449459067, 49.589848540600002 ], [ 6.1464524096, 49.588782511 ], [ 6.1493342404, 49.590468442099997 ], [ 6.1503893454, 49.590962360699997 ], [ 6.1489800455, 49.591897151399998 ], [ 6.1508228025, 49.592030413400003 ], [ 6.1534908547, 49.593550037299998 ], [ 6.1537259008, 49.593721982399998 ], [ 6.1531187902, 49.595126425099998 ], [ 6.1607145835, 49.601407093900001 ], [ 6.1636575597, 49.602985800900001 ], [ 6.1634945436, 49.603278120500001 ], [ 6.1643467519, 49.603407633300002 ], [ 6.166441034, 49.604513839299997 ], [ 6.1673551552, 49.605102465100003 ], [ 6.1676657904, 49.605508732 ], [ 6.1683441546, 49.605495951199998 ], [ 6.1690150429, 49.605733026599999 ], [ 6.1691582181, 49.606019262 ], [ 6.1710798523, 49.606821148599998 ], [ 6.1728733658, 49.6068015643 ], [ 6.1752864767, 49.6076343569 ], [ 6.177605773, 49.607519968200002 ], [ 6.1790422293, 49.606977573800002 ], [ 6.1812331025, 49.607034988599999 ], [ 6.1819015704, 49.607134157399997 ], [ 6.1821953698, 49.607471435299999 ], [ 6.1834704867, 49.6079825817 ], [ 6.1846774942, 49.608274334800001 ], [ 6.1870224075, 49.607747408100003 ], [ 6.1876315502, 49.6072023575 ], [ 6.1876397287, 49.606577553 ], [ 6.1882290286, 49.605720649600002 ], [ 6.1898502829, 49.605113954300002 ], [ 6.1898276498, 49.6048758409 ], [ 6.1904923158, 49.604744467400003 ], [ 6.1914217653, 49.604989839200002 ], [ 6.1918134844, 49.604885937399999 ], [ 6.1934734054, 49.606060904300001 ], [ 6.1956582706, 49.607009658599999 ], [ 6.1982189501, 49.608652565699998 ], [ 6.2003260698, 49.609619647800002 ], [ 6.2017786836, 49.610555788799999 ], [ 6.2023785576, 49.612731861299999 ], [ 6.2036491147, 49.613044094400003 ], [ 6.2032877707, 49.613806167500002 ], [ 6.2026971551, 49.613974742300002 ], [ 6.2012761738, 49.614005522799999 ], [ 6.1996938496, 49.614579917599997 ], [ 6.1992264036, 49.614954154099998 ], [ 6.1993939698, 49.615154804600003 ], [ 6.1985011181, 49.615853811299999 ], [ 6.1989307862, 49.616010686099997 ], [ 6.1977637214, 49.616791624800001 ], [ 6.1965656535, 49.617210842900001 ], [ 6.1952657418, 49.617339026099998 ], [ 6.1939860629, 49.617911183 ], [ 6.1913340946, 49.618112417699997 ], [ 6.1912259686, 49.619085247100003 ], [ 6.1898032527, 49.619023612500001 ], [ 6.1895064577, 49.620365466800003 ], [ 6.1903395177, 49.620256665299998 ], [ 6.1904059584, 49.620838854200002 ], [ 6.1915035198, 49.620732265800001 ], [ 6.1914816172, 49.620853585799999 ], [ 6.1886884822, 49.621206665 ], [ 6.1855867749, 49.621312213499998 ], [ 6.1854298469, 49.62145016 ], [ 6.1903491011, 49.622784748 ], [ 6.1892892466, 49.625557377200003 ], [ 6.1837305618, 49.624016647700003 ], [ 6.1830285481, 49.624479142699997 ], [ 6.1806717816, 49.623986546200001 ], [ 6.1804815136, 49.623242178 ], [ 6.1791095172, 49.623664309799999 ], [ 6.178307266, 49.6242650947 ], [ 6.1785743463, 49.624531822199998 ], [ 6.1794676562, 49.624884024499998 ], [ 6.179205097, 49.625359584800002 ], [ 6.1798243028, 49.625775945100003 ], [ 6.1794860076, 49.626202873 ], [ 6.1816523105, 49.627593419 ], [ 6.1810920109, 49.628381312499997 ], [ 6.181148594, 49.628962661899997 ], [ 6.1824655756, 49.629509569600003 ], [ 6.1822336471, 49.630102293599997 ], [ 6.1832050743, 49.630381270199997 ], [ 6.1830270199, 49.630747478799996 ], [ 6.1832782565, 49.631054998300002 ], [ 6.186192461, 49.632377416200001 ], [ 6.1859870516, 49.6325546976 ], [ 6.1852813499, 49.6322648692 ], [ 6.184887431, 49.632940133600002 ], [ 6.1820440785, 49.635101286 ], [ 6.1828144464, 49.6356389161 ], [ 6.1825801019, 49.635891332699998 ], [ 6.1826342829, 49.636497936600001 ], [ 6.1804882087, 49.636269841199997 ], [ 6.1794663611, 49.636772701300004 ], [ 6.1791775361, 49.636983632400003 ], [ 6.1781922718, 49.636908026100002 ], [ 6.1762094522, 49.637244387099997 ], [ 6.1738521163, 49.637301189299997 ], [ 6.1726122544, 49.637749866599997 ], [ 6.1707047433, 49.637894721199999 ], [ 6.1690436186, 49.637695501700001 ], [ 6.1675178072, 49.638017859599998 ], [ 6.1666164287, 49.638461598100001 ], [ 6.1651626655, 49.638762158200002 ], [ 6.1633995918, 49.638299322 ], [ 6.1617877731, 49.638428232899997 ], [ 6.1602759424, 49.638169221699997 ], [ 6.1595386296, 49.638191059100002 ], [ 6.1589882042, 49.638422115899999 ], [ 6.1583655707, 49.638375460900001 ], [ 6.1572541517, 49.638082634 ], [ 6.1550939953, 49.637895497 ], [ 6.1525373959, 49.636957462200002 ], [ 6.1510971235, 49.636774592400002 ], [ 6.1468583354, 49.635237513500002 ], [ 6.1458169906, 49.634443774399998 ], [ 6.1455429338, 49.634519355400002 ], [ 6.1445953563, 49.633903410099997 ], [ 6.1427612815, 49.633104846400002 ], [ 6.1427674465, 49.6333161174 ], [ 6.1434802046, 49.633780397300001 ], [ 6.1433397502, 49.633960052799999 ], [ 6.1458750478, 49.636155817099997 ], [ 6.1487740753, 49.637372710900003 ], [ 6.1530996139, 49.6386511408 ], [ 6.1544108084, 49.639207950299998 ], [ 6.1568089169, 49.639490111 ], [ 6.1582265195, 49.6398823882 ], [ 6.1604992027, 49.640108494 ], [ 6.1624710131, 49.640545039400003 ], [ 6.1643064759, 49.640693693499998 ], [ 6.1634650666, 49.6412885198 ], [ 6.1631317361, 49.641766863100003 ], [ 6.1641592966, 49.643712779 ], [ 6.1654243626, 49.644836745799999 ], [ 6.1651520898, 49.644958442799997 ], [ 6.163585607, 49.6440028914 ], [ 6.1625139279, 49.642313309599999 ], [ 6.1535231565, 49.641297067700002 ], [ 6.1527721758, 49.642235371 ], [ 6.1525325856, 49.6419064878 ], [ 6.1502362292, 49.641420671500001 ], [ 6.1498435877, 49.641683059099996 ], [ 6.1487198035, 49.641842402599998 ], [ 6.1504059715, 49.642379410399997 ], [ 6.1515936752, 49.643422751599999 ], [ 6.155444105, 49.645443859499998 ], [ 6.1557766411, 49.645829991 ], [ 6.1569663408, 49.646226432200002 ], [ 6.1576492816, 49.646674815099999 ], [ 6.1574771059, 49.646923751 ], [ 6.1588538856, 49.647411644199998 ], [ 6.1585237958, 49.6476315743 ], [ 6.1585740616, 49.6477772223 ], [ 6.159701415, 49.648857769300001 ], [ 6.1593736567, 49.649353624900002 ], [ 6.1605925194, 49.650596248699998 ], [ 6.1610910305, 49.652942901400003 ], [ 6.1597181748, 49.6548682468 ], [ 6.1572577162, 49.6538697712 ], [ 6.1579441699, 49.653388651500002 ], [ 6.1580596972, 49.652260936799998 ], [ 6.1545083565, 49.650804447600002 ], [ 6.1533221898, 49.650517230699997 ], [ 6.1502078937, 49.650706838600001 ], [ 6.1433089433, 49.6492158123 ], [ 6.1436772387, 49.649617081499997 ], [ 6.1422649561, 49.649410093100002 ], [ 6.1406715511, 49.650117406600003 ], [ 6.1397924436, 49.650855744399998 ], [ 6.138740731, 49.6504880759 ], [ 6.1385822677, 49.650733147700002 ], [ 6.133651179, 49.650032373400002 ], [ 6.1334490075, 49.650310440299997 ], [ 6.128779266, 49.6492221058 ], [ 6.1287515126, 49.649402284 ], [ 6.1205505985, 49.648150032099998 ], [ 6.1191453541, 49.648109672399997 ], [ 6.1184730167, 49.648373158600002 ], [ 6.1175213599, 49.649673122800003 ], [ 6.116860653, 49.650163562800003 ], [ 6.1155546556, 49.650069481700001 ], [ 6.1131913219, 49.6503302283 ], [ 6.1079503208, 49.6489207443 ], [ 6.1067793953, 49.647933347200002 ], [ 6.1068794837, 49.647751521700002 ], [ 6.105889977, 49.646890766399999 ], [ 6.1011643958, 49.646271199499999 ], [ 6.0914336071, 49.646007406499997 ], [ 6.0822247897, 49.646474809300003 ], [ 6.0797404938, 49.646462080100001 ], [ 6.0783704882, 49.646839933400003 ], [ 6.0778922424, 49.646218938499999 ], [ 6.077221453, 49.644574388400002 ], [ 6.0772116959, 49.6427694116 ], [ 6.076905331, 49.641628113300001 ], [ 6.0754325441, 49.639654996099999 ], [ 6.0740956528, 49.6383088364 ], [ 6.0730231451, 49.636400338900003 ], [ 6.0720200246, 49.635625612399998 ], [ 6.0715479987, 49.634944086 ], [ 6.0699609721, 49.633735043400002 ], [ 6.0692435297, 49.632159113199997 ], [ 6.0693860607, 49.630806569400001 ], [ 6.0706066076, 49.6288893794 ], [ 6.0728622232, 49.627423193299997 ], [ 6.0793222788, 49.628683615500002 ], [ 6.0827690225, 49.628734696099997 ], [ 6.0868456268, 49.628281980099999 ], [ 6.0887142517, 49.627821036199997 ], [ 6.0878294469, 49.627084755399999 ], [ 6.0894630569, 49.6259962476 ], [ 6.0910196762, 49.625355992 ], [ 6.0892510756, 49.624442320100002 ], [ 6.0891103769, 49.623212295099997 ], [ 6.0919457316, 49.624491620599997 ], [ 6.0930530525, 49.624752426299999 ], [ 6.0954883527, 49.624185739799998 ], [ 6.0988111296, 49.624150977500001 ], [ 6.1006405527, 49.624298596899997 ], [ 6.1037501227, 49.625043996099997 ], [ 6.1037309436, 49.624710968800002 ], [ 6.1030288706, 49.623854901199998 ], [ 6.1029872329, 49.623681145399999 ], [ 6.1019308606, 49.623395945 ], [ 6.1020576596, 49.623179783300003 ], [ 6.1013290675, 49.623030615200001 ], [ 6.1015670445, 49.6225866678 ], [ 6.1007883229, 49.622467219 ], [ 6.1009850904, 49.622195039799998 ], [ 6.0977378306, 49.619856101 ], [ 6.0980186248, 49.6197565951 ], [ 6.0975634422, 49.618587116100002 ], [ 6.0970673641, 49.618736768300003 ], [ 6.0958264131, 49.616834046800001 ], [ 6.0950586355, 49.615184703700002 ], [ 6.0932921597, 49.615502203 ], [ 6.0916575488, 49.613322377800003 ], [ 6.0906918098, 49.613336650599997 ], [ 6.0893663432, 49.611616157500002 ], [ 6.089518455, 49.611560021 ], [ 6.0887125027, 49.610000410700003 ], [ 6.0878423928, 49.608993193700002 ], [ 6.0851981592, 49.607028245400002 ], [ 6.0823194859, 49.605597786600001 ], [ 6.0823657656, 49.6054770533 ], [ 6.081187248, 49.604979448199998 ], [ 6.0813906068, 49.604331760900003 ], [ 6.0815998586, 49.604258009699997 ], [ 6.081098772, 49.6043920806 ], [ 6.0810145843, 49.604308293700001 ], [ 6.0809522635, 49.603192714400002 ], [ 6.0804243843, 49.603345005199998 ], [ 6.0792937314, 49.603080014 ], [ 6.0782911705, 49.603223742799997 ], [ 6.0785110769, 49.601585425 ], [ 6.077116514, 49.601478469699998 ], [ 6.0769827414, 49.601891053199999 ], [ 6.0746552766, 49.601053302799997 ], [ 6.0755945156, 49.600015974100003 ], [ 6.0754237453, 49.5981578536 ], [ 6.075764095, 49.597421191800002 ], [ 6.0756028428, 49.596988713 ], [ 6.0767611674, 49.59688647 ], [ 6.0778347054, 49.595506795 ], [ 6.0766960586, 49.594569440900003 ], [ 6.0747892732, 49.593446222499999 ], [ 6.0736492715, 49.592296603699999 ], [ 6.0714166816, 49.590664164 ], [ 6.0702059739, 49.590057142100001 ], [ 6.0692871725, 49.589822502600001 ], [ 6.0698784372, 49.5886615394 ], [ 6.0705867553, 49.588810583799997 ], [ 6.0709791934, 49.587688694500002 ], [ 6.072942096, 49.589313236800002 ], [ 6.0737636233, 49.589337612400001 ], [ 6.0742320692, 49.5897740009 ], [ 6.0743630032, 49.589394306700001 ], [ 6.0761928437, 49.589352405299998 ], [ 6.0767548048, 49.587500242799997 ], [ 6.07622517, 49.587275204599997 ], [ 6.0769627112, 49.586696192700003 ], [ 6.0792862986, 49.5852396883 ], [ 6.0797568034, 49.5843674642 ], [ 6.0795346449, 49.584458717 ], [ 6.0790625001, 49.584196782 ], [ 6.0781381517, 49.581333954900003 ], [ 6.0785631416, 49.580876322199998 ], [ 6.0782296502, 49.580414681699999 ], [ 6.0788110193, 49.5798971798 ], [ 6.0792287826, 49.579110835199998 ], [ 6.0790298644, 49.578234586699999 ], [ 6.0793958454, 49.577376992700003 ], [ 6.0811283785, 49.577663175799998 ], [ 6.0825661587, 49.577090436200002 ], [ 6.083249875, 49.577102155 ], [ 6.0849162423, 49.576230752100003 ], [ 6.0867537042, 49.576597008900002 ], [ 6.0911083549, 49.577971278600003 ], [ 6.0935072276, 49.578512752800002 ], [ 6.0941177985, 49.577354076500001 ], [ 6.09398154, 49.575566991300001 ], [ 6.0952691867, 49.575184869799998 ], [ 6.0951796221, 49.575033161900002 ], [ 6.0970848769, 49.572660135200003 ], [ 6.0981917664, 49.571453768600001 ], [ 6.0993599892, 49.571191066200001 ], [ 6.0997171238, 49.571429403300002 ], [ 6.100397268, 49.571572270300003 ], [ 6.1027786599, 49.570959953699997 ], [ 6.1043165921, 49.570140985499997 ], [ 6.1043134919, 49.569917726699998 ], [ 6.1036184115, 49.569170710800002 ], [ 6.1018534281, 49.568279252400004 ], [ 6.0996192313, 49.566460505499997 ], [ 6.1016507962, 49.5650959755 ], [ 6.1017531947, 49.5647175183 ], [ 6.1021177427, 49.5646557305 ], [ 6.102554466, 49.564841497099998 ], [ 6.1042495513, 49.565952145700003 ], [ 6.1058879512, 49.5664676293 ], [ 6.1061900082, 49.566739696900001 ], [ 6.107081681, 49.566792941199999 ], [ 6.1091468079, 49.566524677300002 ], [ 6.1089969037, 49.565058616899996 ], [ 6.1082314335, 49.562096506499998 ], [ 6.1125181914, 49.561328885800002 ], [ 6.1137146002, 49.560987532299997 ], [ 6.1156556712, 49.561031462599999 ], [ 6.116275105, 49.562278646400003 ], [ 6.1181480966, 49.564199589499999 ], [ 6.1192567012, 49.565343403900002 ], [ 6.1177157762, 49.564993119299999 ], [ 6.117380748, 49.5661244299 ], [ 6.1154717684, 49.568092402399998 ], [ 6.1201955911, 49.568627812899997 ], [ 6.1212538416, 49.569300841599997 ], [ 6.1243286942, 49.570033292 ], [ 6.1256768951, 49.5707294133 ], [ 6.1234005791, 49.573183286400003 ], [ 6.1227436614, 49.574449174599998 ], [ 6.1198065168, 49.574194649799999 ], [ 6.1202265422, 49.575283808800002 ], [ 6.1218077917, 49.576397811299998 ], [ 6.1230433053, 49.577875141699998 ], [ 6.1242524492, 49.5805249983 ], [ 6.125472548, 49.581347532099997 ], [ 6.1265967007, 49.581709776700002 ], [ 6.1272723095, 49.582140368200001 ], [ 6.1288451149, 49.580384094800003 ], [ 6.1304016572, 49.579381307200002 ], [ 6.1316393771, 49.580737877 ], [ 6.133257725, 49.5815871358 ], [ 6.1336811924, 49.582077442100001 ], [ 6.1338765612, 49.582924589699999 ], [ 6.1342342193, 49.583378137399997 ], [ 6.1349872387, 49.583760576700001 ], [ 6.1358615213, 49.583926746499998 ], [ 6.1359820722, 49.584936149400001 ], [ 6.135670094, 49.584971444499999 ], [ 6.1348954958, 49.585859131900001 ] ] ] ] } },
{ "type": "Feature", "properties": { "name": "Mamer", "canton": "Capellen", "district": "Luxembourg", "lau2": "0108" }, "geometry": { "type": "MultiPolygon", "coordinates": [ [ [ [ 6.0334176982, 49.6126023777 ], [ 6.0328062867, 49.612751667600001 ], [ 6.0329438055, 49.613043978199997 ], [ 6.0330015832, 49.613167600300002 ], [ 6.0332524186, 49.613121283 ], [ 6.0333094963, 49.613110742800004 ], [ 6.0334012843, 49.613093791 ], [ 6.033424781, 49.613162722 ], [ 6.0334829284, 49.613354460700002 ], [ 6.0334655917, 49.614729443 ], [ 6.0345553952, 49.614859861699998 ], [ 6.0339744416, 49.615890120099998 ], [ 6.0339585125, 49.616535304599999 ], [ 6.0344996849, 49.618702261 ], [ 6.0347092868, 49.618731982500002 ], [ 6.0352847947, 49.620140916499999 ], [ 6.0361372421, 49.621319991900002 ], [ 6.0361571135, 49.622620983099999 ], [ 6.0373269744, 49.623509612699998 ], [ 6.037690696, 49.62387224 ], [ 6.0388224329, 49.624396038500002 ], [ 6.0396454438, 49.624601663900002 ], [ 6.040358644, 49.6244214142 ], [ 6.0409069259, 49.624650951 ], [ 6.0415159314, 49.625401974100001 ], [ 6.0412648059, 49.625650310799998 ], [ 6.0416150589, 49.626171107200001 ], [ 6.0422845532, 49.6264667266 ], [ 6.0426252482, 49.627181624800002 ], [ 6.0443946252, 49.627947190900002 ], [ 6.0449824925, 49.628427157899999 ], [ 6.0455442311, 49.628560024800002 ], [ 6.0460857819, 49.628456917800001 ], [ 6.0472974543, 49.629454990500001 ], [ 6.0478773355, 49.630231447600003 ], [ 6.0475349012, 49.630875719899997 ], [ 6.0475521957, 49.6319921196 ], [ 6.0471425886, 49.632329117600001 ], [ 6.0471494407, 49.632571233500002 ], [ 6.0458445934, 49.633471909900003 ], [ 6.0463102464, 49.634284497199999 ], [ 6.0462051331, 49.634945142399999 ], [ 6.0463829713, 49.635215857299997 ], [ 6.0468906035, 49.6354015549 ], [ 6.0474400012, 49.635871066199996 ], [ 6.048069385, 49.636975635 ], [ 6.0489845572, 49.6376095818 ], [ 6.0491569359, 49.6381389656 ], [ 6.0487907094, 49.638770440199998 ], [ 6.0471587169, 49.639840769499997 ], [ 6.0470457822, 49.640343255799998 ], [ 6.0465613999, 49.640689362400003 ], [ 6.046548345, 49.640946777899998 ], [ 6.0475626834, 49.641181748199998 ], [ 6.0476211987, 49.6415747673 ], [ 6.0480378475, 49.641934169800003 ], [ 6.0484219028, 49.642012228299997 ], [ 6.0487468317, 49.642498998800001 ], [ 6.0502574661, 49.643089720699997 ], [ 6.0503448865, 49.643315364899998 ], [ 6.0509672841, 49.643374468600001 ], [ 6.05136901, 49.643667841400003 ], [ 6.0530320433, 49.644028052499998 ], [ 6.0532796163, 49.644260820299998 ], [ 6.0533376569, 49.644878699499998 ], [ 6.0540481579, 49.6448877487 ], [ 6.0548253918, 49.645302026400003 ], [ 6.0544737851, 49.646128618100001 ], [ 6.0540625434, 49.646471131600002 ], [ 6.0543907514, 49.646960154799999 ], [ 6.0543170515, 49.647334969399999 ], [ 6.0548816795, 49.6476535822 ], [ 6.0573285088, 49.648415089499998 ], [ 6.0577133137, 49.648694532900002 ], [ 6.0580294769, 49.650369421400001 ], [ 6.05862269, 49.65111148 ], [ 6.0587117603, 49.651870893199998 ], [ 6.0589647941, 49.652038046800001 ], [ 6.0598378556, 49.6520579385 ], [ 6.0606202828, 49.653136557800003 ], [ 6.0600823652, 49.652956296600003 ], [ 6.0565785524, 49.6533525591 ], [ 6.0557773711, 49.653156300900001 ], [ 6.0544873125, 49.653126622800002 ], [ 6.0542672226, 49.6529941067 ], [ 6.0540768028, 49.6531518197 ], [ 6.0539820545, 49.653037443300001 ], [ 6.0522533208, 49.652951566699997 ], [ 6.0513154211, 49.652681497 ], [ 6.0505878023, 49.652689505700003 ], [ 6.0503826077, 49.652819047 ], [ 6.0501613446, 49.652707452800001 ], [ 6.0492315849, 49.652725956600001 ], [ 6.0491429941, 49.652944966500002 ], [ 6.0469036857, 49.653359292399998 ], [ 6.0469847335, 49.653525187500001 ], [ 6.0464866462, 49.653782529300003 ], [ 6.0460461981, 49.653830854 ], [ 6.0446879882, 49.654420776599999 ], [ 6.0397083593, 49.654898977800002 ], [ 6.038712139, 49.6548159062 ], [ 6.0370572804, 49.6543092888 ], [ 6.0354783181, 49.654233795499998 ], [ 6.0339668739, 49.654857952100002 ], [ 6.0330116108, 49.654242570299999 ], [ 6.0316004959, 49.653795641099997 ], [ 6.0309154916, 49.654103064099999 ], [ 6.0291686034, 49.652357903599999 ], [ 6.0279261721, 49.65038428 ], [ 6.0274032004, 49.650390581700002 ], [ 6.0265535099, 49.651415194199998 ], [ 6.0264603286, 49.651813442600002 ], [ 6.0246884818, 49.652988719600003 ], [ 6.0249423295, 49.653332755400001 ], [ 6.0248668066, 49.653743674200001 ], [ 6.0242515878, 49.654253565499999 ], [ 6.0241109047, 49.654591729700002 ], [ 6.0240806705, 49.6556644367 ], [ 6.0238178174, 49.6557484824 ], [ 6.0230004975, 49.655519331400001 ], [ 6.0218454928, 49.6555038164 ], [ 6.0203134854, 49.655117322700001 ], [ 6.0194884131, 49.6546444827 ], [ 6.0164515601, 49.6542301323 ], [ 6.0164717393, 49.654000916699999 ], [ 6.0152534882, 49.653699494500003 ], [ 6.0154173792, 49.653518946699997 ], [ 6.0143600776, 49.652952556300001 ], [ 6.0129624524, 49.652855731599999 ], [ 6.0115439512, 49.652302508799998 ], [ 6.0102882679, 49.652204925500001 ], [ 6.0092686387, 49.652588225499997 ], [ 6.008080193, 49.652552037200003 ], [ 6.0064361001, 49.652600609799997 ], [ 6.0051121384, 49.652439156699998 ], [ 6.0024163863, 49.6515284802 ], [ 6.0020338386, 49.651663338699997 ], [ 6.0017943181, 49.651326097199998 ], [ 6.0013745726, 49.651135563099999 ], [ 5.9996409696, 49.650925187600002 ], [ 5.9993946018, 49.649705550900002 ], [ 5.9982518441, 49.647093700200003 ], [ 5.9987995933, 49.646635105599998 ], [ 5.9978177588, 49.6462616548 ], [ 5.9973686006, 49.643959582800001 ], [ 5.9968876474, 49.643989364600003 ], [ 5.9912131587, 49.645147993899997 ], [ 5.9915312886, 49.645335965299999 ], [ 5.9904260842, 49.645543781299999 ], [ 5.9904329072, 49.645728223100001 ], [ 5.9900758349, 49.645763911 ], [ 5.9903993359, 49.647164089699999 ], [ 5.9898543585, 49.647129845800002 ], [ 5.9886311049, 49.647401937799998 ], [ 5.9883245323, 49.648045917799998 ], [ 5.9871372124, 49.6486546167 ], [ 5.9838127394, 49.647484711200001 ], [ 5.9809649913, 49.646775904400002 ], [ 5.9804491078, 49.647243394100002 ], [ 5.9786015787, 49.647657273699998 ], [ 5.9774433848, 49.648641769400001 ], [ 5.9745036288, 49.647983685600003 ], [ 5.9744597687, 49.648129212 ], [ 5.9735341243, 49.648172091699998 ], [ 5.9725547109, 49.648062081399999 ], [ 5.9724205173, 49.6478928258 ], [ 5.9710628787, 49.647849957699997 ], [ 5.9702403019, 49.647463101299998 ], [ 5.9684788512, 49.647753457199997 ], [ 5.966943826, 49.647657135599999 ], [ 5.9651361178, 49.6462739826 ], [ 5.9633473628, 49.645661853699998 ], [ 5.9638249989, 49.643798212299998 ], [ 5.9628361976, 49.643707865300001 ], [ 5.9587951858, 49.642775717 ], [ 5.9597769255, 49.642257083300002 ], [ 5.9598733778, 49.6416491974 ], [ 5.9606346086, 49.640572739500001 ], [ 5.9613395789, 49.640718893500001 ], [ 5.9621272106, 49.639232547699997 ], [ 5.9630210013, 49.638521935100002 ], [ 5.9627092091, 49.638384650200003 ], [ 5.9635391764, 49.637483033499997 ], [ 5.9647093437, 49.635701251 ], [ 5.966650652, 49.630791980300003 ], [ 5.9652548263, 49.630308797300003 ], [ 5.9659769661, 49.628878762799999 ], [ 5.965616987, 49.627601740899998 ], [ 5.9649884816, 49.627038501599998 ], [ 5.9658938729, 49.625121025799999 ], [ 5.9649006036, 49.624873085099999 ], [ 5.9658842627, 49.6229524727 ], [ 5.9697962689, 49.622643032500001 ], [ 5.9705246736, 49.622744557799997 ], [ 5.9716830722, 49.620410651599997 ], [ 5.9720071159, 49.619010698300002 ], [ 5.9718368049, 49.617923390599998 ], [ 5.9721226494, 49.615590708500001 ], [ 5.9712257023, 49.6142207181 ], [ 5.9711046328, 49.613411943199999 ], [ 5.9716115207, 49.611117729699998 ], [ 5.9722505606, 49.610107427199999 ], [ 5.970874481, 49.609488192299999 ], [ 5.9704944861, 49.608873533100002 ], [ 5.9644312052, 49.6066509399 ], [ 5.9654137403, 49.603905478599998 ], [ 5.9659556078, 49.602933899299998 ], [ 5.9655223112, 49.6028091859 ], [ 5.9665987241, 49.601306588699998 ], [ 5.9676848069, 49.600594488699997 ], [ 5.968476291, 49.599692099400002 ], [ 5.9679153858, 49.5993380305 ], [ 5.9687694403, 49.598912540900002 ], [ 5.9700661166, 49.599853132 ], [ 5.9704621554, 49.599717501800001 ], [ 5.9716436651, 49.600606513499997 ], [ 5.9730630742, 49.599586371699999 ], [ 5.9740106528, 49.600439443100001 ], [ 5.974892985, 49.600824289599998 ], [ 5.9751617569, 49.600887664 ], [ 5.9762048953, 49.600369358199998 ], [ 5.9771215824, 49.600351006 ], [ 5.980243307, 49.601383512399998 ], [ 5.9807760381, 49.6002055497 ], [ 5.9817984261, 49.600298981199998 ], [ 5.9819987714, 49.60014293 ], [ 5.9867771408, 49.600330693 ], [ 5.9890193556, 49.600956956499999 ], [ 5.9887019943, 49.6018905627 ], [ 5.9893533647, 49.602083451699997 ], [ 5.9904770502, 49.602148622400001 ], [ 5.9908149434, 49.602927112700002 ], [ 5.9920450179, 49.603769344 ], [ 5.9921773028, 49.604503399899997 ], [ 5.9960551102, 49.605593559799999 ], [ 5.9956658179, 49.606537669300003 ], [ 5.9982675875, 49.60709037 ], [ 5.9984375879, 49.607345153499999 ], [ 5.9983426908, 49.607797811399998 ], [ 5.9991098157, 49.6085056573 ], [ 6.001937648, 49.610259379299997 ], [ 6.0037451468, 49.610427353299997 ], [ 6.0058491864, 49.610016089600002 ], [ 6.0074242813, 49.607742263600002 ], [ 6.005052204, 49.606155836799999 ], [ 6.0085751279, 49.605705386399997 ], [ 6.0084611819, 49.604909102900002 ], [ 6.007983759, 49.6042680981 ], [ 6.0085908998, 49.604310955599999 ], [ 6.0095105566, 49.607203955700001 ], [ 6.0099915404, 49.607531514 ], [ 6.0111183189, 49.607802391600003 ], [ 6.0126742038, 49.609072103400003 ], [ 6.0126968434, 49.610099455 ], [ 6.0133570504, 49.611360882200003 ], [ 6.0141392506, 49.6108546647 ], [ 6.0174167225, 49.609781964500002 ], [ 6.0197345169, 49.609771741700001 ], [ 6.0219056034, 49.609543760100003 ], [ 6.0264544587, 49.610060600099999 ], [ 6.0286289826, 49.610424221499997 ], [ 6.02921988, 49.610441560799998 ], [ 6.0302671473, 49.6104507075 ], [ 6.0310807076, 49.6104016066 ], [ 6.0313550206, 49.610348011 ], [ 6.0316086947, 49.610711882099999 ], [ 6.0320278619, 49.611115717300002 ], [ 6.0322168117, 49.6112824995 ], [ 6.0325715497, 49.611641284 ], [ 6.0327272629, 49.611805190699997 ], [ 6.0334800906, 49.612387033899999 ], [ 6.0335822952, 49.612481047899998 ], [ 6.0335691236, 49.612528088600001 ], [ 6.033423414, 49.612599450200001 ], [ 6.0334176982, 49.6126023777 ] ] ] ] } },
{ "type": "Feature", "properties": { "name": "Manternach", "canton": "Grevenmacher", "district": "Grevenmacher", "lau2": "1106" }, "geometry": { "type": "MultiPolygon", "coordinates": [ [ [ [ 6.444805412, 49.711946497600003 ], [ 6.4452394901, 49.712364934 ], [ 6.4452592797, 49.713492582800001 ], [ 6.4473648132, 49.713583666799998 ], [ 6.4477975587, 49.713434701799997 ], [ 6.4492590063, 49.713625301100002 ], [ 6.4517854504, 49.713356912499997 ], [ 6.4532587607, 49.712779262200002 ], [ 6.4547236048, 49.711943028100002 ], [ 6.4555483464, 49.710564216400002 ], [ 6.4567454659, 49.710942038299997 ], [ 6.4580744624, 49.712056380699998 ], [ 6.4555658505, 49.712246947399997 ], [ 6.4547443612, 49.712877864100001 ], [ 6.4538286294, 49.7153433406 ], [ 6.4543928177, 49.716698789 ], [ 6.4540979395, 49.716968085399998 ], [ 6.4529099233, 49.717130852 ], [ 6.4528033456, 49.717348513600001 ], [ 6.4533931907, 49.717421699900001 ], [ 6.4530350743, 49.717547547899997 ], [ 6.4536799549, 49.718857540199998 ], [ 6.4551503255, 49.720159860300001 ], [ 6.4560125894, 49.72058085 ], [ 6.4573457942, 49.7215826232 ], [ 6.4566535451, 49.721991820100001 ], [ 6.455449272, 49.721048770099998 ], [ 6.4543424099, 49.720959587599999 ], [ 6.4533888214, 49.721661578899997 ], [ 6.4526940722, 49.723078820600001 ], [ 6.4532845981, 49.723485026600002 ], [ 6.4530948771, 49.724417665399997 ], [ 6.4535828906, 49.725502868100001 ], [ 6.4543965467, 49.725369902300002 ], [ 6.453832544, 49.726960735399999 ], [ 6.453928795, 49.728912470499999 ], [ 6.4546201059, 49.729444390399998 ], [ 6.4555667202, 49.729668400199998 ], [ 6.4560969481, 49.7296497269 ], [ 6.4567741084, 49.729890968500001 ], [ 6.457561024, 49.730428682599999 ], [ 6.4567823457, 49.732371410200003 ], [ 6.4572347531, 49.733266565199997 ], [ 6.45812789, 49.733846760600002 ], [ 6.4611136975, 49.734141324900001 ], [ 6.4613740205, 49.7348272037 ], [ 6.4605787919, 49.7359576136 ], [ 6.4609774714, 49.735994391799998 ], [ 6.4609049409, 49.7370343284 ], [ 6.4617252296, 49.738709106 ], [ 6.4613981534, 49.739555982 ], [ 6.4612630069, 49.7397242017 ], [ 6.4604148293, 49.739536114700002 ], [ 6.4601140214, 49.740536231900002 ], [ 6.4597148093, 49.740534642100002 ], [ 6.459429792, 49.7411274066 ], [ 6.4590717315, 49.740791747 ], [ 6.4575657414, 49.741472845200001 ], [ 6.4559682653, 49.741583154200001 ], [ 6.4552933757, 49.741864763300001 ], [ 6.4537604338, 49.741831037300003 ], [ 6.4512316042, 49.741428685899997 ], [ 6.4494821797, 49.741760245099996 ], [ 6.4471463191, 49.742453575 ], [ 6.4463862839, 49.742187329899998 ], [ 6.445356821, 49.741543132799997 ], [ 6.4445216607, 49.7401601539 ], [ 6.4438529442, 49.738109724700003 ], [ 6.443317191, 49.737403910899999 ], [ 6.442682783, 49.736985208199997 ], [ 6.4398315103, 49.735761271400001 ], [ 6.4379188544, 49.734576369700001 ], [ 6.4373600677, 49.733896709100001 ], [ 6.4360081852, 49.732960708100002 ], [ 6.4356649791, 49.732426118200003 ], [ 6.4355450248, 49.732368504199997 ], [ 6.4351723908, 49.732634488199999 ], [ 6.4345438048, 49.7332289123 ], [ 6.432333158, 49.733964559900002 ], [ 6.4320746685, 49.733919289 ], [ 6.4315463438, 49.733054805199998 ], [ 6.4313232349, 49.733076685299999 ], [ 6.4293514593, 49.731740460899999 ], [ 6.4279171689, 49.731276579099998 ], [ 6.4273680713, 49.731821093199997 ], [ 6.4249072433, 49.733090838099997 ], [ 6.4237144556, 49.733291418199997 ], [ 6.4199470502, 49.733465723 ], [ 6.4194663217, 49.735013812399998 ], [ 6.4195308484, 49.736449748399998 ], [ 6.4193666732, 49.736639973899997 ], [ 6.4180833664, 49.736958094899997 ], [ 6.4150580771, 49.737225834699998 ], [ 6.4149627654, 49.738229494499997 ], [ 6.4137893268, 49.738946911500001 ], [ 6.4130809292, 49.739186152199999 ], [ 6.4088936217, 49.738477253399999 ], [ 6.4083243408, 49.738837775500002 ], [ 6.407877192, 49.7393505971 ], [ 6.4082665257, 49.740110482200002 ], [ 6.4081044286, 49.740790668499997 ], [ 6.40775446, 49.741017847199998 ], [ 6.4056209316, 49.741536243900001 ], [ 6.4047370353, 49.742283496299997 ], [ 6.4095929879, 49.744440852399997 ], [ 6.3970579797, 49.748352968500001 ], [ 6.3974942507, 49.748631167500001 ], [ 6.397102735, 49.748824186299998 ], [ 6.3973826768, 49.748997575399997 ], [ 6.3941349698, 49.750451544699999 ], [ 6.395902615, 49.752591689699997 ], [ 6.3959759859, 49.753153307399998 ], [ 6.3930309939, 49.754113438899999 ], [ 6.3923069713, 49.753523038099999 ], [ 6.3918946577, 49.753627682 ], [ 6.3912978357, 49.754045965400003 ], [ 6.3914073675, 49.754705227800002 ], [ 6.3911334904, 49.754905164 ], [ 6.3904855039, 49.754823843200001 ], [ 6.3883717209, 49.755325995699998 ], [ 6.3880059963, 49.755580044600002 ], [ 6.3865815086, 49.755653390900001 ], [ 6.3857976937, 49.754706047799999 ], [ 6.383226644, 49.7519703428 ], [ 6.3812496577, 49.751465061200001 ], [ 6.3780595476, 49.751370294700003 ], [ 6.3777799093, 49.750555491299998 ], [ 6.3773674625, 49.750521535700003 ], [ 6.3770685553, 49.749919478700001 ], [ 6.3771272369, 49.748215410199997 ], [ 6.3769233191, 49.747467628400003 ], [ 6.3753217749, 49.7452915155 ], [ 6.3758547841, 49.744878175799997 ], [ 6.3755213187, 49.744303112899999 ], [ 6.3764007284, 49.744148486900002 ], [ 6.3764880733, 49.744256434599997 ], [ 6.3778464912, 49.743939285800003 ], [ 6.3765196141, 49.741296928799997 ], [ 6.3773642605, 49.740735614099997 ], [ 6.3793096569, 49.740576860700003 ], [ 6.379469791, 49.739049217900003 ], [ 6.3797252244, 49.739054099100002 ], [ 6.3797713234, 49.738666555599998 ], [ 6.3795842807, 49.737011105800001 ], [ 6.3813365989, 49.736637548700003 ], [ 6.3806557462, 49.735715017 ], [ 6.3794273069, 49.735497861900001 ], [ 6.3766441007, 49.735324198299999 ], [ 6.370792044, 49.7343724057 ], [ 6.3687221907, 49.734186066600003 ], [ 6.3681213211, 49.734259612099997 ], [ 6.3676493763, 49.734243508900001 ], [ 6.3684507612, 49.733100636499998 ], [ 6.3690740282, 49.730859039899997 ], [ 6.36645967, 49.7303547753 ], [ 6.3653208485, 49.729983591299998 ], [ 6.3637410274, 49.728773438099999 ], [ 6.3629233959, 49.727310073 ], [ 6.3633270257, 49.726305007100002 ], [ 6.3651763101, 49.725854181400003 ], [ 6.3657473841, 49.724144137099998 ], [ 6.3643215561, 49.722369129299999 ], [ 6.363588712, 49.720298894400003 ], [ 6.3621064488, 49.719398429899996 ], [ 6.3623412293, 49.7190822584 ], [ 6.3629573519, 49.718870105 ], [ 6.3641266592, 49.719256626400004 ], [ 6.3643061755, 49.719042258199998 ], [ 6.3668413355, 49.720589232199998 ], [ 6.3677723835, 49.720301913100002 ], [ 6.3679708597, 49.719627112600001 ], [ 6.3676422569, 49.718369467599999 ], [ 6.3678016763, 49.717694123299999 ], [ 6.3687227181, 49.716457758300002 ], [ 6.3685547661, 49.716276021799999 ], [ 6.3694226249, 49.715503167500003 ], [ 6.3704621521, 49.7158055624 ], [ 6.3717737512, 49.716689643 ], [ 6.3740367038, 49.716795717499998 ], [ 6.3765641203, 49.717122552799999 ], [ 6.3776413966, 49.717112392200001 ], [ 6.3775128334, 49.716870070699997 ], [ 6.3799473301, 49.716086038199997 ], [ 6.3802698978, 49.716487866599998 ], [ 6.3820626036, 49.716011385199998 ], [ 6.3824399709, 49.716503463899997 ], [ 6.3827644885, 49.717569228599999 ], [ 6.383172683, 49.717850861700001 ], [ 6.3832638605, 49.7182985974 ], [ 6.383024361, 49.718610486700001 ], [ 6.3833878406, 49.718975592299998 ], [ 6.3845768032, 49.718717515 ], [ 6.3850937334, 49.718784766399999 ], [ 6.3855125516, 49.7182324706 ], [ 6.385590427, 49.717081954400001 ], [ 6.3860691618, 49.716861206799997 ], [ 6.3865018172, 49.716884394099999 ], [ 6.3864208428, 49.7150619859 ], [ 6.3870354445, 49.714977431100003 ], [ 6.3889923749, 49.715370655800001 ], [ 6.3889144827, 49.713779199900003 ], [ 6.3892522341, 49.713155541 ], [ 6.3890130907, 49.712222434099999 ], [ 6.3883276944, 49.711294000400002 ], [ 6.3879592742, 49.7095068625 ], [ 6.3887262722, 49.709395431099999 ], [ 6.3898166146, 49.708641705200002 ], [ 6.3908074548, 49.708734857099998 ], [ 6.3912029235, 49.708064040300002 ], [ 6.3921958355, 49.707602125599998 ], [ 6.3936926954, 49.706569134600002 ], [ 6.3949397261, 49.706644163900002 ], [ 6.3978364908, 49.70816963 ], [ 6.3978852973, 49.707555897600002 ], [ 6.3970417761, 49.7069849465 ], [ 6.3972597916, 49.705363398199999 ], [ 6.3968973245, 49.703728526299997 ], [ 6.397218789, 49.703811027 ], [ 6.3972576014, 49.7041450145 ], [ 6.3977073875, 49.703932286499999 ], [ 6.3976679655, 49.703519837100004 ], [ 6.400640239, 49.703028567099999 ], [ 6.402351952, 49.703110563099997 ], [ 6.4028906385, 49.7033858745 ], [ 6.4044727478, 49.705664634199998 ], [ 6.4052345394, 49.706059748100003 ], [ 6.4055567111, 49.706028570699999 ], [ 6.4048769253, 49.705722884499998 ], [ 6.4044436985, 49.705321818100003 ], [ 6.4040465985, 49.703906803099997 ], [ 6.4033239938, 49.703115967199999 ], [ 6.4028642155, 49.702872657599997 ], [ 6.4009218732, 49.702370227300001 ], [ 6.4012255758, 49.701820218 ], [ 6.4025206838, 49.702056418700003 ], [ 6.4030231992, 49.701387860499999 ], [ 6.4039546284, 49.701112853799998 ], [ 6.4059220406, 49.700036033899998 ], [ 6.4079939283, 49.698803331199997 ], [ 6.409050469, 49.697923782300002 ], [ 6.4092068045, 49.6963431382 ], [ 6.4082151008, 49.6953196523 ], [ 6.4051547288, 49.692797429099997 ], [ 6.4040608138, 49.691550702400001 ], [ 6.405912306, 49.690866462099997 ], [ 6.4101584855, 49.689176759299997 ], [ 6.4112287265, 49.688968357199997 ], [ 6.4120736999, 49.688982910299998 ], [ 6.4118999397, 49.687991420400003 ], [ 6.4124325923, 49.687833618500001 ], [ 6.4186930519, 49.690690311200001 ], [ 6.4206234641, 49.6914101578 ], [ 6.4241231461, 49.693424489199998 ], [ 6.4259099838, 49.694495516 ], [ 6.4277819622, 49.695932171599999 ], [ 6.4275754689, 49.696580932400003 ], [ 6.4293484796, 49.697491179899998 ], [ 6.4295158539, 49.698029939 ], [ 6.431033459, 49.698952687499997 ], [ 6.4315044383, 49.699440259 ], [ 6.4327522774, 49.699844053299998 ], [ 6.4328262032, 49.6994069721 ], [ 6.4369611491, 49.697065460499999 ], [ 6.4407296304, 49.695451354299998 ], [ 6.44313043, 49.6942735541 ], [ 6.4430565647, 49.694135522099998 ], [ 6.44437736, 49.693765837400001 ], [ 6.4444900205, 49.693603866700002 ], [ 6.444719415, 49.693752296299998 ], [ 6.4448636063, 49.693395821700001 ], [ 6.4460567689, 49.693560374500002 ], [ 6.4469445068, 49.693369614 ], [ 6.4471840453, 49.693108937799998 ], [ 6.4496031577, 49.693909115899999 ], [ 6.4508599353, 49.694068339399998 ], [ 6.4518179227, 49.693730907899997 ], [ 6.4519846208, 49.693534856399999 ], [ 6.4535377311, 49.693695758399997 ], [ 6.4542360305, 49.693631552299998 ], [ 6.4548488875, 49.694286906199999 ], [ 6.4567413561, 49.693820436800003 ], [ 6.4558896021, 49.694610425500002 ], [ 6.4548713818, 49.6963532527 ], [ 6.45420569, 49.696994758300001 ], [ 6.4539376039, 49.697740937299997 ], [ 6.4540813765, 49.698198720699999 ], [ 6.4531146781, 49.698648973700003 ], [ 6.4527911343, 49.698446739799998 ], [ 6.451662049, 49.699065951 ], [ 6.4512749985, 49.700131591800002 ], [ 6.4505762394, 49.700815153500002 ], [ 6.4503133896, 49.702065321299997 ], [ 6.4501055983, 49.702400316499997 ], [ 6.4496697628, 49.7025362073 ], [ 6.4515128701, 49.704755491500002 ], [ 6.4533249494, 49.706428968600001 ], [ 6.4535598019, 49.707502877899998 ], [ 6.4527612657, 49.708147282600002 ], [ 6.4503703236, 49.7091019581 ], [ 6.4492620435, 49.709861486 ], [ 6.4475996048, 49.710651143600003 ], [ 6.446339668, 49.7107828368 ], [ 6.445577608, 49.711603306500002 ], [ 6.444805412, 49.711946497600003 ] ] ] ] } },
{ "type": "Feature", "properties": { "name": "Mersch", "canton": "Mersch", "district": "Luxembourg", "lau2": "0409" }, "geometry": { "type": "MultiPolygon", "coordinates": [ [ [ [ 6.1474392915, 49.7488316556 ], [ 6.1452979309, 49.751168963600001 ], [ 6.141701132, 49.753775706 ], [ 6.1420412527, 49.753864456499997 ], [ 6.1424359132, 49.754303579099997 ], [ 6.1433127408, 49.754414997200001 ], [ 6.1431954247, 49.754664871499998 ], [ 6.1448424156, 49.75521122 ], [ 6.1454407724, 49.755695649 ], [ 6.1467663505, 49.756034833699999 ], [ 6.146870975, 49.756331080099997 ], [ 6.1471865892, 49.756482009199999 ], [ 6.1508929294, 49.7578244093 ], [ 6.1514236064, 49.757724649300002 ], [ 6.1516881396, 49.7580212007 ], [ 6.1523242272, 49.7581755028 ], [ 6.1518455913, 49.758668404200002 ], [ 6.1510606054, 49.758867802600001 ], [ 6.1473950316, 49.757677467 ], [ 6.1455867915, 49.757412347399999 ], [ 6.1442909064, 49.757464694299998 ], [ 6.1442748164, 49.757652508299998 ], [ 6.1456279882, 49.7579913338 ], [ 6.1471465053, 49.758780735499997 ], [ 6.1474486063, 49.759474020600003 ], [ 6.1468243437, 49.760009870099999 ], [ 6.1470240133, 49.760521425699999 ], [ 6.1467425642, 49.7613422242 ], [ 6.1478760218, 49.761822354899998 ], [ 6.1470159034, 49.762737351 ], [ 6.1511126972, 49.765345592 ], [ 6.1500022455, 49.766249686800002 ], [ 6.150704965, 49.766608825900001 ], [ 6.1520637388, 49.765638270499998 ], [ 6.1524022608, 49.765841406500002 ], [ 6.1518152477, 49.766310377800004 ], [ 6.1521373492, 49.766524400199998 ], [ 6.1505116708, 49.767798365099999 ], [ 6.1516073417, 49.7682217216 ], [ 6.1521994933, 49.767915862499997 ], [ 6.1546189356, 49.7690101277 ], [ 6.1522768243, 49.771078243600002 ], [ 6.151198095, 49.772530213300001 ], [ 6.1493535297, 49.771977129500002 ], [ 6.1490034897, 49.776128677300001 ], [ 6.1480670296, 49.7769720107 ], [ 6.1467013442, 49.777391311899997 ], [ 6.1475558617, 49.778073137900002 ], [ 6.1463816232, 49.7790256722 ], [ 6.1450925995, 49.780705388199998 ], [ 6.1449933258, 49.780640761800001 ], [ 6.144214822, 49.7815018143 ], [ 6.1424815906, 49.781187761699996 ], [ 6.141137635, 49.780132431299997 ], [ 6.1406193263, 49.780385906200003 ], [ 6.1410476097, 49.781108598 ], [ 6.1404867118, 49.782157724500003 ], [ 6.1397423752, 49.782621741900002 ], [ 6.1399806385, 49.784170316599997 ], [ 6.1404202736, 49.785376839900003 ], [ 6.1394801987, 49.785070835100001 ], [ 6.1387358137, 49.785690736 ], [ 6.1378138667, 49.785197751 ], [ 6.1333972666, 49.790569141900001 ], [ 6.1329698945, 49.790468338300002 ], [ 6.1326821467, 49.7901747059 ], [ 6.1315960513, 49.790105499299997 ], [ 6.1312911043, 49.789966570499999 ], [ 6.1296505598, 49.790065667500002 ], [ 6.1284561101, 49.789332997899997 ], [ 6.1269094622, 49.7890929665 ], [ 6.1253408395, 49.788248846800002 ], [ 6.1240237848, 49.787905016700002 ], [ 6.123253568, 49.7878623358 ], [ 6.1211239091, 49.788555628099999 ], [ 6.1207502827, 49.788293057700002 ], [ 6.1202749146, 49.788415778299999 ], [ 6.1207767668, 49.789307896099999 ], [ 6.1207631583, 49.789452191700001 ], [ 6.1199738269, 49.789550267099997 ], [ 6.12019719, 49.791213056700002 ], [ 6.1175917541, 49.790611102600003 ], [ 6.1170795116, 49.790828124900003 ], [ 6.115637309, 49.790559379699999 ], [ 6.1136593389, 49.7906496214 ], [ 6.1119708447, 49.790156056400001 ], [ 6.1112248861, 49.7901302637 ], [ 6.1093132506, 49.789673647599997 ], [ 6.1078944687, 49.789144077800003 ], [ 6.1078509514, 49.790878635299997 ], [ 6.1074699899, 49.791271585700002 ], [ 6.1016913995, 49.788978085399997 ], [ 6.1006266207, 49.788514851800002 ], [ 6.1010773924, 49.787931594 ], [ 6.0977606588, 49.786540119100003 ], [ 6.0978314341, 49.7849383195 ], [ 6.0962079872, 49.784439042899997 ], [ 6.097337003, 49.782792573400002 ], [ 6.0969091435, 49.782695736199997 ], [ 6.096549487, 49.783297761599997 ], [ 6.0960680039, 49.7831502887 ], [ 6.0972443321, 49.780932199799999 ], [ 6.0993306768, 49.780835972299997 ], [ 6.0994099686, 49.780729190800002 ], [ 6.0985827401, 49.780331034500001 ], [ 6.0964392135, 49.778452461199997 ], [ 6.0846973429, 49.775438163700002 ], [ 6.0824817776, 49.774724569699998 ], [ 6.0826717119, 49.774580137199997 ], [ 6.0816574954, 49.774287894899999 ], [ 6.0803848835, 49.773619286399999 ], [ 6.0788962199, 49.772197758 ], [ 6.0780967662, 49.768678651 ], [ 6.0786936294, 49.767894934799997 ], [ 6.0773182507, 49.767650316299999 ], [ 6.0773425458, 49.767408223099999 ], [ 6.0761299721, 49.7675613778 ], [ 6.0739702211, 49.768258322599998 ], [ 6.0735627667, 49.768605055199998 ], [ 6.073052504, 49.7686137313 ], [ 6.0717024708, 49.769207571499997 ], [ 6.0714240879, 49.769182140600002 ], [ 6.0704613472, 49.769954779300001 ], [ 6.0691814689, 49.770406118300002 ], [ 6.0688762536, 49.770295138500003 ], [ 6.067881739, 49.770452122899997 ], [ 6.0669035074, 49.771043339199998 ], [ 6.0665814295, 49.770931089100003 ], [ 6.0660336519, 49.7711103372 ], [ 6.0643445394, 49.771189002500002 ], [ 6.0635150337, 49.771405174 ], [ 6.0624239216, 49.771114977899998 ], [ 6.0614033078, 49.771159498599999 ], [ 6.060897226, 49.770976091599998 ], [ 6.060527075, 49.771060138599999 ], [ 6.0591710043, 49.770610962799999 ], [ 6.0585508166, 49.7705695828 ], [ 6.0550284423, 49.769142666 ], [ 6.0549762542, 49.768899649300003 ], [ 6.0524289795, 49.768858187900001 ], [ 6.0525792966, 49.768641902299997 ], [ 6.0523713191, 49.768193219399997 ], [ 6.0498296854, 49.766780508 ], [ 6.0480582792, 49.7660526242 ], [ 6.0453012673, 49.764363916400001 ], [ 6.0443238149, 49.763960753900001 ], [ 6.0448307544, 49.763049393199999 ], [ 6.0435881231, 49.762629580899997 ], [ 6.0423769679, 49.763840669 ], [ 6.0421986066, 49.763810231699999 ], [ 6.0422120324, 49.763393020800002 ], [ 6.0417753736, 49.7626999453 ], [ 6.0418514526, 49.7624126288 ], [ 6.0405193751, 49.759790802399998 ], [ 6.0407487555, 49.759126419200001 ], [ 6.0413224751, 49.758667130100001 ], [ 6.0427262428, 49.758099234200003 ], [ 6.0432392053, 49.758128195099999 ], [ 6.0433176361, 49.757761329499999 ], [ 6.0436000078, 49.756546474 ], [ 6.0429102189, 49.756310564300001 ], [ 6.0437204272, 49.755698700300002 ], [ 6.0442736472, 49.7546918181 ], [ 6.044229584, 49.753134505399998 ], [ 6.044515829, 49.752212696299999 ], [ 6.0435161115, 49.750519585799999 ], [ 6.0415663586, 49.749622392100001 ], [ 6.0401075643, 49.748365066600002 ], [ 6.0420823889, 49.747215550200004 ], [ 6.0412623341, 49.746880833500001 ], [ 6.0388879313, 49.746664292 ], [ 6.0384672925, 49.746320341100002 ], [ 6.0378689175, 49.745822232099997 ], [ 6.0385124385, 49.745461303100001 ], [ 6.0377678321, 49.744521645799999 ], [ 6.0373180231, 49.743317032100002 ], [ 6.0376207352, 49.742834457500003 ], [ 6.037921334, 49.742695894500002 ], [ 6.0381511409, 49.742073205300002 ], [ 6.0385327004, 49.741871525599997 ], [ 6.0384429229, 49.741625698299998 ], [ 6.038755518, 49.7414271958 ], [ 6.0387260172, 49.741182505499999 ], [ 6.0395448729, 49.740619732500001 ], [ 6.0392674225, 49.740271311599997 ], [ 6.0393883238, 49.740140494099997 ], [ 6.0396079212, 49.740240965600002 ], [ 6.039411763, 49.739995012800001 ], [ 6.0396862909, 49.7401084826 ], [ 6.0399241459, 49.740007435800003 ], [ 6.0395255981, 49.7398550347 ], [ 6.0399299677, 49.739325166199997 ], [ 6.0398026824, 49.739182764799999 ], [ 6.0403258789, 49.738997840800003 ], [ 6.0401278985, 49.7389029956 ], [ 6.0403789976, 49.738657291300001 ], [ 6.040325193, 49.737606369200002 ], [ 6.0409686482, 49.7367940516 ], [ 6.0407782522, 49.736580770899998 ], [ 6.0409789692, 49.736211116900002 ], [ 6.0411951301, 49.736293842899997 ], [ 6.0414917918, 49.736145439300003 ], [ 6.0413621805, 49.7359061971 ], [ 6.0415240309, 49.735720901400001 ], [ 6.0410179418, 49.735593535900001 ], [ 6.0412847799, 49.735539890399998 ], [ 6.0412519146, 49.735208813100002 ], [ 6.0417698823, 49.7349564007 ], [ 6.0416455505, 49.734628640899999 ], [ 6.0420524585, 49.7345798745 ], [ 6.0420321267, 49.7343303396 ], [ 6.0422905911, 49.734298764199998 ], [ 6.0421612692, 49.734093031800001 ], [ 6.0424486071, 49.733933736700003 ], [ 6.0423262026, 49.73376224 ], [ 6.0427009918, 49.7335503973 ], [ 6.0425577777, 49.733358388399999 ], [ 6.0428542167, 49.733098503900003 ], [ 6.0430489567, 49.733162313800001 ], [ 6.0434945765, 49.7326616876 ], [ 6.0440780356, 49.732648957899997 ], [ 6.0442802009, 49.732310057100001 ], [ 6.0441519537, 49.732078497400003 ], [ 6.0444522622, 49.7320102881 ], [ 6.0445679653, 49.731682803299996 ], [ 6.0450029367, 49.731621846800003 ], [ 6.0451286546, 49.731403017 ], [ 6.0449796235, 49.731283587699998 ], [ 6.0456089393, 49.731075096700003 ], [ 6.0455732359, 49.731302913500002 ], [ 6.0459055786, 49.731301481800003 ], [ 6.0460304718, 49.730832543699997 ], [ 6.0464040598, 49.7306531535 ], [ 6.0471208712, 49.730353929300001 ], [ 6.0475907816, 49.730365986599999 ], [ 6.0479145497, 49.7299782499 ], [ 6.0480935716, 49.730114618 ], [ 6.0484515398, 49.729799902400003 ], [ 6.048776369, 49.729872332299998 ], [ 6.0489703071, 49.7295903626 ], [ 6.0497747647, 49.729283218500001 ], [ 6.0501999987, 49.729303230799999 ], [ 6.0503513519, 49.729064848199997 ], [ 6.0506902291, 49.729079431 ], [ 6.0512061574, 49.728820051200003 ], [ 6.0524133854, 49.728740228600003 ], [ 6.0527352614, 49.728510903699998 ], [ 6.0543001159, 49.728243641 ], [ 6.0547742155, 49.727460786 ], [ 6.0553469475, 49.727150653700001 ], [ 6.0558076712, 49.726637200299997 ], [ 6.0562278557, 49.726612132600003 ], [ 6.0568329764, 49.725759454799999 ], [ 6.056941338, 49.7252254132 ], [ 6.0567250722, 49.724257641599998 ], [ 6.0571540472, 49.723009556900003 ], [ 6.0587716079, 49.721378491899998 ], [ 6.0586636442, 49.720963194200003 ], [ 6.0612327382, 49.722203952 ], [ 6.0627239761, 49.723205913900003 ], [ 6.0648014277, 49.724024405900003 ], [ 6.0667247931, 49.725026688100002 ], [ 6.0704334852, 49.722363302 ], [ 6.0738981362, 49.718007111399999 ], [ 6.072752414, 49.717945962100003 ], [ 6.0716831194, 49.7173945045 ], [ 6.0703673404, 49.7174937765 ], [ 6.06925334, 49.716581699499997 ], [ 6.0697944677, 49.7159549641 ], [ 6.0732805427, 49.716429799499998 ], [ 6.0736928536, 49.716778941599998 ], [ 6.0770442154, 49.71674417 ], [ 6.0788169445, 49.7164447659 ], [ 6.083792337, 49.715047593599998 ], [ 6.0817958274, 49.714213532899997 ], [ 6.0793067302, 49.7099004624 ], [ 6.0782209438, 49.707572388099997 ], [ 6.0772185921, 49.706617891199997 ], [ 6.0750856716, 49.703545936499999 ], [ 6.0745862119, 49.7025549345 ], [ 6.0747573502, 49.702492809500001 ], [ 6.0746342041, 49.702233630599999 ], [ 6.0743816412, 49.702222046 ], [ 6.0719978011, 49.698814903 ], [ 6.0727861228, 49.698371381699999 ], [ 6.0720169741, 49.697479550499999 ], [ 6.0723531562, 49.696946227399998 ], [ 6.0717393508, 49.696589316 ], [ 6.0733628826, 49.6952503292 ], [ 6.0752191188, 49.694336026400002 ], [ 6.0766164838, 49.694495780799997 ], [ 6.0781450446, 49.694973860099999 ], [ 6.0788839081, 49.695003367600002 ], [ 6.0812773133, 49.6955591766 ], [ 6.0826238139, 49.6961718166 ], [ 6.0830552262, 49.6964516659 ], [ 6.0832094501, 49.696799526600003 ], [ 6.0840767547, 49.697330298899999 ], [ 6.0856259129, 49.697921785699997 ], [ 6.0867718229, 49.6987104747 ], [ 6.0903979117, 49.698692616899997 ], [ 6.0905881737, 49.697818759 ], [ 6.0910281451, 49.697512272 ], [ 6.0905885445, 49.697009941 ], [ 6.0905342228, 49.696385264600003 ], [ 6.0902367246, 49.696205618500002 ], [ 6.0901642894, 49.695819709299997 ], [ 6.0912497311, 49.695490749100003 ], [ 6.0906148883, 49.694950060700002 ], [ 6.0909963519, 49.694620644099999 ], [ 6.0910133865, 49.694292281800003 ], [ 6.0904104841, 49.693397948200001 ], [ 6.0908548839, 49.693062100299997 ], [ 6.0925401611, 49.69317465 ], [ 6.093036175, 49.6953497704 ], [ 6.0931706951, 49.697416991700003 ], [ 6.0936774238, 49.6987116484 ], [ 6.0935698294, 49.699869243499997 ], [ 6.0961824943, 49.7007079244 ], [ 6.1026702488, 49.704141481800001 ], [ 6.1049721138, 49.705621017799999 ], [ 6.1062527452, 49.708458393 ], [ 6.1059510934, 49.709426377299998 ], [ 6.1047715978, 49.710626861400002 ], [ 6.1042155465, 49.712348154 ], [ 6.1059767841, 49.715888585099997 ], [ 6.105552176, 49.717649889199997 ], [ 6.1020865586, 49.720085541899998 ], [ 6.099531858, 49.721459251600002 ], [ 6.1009376688, 49.7226462872 ], [ 6.1005600405, 49.722727023899999 ], [ 6.1014656634, 49.724971642200003 ], [ 6.1012109653, 49.725880622200002 ], [ 6.1015292175, 49.726919224900001 ], [ 6.1017831048, 49.727841053299997 ], [ 6.101540528, 49.728209395699999 ], [ 6.1019594191, 49.728531207 ], [ 6.101968437, 49.728891537 ], [ 6.1025591427, 49.729924580199999 ], [ 6.1036393981, 49.731026220099999 ], [ 6.1065726908, 49.731526369299999 ], [ 6.106235153, 49.732242615899999 ], [ 6.105392867, 49.733077712399997 ], [ 6.1041211333, 49.7338091843 ], [ 6.1046321903, 49.7342214114 ], [ 6.1031726782, 49.734846355899997 ], [ 6.1024917184, 49.735380912499998 ], [ 6.1022465938, 49.7359709857 ], [ 6.1022862596, 49.737796401799997 ], [ 6.1055548966, 49.740762346499999 ], [ 6.1067898931, 49.740406826700003 ], [ 6.1073162329, 49.740672832100003 ], [ 6.1088729916, 49.739978844600003 ], [ 6.1091836338, 49.7393881972 ], [ 6.1108553333, 49.7382475685 ], [ 6.1126618557, 49.738213782700001 ], [ 6.112871184, 49.7379232264 ], [ 6.1123672386, 49.737578919900002 ], [ 6.1124122909, 49.737176989399998 ], [ 6.1122076024, 49.736959081199998 ], [ 6.1126678264, 49.7363772522 ], [ 6.1124455649, 49.735912340699997 ], [ 6.1134579181, 49.735702142299999 ], [ 6.1142218937, 49.735780076 ], [ 6.1147601878, 49.735461309199998 ], [ 6.1149272675, 49.735092204300003 ], [ 6.1145694226, 49.734859297200003 ], [ 6.1155201998, 49.7333794428 ], [ 6.1154914108, 49.7330329961 ], [ 6.1160959764, 49.732971731399999 ], [ 6.1173920963, 49.7322045258 ], [ 6.1175176848, 49.731509715900003 ], [ 6.1171675212, 49.731320290600003 ], [ 6.1177528464, 49.7312242414 ], [ 6.1183239318, 49.730526931599996 ], [ 6.1183864372, 49.730023661200001 ], [ 6.1180622098, 49.7297600124 ], [ 6.1182928547, 49.729016416699999 ], [ 6.1180536344, 49.728445164900002 ], [ 6.117479759, 49.728146631599998 ], [ 6.1183673685, 49.726095448300001 ], [ 6.1229014386, 49.7265834321 ], [ 6.1227157106, 49.72739311 ], [ 6.1233264715, 49.727479735700001 ], [ 6.1232502535, 49.727669691800003 ], [ 6.1276045243, 49.728423173499998 ], [ 6.1276899948, 49.728314449800003 ], [ 6.1303142234, 49.728908916100004 ], [ 6.1312889282, 49.7296635338 ], [ 6.1329420095, 49.731869939500001 ], [ 6.1352376907, 49.734354423799999 ], [ 6.1349623157, 49.734499549 ], [ 6.1367327423, 49.735128269900002 ], [ 6.1392216428, 49.736519676599997 ], [ 6.1426878837, 49.737619695799999 ], [ 6.1471737929, 49.738297691900001 ], [ 6.1508614799, 49.739504054199998 ], [ 6.156271204, 49.743475449500004 ], [ 6.1568946968, 49.744096320899999 ], [ 6.1570509157, 49.744584462699997 ], [ 6.1564364075, 49.744453726 ], [ 6.156870039, 49.744960279700003 ], [ 6.1560152539, 49.746917953500002 ], [ 6.1579131747, 49.749182234899997 ], [ 6.1562262492, 49.749446317299999 ], [ 6.1559661494, 49.7496213879 ], [ 6.1583183845, 49.7506321563 ], [ 6.1589680604, 49.751138376299998 ], [ 6.1585829988, 49.751585882299999 ], [ 6.1584079485, 49.752505401100002 ], [ 6.1588756813, 49.753433787399999 ], [ 6.149559575, 49.751014888199997 ], [ 6.1504896633, 49.749658865599997 ], [ 6.1500256568, 49.749342951499997 ], [ 6.1485124686, 49.748835681899997 ], [ 6.1474392915, 49.7488316556 ] ] ] ] } },
{ "type": "Feature", "properties": { "name": "Mertert", "canton": "Grevenmacher", "district": "Grevenmacher", "lau2": "1107" }, "geometry": { "type": "MultiPolygon", "coordinates": [ [ [ [ 6.4975099706, 49.721729065 ], [ 6.4962558246, 49.722518578399999 ], [ 6.4954529697, 49.7232752512 ], [ 6.4947733075, 49.724334292 ], [ 6.4947215955, 49.7250193518 ], [ 6.4951540803, 49.725793399899999 ], [ 6.495860676, 49.726285803899998 ], [ 6.4971255768, 49.726806113899997 ], [ 6.4988795956, 49.72701052 ], [ 6.5006648105, 49.727087769100002 ], [ 6.5025655829, 49.726966507100002 ], [ 6.5051463211, 49.726138368 ], [ 6.5058354039, 49.725708859100003 ], [ 6.5109512626, 49.721268396299998 ], [ 6.5144609376, 49.721547640899999 ], [ 6.5155462795, 49.722081145300002 ], [ 6.5171487933, 49.723468189199998 ], [ 6.5170158136, 49.724032407099997 ], [ 6.5158918767, 49.724880288100003 ], [ 6.5140615533, 49.725494885800003 ], [ 6.5110357839, 49.727127976399998 ], [ 6.5077538416, 49.728132363699999 ], [ 6.5057003871, 49.729203212199998 ], [ 6.5023022164, 49.731701225099997 ], [ 6.5018249376, 49.732290236600001 ], [ 6.5016047261, 49.733154765800002 ], [ 6.5010770837, 49.732981164199998 ], [ 6.5000541919, 49.733310375899997 ], [ 6.4993963614, 49.733129021899998 ], [ 6.4994312042, 49.7332893365 ], [ 6.4944209109, 49.733785271099997 ], [ 6.49277863, 49.734183462700003 ], [ 6.4916628367, 49.734788538099998 ], [ 6.4910938745, 49.735446541599998 ], [ 6.4884551376, 49.736341382299997 ], [ 6.4846177276, 49.736435124700002 ], [ 6.482254994, 49.736075108 ], [ 6.4814791957, 49.736460494 ], [ 6.4803005486, 49.737438506499998 ], [ 6.4786384599, 49.737978309100001 ], [ 6.4781946887, 49.738292543599997 ], [ 6.4773861826, 49.739690257299998 ], [ 6.4772751439, 49.740835526399998 ], [ 6.4761956691, 49.7418462451 ], [ 6.4756648165, 49.742589285100003 ], [ 6.4742355829, 49.741647130799997 ], [ 6.4724617878, 49.7412792115 ], [ 6.4717932028, 49.740920898 ], [ 6.4706369329, 49.742205276200004 ], [ 6.4704844385, 49.7426468548 ], [ 6.4693575528, 49.742368134899998 ], [ 6.469454007, 49.742221351 ], [ 6.4691249838, 49.742076980299998 ], [ 6.4653354478, 49.740689683900001 ], [ 6.4613981534, 49.739555982 ], [ 6.4617252296, 49.738709106 ], [ 6.4609049409, 49.7370343284 ], [ 6.4609774714, 49.735994391799998 ], [ 6.4605787919, 49.7359576136 ], [ 6.4613740205, 49.7348272037 ], [ 6.4611136975, 49.734141324900001 ], [ 6.45812789, 49.733846760600002 ], [ 6.4572347531, 49.733266565199997 ], [ 6.4567823457, 49.732371410200003 ], [ 6.457561024, 49.730428682599999 ], [ 6.4567741084, 49.729890968500001 ], [ 6.4560969481, 49.7296497269 ], [ 6.4555667202, 49.729668400199998 ], [ 6.4546201059, 49.729444390399998 ], [ 6.453928795, 49.728912470499999 ], [ 6.453832544, 49.726960735399999 ], [ 6.4543965467, 49.725369902300002 ], [ 6.4535828906, 49.725502868100001 ], [ 6.4530948771, 49.724417665399997 ], [ 6.4532845981, 49.723485026600002 ], [ 6.4526940722, 49.723078820600001 ], [ 6.4533888214, 49.721661578899997 ], [ 6.4543424099, 49.720959587599999 ], [ 6.455449272, 49.721048770099998 ], [ 6.4566535451, 49.721991820100001 ], [ 6.4573457942, 49.7215826232 ], [ 6.4560125894, 49.72058085 ], [ 6.4551503255, 49.720159860300001 ], [ 6.4536799549, 49.718857540199998 ], [ 6.4530350743, 49.717547547899997 ], [ 6.4533931907, 49.717421699900001 ], [ 6.4528033456, 49.717348513600001 ], [ 6.4529099233, 49.717130852 ], [ 6.4540979395, 49.716968085399998 ], [ 6.4543928177, 49.716698789 ], [ 6.4538286294, 49.7153433406 ], [ 6.4547443612, 49.712877864100001 ], [ 6.4555658505, 49.712246947399997 ], [ 6.4580744624, 49.712056380699998 ], [ 6.4567454659, 49.710942038299997 ], [ 6.4555483464, 49.710564216400002 ], [ 6.4547236048, 49.711943028100002 ], [ 6.4532587607, 49.712779262200002 ], [ 6.4517854504, 49.713356912499997 ], [ 6.4492590063, 49.713625301100002 ], [ 6.4477975587, 49.713434701799997 ], [ 6.4473648132, 49.713583666799998 ], [ 6.4452592797, 49.713492582800001 ], [ 6.4452394901, 49.712364934 ], [ 6.444805412, 49.711946497600003 ], [ 6.445577608, 49.711603306500002 ], [ 6.446339668, 49.7107828368 ], [ 6.4475996048, 49.710651143600003 ], [ 6.4492620435, 49.709861486 ], [ 6.4503703236, 49.7091019581 ], [ 6.4527612657, 49.708147282600002 ], [ 6.4535598019, 49.707502877899998 ], [ 6.4533249494, 49.706428968600001 ], [ 6.4515128701, 49.704755491500002 ], [ 6.4496697628, 49.7025362073 ], [ 6.4501055983, 49.702400316499997 ], [ 6.4503133896, 49.702065321299997 ], [ 6.4505762394, 49.700815153500002 ], [ 6.4512749985, 49.700131591800002 ], [ 6.451662049, 49.699065951 ], [ 6.4527911343, 49.698446739799998 ], [ 6.4531146781, 49.698648973700003 ], [ 6.4540813765, 49.698198720699999 ], [ 6.4539376039, 49.697740937299997 ], [ 6.45420569, 49.696994758300001 ], [ 6.4548713818, 49.6963532527 ], [ 6.4558896021, 49.694610425500002 ], [ 6.4567413561, 49.693820436800003 ], [ 6.4548488875, 49.694286906199999 ], [ 6.4542360305, 49.693631552299998 ], [ 6.4550511273, 49.693455052300003 ], [ 6.4570067719, 49.692356227 ], [ 6.4584079413, 49.692899008200001 ], [ 6.4586007069, 49.693150268300002 ], [ 6.4599486229, 49.6936072118 ], [ 6.4610566062, 49.692349232799998 ], [ 6.4621559555, 49.6926535853 ], [ 6.467501465, 49.6932719088 ], [ 6.4694690703, 49.693690027899997 ], [ 6.474075988, 49.6955188612 ], [ 6.4781180765, 49.696655300700002 ], [ 6.4796842412, 49.697251515399998 ], [ 6.481885186, 49.698654994899996 ], [ 6.4860382007, 49.702417155699997 ], [ 6.4903530731, 49.705545495800003 ], [ 6.4932637735, 49.708181464900001 ], [ 6.4981172161, 49.711574341599999 ], [ 6.5001077117, 49.7125818548 ], [ 6.5039752801, 49.713554419700003 ], [ 6.5062625687, 49.713500320500003 ], [ 6.506413127, 49.715249178100002 ], [ 6.5060920284, 49.716312909700001 ], [ 6.500910478, 49.719313618500003 ], [ 6.4975099706, 49.721729065 ] ] ] ] } },
{ "type": "Feature", "properties": { "name": "Mertzig", "canton": "Diekirch", "district": "Diekirch", "lau2": "0607" }, "geometry": { "type": "MultiPolygon", "coordinates": [ [ [ [ 5.974329658, 49.847163152599997 ], [ 5.9735794414, 49.845475059899996 ], [ 5.9713769488, 49.845584768099997 ], [ 5.9711309273, 49.844513189 ], [ 5.9701871002, 49.843144156599998 ], [ 5.9705234933, 49.8427004821 ], [ 5.9720988984, 49.8421110114 ], [ 5.9732021606, 49.841494576300001 ], [ 5.9733883476, 49.841227721700001 ], [ 5.9727261573, 49.840478087100003 ], [ 5.9737357419, 49.839737490499999 ], [ 5.9734194828, 49.839441349600001 ], [ 5.9749694205, 49.838756694 ], [ 5.9754338058, 49.838166669400003 ], [ 5.9762955017, 49.838034445799998 ], [ 5.9765374311, 49.838131241699998 ], [ 5.9768891599, 49.8365191571 ], [ 5.9775676577, 49.8363113443 ], [ 5.9773468467, 49.835679389200003 ], [ 5.9774026893, 49.834417507 ], [ 5.977098338, 49.834044102699998 ], [ 5.9785828034, 49.833320684900002 ], [ 5.9770214167, 49.8317010552 ], [ 5.9779413526, 49.831135259100002 ], [ 5.9784246835, 49.830116838599999 ], [ 5.9793593469, 49.830179125 ], [ 5.9808227051, 49.8299935195 ], [ 5.9819882057, 49.827779754799998 ], [ 5.9809978749, 49.827469356500004 ], [ 5.9825368352, 49.825516509700002 ], [ 5.9838856787, 49.825900799400003 ], [ 5.9836191578, 49.825289218599998 ], [ 5.9846193422, 49.8240045119 ], [ 5.9827072942, 49.823044831200001 ], [ 5.9813727138, 49.821869694500002 ], [ 5.9818874256, 49.821618500900001 ], [ 5.9810452282, 49.820660498099997 ], [ 5.9797331198, 49.820155804099997 ], [ 5.9792773667, 49.819809572099999 ], [ 5.9822059298, 49.818043703599997 ], [ 5.9815901133, 49.8177317492 ], [ 5.9825669252, 49.817022919499998 ], [ 5.9832525839, 49.817369494899999 ], [ 5.9841855566, 49.8167813807 ], [ 5.9850335175, 49.817242886899997 ], [ 5.9859511812, 49.816941312600001 ], [ 5.986970423, 49.817544100200003 ], [ 5.9882506254, 49.817707844399997 ], [ 5.9900182411, 49.818275283 ], [ 5.9945917851, 49.818368720099997 ], [ 6.0007435298, 49.818785194500002 ], [ 6.0004070374, 49.819540179599997 ], [ 6.0025058075, 49.820181429400002 ], [ 6.0039002798, 49.821284580799997 ], [ 6.0057346197, 49.821893787800001 ], [ 6.0054988011, 49.822188443100003 ], [ 6.0058707141, 49.822898946 ], [ 6.0082872215, 49.822924239800003 ], [ 6.0085617875, 49.8228114323 ], [ 6.0107229251, 49.823112537 ], [ 6.0154954421, 49.825515669300003 ], [ 6.0179238344, 49.825891126099997 ], [ 6.0184936831, 49.827009209899998 ], [ 6.0219464578, 49.827115866299998 ], [ 6.0231750134, 49.826941488099997 ], [ 6.0241753768, 49.825261705800003 ], [ 6.0258537368, 49.826527214400002 ], [ 6.0269994846, 49.825873375199997 ], [ 6.0299723371, 49.825342249199998 ], [ 6.0305566203, 49.825833272600001 ], [ 6.0303468378, 49.826207045899999 ], [ 6.0270979413, 49.829513482 ], [ 6.0267483269, 49.830096885499998 ], [ 6.0338649221, 49.83150787 ], [ 6.0343914999, 49.831566626099999 ], [ 6.0339288727, 49.830359647400002 ], [ 6.033746042, 49.828623879600002 ], [ 6.0330769904, 49.827220518700003 ], [ 6.0332835606, 49.826096420699997 ], [ 6.033981286, 49.826346949600001 ], [ 6.0372000901, 49.8244839352 ], [ 6.0403488658, 49.826087943099999 ], [ 6.0415537496, 49.826475063099998 ], [ 6.0397372617, 49.828418470700001 ], [ 6.0392625522, 49.829192214599999 ], [ 6.0381060217, 49.832629329100001 ], [ 6.0379401574, 49.832661025100002 ], [ 6.0376042851, 49.833536124200002 ], [ 6.0380098946, 49.833760696100001 ], [ 6.0371562441, 49.8345966905 ], [ 6.0369910473, 49.835402004599999 ], [ 6.0359703075, 49.835544506 ], [ 6.0341735961, 49.835302883899999 ], [ 6.0340500083, 49.835733205499999 ], [ 6.0328115703, 49.837044681 ], [ 6.0323546803, 49.838323591699996 ], [ 6.0321665782, 49.838245639599997 ], [ 6.0318097311, 49.838376711599999 ], [ 6.0311987018, 49.838972283 ], [ 6.0302100758, 49.838461681699997 ], [ 6.0300523054, 49.838596300900001 ], [ 6.0296735993, 49.838373792100001 ], [ 6.0285707729, 49.837354008600002 ], [ 6.0274603293, 49.837594586599998 ], [ 6.0259322218, 49.838053370099999 ], [ 6.0265925116, 49.838589665 ], [ 6.0264627375, 49.838811981100001 ], [ 6.0269403924, 49.839237646900003 ], [ 6.0255754842, 49.839531240100001 ], [ 6.0258877268, 49.839702749200001 ], [ 6.0256944083, 49.839803891899997 ], [ 6.026109543, 49.839988409500002 ], [ 6.0253619817, 49.840316240100002 ], [ 6.0255460784, 49.8403842727 ], [ 6.0247219003, 49.841149912799999 ], [ 6.0236767255, 49.840664818800001 ], [ 6.0227448716, 49.840529278 ], [ 6.0212283108, 49.841572315699999 ], [ 6.0209097382, 49.841486727800003 ], [ 6.02023459, 49.842310037 ], [ 6.0192147079, 49.842799988099998 ], [ 6.0168135313, 49.843602000700002 ], [ 6.016044895, 49.844176608700003 ], [ 6.0154152079, 49.844198514200002 ], [ 6.0138261578, 49.844693452 ], [ 6.0125838511, 49.844864664600003 ], [ 6.0106999841, 49.844555726400003 ], [ 6.0079333969, 49.845129633699997 ], [ 6.0077062077, 49.846709345100003 ], [ 6.0078292106, 49.847775561 ], [ 6.0072403057, 49.848063789800001 ], [ 6.0035627172, 49.848991102200003 ], [ 6.0018925605, 49.849233880100002 ], [ 5.9986344988, 49.850238683299999 ], [ 5.9951450404, 49.850607710699997 ], [ 5.9940678403, 49.8512040468 ], [ 5.9925391912, 49.851606152099997 ], [ 5.9892760083, 49.853284496 ], [ 5.9886572633, 49.853788431399998 ], [ 5.9874686953, 49.855490390299998 ], [ 5.9867674423, 49.857371461 ], [ 5.9823120905, 49.856288371 ], [ 5.9812360874, 49.856241427100002 ], [ 5.9814688446, 49.855648221199999 ], [ 5.9826253347, 49.854425446199997 ], [ 5.9819198012, 49.853834994 ], [ 5.9832557519, 49.853268410399998 ], [ 5.9826945129, 49.8529617831 ], [ 5.9825335943, 49.852539956199998 ], [ 5.9847171782, 49.85098906 ], [ 5.9860260459, 49.849465717199998 ], [ 5.9873113574, 49.846868256199997 ], [ 5.9871439503, 49.846301352300003 ], [ 5.9872821363, 49.845664732899998 ], [ 5.986630769, 49.845619522100002 ], [ 5.9866127258, 49.845275341200001 ], [ 5.986250184, 49.845287218899998 ], [ 5.9861945186, 49.845770450800003 ], [ 5.985778603, 49.846178533100002 ], [ 5.985219563, 49.846196222499998 ], [ 5.9849870809, 49.845919565899997 ], [ 5.9846957213, 49.845982572499999 ], [ 5.9846057144, 49.845645767199997 ], [ 5.9834654692, 49.8455199036 ], [ 5.9820924175, 49.845900936100001 ], [ 5.9821194982, 49.846156619200002 ], [ 5.9806108228, 49.846113473 ], [ 5.9787711864, 49.846261737699997 ], [ 5.9786998224, 49.846135977499998 ], [ 5.9765378407, 49.846789846100002 ], [ 5.974329658, 49.847163152599997 ] ] ] ] } },
{ "type": "Feature", "properties": { "name": "Mondercange", "canton": "Esch-sur-Alzette", "district": "Luxembourg", "lau2": "0208" }, "geometry": { "type": "MultiPolygon", "coordinates": [ [ [ [ 5.9547207363, 49.530149472799998 ], [ 5.9570162097, 49.530136600299997 ], [ 5.9579515968, 49.530369565699999 ], [ 5.9594038224, 49.530412795799997 ], [ 5.9606228955, 49.530008804300003 ], [ 5.9612535581, 49.529445384200002 ], [ 5.960987295, 49.529388661399999 ], [ 5.9610609549, 49.529298296900002 ], [ 5.9636589232, 49.529559017799997 ], [ 5.963866545, 49.52924784 ], [ 5.9648661843, 49.529409490799999 ], [ 5.9649556193, 49.5289222826 ], [ 5.9657890305, 49.528992159 ], [ 5.9656609037, 49.52918244 ], [ 5.9680807715, 49.529724182800003 ], [ 5.96804279, 49.529869018600003 ], [ 5.9708603648, 49.530033148 ], [ 5.9708659624, 49.530263447499998 ], [ 5.9722252262, 49.530179197300001 ], [ 5.971652788, 49.528458910499999 ], [ 5.9745979157, 49.527518531399998 ], [ 5.9748235847, 49.527150288199998 ], [ 5.9757279043, 49.527532419099998 ], [ 5.9764974384, 49.526103343700001 ], [ 5.9766418948, 49.525764238100003 ], [ 5.9762204734, 49.525216333499998 ], [ 5.9753029278, 49.525139038 ], [ 5.9752289639, 49.524990795199997 ], [ 5.9744124508, 49.524813903499997 ], [ 5.9751368326, 49.524209177199999 ], [ 5.973511832, 49.523146646100002 ], [ 5.9742804774, 49.521822914200001 ], [ 5.9735736086, 49.521611952 ], [ 5.9738614657, 49.520994363900002 ], [ 5.9744024748, 49.521161881700003 ], [ 5.975371368, 49.519652826399998 ], [ 5.976063044, 49.517839197199997 ], [ 5.976113739, 49.5171272985 ], [ 5.9751070921, 49.516937024 ], [ 5.9749416017, 49.516896468799999 ], [ 5.9701559182, 49.515580689399997 ], [ 5.967130389, 49.515007453499997 ], [ 5.9668518258, 49.514443270800001 ], [ 5.9691243451, 49.513496054100003 ], [ 5.9715926239, 49.512825934699997 ], [ 5.9819023687, 49.5116277423 ], [ 5.9840165788, 49.5132887376 ], [ 5.9847511951, 49.514265061499998 ], [ 5.9865016589, 49.514667996199996 ], [ 5.9864684201, 49.5138135865 ], [ 5.991762346, 49.514635066499999 ], [ 5.9936481214, 49.515165035300001 ], [ 5.9996644436, 49.5186183426 ], [ 6.001369334, 49.519621684500002 ], [ 6.0032534923, 49.521277140400002 ], [ 6.0055754554, 49.520652214099997 ], [ 6.0057885211, 49.520319308600001 ], [ 6.006991851, 49.520262080199998 ], [ 6.0076132801, 49.519757591699999 ], [ 6.0081237778, 49.519723355099998 ], [ 6.0091747162, 49.519263738299998 ], [ 6.0102529827, 49.5195064475 ], [ 6.0108747307, 49.519230631699998 ], [ 6.0111801595, 49.5194099948 ], [ 6.0115338633, 49.5193572616 ], [ 6.011581497, 49.519613672299997 ], [ 6.012223667, 49.519468194399998 ], [ 6.0124224721, 49.519708254400001 ], [ 6.0131458011, 49.519753303500003 ], [ 6.0140508063, 49.519317787 ], [ 6.0148188692, 49.5197920142 ], [ 6.0138816832, 49.520134723399998 ], [ 6.0157147504, 49.522072877500001 ], [ 6.0161767345, 49.521845538 ], [ 6.0164040744, 49.522022960100003 ], [ 6.0157769554, 49.522296856399997 ], [ 6.0191639635, 49.523704388299997 ], [ 6.0203622359, 49.522512916799997 ], [ 6.0208731133, 49.522177565 ], [ 6.0211622828, 49.522316160199999 ], [ 6.0219764795, 49.5216718908 ], [ 6.0262497199, 49.5187981841 ], [ 6.0250960606, 49.518205496900002 ], [ 6.0254866918, 49.517738769 ], [ 6.0261705085, 49.517370248200002 ], [ 6.0309634575, 49.5166837899 ], [ 6.0307017386, 49.516225822800003 ], [ 6.0310871022, 49.516099591500002 ], [ 6.0314758122, 49.516165674600003 ], [ 6.0317254993, 49.515962533500002 ], [ 6.0322105737, 49.5158927178 ], [ 6.0324060569, 49.515608142 ], [ 6.0335084839, 49.515804978699997 ], [ 6.0354264979, 49.515180576900001 ], [ 6.0366006681, 49.515340845 ], [ 6.0382974484, 49.5147980729 ], [ 6.0380080904, 49.514184274800002 ], [ 6.0387713365, 49.5142354121 ], [ 6.0387299404, 49.513601435799998 ], [ 6.0391477173, 49.513346864900001 ], [ 6.0387998449, 49.512771854500002 ], [ 6.0411612152, 49.512040287399998 ], [ 6.0432175315, 49.5119533441 ], [ 6.0450257615, 49.511327370399997 ], [ 6.0462380386, 49.511212649400001 ], [ 6.0487219083, 49.5115095994 ], [ 6.0475784368, 49.512813273299997 ], [ 6.0481445775, 49.512962049499997 ], [ 6.0483980175, 49.513819472800002 ], [ 6.0489417099, 49.513971971399997 ], [ 6.0511011108, 49.514659886899999 ], [ 6.0509315818, 49.514971565800003 ], [ 6.0518367457, 49.515415439 ], [ 6.0513927702, 49.515843324899997 ], [ 6.0536633453, 49.516823722700003 ], [ 6.0523769492, 49.517707119199997 ], [ 6.0511939484, 49.518904764600002 ], [ 6.050953406, 49.518796782199999 ], [ 6.0505075156, 49.5190266595 ], [ 6.0511505088, 49.519484919600004 ], [ 6.0518849633, 49.520380003200003 ], [ 6.0510919165, 49.520573095 ], [ 6.0513215513, 49.522015981 ], [ 6.054037235, 49.522208517099997 ], [ 6.0545398072, 49.521551125800002 ], [ 6.0556493468, 49.5217243544 ], [ 6.0548108965, 49.522694217400002 ], [ 6.0535063857, 49.523291024400002 ], [ 6.0531941297, 49.524218557700003 ], [ 6.0543681125, 49.525131580699998 ], [ 6.0582683068, 49.527165247100001 ], [ 6.0579138853, 49.527462816 ], [ 6.0620331591, 49.528924311899999 ], [ 6.0624796689, 49.532080953300003 ], [ 6.0622400815, 49.5327302281 ], [ 6.0615546006, 49.533627970200001 ], [ 6.0605982181, 49.536829172499999 ], [ 6.0592980316, 49.538566912100002 ], [ 6.0586223085, 49.539925565600001 ], [ 6.0612536203, 49.5421662611 ], [ 6.0610078718, 49.542841969400001 ], [ 6.0594581664, 49.5441491204 ], [ 6.0602824284, 49.544393687800003 ], [ 6.0603542517, 49.545616733300001 ], [ 6.0611574584, 49.547705278 ], [ 6.061211595, 49.5487866243 ], [ 6.0605665429, 49.551676075800003 ], [ 6.0576639387, 49.550276948399997 ], [ 6.0535098537, 49.549147112100002 ], [ 6.0518347848, 49.548833040399998 ], [ 6.050904405, 49.5501244266 ], [ 6.0496608198, 49.551210499299998 ], [ 6.0492055752, 49.552054578499998 ], [ 6.0477504468, 49.552878162299997 ], [ 6.0472583622, 49.552532413199998 ], [ 6.046853328, 49.5521052844 ], [ 6.0462430949, 49.550015324199997 ], [ 6.0409515364, 49.5478064387 ], [ 6.0415166316, 49.546907368200003 ], [ 6.0389228987, 49.5458713182 ], [ 6.0370583585, 49.545322433 ], [ 6.0371561352, 49.544738840400001 ], [ 6.0351331902, 49.543946923100002 ], [ 6.0353639726, 49.5433861052 ], [ 6.0348324764, 49.543227362800003 ], [ 6.034945933, 49.543011238299997 ], [ 6.034407943, 49.542935969 ], [ 6.0342975891, 49.542700194299996 ], [ 6.0289539307, 49.541225468900002 ], [ 6.0292613365, 49.5408630174 ], [ 6.0269539112, 49.539423634400002 ], [ 6.0270743249, 49.539339560499997 ], [ 6.0235475655, 49.537290026199997 ], [ 6.0228228695, 49.536272075699998 ], [ 6.0219103848, 49.5367698238 ], [ 6.0201592274, 49.536201494700002 ], [ 6.0171964566, 49.536350172 ], [ 6.0171018187, 49.536581157100002 ], [ 6.0131721928, 49.5357511112 ], [ 6.0130970603, 49.536214242699998 ], [ 6.0118152043, 49.536102216300002 ], [ 6.009986919, 49.5370715878 ], [ 6.0104635208, 49.537544448 ], [ 6.0094164379, 49.537962919199998 ], [ 6.0078862442, 49.538106982 ], [ 6.0075988981, 49.538799828199998 ], [ 6.0071722191, 49.538727534700001 ], [ 6.0062596804, 49.540769428200001 ], [ 6.0048365496, 49.540255270099998 ], [ 6.0017089627, 49.542309579499999 ], [ 6.0012365054, 49.542606877300003 ], [ 5.9992253338, 49.543004852899998 ], [ 5.9973656738, 49.542901734499999 ], [ 5.9971234832, 49.543973371 ], [ 5.9953296443, 49.543630146200002 ], [ 5.995119052, 49.543925631699999 ], [ 5.994084138, 49.5436126 ], [ 5.9927484599, 49.544930138200002 ], [ 5.9919727644, 49.545129494900003 ], [ 5.9912762925, 49.545737235 ], [ 5.9904683225, 49.545941648400003 ], [ 5.9903890942, 49.546200794900003 ], [ 5.9895528718, 49.546198525100003 ], [ 5.9884644569, 49.545881396 ], [ 5.9875567522, 49.546088359300001 ], [ 5.986787516, 49.546954444699999 ], [ 5.986573506, 49.5468885027 ], [ 5.9852731278, 49.5480512273 ], [ 5.9833681386, 49.5501632028 ], [ 5.9817459879, 49.551136247700001 ], [ 5.9791566943, 49.552065516 ], [ 5.9775204788, 49.552032509500002 ], [ 5.9766175705, 49.552318786100003 ], [ 5.9749005012, 49.552419774599997 ], [ 5.9728795197, 49.552156438799997 ], [ 5.9715984042, 49.552151250400001 ], [ 5.9690948872, 49.551534355900003 ], [ 5.9687089673, 49.550591472100002 ], [ 5.9695359495, 49.547463632700001 ], [ 5.9698686283, 49.545892662699998 ], [ 5.9676917945, 49.545970002799997 ], [ 5.9666273254, 49.545628064900001 ], [ 5.9651869437, 49.544776492700002 ], [ 5.9645614299, 49.542955678600002 ], [ 5.9618411404, 49.542280037700003 ], [ 5.9607077471, 49.541722171799996 ], [ 5.9596765486, 49.540721917399999 ], [ 5.9576599582, 49.539731570699999 ], [ 5.9560836139, 49.537993940299998 ], [ 5.9544440342, 49.535674769499998 ], [ 5.9530067177, 49.534161167699999 ], [ 5.9540228498, 49.531543037699997 ], [ 5.9539056738, 49.530525322099997 ], [ 5.9541600109, 49.530191743 ], [ 5.9547207363, 49.530149472799998 ] ] ] ] } },
{ "type": "Feature", "properties": { "name": "Mondorf-les-Bains", "canton": "Remich", "district": "Grevenmacher", "lau2": "1204" }, "geometry": { "type": "MultiPolygon", "coordinates": [ [ [ [ 6.2406510528, 49.514937208900001 ], [ 6.2415108108, 49.514448341600001 ], [ 6.2417657149, 49.514085537500002 ], [ 6.2417261846, 49.513352505299999 ], [ 6.2413350555, 49.512680577899999 ], [ 6.2416436704, 49.511965097500003 ], [ 6.2438872994, 49.511834744200002 ], [ 6.2451332857, 49.511511408 ], [ 6.246403727, 49.509197120400003 ], [ 6.2469148095, 49.508894306899997 ], [ 6.2484145208, 49.508510375500002 ], [ 6.2491840927, 49.508558681799997 ], [ 6.2502354069, 49.508810143200002 ], [ 6.252269544, 49.508965003900002 ], [ 6.253942093, 49.509592810800001 ], [ 6.2562793817, 49.509966991399999 ], [ 6.2570611707, 49.5097332012 ], [ 6.2574186745, 49.508421957899998 ], [ 6.2580484965, 49.507546544199997 ], [ 6.2590901249, 49.507125474699997 ], [ 6.2599359738, 49.507015143700002 ], [ 6.26111074, 49.507234677600003 ], [ 6.2619448402, 49.507140651299999 ], [ 6.2628171364, 49.506484298099998 ], [ 6.262691324, 49.5060779294 ], [ 6.2623677669, 49.505660592300003 ], [ 6.2623516928, 49.505046670699997 ], [ 6.2630545111, 49.504098448599997 ], [ 6.2634266576, 49.5039290518 ], [ 6.2666672255, 49.504026940599999 ], [ 6.2685092689, 49.504316080899997 ], [ 6.2703671031, 49.504034930899998 ], [ 6.2711996548, 49.50456016 ], [ 6.2718565567, 49.504725940199997 ], [ 6.2741503989, 49.504435514 ], [ 6.2746282339, 49.503816326100001 ], [ 6.2758848532, 49.503615054100003 ], [ 6.2767408955, 49.503272402500002 ], [ 6.2772724977, 49.5035871105 ], [ 6.2798557228, 49.503283447 ], [ 6.2799982586, 49.503086293599999 ], [ 6.2796422853, 49.502682379100001 ], [ 6.2804213018, 49.502242958099998 ], [ 6.2797394753, 49.501892338200001 ], [ 6.2798344331, 49.501436357400003 ], [ 6.2813322547, 49.501053978500003 ], [ 6.2815296864, 49.5008469327 ], [ 6.2813867003, 49.500637426700003 ], [ 6.2808829997, 49.500612927200002 ], [ 6.2804538579, 49.500395303 ], [ 6.2800522865, 49.499216071100001 ], [ 6.2794000744, 49.498593634800002 ], [ 6.2794559133, 49.497862804699999 ], [ 6.279063099, 49.497308285499997 ], [ 6.2794587808, 49.496991961200003 ], [ 6.2788802812, 49.4963041293 ], [ 6.2794990514, 49.495183390900003 ], [ 6.2794981566, 49.4946896589 ], [ 6.2814087586, 49.493872872700003 ], [ 6.2816663983, 49.493405112399998 ], [ 6.2820728926, 49.493158566799998 ], [ 6.284104176, 49.493000121599998 ], [ 6.2851559354, 49.493139181700002 ], [ 6.286411081, 49.493626557299997 ], [ 6.2856369199, 49.494288968699998 ], [ 6.2856087415, 49.494841811500002 ], [ 6.2870083345, 49.4970137193 ], [ 6.2896413633, 49.496097368900003 ], [ 6.2911924959, 49.497099537499999 ], [ 6.2936204409, 49.495794609299999 ], [ 6.2943226252, 49.497151175699997 ], [ 6.2998577708, 49.495234803 ], [ 6.3001920332, 49.4960516549 ], [ 6.3008467794, 49.495857437200002 ], [ 6.3011052262, 49.496311337 ], [ 6.3006817568, 49.496437361200002 ], [ 6.3008922059, 49.497270645699999 ], [ 6.3007824739, 49.498563533199999 ], [ 6.3000211373, 49.499606361399998 ], [ 6.3003773654, 49.500355825 ], [ 6.298077902, 49.501395832699998 ], [ 6.2989735573, 49.502602942099998 ], [ 6.2974615931, 49.503131411 ], [ 6.2978385509, 49.503639445700003 ], [ 6.2964539804, 49.5039185941 ], [ 6.2969300967, 49.505488980300001 ], [ 6.2978823665, 49.507349475799998 ], [ 6.3007675478, 49.509645455499999 ], [ 6.3045416837, 49.512015332899999 ], [ 6.3061482164, 49.514067633400003 ], [ 6.3073197917, 49.514701454700003 ], [ 6.3093861804, 49.516207919199999 ], [ 6.3106433787, 49.516569789899997 ], [ 6.3121921422, 49.517256240099996 ], [ 6.3230395404, 49.522749648500003 ], [ 6.3242597973, 49.5235638009 ], [ 6.3232117885, 49.523949383100003 ], [ 6.323213677, 49.5246645179 ], [ 6.3227027348, 49.5252415016 ], [ 6.3220632491, 49.525571219100001 ], [ 6.3197342582, 49.525983067600002 ], [ 6.3186148548, 49.5260353376 ], [ 6.3175189394, 49.5263564913 ], [ 6.3163150191, 49.526930766299998 ], [ 6.3169570907, 49.527768450400004 ], [ 6.3160666705, 49.528137471500003 ], [ 6.3134460496, 49.5297206539 ], [ 6.3131906246, 49.529446881799998 ], [ 6.3122940356, 49.529856404599997 ], [ 6.312113871, 49.529731860399998 ], [ 6.3118472234, 49.5298374172 ], [ 6.31204253, 49.530079744600002 ], [ 6.3112418025, 49.530367660099998 ], [ 6.3107527566, 49.530730430399998 ], [ 6.3111489865, 49.5309973524 ], [ 6.3110061324, 49.531108561499998 ], [ 6.3112271188, 49.531373974499999 ], [ 6.3109747796, 49.531675365200002 ], [ 6.3077888935, 49.530870302700002 ], [ 6.3076118631, 49.530491730400001 ], [ 6.3062200926, 49.530398869 ], [ 6.3042141798, 49.5305306347 ], [ 6.3041553973, 49.5312853207 ], [ 6.3031443274, 49.531284319 ], [ 6.3022670479, 49.531820785900003 ], [ 6.3022001295, 49.532110612 ], [ 6.3013404607, 49.5326805702 ], [ 6.3014653944, 49.532871235 ], [ 6.3018143396, 49.532884424199999 ], [ 6.3018488374, 49.5343843912 ], [ 6.2989661868, 49.534089833499998 ], [ 6.298067585, 49.534152864900001 ], [ 6.2967186989, 49.533868986199998 ], [ 6.2953213427, 49.533781961099997 ], [ 6.2946762975, 49.533218903 ], [ 6.2946152789, 49.5324800526 ], [ 6.2947744283, 49.5320377476 ], [ 6.2954278848, 49.531987817 ], [ 6.2957128985, 49.531772199300001 ], [ 6.2956983448, 49.531031499400001 ], [ 6.291910714, 49.530867410200003 ], [ 6.2921777871, 49.529928924700002 ], [ 6.2918412518, 49.529908536199997 ], [ 6.2915895002, 49.529467414499997 ], [ 6.292004604, 49.529439328800002 ], [ 6.2866073319, 49.525668523199997 ], [ 6.2858026986, 49.5255042824 ], [ 6.2865820216, 49.524656147400002 ], [ 6.2848381018, 49.524057927699999 ], [ 6.2826924601, 49.525918548 ], [ 6.2820161668, 49.525589354200001 ], [ 6.2810419167, 49.526089180900001 ], [ 6.2808380253, 49.526044866100001 ], [ 6.2793434834, 49.526541717599997 ], [ 6.2749128533, 49.529269861700001 ], [ 6.2715219919, 49.527663375899998 ], [ 6.2711291609, 49.527894909300002 ], [ 6.2712876231, 49.527966534100003 ], [ 6.2710906528, 49.5280850794 ], [ 6.2726737037, 49.528983335900001 ], [ 6.273000211, 49.529996401 ], [ 6.27084259, 49.531766332700002 ], [ 6.2710249399, 49.531866384300002 ], [ 6.2705011643, 49.532272101 ], [ 6.2707028494, 49.532768473600001 ], [ 6.2701783346, 49.532650573399998 ], [ 6.269259464, 49.533121883900002 ], [ 6.2685146364, 49.533738915800001 ], [ 6.2668633714, 49.533144346100002 ], [ 6.2652836369, 49.533130518699998 ], [ 6.2649984857, 49.532752683299996 ], [ 6.2650386173, 49.531735690200001 ], [ 6.2656044919, 49.531073382700001 ], [ 6.2649948197, 49.530416315399997 ], [ 6.2647695609, 49.529625232400001 ], [ 6.262110143, 49.526620486100001 ], [ 6.2611564316, 49.526003735400003 ], [ 6.2613610202, 49.525888203800001 ], [ 6.2592049046, 49.524870460300001 ], [ 6.2599184815, 49.524075703699999 ], [ 6.2593587836, 49.523634973599997 ], [ 6.2567271355, 49.522189888699998 ], [ 6.2545032801, 49.521253614 ], [ 6.2530328766, 49.523340478500003 ], [ 6.2504812175, 49.522960381399997 ], [ 6.2503902723, 49.523158063099999 ], [ 6.24985073, 49.523105590699998 ], [ 6.2498365669, 49.523216605499996 ], [ 6.2468403984, 49.523965770799997 ], [ 6.2437277874, 49.519467157900003 ], [ 6.2427550087, 49.518917817800002 ], [ 6.2433248483, 49.5181399891 ], [ 6.2427826397, 49.517544231499997 ], [ 6.2428216983, 49.516758406699999 ], [ 6.2424524605, 49.516665076499997 ], [ 6.2425952133, 49.516423247600002 ], [ 6.2415167096, 49.5158810147 ], [ 6.2408579272, 49.515312556799998 ], [ 6.2409382943, 49.5150712461 ], [ 6.2406454082, 49.5150224486 ], [ 6.2406510528, 49.514937208900001 ] ] ] ] } },
{ "type": "Feature", "properties": { "name": "Niederanven", "canton": "Luxembourg", "district": "Luxembourg", "lau2": "0305" }, "geometry": { "type": "MultiPolygon", "coordinates": [ [ [ [ 6.2895127734, 49.6472823995 ], [ 6.2885875409, 49.647918799199999 ], [ 6.2895992735, 49.648199177800002 ], [ 6.2890220333, 49.648842045499997 ], [ 6.289444764, 49.649004516 ], [ 6.289180153, 49.649734041400002 ], [ 6.2869530467, 49.650551457600002 ], [ 6.2840414673, 49.651341615600003 ], [ 6.2817324386, 49.6531075487 ], [ 6.2816602252, 49.65484635 ], [ 6.2820503372, 49.657243548700002 ], [ 6.2811728406, 49.657134735200003 ], [ 6.280231009, 49.658762620799997 ], [ 6.2855492099, 49.659424893500002 ], [ 6.2856400978, 49.663398168500002 ], [ 6.2864023449, 49.664780864199997 ], [ 6.2845241136, 49.66463044 ], [ 6.2836655186, 49.664786085300001 ], [ 6.2833656688, 49.665011779799997 ], [ 6.2821712983, 49.6647273301 ], [ 6.2812982389, 49.664867741599998 ], [ 6.2803726963, 49.6645927004 ], [ 6.279777146, 49.664628525200001 ], [ 6.2773310838, 49.669014163900002 ], [ 6.2786337493, 49.669243633599997 ], [ 6.2788814575, 49.6716841032 ], [ 6.2785084642, 49.673336262500001 ], [ 6.2784628463, 49.675913135099997 ], [ 6.2779306897, 49.677899671699997 ], [ 6.2741032038, 49.676001063100003 ], [ 6.2743055769, 49.675582520600003 ], [ 6.2724148966, 49.675051758400002 ], [ 6.2712050479, 49.676963084699999 ], [ 6.2713418349, 49.677123161700003 ], [ 6.2700238461, 49.677904101800003 ], [ 6.2687056758, 49.676108262600003 ], [ 6.2677768458, 49.677949689599998 ], [ 6.2673871771, 49.6810121372 ], [ 6.2659519993, 49.6821339225 ], [ 6.2645395048, 49.683767530899999 ], [ 6.2638340211, 49.684120483500003 ], [ 6.2638638564, 49.684393511800003 ], [ 6.26217644, 49.684097929700002 ], [ 6.2611442761, 49.684450081400001 ], [ 6.2608021043, 49.684741546200001 ], [ 6.2599839531, 49.684945137699998 ], [ 6.2587772515, 49.685771326400001 ], [ 6.2575431461, 49.686286807800002 ], [ 6.2568718639, 49.685609740499999 ], [ 6.2560429437, 49.68527421 ], [ 6.2555350878, 49.6855380943 ], [ 6.2532885546, 49.684869883799998 ], [ 6.2530353589, 49.685125278 ], [ 6.2527806225, 49.685128064899999 ], [ 6.2521287377, 49.684688638600001 ], [ 6.2494423737, 49.684615251399997 ], [ 6.2492551199, 49.685208036399999 ], [ 6.2487044186, 49.685759998 ], [ 6.2474080887, 49.685285114300001 ], [ 6.2452988523, 49.684945899900001 ], [ 6.2411335222, 49.683962908600002 ], [ 6.2411947168, 49.6841831642 ], [ 6.2374706292, 49.683384224400001 ], [ 6.2354507872, 49.683721790200003 ], [ 6.2342725888, 49.6852403197 ], [ 6.232815056, 49.685123967199999 ], [ 6.2317526454, 49.684849838700003 ], [ 6.229331656, 49.685145038500004 ], [ 6.226442551, 49.685252123 ], [ 6.2252839622, 49.685025141399997 ], [ 6.2242984391, 49.683428958 ], [ 6.2235742751, 49.6835133055 ], [ 6.2238253557, 49.684389623599998 ], [ 6.2229647412, 49.684525084199997 ], [ 6.2233439618, 49.685574541800001 ], [ 6.214953044, 49.684785479399999 ], [ 6.2148056729, 49.684957652500003 ], [ 6.2141871751, 49.684007280800003 ], [ 6.2124929684, 49.683029072700002 ], [ 6.2124920226, 49.682025501200002 ], [ 6.2115394001, 49.681097731199998 ], [ 6.2108384628, 49.680800138099997 ], [ 6.2090024228, 49.680643564500002 ], [ 6.2082351027, 49.680371244 ], [ 6.2068970061, 49.679263726599999 ], [ 6.2056956774, 49.678975533299997 ], [ 6.2052573454, 49.678646440599998 ], [ 6.2042287185, 49.678389032 ], [ 6.2035406764, 49.677992256899998 ], [ 6.2029198238, 49.676962704700003 ], [ 6.2026838154, 49.6757620968 ], [ 6.2018487853, 49.674958185500003 ], [ 6.1994796504, 49.673334393799998 ], [ 6.198507429, 49.6722161024 ], [ 6.1978184513, 49.670689235200001 ], [ 6.1971815275, 49.6698275874 ], [ 6.1948187411, 49.668793150299997 ], [ 6.1915227438, 49.666593498499999 ], [ 6.1890286029, 49.6655664237 ], [ 6.1870185369, 49.6652104749 ], [ 6.1855837051, 49.6646340701 ], [ 6.1827009544, 49.664302987399999 ], [ 6.1817244215, 49.663974316100003 ], [ 6.1809159477, 49.6631091287 ], [ 6.1810036777, 49.662165755099998 ], [ 6.1802301595, 49.661438542200003 ], [ 6.1771272862, 49.660161095600003 ], [ 6.1754604132, 49.659189739 ], [ 6.1744761374, 49.658958396499997 ], [ 6.1736171603, 49.658536557 ], [ 6.1737594297, 49.658355184100003 ], [ 6.1725524805, 49.654759360299998 ], [ 6.1685096953, 49.652199065200001 ], [ 6.1656665021, 49.650055101299998 ], [ 6.1646332197, 49.647653009300001 ], [ 6.1648533247, 49.646296829199997 ], [ 6.1653710571, 49.645529551300001 ], [ 6.1651520898, 49.644958442799997 ], [ 6.1654243626, 49.644836745799999 ], [ 6.1641592966, 49.643712779 ], [ 6.1631317361, 49.641766863100003 ], [ 6.1634650666, 49.6412885198 ], [ 6.1643064759, 49.640693693499998 ], [ 6.1624710131, 49.640545039400003 ], [ 6.1604992027, 49.640108494 ], [ 6.1582265195, 49.6398823882 ], [ 6.1568089169, 49.639490111 ], [ 6.1544108084, 49.639207950299998 ], [ 6.1530996139, 49.6386511408 ], [ 6.1487740753, 49.637372710900003 ], [ 6.1458750478, 49.636155817099997 ], [ 6.1433397502, 49.633960052799999 ], [ 6.1434802046, 49.633780397300001 ], [ 6.1427674465, 49.6333161174 ], [ 6.1427612815, 49.633104846400002 ], [ 6.1445953563, 49.633903410099997 ], [ 6.1455429338, 49.634519355400002 ], [ 6.1458169906, 49.634443774399998 ], [ 6.1468583354, 49.635237513500002 ], [ 6.1510971235, 49.636774592400002 ], [ 6.1525373959, 49.636957462200002 ], [ 6.1550939953, 49.637895497 ], [ 6.1572541517, 49.638082634 ], [ 6.1583655707, 49.638375460900001 ], [ 6.1589882042, 49.638422115899999 ], [ 6.1595386296, 49.638191059100002 ], [ 6.1602759424, 49.638169221699997 ], [ 6.1617877731, 49.638428232899997 ], [ 6.1633995918, 49.638299322 ], [ 6.1651626655, 49.638762158200002 ], [ 6.1666164287, 49.638461598100001 ], [ 6.1675178072, 49.638017859599998 ], [ 6.1690436186, 49.637695501700001 ], [ 6.1707047433, 49.637894721199999 ], [ 6.1726122544, 49.637749866599997 ], [ 6.1738521163, 49.637301189299997 ], [ 6.1762094522, 49.637244387099997 ], [ 6.1781922718, 49.636908026100002 ], [ 6.1791775361, 49.636983632400003 ], [ 6.1794663611, 49.636772701300004 ], [ 6.1804882087, 49.636269841199997 ], [ 6.1826342829, 49.636497936600001 ], [ 6.1825801019, 49.635891332699998 ], [ 6.1828144464, 49.6356389161 ], [ 6.1820440785, 49.635101286 ], [ 6.184887431, 49.632940133600002 ], [ 6.1852813499, 49.6322648692 ], [ 6.1859870516, 49.6325546976 ], [ 6.186192461, 49.632377416200001 ], [ 6.1832782565, 49.631054998300002 ], [ 6.1830270199, 49.630747478799996 ], [ 6.1832050743, 49.630381270199997 ], [ 6.1822336471, 49.630102293599997 ], [ 6.1824655756, 49.629509569600003 ], [ 6.181148594, 49.628962661899997 ], [ 6.1810920109, 49.628381312499997 ], [ 6.1816523105, 49.627593419 ], [ 6.1794860076, 49.626202873 ], [ 6.1798243028, 49.625775945100003 ], [ 6.179205097, 49.625359584800002 ], [ 6.1794676562, 49.624884024499998 ], [ 6.1785743463, 49.624531822199998 ], [ 6.178307266, 49.6242650947 ], [ 6.1791095172, 49.623664309799999 ], [ 6.1804815136, 49.623242178 ], [ 6.1806717816, 49.623986546200001 ], [ 6.1830285481, 49.624479142699997 ], [ 6.1837305618, 49.624016647700003 ], [ 6.1892892466, 49.625557377200003 ], [ 6.193087738, 49.6267575153 ], [ 6.193129096, 49.627229999699999 ], [ 6.193691253, 49.627468223299999 ], [ 6.1949961638, 49.627788113 ], [ 6.1962814326, 49.627914444300004 ], [ 6.1960192564, 49.628320119599998 ], [ 6.1949159055, 49.628312359900001 ], [ 6.1947564289, 49.628538772699997 ], [ 6.1977342773, 49.628694936400002 ], [ 6.1992803548, 49.628470031900001 ], [ 6.2054782976, 49.632433751299999 ], [ 6.2065405312, 49.631853001499998 ], [ 6.2071677618, 49.632268412099997 ], [ 6.2075927963, 49.632187804499999 ], [ 6.208509828, 49.631548816699997 ], [ 6.2057470718, 49.629724800300004 ], [ 6.206212098, 49.629291360700002 ], [ 6.2067042016, 49.629523017099999 ], [ 6.2075626452, 49.628950787400001 ], [ 6.2081266014, 49.627626632800002 ], [ 6.2080211929, 49.626870969599999 ], [ 6.2085500105, 49.6264270864 ], [ 6.212249714, 49.625159444200001 ], [ 6.2146948862, 49.625001754499998 ], [ 6.2158715512, 49.624679928299997 ], [ 6.2164103264, 49.6252715408 ], [ 6.2157391563, 49.625809898 ], [ 6.2161149682, 49.626084459200001 ], [ 6.216896965, 49.625837746499997 ], [ 6.2175912282, 49.626204332299999 ], [ 6.217306016, 49.625721712599997 ], [ 6.2177047569, 49.624764773400003 ], [ 6.2190120918, 49.623518235 ], [ 6.2206977605, 49.623205499500003 ], [ 6.2225704673, 49.623235880800003 ], [ 6.2230423225, 49.623004397199999 ], [ 6.2235203663, 49.623018919899998 ], [ 6.2243042185, 49.6234629243 ], [ 6.2253498156, 49.6236054325 ], [ 6.2254283634, 49.623505826900001 ], [ 6.2258735398, 49.623817517299997 ], [ 6.2264742772, 49.623848895499997 ], [ 6.2281652771, 49.6243219861 ], [ 6.2294723868, 49.624236101100003 ], [ 6.2304770046, 49.623927795199997 ], [ 6.2310404219, 49.624427105700001 ], [ 6.2315719618, 49.624284987800003 ], [ 6.2322904616, 49.6252728925 ], [ 6.2341844855, 49.625201772600001 ], [ 6.2363249982, 49.625744666599999 ], [ 6.2377921547, 49.625954745800001 ], [ 6.2423639111, 49.627707446499997 ], [ 6.2419815792, 49.628567869500003 ], [ 6.2424463103, 49.6294799004 ], [ 6.2425775764, 49.630282124300003 ], [ 6.2420725501, 49.630883687100003 ], [ 6.244940316, 49.631465913699998 ], [ 6.2449834566, 49.631644984799998 ], [ 6.2461318509, 49.631730062499997 ], [ 6.246007057, 49.6334169788 ], [ 6.2471209053, 49.6332081105 ], [ 6.2477324472, 49.634668574800003 ], [ 6.247683612, 49.634905880300003 ], [ 6.2470458267, 49.635167095699998 ], [ 6.2473897075, 49.635074592800002 ], [ 6.2489228287, 49.635213600199997 ], [ 6.2494467926, 49.635375731899998 ], [ 6.2498836077, 49.636023588299999 ], [ 6.2506458296, 49.636022888699998 ], [ 6.2503721102, 49.636507338800001 ], [ 6.2505249399, 49.636488716499997 ], [ 6.2510832427, 49.637215978900002 ], [ 6.2521566576, 49.637521419499997 ], [ 6.2520145051, 49.638037847500001 ], [ 6.2537652636, 49.638590026400003 ], [ 6.2542903639, 49.6380169356 ], [ 6.255643819, 49.6384089855 ], [ 6.2566862917, 49.638797735799997 ], [ 6.2564756972, 49.639057880899998 ], [ 6.2579252129, 49.639473790899999 ], [ 6.2577529307, 49.639667105500003 ], [ 6.2630677836, 49.641588339400002 ], [ 6.2646526504, 49.641973375799999 ], [ 6.2683167937, 49.643056790800003 ], [ 6.2718581089, 49.644522046500001 ], [ 6.2718292243, 49.64472142 ], [ 6.2730726612, 49.644868199900003 ], [ 6.2741755941, 49.644818239599999 ], [ 6.2774171434, 49.644165387900003 ], [ 6.2783330402, 49.643774476099999 ], [ 6.2798389591, 49.643548651899998 ], [ 6.2808791473, 49.644069137599999 ], [ 6.2812181244, 49.6442015557 ], [ 6.2803545119, 49.644431501200003 ], [ 6.2844934298, 49.645714725 ], [ 6.2845977658, 49.645595678 ], [ 6.2877661643, 49.646502648199998 ], [ 6.2877284314, 49.646636733500003 ], [ 6.287963067, 49.646588980899999 ], [ 6.288702485, 49.647067955300002 ], [ 6.2895127734, 49.6472823995 ] ] ] ] } },
{ "type": "Feature", "properties": { "name": "Nommern", "canton": "Mersch", "district": "Luxembourg", "lau2": "0410" }, "geometry": { "type": "MultiPolygon", "coordinates": [ [ [ [ 6.1629025242, 49.781688272700002 ], [ 6.1642012812, 49.782138255 ], [ 6.1651450807, 49.7814289608 ], [ 6.1653383467, 49.781008134799997 ], [ 6.1656362726, 49.780990859100001 ], [ 6.1661139242, 49.781513801599999 ], [ 6.1664655882, 49.781449952199999 ], [ 6.1668377411, 49.781933188 ], [ 6.1670663411, 49.782922097 ], [ 6.1673711246, 49.7832120391 ], [ 6.1680744648, 49.783407062899997 ], [ 6.1690518007, 49.783269844 ], [ 6.1699368501, 49.783400992399997 ], [ 6.170582983, 49.782621748799997 ], [ 6.1709844751, 49.782632093700002 ], [ 6.1709712055, 49.781614702900001 ], [ 6.1712027115, 49.781476624500002 ], [ 6.1718667069, 49.784002383800001 ], [ 6.1721920374, 49.784316479399997 ], [ 6.1740485747, 49.784149831599997 ], [ 6.1741482293, 49.784227487599999 ], [ 6.1733921837, 49.78467971 ], [ 6.1792754439, 49.787119743799998 ], [ 6.1789966427, 49.786654475500001 ], [ 6.1799101892, 49.785976855900003 ], [ 6.1808103482, 49.786179386800001 ], [ 6.1815485402, 49.785612963 ], [ 6.1840299448, 49.785143439400002 ], [ 6.1853863516, 49.787111043800003 ], [ 6.184077425, 49.787715796 ], [ 6.1831508604, 49.788423901500003 ], [ 6.1832967875, 49.789945363199998 ], [ 6.1864360101, 49.7935463775 ], [ 6.1867421492, 49.794371134400002 ], [ 6.1868058782, 49.795596593699997 ], [ 6.1877180496, 49.796883959600002 ], [ 6.1886571424, 49.799610239499998 ], [ 6.1904439936, 49.800314155 ], [ 6.1921766237, 49.80055346 ], [ 6.1922987977, 49.799843743399997 ], [ 6.1973276099, 49.799813847599999 ], [ 6.1967319832, 49.801795695599999 ], [ 6.1952623516, 49.8022373692 ], [ 6.1935214245, 49.803462463599999 ], [ 6.1911871085, 49.802731109 ], [ 6.1907150471, 49.803324645799997 ], [ 6.1919049423, 49.804077090699998 ], [ 6.1921242164, 49.804589603499998 ], [ 6.191452214, 49.804587992800002 ], [ 6.1903075342, 49.804312670599998 ], [ 6.1886547382, 49.806401895500002 ], [ 6.1901786475, 49.808948226200002 ], [ 6.190965933, 49.808970697100001 ], [ 6.1912350589, 49.809635161499997 ], [ 6.190940571, 49.810347707299997 ], [ 6.1916430984, 49.812099010099999 ], [ 6.1910808064, 49.814242542199999 ], [ 6.1900422245, 49.816075636500003 ], [ 6.1883312453, 49.81769903 ], [ 6.1876936963, 49.8180122447 ], [ 6.1891371102, 49.822271941399997 ], [ 6.1855255255, 49.823029681400001 ], [ 6.1818627988, 49.822593201700002 ], [ 6.178424047, 49.821890344 ], [ 6.1749985474, 49.820882824400002 ], [ 6.1709931586, 49.82125709 ], [ 6.1686849614, 49.821789192200001 ], [ 6.1668619536, 49.822438372299999 ], [ 6.1641452273, 49.822119226300003 ], [ 6.1626449603, 49.822691397 ], [ 6.1615502271, 49.821805354200002 ], [ 6.1600009974, 49.821055599 ], [ 6.1554754261, 49.819347225900003 ], [ 6.1526506727, 49.818426952599999 ], [ 6.1525249345, 49.818650265099997 ], [ 6.1516604537, 49.818341034900001 ], [ 6.1508435029, 49.818700333599999 ], [ 6.1504964595, 49.819271182900003 ], [ 6.1506824334, 49.819330368199999 ], [ 6.1505250965, 49.820044726600003 ], [ 6.1511657043, 49.820994358 ], [ 6.1504430825, 49.821693316299999 ], [ 6.1507725692, 49.822873631599997 ], [ 6.1494755581, 49.825155424499997 ], [ 6.1491330506, 49.825657005700002 ], [ 6.1479107738, 49.826396110799998 ], [ 6.146411185, 49.825960559400002 ], [ 6.1457161816, 49.826738125 ], [ 6.1432568039, 49.825445360700002 ], [ 6.1420797047, 49.825144148900002 ], [ 6.1390430988, 49.823872871699997 ], [ 6.1366197724, 49.822359676300003 ], [ 6.1328998438, 49.820402363600003 ], [ 6.1316876891, 49.819496637599997 ], [ 6.1307287566, 49.819051867699997 ], [ 6.1300828793, 49.818953088800001 ], [ 6.1291543702, 49.818320293600003 ], [ 6.1282643184, 49.818104608299997 ], [ 6.1278315228, 49.817569390899997 ], [ 6.1262407422, 49.817075754699999 ], [ 6.1257756953, 49.816676538099998 ], [ 6.1256604694, 49.816735538700001 ], [ 6.123989343, 49.815789233899999 ], [ 6.1229325536, 49.815514412399999 ], [ 6.1197360051, 49.814084923300001 ], [ 6.1174808517, 49.813389447299997 ], [ 6.1160379498, 49.8124873772 ], [ 6.1132855704, 49.811483874399997 ], [ 6.1121457772, 49.810896102699999 ], [ 6.1110953134, 49.810851832200001 ], [ 6.1092779156, 49.810352638 ], [ 6.1107959557, 49.809524157699997 ], [ 6.1109079648, 49.808059259899998 ], [ 6.1114798019, 49.805947046900002 ], [ 6.1123061014, 49.804452450299998 ], [ 6.1136350201, 49.8032517531 ], [ 6.1151738057, 49.802335061100003 ], [ 6.1163739514, 49.801841231099999 ], [ 6.117214572, 49.802236378499998 ], [ 6.1180082767, 49.801883554500002 ], [ 6.1173972066, 49.800911722099997 ], [ 6.1157205221, 49.800436118299999 ], [ 6.1152912681, 49.800099800300003 ], [ 6.113864103, 49.799657654500002 ], [ 6.1126761949, 49.798964592499999 ], [ 6.1128520785, 49.798534146100003 ], [ 6.1127098425, 49.797944333799997 ], [ 6.111956651, 49.797309565799999 ], [ 6.1116015593, 49.796601539400001 ], [ 6.1105860024, 49.795521874599999 ], [ 6.1089549059, 49.794523348699997 ], [ 6.1061337563, 49.793436788800001 ], [ 6.1045816321, 49.792258104600002 ], [ 6.1069191626, 49.791617991499997 ], [ 6.1074699899, 49.791271585700002 ], [ 6.1078509514, 49.790878635299997 ], [ 6.1078944687, 49.789144077800003 ], [ 6.1093132506, 49.789673647599997 ], [ 6.1112248861, 49.7901302637 ], [ 6.1119708447, 49.790156056400001 ], [ 6.1136593389, 49.7906496214 ], [ 6.115637309, 49.790559379699999 ], [ 6.1170795116, 49.790828124900003 ], [ 6.1175917541, 49.790611102600003 ], [ 6.12019719, 49.791213056700002 ], [ 6.1199738269, 49.789550267099997 ], [ 6.1207631583, 49.789452191700001 ], [ 6.1207767668, 49.789307896099999 ], [ 6.1202749146, 49.788415778299999 ], [ 6.1207502827, 49.788293057700002 ], [ 6.1211239091, 49.788555628099999 ], [ 6.123253568, 49.7878623358 ], [ 6.1240237848, 49.787905016700002 ], [ 6.1253408395, 49.788248846800002 ], [ 6.1269094622, 49.7890929665 ], [ 6.1284561101, 49.789332997899997 ], [ 6.1296505598, 49.790065667500002 ], [ 6.1312911043, 49.789966570499999 ], [ 6.1315960513, 49.790105499299997 ], [ 6.1326821467, 49.7901747059 ], [ 6.1329698945, 49.790468338300002 ], [ 6.1333972666, 49.790569141900001 ], [ 6.1378138667, 49.785197751 ], [ 6.1387358137, 49.785690736 ], [ 6.1394801987, 49.785070835100001 ], [ 6.1404202736, 49.785376839900003 ], [ 6.1399806385, 49.784170316599997 ], [ 6.1397423752, 49.782621741900002 ], [ 6.1404867118, 49.782157724500003 ], [ 6.1410476097, 49.781108598 ], [ 6.1406193263, 49.780385906200003 ], [ 6.141137635, 49.780132431299997 ], [ 6.1424815906, 49.781187761699996 ], [ 6.144214822, 49.7815018143 ], [ 6.1449933258, 49.780640761800001 ], [ 6.1450925995, 49.780705388199998 ], [ 6.1463816232, 49.7790256722 ], [ 6.1475558617, 49.778073137900002 ], [ 6.1467013442, 49.777391311899997 ], [ 6.1480670296, 49.7769720107 ], [ 6.1490034897, 49.776128677300001 ], [ 6.1493535297, 49.771977129500002 ], [ 6.151198095, 49.772530213300001 ], [ 6.1522768243, 49.771078243600002 ], [ 6.1538460226, 49.771332702700001 ], [ 6.1568613883, 49.772108004800003 ], [ 6.1578596505, 49.772511109 ], [ 6.1592229026, 49.773398211100002 ], [ 6.1599360034, 49.773902225299999 ], [ 6.1580499147, 49.775125183299998 ], [ 6.1588181006, 49.775324269599999 ], [ 6.1591775881, 49.775758916599997 ], [ 6.1590245118, 49.7757555074 ], [ 6.1610776246, 49.781137579899998 ], [ 6.1618689589, 49.781029199899997 ], [ 6.1629025242, 49.781688272700002 ] ] ] ] } },
{ "type": "Feature", "properties": { "name": "Parc Hosingen", "canton": "Clervaux", "district": "Diekirch", "lau2": "0503" }, "geometry": { "type": "MultiPolygon", "coordinates": [ [ [ [ 6.1294815269, 50.031256790199997 ], [ 6.1295588126, 50.031818900600001 ], [ 6.1302548247, 50.032991429 ], [ 6.1320644969, 50.034847723200002 ], [ 6.1324203242, 50.0369329412 ], [ 6.134280832, 50.039233966499999 ], [ 6.1344120719, 50.039874142199999 ], [ 6.1341550392, 50.040545682900003 ], [ 6.1331892695, 50.042201179499997 ], [ 6.1322420714, 50.043336663799998 ], [ 6.1298211686, 50.045270159300003 ], [ 6.1274640658, 50.047614815700001 ], [ 6.1252425829, 50.050826911800002 ], [ 6.1243361329, 50.0513680221 ], [ 6.1219184183, 50.052277597600003 ], [ 6.1214994574, 50.052738177800002 ], [ 6.1210275418, 50.054346492199997 ], [ 6.1219648973, 50.055429006799997 ], [ 6.1224551415, 50.0557404682 ], [ 6.1240162669, 50.058347321799999 ], [ 6.1241074586, 50.059372978299997 ], [ 6.1238841457, 50.059791186799998 ], [ 6.12326837, 50.0601433211 ], [ 6.1219479878, 50.060385372 ], [ 6.120715547, 50.060120489100001 ], [ 6.1203305097, 50.0595658485 ], [ 6.1205957569, 50.058950173699998 ], [ 6.1206982854, 50.0574493198 ], [ 6.1203678196, 50.056759720499997 ], [ 6.1196363932, 50.056389247200002 ], [ 6.1179531897, 50.056296268600001 ], [ 6.1167295101, 50.0566389747 ], [ 6.1153887876, 50.056053105899998 ], [ 6.1143652871, 50.0559869163 ], [ 6.1121370396, 50.055259832200001 ], [ 6.1108240855, 50.0551639225 ], [ 6.1098029609, 50.054450113 ], [ 6.1077831885, 50.053551306099997 ], [ 6.1074189381, 50.053229625599997 ], [ 6.1061132878, 50.053040931200002 ], [ 6.1045875249, 50.052419525799998 ], [ 6.103523031, 50.051725496899998 ], [ 6.1015039643, 50.050980485899998 ], [ 6.1017033815, 50.050905187799998 ], [ 6.1007908434, 50.049180021 ], [ 6.1013074583, 50.0480427257 ], [ 6.1003661339, 50.0478733761 ], [ 6.0991250978, 50.047895535099997 ], [ 6.0975854689, 50.047335046199997 ], [ 6.0973353562, 50.047070868200002 ], [ 6.0956613116, 50.046568395199998 ], [ 6.0945891045, 50.046669742399999 ], [ 6.093447372, 50.047049295 ], [ 6.0922237119, 50.047033056399997 ], [ 6.091138815, 50.046663216799999 ], [ 6.0906579575, 50.046674651 ], [ 6.0889728345, 50.045944520100001 ], [ 6.0870570377, 50.0460409107 ], [ 6.0840638086, 50.046463408800001 ], [ 6.0839844977, 50.045686785900003 ], [ 6.0831638153, 50.045455520799997 ], [ 6.082183909, 50.044596788600003 ], [ 6.0803556252, 50.043628102699998 ], [ 6.0798777199, 50.043681973699996 ], [ 6.0789735367, 50.043238624099999 ], [ 6.0793330445, 50.043007467899997 ], [ 6.0779412086, 50.042513331199999 ], [ 6.0774723305, 50.042454532500003 ], [ 6.0763987798, 50.044901907099998 ], [ 6.0735959961, 50.043982019799998 ], [ 6.0711141933, 50.043482439800002 ], [ 6.0689611818, 50.042836525200002 ], [ 6.0674724906, 50.041965387099999 ], [ 6.067916077, 50.040965224700003 ], [ 6.0695369542, 50.0412952776 ], [ 6.0709448505, 50.039547447799997 ], [ 6.0697498291, 50.039362966799999 ], [ 6.0674181105, 50.0385610883 ], [ 6.0669512912, 50.038235397599998 ], [ 6.0666334601, 50.037602104100003 ], [ 6.0625986761, 50.035309696200002 ], [ 6.0606715996, 50.033757405899998 ], [ 6.0602004442, 50.033081716799998 ], [ 6.060099926, 50.032566126699997 ], [ 6.0616873814, 50.031154253700002 ], [ 6.0616057214, 50.031013795200003 ], [ 6.0576692506, 50.028955618 ], [ 6.0557304446, 50.0269635147 ], [ 6.0561252183, 50.028434067500001 ], [ 6.0575839124, 50.030302885099999 ], [ 6.0576007193, 50.030816483499997 ], [ 6.0573061215, 50.031446653 ], [ 6.0573268985, 50.032543539700001 ], [ 6.0579902987, 50.033650014199999 ], [ 6.0582674348, 50.034657103100002 ], [ 6.0596533062, 50.036148463700002 ], [ 6.0606349904, 50.036607013500003 ], [ 6.0623016877, 50.038028034299998 ], [ 6.0613261452, 50.038653478100002 ], [ 6.0603331504, 50.038979753100001 ], [ 6.0585133033, 50.037648464299998 ], [ 6.0587969439, 50.037505396699999 ], [ 6.0567497337, 50.0355223643 ], [ 6.0564895566, 50.0350244471 ], [ 6.0567564576, 50.034161152099998 ], [ 6.053357217, 50.034149461200002 ], [ 6.0533595901, 50.033688897300003 ], [ 6.0525949281, 50.033044265199997 ], [ 6.0522934725, 50.0324209272 ], [ 6.0530277122, 50.0309564143 ], [ 6.053212989, 50.029582044100003 ], [ 6.0530289555, 50.029607998199999 ], [ 6.0525340561, 50.029166245900001 ], [ 6.0488371583, 50.026953334700003 ], [ 6.0483164674, 50.026098026500001 ], [ 6.0482988489, 50.025411217200002 ], [ 6.0474287811, 50.023125611700003 ], [ 6.0474489172, 50.022715959800003 ], [ 6.0480206278, 50.022105896100001 ], [ 6.0480733831, 50.0219331196 ], [ 6.0473852047, 50.021677003900002 ], [ 6.0473484367, 50.0218617628 ], [ 6.0463699753, 50.021551254800002 ], [ 6.0465201387, 50.021282032800002 ], [ 6.0463591049, 50.021123068500003 ], [ 6.0451220754, 50.020674269300002 ], [ 6.0420883182, 50.020086907 ], [ 6.04120106, 50.020041903100001 ], [ 6.0408603884, 50.019295530199997 ], [ 6.0415090306, 50.017939426399998 ], [ 6.0411779324, 50.016870876600002 ], [ 6.0395647494, 50.016737422399999 ], [ 6.0373489738, 50.016983790399998 ], [ 6.0360612108, 50.016754256399999 ], [ 6.0375402214, 50.014407714299999 ], [ 6.0379302347, 50.012477835 ], [ 6.0415796077, 50.012924349599999 ], [ 6.0424662617, 50.011503181400002 ], [ 6.0419097293, 50.0113784606 ], [ 6.0384742677, 50.009542847299997 ], [ 6.0378935797, 50.009038029899997 ], [ 6.0368507294, 50.0096899694 ], [ 6.0358317056, 50.009738474 ], [ 6.0365670792, 50.009430403700001 ], [ 6.0370644485, 50.0089731184 ], [ 6.0376181052, 50.0065518185 ], [ 6.0401023345, 50.005538023299998 ], [ 6.0415976686, 50.005166002199999 ], [ 6.0427867158, 50.004252430299999 ], [ 6.0429866086, 50.003996409400003 ], [ 6.0429758789, 50.0030667196 ], [ 6.0439764942, 50.002184004199997 ], [ 6.0434767427, 50.001557336399998 ], [ 6.0433897647, 50.0004701521 ], [ 6.0435220907, 50.000094036199997 ], [ 6.0440749316, 49.999637912099999 ], [ 6.0441464076, 49.9982304153 ], [ 6.044665769, 49.997146039500002 ], [ 6.0467523167, 49.997885895800003 ], [ 6.0470184091, 49.9982850038 ], [ 6.0473555374, 49.998286764 ], [ 6.0480287871, 49.998697581499997 ], [ 6.0487186275, 49.998599465600002 ], [ 6.0492471181, 49.999124494900002 ], [ 6.0496976251, 49.999317661100001 ], [ 6.0534076503, 50.000531277699999 ], [ 6.053404915, 50.000756448399997 ], [ 6.0537699006, 50.001025052199999 ], [ 6.0554563661, 50.001652824700002 ], [ 6.0561702318, 50.0015878532 ], [ 6.0561299164, 50.001977476199997 ], [ 6.056690017, 50.002138957100001 ], [ 6.0568523338, 50.002004983900001 ], [ 6.0597443638, 50.003725258700001 ], [ 6.060382846, 50.003138461200002 ], [ 6.0608407934, 50.00016771 ], [ 6.060276166, 49.999240371100001 ], [ 6.0593159801, 49.998771702900001 ], [ 6.059682585, 49.998147237600001 ], [ 6.0583856051, 49.997462344500001 ], [ 6.0592293779, 49.996668228700003 ], [ 6.0584641206, 49.996382922899997 ], [ 6.0586854673, 49.996067459099997 ], [ 6.0564433751, 49.995057804 ], [ 6.0567291119, 49.994392211200001 ], [ 6.0549801795, 49.993825737400002 ], [ 6.0537156534, 49.993608701699998 ], [ 6.0515567826, 49.992436657299997 ], [ 6.0522832105, 49.990720363900003 ], [ 6.0523064465, 49.988822565 ], [ 6.0532082896, 49.987803528199997 ], [ 6.0517773324, 49.987187124 ], [ 6.0493808327, 49.986540218899997 ], [ 6.0485512869, 49.986500031399999 ], [ 6.0481941344, 49.986294666100001 ], [ 6.0471682009, 49.986711915299999 ], [ 6.0465695274, 49.98672567 ], [ 6.0456259524, 49.986335130199997 ], [ 6.0450211656, 49.985874014700002 ], [ 6.0444711937, 49.984955988899998 ], [ 6.0430875078, 49.9838940968 ], [ 6.0425879718, 49.983736534599998 ], [ 6.0418321238, 49.983837033299999 ], [ 6.0415270533, 49.983728584399998 ], [ 6.0411645785, 49.983605049300003 ], [ 6.0402769985, 49.985023857900003 ], [ 6.0393315916, 49.985051022599997 ], [ 6.0395207402, 49.984790571700003 ], [ 6.0376861775, 49.984119264199997 ], [ 6.0370433781, 49.98411654 ], [ 6.0359949423, 49.984432568 ], [ 6.0355059989, 49.984303433 ], [ 6.0361967695, 49.983555133199999 ], [ 6.0362463262, 49.983225213600001 ], [ 6.035988188, 49.982825297700003 ], [ 6.0362280387, 49.981816231800003 ], [ 6.0344205371, 49.980443164100002 ], [ 6.0327715161, 49.979790447900001 ], [ 6.0322497997, 49.979385650499999 ], [ 6.0319933294, 49.978723116799998 ], [ 6.0320451477, 49.977907943 ], [ 6.031733833, 49.977244202900003 ], [ 6.0284383716, 49.975696245800002 ], [ 6.0277925559, 49.975092608899999 ], [ 6.0274263427, 49.974171889099999 ], [ 6.0267755027, 49.9734905989 ], [ 6.0263179075, 49.973279955499997 ], [ 6.0256038848, 49.973370671700003 ], [ 6.0258940782, 49.973055272400003 ], [ 6.0294941217, 49.970961026200001 ], [ 6.0250678429, 49.969491917299997 ], [ 6.0240691452, 49.968750092400001 ], [ 6.0233313355, 49.967994737399998 ], [ 6.0233269401, 49.967697103200003 ], [ 6.0235523996, 49.967123828 ], [ 6.0246583597, 49.9660987257 ], [ 6.0248961068, 49.966148114500001 ], [ 6.0256331011, 49.966971102899997 ], [ 6.0275163677, 49.967796614299999 ], [ 6.0261080934, 49.966077266799999 ], [ 6.028339835, 49.9639505265 ], [ 6.0289633368, 49.964382947799997 ], [ 6.0311654626, 49.965027235699999 ], [ 6.032362094, 49.964702081699997 ], [ 6.0364355574, 49.964111874099999 ], [ 6.0385320717, 49.963264728600002 ], [ 6.0413195759, 49.963233857200002 ], [ 6.0419974785, 49.963394441200002 ], [ 6.0428198616, 49.961720323400002 ], [ 6.0422568765, 49.961650069299999 ], [ 6.0418452188, 49.960795567700004 ], [ 6.0389024021, 49.958694885 ], [ 6.0366440432, 49.958125444499998 ], [ 6.0380609046, 49.956058109300002 ], [ 6.0389106492, 49.955145648 ], [ 6.0401623011, 49.954487925499997 ], [ 6.0414925933, 49.954070769700003 ], [ 6.0423185228, 49.953190326300003 ], [ 6.0419611268, 49.952571522600003 ], [ 6.0406178858, 49.951450121400001 ], [ 6.0388863287, 49.9509157221 ], [ 6.0399625789, 49.950235618699999 ], [ 6.0410458102, 49.948988978 ], [ 6.0406374048, 49.948378106699998 ], [ 6.0406899934, 49.947790708299998 ], [ 6.040396637, 49.947129084399997 ], [ 6.0415957531, 49.947357578499997 ], [ 6.0434441901, 49.948066450900001 ], [ 6.0461733277, 49.948852706899999 ], [ 6.0468685794, 49.948814762300003 ], [ 6.047854675, 49.9484461917 ], [ 6.0487420091, 49.9484035065 ], [ 6.0503386104, 49.948030627900003 ], [ 6.0520020969, 49.949495294099997 ], [ 6.0521423145, 49.949713991700001 ], [ 6.0519972189, 49.949939769300002 ], [ 6.0524453254, 49.950257001799997 ], [ 6.0530836458, 49.950573197200001 ], [ 6.054575171, 49.950881850599998 ], [ 6.0541817194, 49.951356497399999 ], [ 6.0520891598, 49.951572521400003 ], [ 6.0507855447, 49.951966378400002 ], [ 6.0506752018, 49.952370847700003 ], [ 6.0530013302, 49.953199502300002 ], [ 6.0545142075, 49.953916749100003 ], [ 6.0556532004, 49.954040201399998 ], [ 6.0567504274, 49.953948739499999 ], [ 6.061108776, 49.955251453700001 ], [ 6.0618260509, 49.954947393799998 ], [ 6.0638296337, 49.954663947199997 ], [ 6.0645888906, 49.954401452500001 ], [ 6.0646542432, 49.954008015600003 ], [ 6.0627931421, 49.953242489200001 ], [ 6.062830867, 49.952666467900002 ], [ 6.0630383805, 49.952378779599997 ], [ 6.0639332359, 49.952084809299997 ], [ 6.0648706488, 49.951396062100002 ], [ 6.065438576, 49.950508249199999 ], [ 6.0653802386, 49.949245234400003 ], [ 6.0649459226, 49.948985944599997 ], [ 6.0641875854, 49.949145537699998 ], [ 6.0632153193, 49.948520012 ], [ 6.0625880453, 49.947305625699997 ], [ 6.062704274, 49.946898255100002 ], [ 6.063281661, 49.9466129666 ], [ 6.0634363357, 49.946296100799998 ], [ 6.064252506, 49.945900671700002 ], [ 6.0651213175, 49.944283117200001 ], [ 6.0649716857, 49.943950256599997 ], [ 6.0644269771, 49.943563634 ], [ 6.0643154625, 49.942906537600003 ], [ 6.0634225822, 49.942037252200002 ], [ 6.0632509109, 49.941583987 ], [ 6.0641920441, 49.939216264800002 ], [ 6.0648420717, 49.9382152457 ], [ 6.0653392863, 49.935235074200001 ], [ 6.0654763039, 49.935004606200003 ], [ 6.065947061, 49.934924912900001 ], [ 6.0667140717, 49.935052310099998 ], [ 6.0677257678, 49.934934085099997 ], [ 6.0686106799, 49.9342210493 ], [ 6.0700833831, 49.934288417099999 ], [ 6.070591166, 49.934088353100002 ], [ 6.0706847658, 49.933886675300002 ], [ 6.0703228421, 49.932328068300002 ], [ 6.070935551, 49.932713558 ], [ 6.0712078174, 49.933261056100001 ], [ 6.0713153934, 49.9339596708 ], [ 6.0710890852, 49.934552460699997 ], [ 6.0737660197, 49.9338994461 ], [ 6.0740110079, 49.933317338499997 ], [ 6.0744504789, 49.933126664299998 ], [ 6.0746843398, 49.933319469899999 ], [ 6.0748457453, 49.932990362 ], [ 6.0756841535, 49.932565859599997 ], [ 6.0759052389, 49.9327121619 ], [ 6.0790796199, 49.932355587300002 ], [ 6.0796800177, 49.932435302199998 ], [ 6.0796231488, 49.932665838600002 ], [ 6.0809121552, 49.933196731800003 ], [ 6.0837735351, 49.9339201242 ], [ 6.0855444707, 49.933908771 ], [ 6.0858122584, 49.933779082599997 ], [ 6.0860106651, 49.933161223799999 ], [ 6.0870136991, 49.933199600899997 ], [ 6.08738472, 49.933303760100003 ], [ 6.0870326406, 49.934115332099999 ], [ 6.0875760003, 49.934216184299999 ], [ 6.087198162, 49.934952533500002 ], [ 6.087505117, 49.935145006600003 ], [ 6.087772636, 49.935867740900001 ], [ 6.0874802573, 49.937187342800001 ], [ 6.0883216647, 49.937401339 ], [ 6.0881080784, 49.937546058199999 ], [ 6.0880877007, 49.9379713736 ], [ 6.0883046164, 49.938045211 ], [ 6.0883802962, 49.938351425500002 ], [ 6.0930486095, 49.940435496799999 ], [ 6.0930805155, 49.941430782 ], [ 6.092017078, 49.9423173773 ], [ 6.0915966344, 49.9423643939 ], [ 6.0915564925, 49.942573090800003 ], [ 6.0910832905, 49.942751682800001 ], [ 6.0898648624, 49.944077746 ], [ 6.0904663171, 49.944708719799998 ], [ 6.0903808379, 49.9450552192 ], [ 6.0908041133, 49.945074351800002 ], [ 6.0907915363, 49.945486035599998 ], [ 6.0910820514, 49.945544484899997 ], [ 6.0907313578, 49.9457803082 ], [ 6.0910458965, 49.945757382700002 ], [ 6.0914551605, 49.946257584199998 ], [ 6.09226, 49.946695053299997 ], [ 6.0919995313, 49.946930066500002 ], [ 6.0919795928, 49.947807398199998 ], [ 6.0914871649, 49.9487088403 ], [ 6.092215009, 49.949191679 ], [ 6.0937445516, 49.949603918100003 ], [ 6.0944882016, 49.950181008599998 ], [ 6.0934832603, 49.9512483432 ], [ 6.0931699513, 49.951891618399998 ], [ 6.0924908206, 49.9524922047 ], [ 6.0923454486, 49.952949635899998 ], [ 6.0926020431, 49.953537544 ], [ 6.0925850032, 49.954248669800002 ], [ 6.0927704519, 49.954487413899997 ], [ 6.0935172081, 49.954814748099999 ], [ 6.0937620777, 49.955257423 ], [ 6.0935240508, 49.955544733099998 ], [ 6.0936685426, 49.955663058399999 ], [ 6.0934889103, 49.955962389699998 ], [ 6.0936719068, 49.956070885899997 ], [ 6.0931810343, 49.9567868257 ], [ 6.0934232002, 49.957270630799997 ], [ 6.0937525056, 49.957198430699997 ], [ 6.0960728981, 49.957973128399999 ], [ 6.096518283, 49.958379940199997 ], [ 6.0967310087, 49.959050083500003 ], [ 6.0974583941, 49.959984838399997 ], [ 6.0980582192, 49.960102576899999 ], [ 6.0983070836, 49.9605868071 ], [ 6.0985751985, 49.9606109526 ], [ 6.0985568175, 49.9604730012 ], [ 6.0988220721, 49.960636802099998 ], [ 6.0991571649, 49.961165628899998 ], [ 6.0988287176, 49.96249774 ], [ 6.0990372903, 49.963331502300001 ], [ 6.0997036987, 49.964285068599999 ], [ 6.1012823527, 49.965056565799998 ], [ 6.1011336178, 49.965295375399997 ], [ 6.1001128136, 49.966142633499999 ], [ 6.0996397427, 49.966224468699998 ], [ 6.0995186478, 49.966454346699997 ], [ 6.0989726566, 49.966599797900002 ], [ 6.0991326152, 49.966773991799997 ], [ 6.0982625494, 49.967295310399997 ], [ 6.0981656304, 49.968030347400003 ], [ 6.0988069918, 49.968908644099997 ], [ 6.0988984409, 49.970092415400003 ], [ 6.0991935177, 49.970715239599997 ], [ 6.1002631093, 49.971988521299998 ], [ 6.1000866316, 49.972911845 ], [ 6.1002222956, 49.973503655899997 ], [ 6.1019623721, 49.974766311099998 ], [ 6.1023220686, 49.975415352399999 ], [ 6.1025203251, 49.976086023400001 ], [ 6.1022812025, 49.977232745 ], [ 6.1024749804, 49.977692947400001 ], [ 6.1029795841, 49.978091620800001 ], [ 6.1030616727, 49.978687992200001 ], [ 6.1021912152, 49.978989271300001 ], [ 6.099724251, 49.979100431600003 ], [ 6.0981031943, 49.979393014599999 ], [ 6.0971399254, 49.979904441499997 ], [ 6.0961491608, 49.980819774300002 ], [ 6.0968899213, 49.981662628300001 ], [ 6.0983162028, 49.984269816699999 ], [ 6.0985280018, 49.9856490624 ], [ 6.0979321609, 49.987564061900002 ], [ 6.0989332918, 49.987545883400003 ], [ 6.1000166957, 49.985653629200002 ], [ 6.1004253308, 49.984029126 ], [ 6.1000853633, 49.982661199299997 ], [ 6.1025540141, 49.982914468 ], [ 6.1027924448, 49.982396159 ], [ 6.1032746702, 49.982276448599997 ], [ 6.1033030405, 49.981920839200001 ], [ 6.103660406, 49.981821637400003 ], [ 6.1044116521, 49.982133969099998 ], [ 6.1060649538, 49.982205984499998 ], [ 6.1076185027, 49.982953735 ], [ 6.1084788902, 49.983121278699997 ], [ 6.1089175579, 49.982777014 ], [ 6.1097704899, 49.982509219299999 ], [ 6.1128193122, 49.982392635499998 ], [ 6.1127453965, 49.982471824400001 ], [ 6.1149325718, 49.982468299499999 ], [ 6.1168741641, 49.981539503699999 ], [ 6.1187429547, 49.979602629600002 ], [ 6.1196571713, 49.976878171400003 ], [ 6.1182132542, 49.976275382499999 ], [ 6.1181397093, 49.976364311799998 ], [ 6.1176581407, 49.976222975299997 ], [ 6.118622201, 49.974871995400001 ], [ 6.1189028838, 49.974156465199997 ], [ 6.12271234, 49.971569741700002 ], [ 6.1250446919, 49.971721454499999 ], [ 6.1257942806, 49.971441807300003 ], [ 6.1270303417, 49.9714344653 ], [ 6.1277571453, 49.971179341400003 ], [ 6.1282391228, 49.971168356100002 ], [ 6.1314849908, 49.971738415 ], [ 6.1321831351, 49.972263246799997 ], [ 6.1324195834, 49.973071108600003 ], [ 6.1329197969, 49.973258213599998 ], [ 6.1351810734, 49.973804732200001 ], [ 6.1358686556, 49.974129834300001 ], [ 6.1370568133, 49.974126157500002 ], [ 6.1394968545, 49.9737938504 ], [ 6.1410303613, 49.973962165899998 ], [ 6.1441482012, 49.975065585199999 ], [ 6.1453087826, 49.9759754349 ], [ 6.1466609273, 49.976629529299998 ], [ 6.1497594207, 49.977744868 ], [ 6.1512429055, 49.978107144200003 ], [ 6.1555623958, 49.979324575500002 ], [ 6.1569321012, 49.978679875700003 ], [ 6.1577749103, 49.978538977500001 ], [ 6.1597935879, 49.978534134500002 ], [ 6.1623081236, 49.977566502599998 ], [ 6.1662186433, 49.976845426 ], [ 6.1666205541, 49.977591742199998 ], [ 6.1667663238, 49.9790851964 ], [ 6.1672580338, 49.979977955400003 ], [ 6.1684829647, 49.980739725 ], [ 6.1687594647, 49.9811462236 ], [ 6.1686105497, 49.9821962527 ], [ 6.1689525196, 49.983751833299998 ], [ 6.1694367445, 49.984300627099998 ], [ 6.1699902629, 49.984571136900001 ], [ 6.1712905873, 49.984279152699997 ], [ 6.1714700827, 49.984016913700003 ], [ 6.1724277478, 49.983987323199997 ], [ 6.1726141123, 49.984245519399998 ], [ 6.1724699945, 49.984618745200002 ], [ 6.1710346202, 49.985359845399998 ], [ 6.1695473524, 49.985672139899997 ], [ 6.1688774437, 49.985581707800002 ], [ 6.1663210022, 49.986404492 ], [ 6.1645044789, 49.986814840199997 ], [ 6.1615909064, 49.987098239200002 ], [ 6.1593939261, 49.986876129599999 ], [ 6.1570717168, 49.987209844699997 ], [ 6.1533904967, 49.989579876100002 ], [ 6.1524564741, 49.990919682399998 ], [ 6.1514683131, 49.992960554200003 ], [ 6.1507809053, 49.994137464399998 ], [ 6.150094012, 49.9943599944 ], [ 6.1468864327, 49.994867380499997 ], [ 6.1428017082, 49.994581911899999 ], [ 6.1416435185, 49.994850097799997 ], [ 6.1396625722, 49.996280475299997 ], [ 6.1376956338, 49.998421755800003 ], [ 6.1377787729, 49.998811195899997 ], [ 6.1383423261, 49.9994712863 ], [ 6.1393142936, 50.000117277100003 ], [ 6.1398084433, 50.000151756100003 ], [ 6.1418240422, 49.999292589299998 ], [ 6.1435725246, 49.998169573 ], [ 6.1448462116, 49.998077647 ], [ 6.1455134449, 49.998758076900003 ], [ 6.1458484692, 49.999808954300001 ], [ 6.1464296401, 50.000748825499997 ], [ 6.1463371179, 50.002500514499999 ], [ 6.1476096063, 50.004217873400002 ], [ 6.1493254203, 50.006409556800001 ], [ 6.1496709519, 50.008707829599999 ], [ 6.148202753, 50.01013465 ], [ 6.1475495677, 50.010308909499997 ], [ 6.1458208254, 50.010115751 ], [ 6.1398719951, 50.0104937877 ], [ 6.1387084115, 50.0108104814 ], [ 6.1377585202, 50.011321185200003 ], [ 6.1359421721, 50.013595148500002 ], [ 6.1343546528, 50.014885942699998 ], [ 6.1295233035, 50.0181621101 ], [ 6.1296060399, 50.018633097200002 ], [ 6.1301155451, 50.019113319600002 ], [ 6.1313550499, 50.019420370500001 ], [ 6.1318170486, 50.019358973300001 ], [ 6.1331344007, 50.018741999500001 ], [ 6.1351855197, 50.016362339600001 ], [ 6.1363397874, 50.0158488979 ], [ 6.1373024276, 50.015803712699999 ], [ 6.1382018583, 50.016251616399998 ], [ 6.1394981371, 50.017585456299997 ], [ 6.1409095622, 50.018045776800001 ], [ 6.144180917, 50.020406918900001 ], [ 6.1453983545, 50.021646691100003 ], [ 6.1458929101, 50.0226284222 ], [ 6.1432311033, 50.024449843200003 ], [ 6.1399883, 50.024991264 ], [ 6.1376252572, 50.025933728600002 ], [ 6.1370022079, 50.026406901100003 ], [ 6.1343698104, 50.027238773299999 ], [ 6.1308050163, 50.028825585100002 ], [ 6.1300145851, 50.0292603953 ], [ 6.1296591472, 50.029799081299998 ], [ 6.1294815269, 50.031256790199997 ] ] ] ] } },
{ "type": "Feature", "properties": { "name": "Préizerdaul", "canton": "Redange", "district": "Diekirch", "lau2": "0702" }, "geometry": { "type": "MultiPolygon", "coordinates": [ [ [ [ 5.9468149097, 49.783559889800003 ], [ 5.9501457392, 49.784339569399997 ], [ 5.9499265743, 49.785002261599999 ], [ 5.9524610177, 49.785219185499997 ], [ 5.9526783687, 49.784585435399997 ], [ 5.9544486035, 49.78464802 ], [ 5.9554517822, 49.784836487299998 ], [ 5.9560406245, 49.785012620499998 ], [ 5.9563319716, 49.786242661300001 ], [ 5.9557878172, 49.786260190699998 ], [ 5.9556507316, 49.786897959 ], [ 5.9594317748, 49.7869573061 ], [ 5.9593941101, 49.787396579800003 ], [ 5.9625468724, 49.7878966902 ], [ 5.9611729537, 49.790278111799999 ], [ 5.9623107838, 49.790480901199999 ], [ 5.9624207309, 49.790859704100001 ], [ 5.9614118389, 49.792016686700002 ], [ 5.9628903169, 49.792816168800002 ], [ 5.961936352, 49.793421141099998 ], [ 5.9625138608, 49.7937858194 ], [ 5.9620671296, 49.794271481499997 ], [ 5.9633054297, 49.795092901499999 ], [ 5.9629237764, 49.795248757800003 ], [ 5.9632820466, 49.7956207326 ], [ 5.9636084303, 49.796867878699999 ], [ 5.9641166487, 49.797662857600002 ], [ 5.9644224338, 49.797514839500003 ], [ 5.9653454123, 49.798261412700001 ], [ 5.9647384327, 49.798724238799998 ], [ 5.9655260158, 49.799797350200002 ], [ 5.9663487156, 49.8004923226 ], [ 5.9656977397, 49.801065762 ], [ 5.9654039765, 49.804258750800003 ], [ 5.9680151032, 49.804665683099998 ], [ 5.9668407464, 49.805370921600002 ], [ 5.9642551113, 49.808256591800003 ], [ 5.9647115268, 49.808692117500001 ], [ 5.9653520592, 49.808703133599998 ], [ 5.9661976932, 49.809008534 ], [ 5.9661162397, 49.809357312700001 ], [ 5.9660798146, 49.809671959900001 ], [ 5.9663835383, 49.8098677825 ], [ 5.9686233067, 49.810107980399998 ], [ 5.969037074, 49.810025569700002 ], [ 5.9691439279, 49.811778308699999 ], [ 5.9677923894, 49.811686821400002 ], [ 5.9679298825, 49.812264799899999 ], [ 5.9670441051, 49.8119576438 ], [ 5.9657781523, 49.811838832200003 ], [ 5.9646208412, 49.812062445499997 ], [ 5.9639227501, 49.811781504700001 ], [ 5.9642249847, 49.810112075500001 ], [ 5.9641039799, 49.809626374799997 ], [ 5.9626662264, 49.809728282199998 ], [ 5.9615423597, 49.810434859200001 ], [ 5.9600571616, 49.8109073185 ], [ 5.9562570762, 49.811670373399998 ], [ 5.956029548, 49.811301691099999 ], [ 5.9544877283, 49.811795059 ], [ 5.9540656487, 49.811483313300002 ], [ 5.9534148689, 49.811939426499997 ], [ 5.9524925746, 49.811501510900001 ], [ 5.9508840693, 49.812233850799998 ], [ 5.9499855563, 49.813222486299999 ], [ 5.9469182779, 49.812313168 ], [ 5.9472288481, 49.812775223300001 ], [ 5.9467116305, 49.813406169399997 ], [ 5.9469921097, 49.813917473 ], [ 5.9467221122, 49.814340727 ], [ 5.9470948036, 49.814685940799997 ], [ 5.9467227367, 49.815533550300003 ], [ 5.946172974, 49.815364206399998 ], [ 5.9457210044, 49.815715562900003 ], [ 5.9447449518, 49.815731827699999 ], [ 5.9420412723, 49.815484307600002 ], [ 5.9420084524, 49.815960516700002 ], [ 5.9392054164, 49.8158719714 ], [ 5.9391013868, 49.816572411199999 ], [ 5.9388646393, 49.816789097200001 ], [ 5.9344072923, 49.817670910499999 ], [ 5.9298971039, 49.819541662500001 ], [ 5.9251313212, 49.8239380148 ], [ 5.9195567068, 49.825220419300003 ], [ 5.9149901311, 49.825151692299997 ], [ 5.9117234205, 49.824723863899997 ], [ 5.9107449044, 49.82486728 ], [ 5.9102930685, 49.825513878 ], [ 5.9094263787, 49.825411653700002 ], [ 5.9095267676, 49.823777721799999 ], [ 5.9091674089, 49.822517588300002 ], [ 5.9087774578, 49.822133509499999 ], [ 5.9087959763, 49.820882236199999 ], [ 5.9084830078, 49.819704081600001 ], [ 5.9080297711, 49.819261023700001 ], [ 5.9075142039, 49.819441643399998 ], [ 5.9070175563, 49.818920517099997 ], [ 5.9066602348, 49.819074920699997 ], [ 5.9054880196, 49.817712842200002 ], [ 5.9058370624, 49.8172394427 ], [ 5.903735905, 49.8161471441 ], [ 5.9027896617, 49.815235139800002 ], [ 5.9036775144, 49.814175306700001 ], [ 5.902207519, 49.8125866878 ], [ 5.903394343, 49.812221172299999 ], [ 5.9044323599, 49.811632877299999 ], [ 5.9028914854, 49.811650177899999 ], [ 5.9020517934, 49.811504058 ], [ 5.901744475, 49.8108044353 ], [ 5.9030229796, 49.810630743300003 ], [ 5.9034190532, 49.810364037100001 ], [ 5.9042381165, 49.810399083100002 ], [ 5.9048579987, 49.809942348699998 ], [ 5.9052522335, 49.8100160292 ], [ 5.9056821781, 49.8098724926 ], [ 5.9055894344, 49.809706368800001 ], [ 5.9059066065, 49.8095679352 ], [ 5.9059999315, 49.809120210700002 ], [ 5.9050386313, 49.809053352 ], [ 5.9047850463, 49.809240845600002 ], [ 5.9044135173, 49.809170137 ], [ 5.9039343582, 49.808685133799997 ], [ 5.9037556279, 49.808808125100001 ], [ 5.9037097829, 49.808646709599998 ], [ 5.9034095098, 49.808709959399998 ], [ 5.9033640257, 49.808482391 ], [ 5.902997588, 49.8084042451 ], [ 5.9027218663, 49.808133040900003 ], [ 5.9009818709, 49.807585191100003 ], [ 5.9019179367, 49.806037761799999 ], [ 5.9007917835, 49.805600360699998 ], [ 5.9013913308, 49.805011029600003 ], [ 5.9031012967, 49.805516414 ], [ 5.9040207918, 49.803830922 ], [ 5.9041018616, 49.802690310300001 ], [ 5.904138925, 49.801759315799998 ], [ 5.9019363594, 49.801580909199998 ], [ 5.9044659794, 49.7974834328 ], [ 5.9054412953, 49.797839838500003 ], [ 5.9087604857, 49.796298824899999 ], [ 5.9093205552, 49.796792530499999 ], [ 5.9101770281, 49.795944351199999 ], [ 5.9112407814, 49.7952531611 ], [ 5.9107967943, 49.795156203600001 ], [ 5.9118423797, 49.7922232102 ], [ 5.9115875139, 49.7910503827 ], [ 5.9119355884, 49.790596983100002 ], [ 5.9127649732, 49.790176629199998 ], [ 5.9123705144, 49.790060357400002 ], [ 5.9151464793, 49.789058702200002 ], [ 5.9148744239, 49.788806171799997 ], [ 5.9145794341, 49.7888946542 ], [ 5.9140862074, 49.788476407700003 ], [ 5.9160519953, 49.787547671200002 ], [ 5.919501453, 49.786540239499999 ], [ 5.9212410472, 49.786398843500002 ], [ 5.9212773224, 49.785852202599997 ], [ 5.920757019, 49.785863666200001 ], [ 5.9207089477, 49.7856059163 ], [ 5.921229445, 49.785555613299998 ], [ 5.9212492662, 49.785343294100002 ], [ 5.9234659823, 49.785466413 ], [ 5.9237989016, 49.7844879222 ], [ 5.9259422094, 49.784709503899997 ], [ 5.9260095686, 49.784284597800003 ], [ 5.9263357139, 49.784304696200003 ], [ 5.9266400922, 49.783378706599997 ], [ 5.9301694087, 49.783607637599999 ], [ 5.9302785814, 49.782695570199998 ], [ 5.9319262917, 49.7829217361 ], [ 5.9321777694, 49.782336103900001 ], [ 5.9310729251, 49.782127987599999 ], [ 5.9312888536, 49.780655104899999 ], [ 5.9309496173, 49.780522088 ], [ 5.9312796611, 49.779840335700001 ], [ 5.9329015505, 49.780210619899997 ], [ 5.933382997, 49.779226880700001 ], [ 5.9322950831, 49.7792178204 ], [ 5.932751905, 49.778734072299997 ], [ 5.9334694638, 49.778936294300003 ], [ 5.9350855047, 49.778577845 ], [ 5.9377916404, 49.7792183679 ], [ 5.9400398868, 49.779311589899997 ], [ 5.9424198982, 49.780405433399999 ], [ 5.9455725472, 49.781568974800003 ], [ 5.9440415383, 49.782551376900003 ], [ 5.9468149097, 49.783559889800003 ] ] ] ] } },
{ "type": "Feature", "properties": { "name": "Putscheid", "canton": "Vianden", "district": "Diekirch", "lau2": "0902" }, "geometry": { "type": "MultiPolygon", "coordinates": [ [ [ [ 6.1662186433, 49.976845426 ], [ 6.1623081236, 49.977566502599998 ], [ 6.1597935879, 49.978534134500002 ], [ 6.1577749103, 49.978538977500001 ], [ 6.1569321012, 49.978679875700003 ], [ 6.1555623958, 49.979324575500002 ], [ 6.1512429055, 49.978107144200003 ], [ 6.1497594207, 49.977744868 ], [ 6.1466609273, 49.976629529299998 ], [ 6.1453087826, 49.9759754349 ], [ 6.1441482012, 49.975065585199999 ], [ 6.1410303613, 49.973962165899998 ], [ 6.1394968545, 49.9737938504 ], [ 6.1370568133, 49.974126157500002 ], [ 6.1358686556, 49.974129834300001 ], [ 6.1351810734, 49.973804732200001 ], [ 6.1329197969, 49.973258213599998 ], [ 6.1324195834, 49.973071108600003 ], [ 6.1321831351, 49.972263246799997 ], [ 6.1314849908, 49.971738415 ], [ 6.1282391228, 49.971168356100002 ], [ 6.1277571453, 49.971179341400003 ], [ 6.1270303417, 49.9714344653 ], [ 6.1257942806, 49.971441807300003 ], [ 6.1250446919, 49.971721454499999 ], [ 6.12271234, 49.971569741700002 ], [ 6.1189028838, 49.974156465199997 ], [ 6.118622201, 49.974871995400001 ], [ 6.1176581407, 49.976222975299997 ], [ 6.1181397093, 49.976364311799998 ], [ 6.1182132542, 49.976275382499999 ], [ 6.1196571713, 49.976878171400003 ], [ 6.1187429547, 49.979602629600002 ], [ 6.1168741641, 49.981539503699999 ], [ 6.1149325718, 49.982468299499999 ], [ 6.1127453965, 49.982471824400001 ], [ 6.1128193122, 49.982392635499998 ], [ 6.1097704899, 49.982509219299999 ], [ 6.1089175579, 49.982777014 ], [ 6.1084788902, 49.983121278699997 ], [ 6.1076185027, 49.982953735 ], [ 6.1060649538, 49.982205984499998 ], [ 6.1044116521, 49.982133969099998 ], [ 6.103660406, 49.981821637400003 ], [ 6.1033030405, 49.981920839200001 ], [ 6.1032746702, 49.982276448599997 ], [ 6.1027924448, 49.982396159 ], [ 6.1025540141, 49.982914468 ], [ 6.1000853633, 49.982661199299997 ], [ 6.1004253308, 49.984029126 ], [ 6.1000166957, 49.985653629200002 ], [ 6.0989332918, 49.987545883400003 ], [ 6.0979321609, 49.987564061900002 ], [ 6.0985280018, 49.9856490624 ], [ 6.0983162028, 49.984269816699999 ], [ 6.0968899213, 49.981662628300001 ], [ 6.0961491608, 49.980819774300002 ], [ 6.0971399254, 49.979904441499997 ], [ 6.0981031943, 49.979393014599999 ], [ 6.099724251, 49.979100431600003 ], [ 6.1021912152, 49.978989271300001 ], [ 6.1030616727, 49.978687992200001 ], [ 6.1029795841, 49.978091620800001 ], [ 6.1024749804, 49.977692947400001 ], [ 6.1022812025, 49.977232745 ], [ 6.1025203251, 49.976086023400001 ], [ 6.1023220686, 49.975415352399999 ], [ 6.1019623721, 49.974766311099998 ], [ 6.1002222956, 49.973503655899997 ], [ 6.1000866316, 49.972911845 ], [ 6.1002631093, 49.971988521299998 ], [ 6.0991935177, 49.970715239599997 ], [ 6.0988984409, 49.970092415400003 ], [ 6.0988069918, 49.968908644099997 ], [ 6.0981656304, 49.968030347400003 ], [ 6.0982625494, 49.967295310399997 ], [ 6.0991326152, 49.966773991799997 ], [ 6.0989726566, 49.966599797900002 ], [ 6.0995186478, 49.966454346699997 ], [ 6.0996397427, 49.966224468699998 ], [ 6.1001128136, 49.966142633499999 ], [ 6.1011336178, 49.965295375399997 ], [ 6.1012823527, 49.965056565799998 ], [ 6.0997036987, 49.964285068599999 ], [ 6.0990372903, 49.963331502300001 ], [ 6.0988287176, 49.96249774 ], [ 6.0991571649, 49.961165628899998 ], [ 6.0988220721, 49.960636802099998 ], [ 6.0985568175, 49.9604730012 ], [ 6.0985751985, 49.9606109526 ], [ 6.0983070836, 49.9605868071 ], [ 6.0980582192, 49.960102576899999 ], [ 6.0974583941, 49.959984838399997 ], [ 6.0967310087, 49.959050083500003 ], [ 6.096518283, 49.958379940199997 ], [ 6.0960728981, 49.957973128399999 ], [ 6.0937525056, 49.957198430699997 ], [ 6.0934232002, 49.957270630799997 ], [ 6.0931810343, 49.9567868257 ], [ 6.0936719068, 49.956070885899997 ], [ 6.0934889103, 49.955962389699998 ], [ 6.0936685426, 49.955663058399999 ], [ 6.0935240508, 49.955544733099998 ], [ 6.0937620777, 49.955257423 ], [ 6.0935172081, 49.954814748099999 ], [ 6.0927704519, 49.954487413899997 ], [ 6.0925850032, 49.954248669800002 ], [ 6.0926020431, 49.953537544 ], [ 6.0923454486, 49.952949635899998 ], [ 6.0924908206, 49.9524922047 ], [ 6.0931699513, 49.951891618399998 ], [ 6.0934832603, 49.9512483432 ], [ 6.0944882016, 49.950181008599998 ], [ 6.0937445516, 49.949603918100003 ], [ 6.092215009, 49.949191679 ], [ 6.0914871649, 49.9487088403 ], [ 6.0919795928, 49.947807398199998 ], [ 6.0919995313, 49.946930066500002 ], [ 6.09226, 49.946695053299997 ], [ 6.0914551605, 49.946257584199998 ], [ 6.0910458965, 49.945757382700002 ], [ 6.0907313578, 49.9457803082 ], [ 6.0910820514, 49.945544484899997 ], [ 6.0907915363, 49.945486035599998 ], [ 6.0908041133, 49.945074351800002 ], [ 6.0903808379, 49.9450552192 ], [ 6.0904663171, 49.944708719799998 ], [ 6.0898648624, 49.944077746 ], [ 6.0910832905, 49.942751682800001 ], [ 6.0915564925, 49.942573090800003 ], [ 6.0915966344, 49.9423643939 ], [ 6.092017078, 49.9423173773 ], [ 6.0930805155, 49.941430782 ], [ 6.0930486095, 49.940435496799999 ], [ 6.0883802962, 49.938351425500002 ], [ 6.0883046164, 49.938045211 ], [ 6.0880877007, 49.9379713736 ], [ 6.0881080784, 49.937546058199999 ], [ 6.0883216647, 49.937401339 ], [ 6.0874802573, 49.937187342800001 ], [ 6.087772636, 49.935867740900001 ], [ 6.087505117, 49.935145006600003 ], [ 6.087198162, 49.934952533500002 ], [ 6.0875760003, 49.934216184299999 ], [ 6.0887171453, 49.933029497299998 ], [ 6.0895489394, 49.932394078400002 ], [ 6.0900874607, 49.932201474599999 ], [ 6.0906901852, 49.932203015699997 ], [ 6.0914414067, 49.932492032 ], [ 6.0928618569, 49.932234177700003 ], [ 6.0942070233, 49.932576365499997 ], [ 6.0949489908, 49.932253702600001 ], [ 6.0951849534, 49.931661258600002 ], [ 6.0947196709, 49.931348117299997 ], [ 6.0940138573, 49.9311569945 ], [ 6.0940778278, 49.930936183199996 ], [ 6.0942979635, 49.9309315478 ], [ 6.0944798615, 49.9303200202 ], [ 6.0942674115, 49.929968214299997 ], [ 6.0945322278, 49.928996713899998 ], [ 6.0961540615, 49.927371570200002 ], [ 6.095423498, 49.926898336500003 ], [ 6.0953309024, 49.926456485599999 ], [ 6.0958056091, 49.925753433399997 ], [ 6.0957369909, 49.9247762575 ], [ 6.0960329362, 49.9243765955 ], [ 6.0965956567, 49.924165015200003 ], [ 6.0983551936, 49.924306585899998 ], [ 6.099363538, 49.924128403899999 ], [ 6.1007196694, 49.923111301500001 ], [ 6.1019070488, 49.9226026905 ], [ 6.1044042295, 49.922144393799996 ], [ 6.1051119184, 49.9217484371 ], [ 6.1052897319, 49.9218544943 ], [ 6.1057149668, 49.9217873367 ], [ 6.106862197, 49.921313617800003 ], [ 6.1081081072, 49.921110849 ], [ 6.108739124, 49.920621302599997 ], [ 6.1087358642, 49.9197820451 ], [ 6.1112138401, 49.918880161499999 ], [ 6.1123563982, 49.918685181800001 ], [ 6.1132257676, 49.918852336900002 ], [ 6.1155562115, 49.918837242400002 ], [ 6.1166172941, 49.918935077500002 ], [ 6.1170948053, 49.919199794900003 ], [ 6.1168768822, 49.920449427500003 ], [ 6.115683756, 49.9213214241 ], [ 6.1151845573, 49.922797102 ], [ 6.1157064901, 49.925142833599999 ], [ 6.116871507, 49.925865247099999 ], [ 6.1169199398, 49.926456996399999 ], [ 6.116430913, 49.927647971500001 ], [ 6.1165397689, 49.928879709199997 ], [ 6.1161395365, 49.929544902799996 ], [ 6.1168678758, 49.931169652100003 ], [ 6.1177630905, 49.931957389200001 ], [ 6.1193471703, 49.932649252300003 ], [ 6.1202443875, 49.933380987100001 ], [ 6.1239191952, 49.935311219900001 ], [ 6.1253853223, 49.936456868 ], [ 6.1286984149, 49.937605561700003 ], [ 6.1302837855, 49.938313098400002 ], [ 6.1313548089, 49.940085252800003 ], [ 6.1327239429, 49.9404224066 ], [ 6.1330661686, 49.941770235500002 ], [ 6.1330127882, 49.942789362900001 ], [ 6.1342178025, 49.943452355399998 ], [ 6.1354055729, 49.943631471899998 ], [ 6.1362353602, 49.943475612699999 ], [ 6.1363956539, 49.943695589500003 ], [ 6.1380609224, 49.942982301699999 ], [ 6.1402585176, 49.943141722100002 ], [ 6.1411308566, 49.943446995499997 ], [ 6.1431843945, 49.944605853399999 ], [ 6.1443552334, 49.9456309507 ], [ 6.1463154987, 49.945143937600001 ], [ 6.147649378, 49.944493043900003 ], [ 6.1516811964, 49.9417217178 ], [ 6.1528738124, 49.940247144200001 ], [ 6.1529061299, 49.940204083799998 ], [ 6.1560306137, 49.941316163499998 ], [ 6.1602861779, 49.941873905800001 ], [ 6.1615971925, 49.941739587 ], [ 6.1608813865, 49.942335457299997 ], [ 6.1605568232, 49.943325372 ], [ 6.1603729548, 49.943243152400001 ], [ 6.1599086224, 49.943526288199998 ], [ 6.1586918133, 49.943826927800004 ], [ 6.1580459394, 49.943729979099999 ], [ 6.1571494143, 49.944096365699998 ], [ 6.1572436828, 49.9443303511 ], [ 6.1550549717, 49.944636169200002 ], [ 6.1523685777, 49.945338192599998 ], [ 6.1510030852, 49.945863521200003 ], [ 6.1502362452, 49.946587747099997 ], [ 6.1489589865, 49.946775301300001 ], [ 6.1491593469, 49.946851769600002 ], [ 6.1583675569, 49.947633345600003 ], [ 6.1603680501, 49.9474756352 ], [ 6.1630700321, 49.946830211200002 ], [ 6.1654865849, 49.946907572500002 ], [ 6.1675660714, 49.945984227 ], [ 6.1678654557, 49.946792469499997 ], [ 6.1692169077, 49.947782548 ], [ 6.1707780322, 49.948342985700002 ], [ 6.1723329639, 49.948237019799997 ], [ 6.1773703617, 49.946990842200002 ], [ 6.1785893126, 49.946829799600003 ], [ 6.1811107981, 49.947089943100003 ], [ 6.1862984607, 49.948819017700004 ], [ 6.188554752, 49.948828900700001 ], [ 6.1911370171, 49.948468121799998 ], [ 6.1931772708, 49.948438275199997 ], [ 6.1946344035, 49.948135086900002 ], [ 6.1976578018, 49.9481670941 ], [ 6.1978929767, 49.948458503300003 ], [ 6.1967877675, 49.948525841299997 ], [ 6.1967628799, 49.950023201699999 ], [ 6.1961658775, 49.9514830898 ], [ 6.1934634765, 49.954996676199997 ], [ 6.1928288142, 49.955564880399997 ], [ 6.1921700154, 49.956834135400001 ], [ 6.1921409369, 49.957436466499999 ], [ 6.1927782343, 49.958599063800001 ], [ 6.1932191123, 49.960499305299997 ], [ 6.1927934069, 49.962170050899999 ], [ 6.1917638359, 49.963724209699997 ], [ 6.19168219, 49.964848626399998 ], [ 6.1920454926, 49.966242104300001 ], [ 6.1918541531, 49.9673361113 ], [ 6.1914175979, 49.967931847099997 ], [ 6.1899023074, 49.968201399 ], [ 6.1878556492, 49.967957115300003 ], [ 6.1860653672, 49.967464141400001 ], [ 6.1854366858, 49.967075980499999 ], [ 6.1848294583, 49.9661720581 ], [ 6.1832153897, 49.9650005851 ], [ 6.1823875938, 49.963584089400001 ], [ 6.1825303467, 49.9626429773 ], [ 6.1840153127, 49.961160264199997 ], [ 6.1847268366, 49.959419310400001 ], [ 6.1862975533, 49.957701139100003 ], [ 6.1870175956, 49.957382315700002 ], [ 6.1886503082, 49.957188577799997 ], [ 6.1890000388, 49.956930144799998 ], [ 6.1890499837, 49.956377393 ], [ 6.1887536038, 49.955922782800002 ], [ 6.1864711382, 49.954322036699999 ], [ 6.1840328551, 49.953187576399998 ], [ 6.1810580686, 49.952308531100002 ], [ 6.1797242847, 49.952153561099998 ], [ 6.1788673277, 49.9525253252 ], [ 6.1788534747, 49.952803617500003 ], [ 6.1777736493, 49.953428180499998 ], [ 6.1769858434, 49.954304109600002 ], [ 6.17632904, 49.957777223100003 ], [ 6.1755850041, 49.961612211800002 ], [ 6.1743836473, 49.961954432799999 ], [ 6.1720126732, 49.9622234056 ], [ 6.1707298854, 49.962582071600004 ], [ 6.1700330776, 49.962993313799998 ], [ 6.1679018974, 49.966031092400002 ], [ 6.166910215, 49.968236216100003 ], [ 6.1655290786, 49.969247467 ], [ 6.1648976271, 49.969996656500001 ], [ 6.1645679185, 49.972431026099997 ], [ 6.1647296146, 49.973882211599999 ], [ 6.1651196663, 49.975040618500003 ], [ 6.1662186433, 49.976845426 ] ] ] ] } },
{ "type": "Feature", "properties": { "name": "Pétange", "canton": "Esch-sur-Alzette", "district": "Luxembourg", "lau2": "0209" }, "geometry": { "type": "MultiPolygon", "coordinates": [ [ [ [ 5.8511503863, 49.562787429799997 ], [ 5.8509475289, 49.562989777699997 ], [ 5.8501972613, 49.5632102366 ], [ 5.8499557737, 49.563157039799997 ], [ 5.8474271592, 49.56212657 ], [ 5.8465124322, 49.562099259299998 ], [ 5.8459026009, 49.561409074499998 ], [ 5.8450415051, 49.5609868142 ], [ 5.8436046363, 49.560681216799999 ], [ 5.8428048903, 49.5609304229 ], [ 5.8434817507, 49.560230517900003 ], [ 5.8458549506, 49.558768516599997 ], [ 5.8453257205, 49.558581046800001 ], [ 5.8463064017, 49.557706436399997 ], [ 5.8458576015, 49.557450392100002 ], [ 5.8462044128, 49.556867346300002 ], [ 5.8460028719, 49.556663084599997 ], [ 5.8460973094, 49.556260760900003 ], [ 5.8449676586, 49.556123248799999 ], [ 5.8443521373, 49.555484711 ], [ 5.8435442814, 49.555226162799997 ], [ 5.8436602285, 49.554424066499998 ], [ 5.84276918, 49.554309659499999 ], [ 5.8419903143, 49.554511850200001 ], [ 5.8421663913, 49.553790682399999 ], [ 5.8419561229, 49.553096562199997 ], [ 5.8377886573, 49.552865292 ], [ 5.8355891217, 49.552450480600001 ], [ 5.8313653903, 49.550899982799997 ], [ 5.8302679281, 49.550767859899999 ], [ 5.8280038728, 49.549992235300003 ], [ 5.8266920689, 49.551455643300002 ], [ 5.8264005615, 49.552041059899999 ], [ 5.8260520973, 49.552207492699999 ], [ 5.824900352, 49.55177446 ], [ 5.8239633637, 49.551158859 ], [ 5.8226491754, 49.549678279 ], [ 5.8222680298, 49.549617496400003 ], [ 5.8214217892, 49.549842653 ], [ 5.820196559, 49.549184548699998 ], [ 5.8198546059, 49.5480915419 ], [ 5.8200823167, 49.547554286299999 ], [ 5.8190745364, 49.5470888993 ], [ 5.8179478547, 49.545747435800003 ], [ 5.8141655849, 49.544474583899998 ], [ 5.8105581158, 49.543477599100001 ], [ 5.8105198062, 49.543176880499999 ], [ 5.8081259655, 49.542563465599997 ], [ 5.8085477817, 49.540910755500001 ], [ 5.8119364223, 49.542010835699998 ], [ 5.8133122853, 49.541498439100003 ], [ 5.8143198523, 49.540011082600003 ], [ 5.815401112, 49.539127399400002 ], [ 5.8154340896, 49.538492455499998 ], [ 5.81601163, 49.537496921600003 ], [ 5.8172141454, 49.537708071600001 ], [ 5.8171694294, 49.537026416899998 ], [ 5.8215675692, 49.538050961300002 ], [ 5.8224968445, 49.538570328200002 ], [ 5.8227156737, 49.538024264800001 ], [ 5.824435877, 49.539168829099999 ], [ 5.8280188261, 49.540106229400003 ], [ 5.8280104851, 49.540333177100003 ], [ 5.8289724542, 49.540722018300002 ], [ 5.8315265338, 49.5411759104 ], [ 5.8338475593, 49.541812170299998 ], [ 5.8350738175, 49.542338890400003 ], [ 5.8369224303, 49.542666513599997 ], [ 5.8391569487, 49.537315404300003 ], [ 5.8435065038, 49.532869262 ], [ 5.845808449, 49.529902747599998 ], [ 5.8462997081, 49.529228372299997 ], [ 5.8500549591, 49.530119445300002 ], [ 5.8506420954, 49.529838767 ], [ 5.8514343232, 49.530823861899997 ], [ 5.8511929383, 49.531237820599998 ], [ 5.8535094018, 49.532225174700002 ], [ 5.8551326884, 49.534068126800001 ], [ 5.8561833197, 49.5349506397 ], [ 5.8564349323, 49.5353034806 ], [ 5.8584969209, 49.535159630499997 ], [ 5.8620973068, 49.534562889699998 ], [ 5.8636140308, 49.533995519199998 ], [ 5.8650450278, 49.533887568 ], [ 5.8650082201, 49.534125961800001 ], [ 5.8636844405, 49.535559928200001 ], [ 5.8643288235, 49.536089126599997 ], [ 5.8648282957, 49.536954328199997 ], [ 5.8646704494, 49.537621884899998 ], [ 5.8676122549, 49.538865118399997 ], [ 5.8675550885, 49.539214608400002 ], [ 5.8677982843, 49.539512493700002 ], [ 5.8714102336, 49.537933733800003 ], [ 5.8731754304, 49.5386900711 ], [ 5.8730262316, 49.538851127599997 ], [ 5.8710872837, 49.5394231338 ], [ 5.8699007891, 49.541718484500002 ], [ 5.8702494246, 49.541867580400002 ], [ 5.8737499251, 49.541812071300001 ], [ 5.8761736067, 49.542039131400003 ], [ 5.8765522867, 49.542512198099999 ], [ 5.8764987548, 49.543064909899996 ], [ 5.8748140911, 49.5442868027 ], [ 5.8779982239, 49.545973275900003 ], [ 5.8813674928, 49.546220172799998 ], [ 5.883164372, 49.547319454700002 ], [ 5.8848238192, 49.547366664499997 ], [ 5.8850441476, 49.547327074599998 ], [ 5.8850667789, 49.547058906799997 ], [ 5.8852960504, 49.547042598200001 ], [ 5.8856951044, 49.548359140700001 ], [ 5.8857143113, 49.549229922800002 ], [ 5.8850566393, 49.550261435800003 ], [ 5.8862384751, 49.552153100699996 ], [ 5.887188816, 49.554189552099999 ], [ 5.8866817999, 49.555485596600001 ], [ 5.8872854281, 49.556100970700001 ], [ 5.8874633312, 49.556935712200001 ], [ 5.8870343939, 49.557505474499997 ], [ 5.8865821334, 49.557459540099998 ], [ 5.8866099652, 49.558133301600002 ], [ 5.8864847906, 49.558250278 ], [ 5.8861878777, 49.558189883399997 ], [ 5.8853171856, 49.559674839400003 ], [ 5.8853125054, 49.560245349 ], [ 5.8857356709, 49.561050515600002 ], [ 5.8856275412, 49.561648645799998 ], [ 5.8761034273, 49.560784728 ], [ 5.8757938643, 49.561555834399996 ], [ 5.8750814652, 49.561428945300001 ], [ 5.87423005, 49.563558095700003 ], [ 5.8723366264, 49.5650501147 ], [ 5.8720568823, 49.564933012 ], [ 5.8712959629, 49.565732786300003 ], [ 5.8718103766, 49.565939897500002 ], [ 5.8711201087, 49.567059133400001 ], [ 5.8713391303, 49.567080723700002 ], [ 5.8711321693, 49.567336988800001 ], [ 5.8716371015, 49.567544175400002 ], [ 5.8711251943, 49.567829691500002 ], [ 5.8704941037, 49.567578878299997 ], [ 5.8692180362, 49.568959786199997 ], [ 5.8653316168, 49.571711370199999 ], [ 5.8632510551, 49.570493756099999 ], [ 5.8623754242, 49.57070429 ], [ 5.8619143431, 49.5706004054 ], [ 5.8612553324, 49.570803859599998 ], [ 5.8605026286, 49.570150364500002 ], [ 5.8604305153, 49.569691933800001 ], [ 5.861070404, 49.5682335929 ], [ 5.8610881081, 49.567036125800001 ], [ 5.8597836031, 49.566523538600002 ], [ 5.8579903272, 49.566206545500002 ], [ 5.8558279507, 49.56623789 ], [ 5.8537370491, 49.565166783099997 ], [ 5.8520762644, 49.565274706399997 ], [ 5.8509438731, 49.563827530899999 ], [ 5.8511503863, 49.562787429799997 ] ] ] ] } },
{ "type": "Feature", "properties": { "name": "Rambrouch", "canton": "Redange", "district": "Diekirch", "lau2": "0704" }, "geometry": { "type": "MultiPolygon", "coordinates": [ [ [ [ 5.8881025766, 49.799274862799997 ], [ 5.887995363, 49.799513398099997 ], [ 5.8896595198, 49.800013926200002 ], [ 5.8909201604, 49.801060104800001 ], [ 5.8918577462, 49.801221157299999 ], [ 5.8927470047, 49.801818569200002 ], [ 5.8943957871, 49.802566273300002 ], [ 5.8946917184, 49.802960016699998 ], [ 5.895071988, 49.8043598386 ], [ 5.8949278361, 49.805211864599997 ], [ 5.8956013792, 49.806229188700001 ], [ 5.8965571111, 49.8069535315 ], [ 5.8970474974, 49.806653037399997 ], [ 5.8964947006, 49.806122734 ], [ 5.8969019644, 49.805934394200001 ], [ 5.8972132211, 49.806357494300002 ], [ 5.8994152326, 49.807284420800002 ], [ 5.9009818709, 49.807585191100003 ], [ 5.9027218663, 49.808133040900003 ], [ 5.902997588, 49.8084042451 ], [ 5.9033640257, 49.808482391 ], [ 5.9034095098, 49.808709959399998 ], [ 5.9037097829, 49.808646709599998 ], [ 5.9037556279, 49.808808125100001 ], [ 5.9039343582, 49.808685133799997 ], [ 5.9044135173, 49.809170137 ], [ 5.9047850463, 49.809240845600002 ], [ 5.9050386313, 49.809053352 ], [ 5.9059999315, 49.809120210700002 ], [ 5.9059066065, 49.8095679352 ], [ 5.9055894344, 49.809706368800001 ], [ 5.9056821781, 49.8098724926 ], [ 5.9052522335, 49.8100160292 ], [ 5.9048579987, 49.809942348699998 ], [ 5.9042381165, 49.810399083100002 ], [ 5.9034190532, 49.810364037100001 ], [ 5.9030229796, 49.810630743300003 ], [ 5.901744475, 49.8108044353 ], [ 5.9020517934, 49.811504058 ], [ 5.9028914854, 49.811650177899999 ], [ 5.9044323599, 49.811632877299999 ], [ 5.903394343, 49.812221172299999 ], [ 5.902207519, 49.8125866878 ], [ 5.9036775144, 49.814175306700001 ], [ 5.9027896617, 49.815235139800002 ], [ 5.903735905, 49.8161471441 ], [ 5.9058370624, 49.8172394427 ], [ 5.9054880196, 49.817712842200002 ], [ 5.9066602348, 49.819074920699997 ], [ 5.9070175563, 49.818920517099997 ], [ 5.9075142039, 49.819441643399998 ], [ 5.9058993983, 49.820149483199998 ], [ 5.9038106911, 49.820001362900001 ], [ 5.901121971, 49.820175179099998 ], [ 5.9006892962, 49.820551245499999 ], [ 5.8986540603, 49.8212640944 ], [ 5.8980260062, 49.821656726299999 ], [ 5.8975452112, 49.822427998599998 ], [ 5.8964809114, 49.824444735299998 ], [ 5.8964233621, 49.825268983500003 ], [ 5.8960403779, 49.825897660499997 ], [ 5.893815319, 49.827356098300001 ], [ 5.8891996171, 49.829835411200001 ], [ 5.8883761936, 49.829679180299998 ], [ 5.8868939476, 49.8305142643 ], [ 5.8866411187, 49.830279985 ], [ 5.8852354908, 49.830376550399997 ], [ 5.8843606589, 49.830258448199999 ], [ 5.8832660182, 49.830601409400003 ], [ 5.8838508845, 49.831103864 ], [ 5.8826786784, 49.832027067799999 ], [ 5.8822220343, 49.832834908700001 ], [ 5.881416549, 49.832924909 ], [ 5.8816237283, 49.835185242500003 ], [ 5.8814701058, 49.835191714799997 ], [ 5.8819979433, 49.837405914400001 ], [ 5.881870985, 49.8385801242 ], [ 5.8816415077, 49.838874335900002 ], [ 5.8811582338, 49.838795447099997 ], [ 5.8796559661, 49.840449041699998 ], [ 5.8788911558, 49.839993590100001 ], [ 5.8787324202, 49.840069418 ], [ 5.8783504462, 49.8399242566 ], [ 5.878363195, 49.840138769600003 ], [ 5.8775970574, 49.839938640900002 ], [ 5.8774624072, 49.840689797700001 ], [ 5.8760053638, 49.840470199899997 ], [ 5.8746132973, 49.841310099399998 ], [ 5.872760074, 49.840700569100001 ], [ 5.8725882022, 49.841272972299997 ], [ 5.871771118, 49.841178064200001 ], [ 5.8710144919, 49.840938303400002 ], [ 5.8711048808, 49.841316420699997 ], [ 5.8708568738, 49.841706673899999 ], [ 5.8701919764, 49.842055859600002 ], [ 5.8689142466, 49.842322496199998 ], [ 5.8687210058, 49.842590909400002 ], [ 5.875118811, 49.843736361300003 ], [ 5.8769277737, 49.843874578300003 ], [ 5.8784758922, 49.844231498699997 ], [ 5.8814012664, 49.845486417099998 ], [ 5.8826327335, 49.846258354200003 ], [ 5.886107187, 49.847871185700001 ], [ 5.885977258, 49.848047959399999 ], [ 5.8856822035, 49.848744243100001 ], [ 5.8823689153, 49.8490857237 ], [ 5.88064465, 49.848922654399999 ], [ 5.8783306534, 49.848759026300002 ], [ 5.876117564, 49.848328619299998 ], [ 5.8749355806, 49.848561299099998 ], [ 5.8746439477, 49.849553059 ], [ 5.8715111056, 49.849447570700001 ], [ 5.8700972264, 49.849218074500001 ], [ 5.8689365901, 49.848811503900002 ], [ 5.86829675, 49.849293399799997 ], [ 5.8678122095, 49.8500297601 ], [ 5.8681265001, 49.850574073899999 ], [ 5.870908936, 49.851678500299997 ], [ 5.8745792832, 49.852186795 ], [ 5.8743141594, 49.852691947899999 ], [ 5.8745097994, 49.852734689099997 ], [ 5.8743602666, 49.853095123899998 ], [ 5.8736300662, 49.853925756300001 ], [ 5.8737710346, 49.853998155200003 ], [ 5.8731266174, 49.855256083800001 ], [ 5.8737268785, 49.855516796099998 ], [ 5.873615456, 49.855699203699999 ], [ 5.8726539251, 49.856076987599998 ], [ 5.8717276849, 49.855873671799998 ], [ 5.8706570039, 49.855912043099998 ], [ 5.8712296509, 49.857951638599999 ], [ 5.8719967347, 49.858983813199998 ], [ 5.8732256477, 49.859738543799999 ], [ 5.8730329105, 49.8598843774 ], [ 5.8732323388, 49.859978934300003 ], [ 5.8762647242, 49.860928478300004 ], [ 5.8748297793, 49.861500987699998 ], [ 5.8738941438, 49.862281878799998 ], [ 5.8749771389, 49.862212455 ], [ 5.8754412179, 49.863755875700001 ], [ 5.8749676309, 49.863853184200003 ], [ 5.8749915113, 49.863987006899997 ], [ 5.8741649827, 49.864377613099997 ], [ 5.8733837072, 49.8651660373 ], [ 5.8730640493, 49.865782792600001 ], [ 5.8749858638, 49.866952144599999 ], [ 5.8752848345, 49.868108102299999 ], [ 5.8751225389, 49.868679604699999 ], [ 5.8746078184, 49.8693032985 ], [ 5.8761069346, 49.869639167499997 ], [ 5.8779397579, 49.869810881500001 ], [ 5.8775113017, 49.871656240900002 ], [ 5.8785683376, 49.872291285800003 ], [ 5.8781219456, 49.8728488681 ], [ 5.8786144805, 49.872839818899998 ], [ 5.8801954745, 49.873659443400001 ], [ 5.8769663256, 49.875703223099997 ], [ 5.875165613, 49.878041320100003 ], [ 5.8742794583, 49.877453553599999 ], [ 5.8744155454, 49.877339231199997 ], [ 5.8732372355, 49.876692945 ], [ 5.873149874, 49.875963279700002 ], [ 5.8734341527, 49.875520556700003 ], [ 5.8716859273, 49.875486993300001 ], [ 5.8713329103, 49.876617078800003 ], [ 5.8722880568, 49.877068247799997 ], [ 5.8714191613, 49.878257334200001 ], [ 5.8705990903, 49.880210982599998 ], [ 5.8724351111, 49.880669582300001 ], [ 5.8722941625, 49.880892181699998 ], [ 5.8697030363, 49.880233743700003 ], [ 5.8687234261, 49.881487482399997 ], [ 5.8684157825, 49.881417633200002 ], [ 5.8692484043, 49.8802343025 ], [ 5.8683635669, 49.880569802099998 ], [ 5.8667801187, 49.880854640899997 ], [ 5.8652930063, 49.881801524899998 ], [ 5.8646826082, 49.8829846159 ], [ 5.8630708374, 49.885119351599997 ], [ 5.8649466815, 49.886322927400002 ], [ 5.8667629189, 49.888168138200001 ], [ 5.8630992902, 49.887175142899999 ], [ 5.8627713566, 49.887191805 ], [ 5.8621754138, 49.887288209300003 ], [ 5.8614487024, 49.887764181 ], [ 5.8596617166, 49.888401266199999 ], [ 5.8567990922, 49.888691271600003 ], [ 5.8546276654, 49.887779681399998 ], [ 5.8550473534, 49.887207976600003 ], [ 5.855307622, 49.8871326975 ], [ 5.8542112865, 49.886891303799999 ], [ 5.8550693379, 49.88476121 ], [ 5.8536655436, 49.884492496599997 ], [ 5.8540958157, 49.884428675300001 ], [ 5.854477434, 49.883517456500002 ], [ 5.8513893031, 49.8824560714 ], [ 5.8489572807, 49.882242754700002 ], [ 5.8486913004, 49.8831484655 ], [ 5.84704531, 49.883036602399997 ], [ 5.8460598353, 49.883181170100002 ], [ 5.8430455485, 49.884078234199997 ], [ 5.8414618076, 49.884815969500004 ], [ 5.8400265577, 49.883820400399998 ], [ 5.8389115302, 49.883273749 ], [ 5.8400310491, 49.8823714611 ], [ 5.8409419246, 49.880584817200003 ], [ 5.8404247725, 49.880418940699997 ], [ 5.8404084394, 49.879138749399999 ], [ 5.8431466997, 49.8786851451 ], [ 5.8438263593, 49.878311388199997 ], [ 5.8460844252, 49.875966683199998 ], [ 5.8462857704, 49.875161124599998 ], [ 5.846110703, 49.874666237200003 ], [ 5.845200842, 49.873791507599996 ], [ 5.8441490812, 49.873446039400001 ], [ 5.8435258369, 49.873577892599997 ], [ 5.8418980503, 49.874614665599999 ], [ 5.8407672746, 49.874597785600002 ], [ 5.839905191, 49.8744035315 ], [ 5.8388292908, 49.873715404499997 ], [ 5.8386619887, 49.873002442299999 ], [ 5.8374363087, 49.870981387299999 ], [ 5.8368200768, 49.870472669900003 ], [ 5.8353398985, 49.870447889899999 ], [ 5.8348958423, 49.870323302599999 ], [ 5.8341843205, 49.8698142979 ], [ 5.8322111044, 49.869762940900003 ], [ 5.8315925596, 49.869600157 ], [ 5.8293024459, 49.868000681300003 ], [ 5.8266092541, 49.867012363900002 ], [ 5.8242773385, 49.866365698800003 ], [ 5.8212107564, 49.867504106200002 ], [ 5.8204789017, 49.867642362399998 ], [ 5.8124464559, 49.8686128298 ], [ 5.8109696559, 49.868595741599997 ], [ 5.8078778374, 49.868075811399997 ], [ 5.8076013941, 49.867146662899998 ], [ 5.8068092175, 49.866846190700002 ], [ 5.8063788779, 49.8663173359 ], [ 5.8061369239, 49.8657411103 ], [ 5.8060754293, 49.864398149800003 ], [ 5.8048234723, 49.8636275669 ], [ 5.8036094614, 49.863467661400001 ], [ 5.8023987248, 49.863716207099998 ], [ 5.8018345014, 49.864313323499999 ], [ 5.8030193443, 49.8663162446 ], [ 5.8046520091, 49.867240150199997 ], [ 5.806220517, 49.869042783499999 ], [ 5.8064227437, 49.869955556900003 ], [ 5.8059066308, 49.8705428536 ], [ 5.8047692272, 49.870840399499997 ], [ 5.8030428364, 49.870863759800002 ], [ 5.8011138557, 49.869710517 ], [ 5.800488634, 49.869598307099999 ], [ 5.8004590297, 49.8701241471 ], [ 5.8007706233, 49.870721408500003 ], [ 5.7999787176, 49.871285680900002 ], [ 5.7986238178, 49.871651264699999 ], [ 5.795686869, 49.872049381799997 ], [ 5.7952665277, 49.872298800499998 ], [ 5.795279885, 49.873220409200002 ], [ 5.7956835344, 49.874478664 ], [ 5.796963365, 49.876604867499999 ], [ 5.7972177323, 49.877373648899997 ], [ 5.7968087596, 49.878801706899999 ], [ 5.7959032732, 49.880085816799998 ], [ 5.7955406846, 49.880322807299997 ], [ 5.7944484261, 49.880671202400002 ], [ 5.7938175629, 49.880633722600002 ], [ 5.7932185509, 49.8803293299 ], [ 5.791935435, 49.879229776800003 ], [ 5.7917870877, 49.878913123700002 ], [ 5.7920963509, 49.877924401900003 ], [ 5.7919964451, 49.877123617099997 ], [ 5.7923435566, 49.8755729863 ], [ 5.7917922534, 49.875124656499999 ], [ 5.7889568935, 49.873712346799998 ], [ 5.787992506, 49.873487928400003 ], [ 5.7871469567, 49.873538330300001 ], [ 5.7849315538, 49.874278050800001 ], [ 5.7828475727, 49.875412673100001 ], [ 5.7825658523, 49.875725062 ], [ 5.781356281, 49.876358378900001 ], [ 5.7802856441, 49.877051386200002 ], [ 5.7792583779, 49.877177310500002 ], [ 5.7787213472, 49.876821740499999 ], [ 5.7780377084, 49.875887480199999 ], [ 5.7788551185, 49.874942528600002 ], [ 5.7798529355, 49.874711445099997 ], [ 5.7839963989, 49.873064241400002 ], [ 5.7837363367, 49.87240801 ], [ 5.7830006829, 49.871865984099998 ], [ 5.7797624226, 49.872296755500003 ], [ 5.7784943655, 49.872283223700002 ], [ 5.7775325178, 49.8720984562 ], [ 5.7772153389, 49.8713240879 ], [ 5.7764779897, 49.871005000399997 ], [ 5.7763786696, 49.870049824799999 ], [ 5.7754534418, 49.868797409 ], [ 5.7750705184, 49.867779795399997 ], [ 5.7745327563, 49.867299412800001 ], [ 5.7737653472, 49.867596415 ], [ 5.7720639855, 49.871397612899997 ], [ 5.7715657332, 49.871877604600002 ], [ 5.7704821376, 49.872369564099998 ], [ 5.7693159273, 49.872540093700003 ], [ 5.7689070566, 49.8722742215 ], [ 5.7687325989, 49.871616578 ], [ 5.7681155154, 49.8706545529 ], [ 5.7671561692, 49.869862390599998 ], [ 5.7655580556, 49.869364691100003 ], [ 5.7646550502, 49.869319671900001 ], [ 5.7626591069, 49.869522152400002 ], [ 5.7614234952, 49.870523112900003 ], [ 5.7612718501, 49.870990319699999 ], [ 5.7587147693, 49.872805231699999 ], [ 5.7564458699, 49.873249156500002 ], [ 5.7539242734, 49.871917565899999 ], [ 5.7539867031, 49.8712184161 ], [ 5.7535678401, 49.870708502200003 ], [ 5.7533989777, 49.869748239400003 ], [ 5.752701386, 49.868840471299997 ], [ 5.7531624866, 49.868014036399998 ], [ 5.7546388525, 49.867516048500001 ], [ 5.7560338422, 49.866800503500002 ], [ 5.7569722819, 49.865110467900003 ], [ 5.7569211439, 49.864768300900003 ], [ 5.7546765213, 49.862459360099997 ], [ 5.7545626436, 49.861871263300003 ], [ 5.7553514179, 49.861256482599998 ], [ 5.7552462828, 49.860962780199998 ], [ 5.7554263769, 49.860702259599996 ], [ 5.7565277708, 49.860174918 ], [ 5.7574245029, 49.858926332 ], [ 5.7584509343, 49.858504176300002 ], [ 5.7604664522, 49.857014582399998 ], [ 5.7607365734, 49.856374721 ], [ 5.7591469324, 49.855867763699997 ], [ 5.7578295, 49.855760193899997 ], [ 5.7570663772, 49.8559135474 ], [ 5.7564791306, 49.856353071299999 ], [ 5.7545539587, 49.856548776099999 ], [ 5.7516992556, 49.854875101300003 ], [ 5.7510035073, 49.854733151399998 ], [ 5.7502125515, 49.854351793299998 ], [ 5.748978851, 49.8545664874 ], [ 5.7478658427, 49.8545691108 ], [ 5.7460868655, 49.854111097199997 ], [ 5.7456978116, 49.853495432400003 ], [ 5.7459834855, 49.852331038099997 ], [ 5.7471280354, 49.851800615400002 ], [ 5.7479197157, 49.852089034 ], [ 5.7487185908, 49.851957582099999 ], [ 5.7497900648, 49.851402261899999 ], [ 5.7507653687, 49.851545277699998 ], [ 5.7511577118, 49.851755953100003 ], [ 5.752217647, 49.851511601 ], [ 5.7537527242, 49.8518189746 ], [ 5.7549174823, 49.8517179141 ], [ 5.7581557348, 49.849388558599998 ], [ 5.758541158, 49.848533485099999 ], [ 5.7581583275, 49.846236008 ], [ 5.7570581076, 49.845502500599999 ], [ 5.7543398838, 49.844817651699998 ], [ 5.7526605609, 49.8453700062 ], [ 5.7522877994, 49.846292787800003 ], [ 5.7514789245, 49.847252053299997 ], [ 5.7503209642, 49.847280827600002 ], [ 5.7491399346, 49.8470276587 ], [ 5.748229368, 49.846210256900001 ], [ 5.7486142762, 49.8450618392 ], [ 5.7482908292, 49.8442031672 ], [ 5.7483717675, 49.843719329800003 ], [ 5.7485792557, 49.8423376099 ], [ 5.7493060165, 49.841602169399998 ], [ 5.7503972933, 49.841156061 ], [ 5.7506033169, 49.840808763399998 ], [ 5.7505748744, 49.840255401699999 ], [ 5.7500185501, 49.839409139799997 ], [ 5.7493164107, 49.8388882259 ], [ 5.7477706624, 49.838498992600002 ], [ 5.7455272432, 49.838809420099999 ], [ 5.7438802612, 49.8396106816 ], [ 5.7429605512, 49.839563930099999 ], [ 5.7418205398, 49.8392879998 ], [ 5.7407887131, 49.838747554699999 ], [ 5.7403733498, 49.8374295108 ], [ 5.7396749055, 49.836450871700002 ], [ 5.7400441549, 49.8357922625 ], [ 5.7393131306, 49.833665227600001 ], [ 5.7427044841, 49.832145413299997 ], [ 5.7438499607, 49.831474131699999 ], [ 5.7446883224, 49.829771835300001 ], [ 5.7460020706, 49.827938405300003 ], [ 5.746349095, 49.826288649200002 ], [ 5.747079592, 49.825399457499998 ], [ 5.748272097, 49.824554601700001 ], [ 5.7481254835, 49.823471626500002 ], [ 5.7474915108, 49.822976066400003 ], [ 5.7433940362, 49.820978938300001 ], [ 5.7440502019, 49.819271131199997 ], [ 5.7456489692, 49.817137184800004 ], [ 5.7462375681, 49.815764571300001 ], [ 5.7471914732, 49.815274765200002 ], [ 5.7485138996, 49.815296677399999 ], [ 5.7498158893, 49.8149291398 ], [ 5.7511795948, 49.814864364800002 ], [ 5.7512501412, 49.814043675199997 ], [ 5.75079479, 49.813575035 ], [ 5.7509117086, 49.813409890899997 ], [ 5.7504937532, 49.812591986299999 ], [ 5.7508050267, 49.81217634 ], [ 5.7499506586, 49.811971164799999 ], [ 5.7504548774, 49.811265337 ], [ 5.7500521065, 49.811143996600002 ], [ 5.7505143882, 49.809261364900003 ], [ 5.7500328926, 49.809070090200002 ], [ 5.7505168851, 49.808046474500003 ], [ 5.7503673332, 49.8071872859 ], [ 5.7508917613, 49.8070989669 ], [ 5.750352157, 49.806257787299998 ], [ 5.7509908735, 49.805760144200001 ], [ 5.752895632, 49.7969525277 ], [ 5.753527782, 49.796709293600003 ], [ 5.7531537892, 49.796224966 ], [ 5.7535497306, 49.795117550800001 ], [ 5.7532812366, 49.794665571099998 ], [ 5.753090707, 49.793397275300002 ], [ 5.7542081607, 49.793417347499997 ], [ 5.7541195713, 49.792642874 ], [ 5.7548389619, 49.7926168905 ], [ 5.7551548334, 49.791454718200001 ], [ 5.7614113371, 49.792873554300002 ], [ 5.7613566818, 49.793048682600002 ], [ 5.7619285891, 49.793164866700003 ], [ 5.7640040344, 49.793282863500004 ], [ 5.7640792082, 49.793146106 ], [ 5.7651849272, 49.793820198600002 ], [ 5.766045809, 49.793417833900001 ], [ 5.7669727247, 49.793769295700002 ], [ 5.7692689322, 49.79426933 ], [ 5.7698355096, 49.793854508 ], [ 5.7702572016, 49.794237322800001 ], [ 5.771136162, 49.793773323700002 ], [ 5.7716993728, 49.793187683799999 ], [ 5.7721745529, 49.793320138 ], [ 5.7737021687, 49.7942684828 ], [ 5.7743731448, 49.794453451300001 ], [ 5.7769914656, 49.794587898099998 ], [ 5.7774644817, 49.794403372399998 ], [ 5.7781466635, 49.7937498796 ], [ 5.7813456917, 49.792267230100002 ], [ 5.7820428324, 49.793154679499999 ], [ 5.7824528656, 49.793239394799997 ], [ 5.7834164338, 49.793923378400002 ], [ 5.7849165399, 49.795263129799999 ], [ 5.7851914374, 49.796169503100003 ], [ 5.7867930723, 49.796487631600002 ], [ 5.78690527, 49.7963989016 ], [ 5.7885744091, 49.796596229499997 ], [ 5.7903621442, 49.795756099800002 ], [ 5.793297, 49.790572677 ], [ 5.7938016378, 49.791233011499997 ], [ 5.7961215626, 49.792539006299997 ], [ 5.7973910573, 49.792827585700003 ], [ 5.7989511577, 49.791300224799997 ], [ 5.7997302373, 49.7915657673 ], [ 5.8029920761, 49.792452168200001 ], [ 5.8034391799, 49.792101072400001 ], [ 5.8044185161, 49.792616399099998 ], [ 5.8038272463, 49.793221053300002 ], [ 5.8042019691, 49.794560356 ], [ 5.8036102348, 49.795397876599999 ], [ 5.8054163134, 49.796707752800003 ], [ 5.8053572565, 49.797850255299998 ], [ 5.8062398366, 49.799134942800002 ], [ 5.8054588293, 49.799181677900002 ], [ 5.8053049027, 49.799632334400002 ], [ 5.8056478434, 49.7997563351 ], [ 5.8048635901, 49.800657256599997 ], [ 5.8045909069, 49.800685183100001 ], [ 5.8048147737, 49.801623832399997 ], [ 5.8056301557, 49.8016371772 ], [ 5.8057818441, 49.801985861299997 ], [ 5.8056025981, 49.802343816499999 ], [ 5.8069596091, 49.802836913699998 ], [ 5.8080757916, 49.802969026299998 ], [ 5.8063705575, 49.803807113700003 ], [ 5.8053868418, 49.804103653699997 ], [ 5.8084902193, 49.805941088499999 ], [ 5.8090186416, 49.805876973700002 ], [ 5.8087468735, 49.806178033 ], [ 5.8093112285, 49.8075394711 ], [ 5.8084353521, 49.807825509 ], [ 5.8086710524, 49.807879984899998 ], [ 5.8085222833, 49.809142585899998 ], [ 5.8091719323, 49.809281244600001 ], [ 5.8103116654, 49.811034335499997 ], [ 5.8112605957, 49.8111217935 ], [ 5.8121097031, 49.812168480899999 ], [ 5.8110960183, 49.812634155399998 ], [ 5.8112124686, 49.812818957700003 ], [ 5.8093742239, 49.8142017594 ], [ 5.8095777983, 49.815522179 ], [ 5.8118365427, 49.815277746500001 ], [ 5.8131460262, 49.815500561 ], [ 5.8154618732, 49.817356875 ], [ 5.8160664153, 49.818191642899997 ], [ 5.8176220961, 49.8175683 ], [ 5.8196120577, 49.819378988799997 ], [ 5.8221245774, 49.818705513899999 ], [ 5.8198262368, 49.816824284200003 ], [ 5.8196795951, 49.816602187800001 ], [ 5.8198866777, 49.816515976300003 ], [ 5.8206075592, 49.817131120600003 ], [ 5.821980394, 49.816487275699998 ], [ 5.8235024875, 49.817846896399999 ], [ 5.824757615, 49.817287317100003 ], [ 5.825372305, 49.817706174400001 ], [ 5.8283344876, 49.815187765799998 ], [ 5.8266540088, 49.814514435 ], [ 5.8267623438, 49.814415352 ], [ 5.830220178, 49.815285571399997 ], [ 5.8330940124, 49.815646938699999 ], [ 5.8336351043, 49.8152622745 ], [ 5.8328387383, 49.814176959199997 ], [ 5.8344350479, 49.813798810199998 ], [ 5.8354603625, 49.813547708100003 ], [ 5.8358935536, 49.810317739799999 ], [ 5.8416887224, 49.809677201100001 ], [ 5.8423643261, 49.809701942099998 ], [ 5.8430623689, 49.810333956699999 ], [ 5.8435232697, 49.810011893899997 ], [ 5.8456771633, 49.808872256800001 ], [ 5.8489130785, 49.806175559 ], [ 5.8496635951, 49.805799423300002 ], [ 5.8504824546, 49.804572686699998 ], [ 5.8521628536, 49.8040082622 ], [ 5.8525204935, 49.802702162800003 ], [ 5.8510420536, 49.800004895400001 ], [ 5.8532362932, 49.798679513899998 ], [ 5.8545583619, 49.798277480400003 ], [ 5.8562088261, 49.798101387499997 ], [ 5.857390001, 49.798210812699999 ], [ 5.8586201284, 49.798945346700002 ], [ 5.8610310051, 49.7985858726 ], [ 5.8627391846, 49.797924249899999 ], [ 5.8638222212, 49.796564913899999 ], [ 5.8654041295, 49.795155899199997 ], [ 5.8656725031, 49.794545317900003 ], [ 5.8664716996, 49.793881280199997 ], [ 5.8674637143, 49.793761585399999 ], [ 5.8687011962, 49.794166971 ], [ 5.8709726812, 49.7942242178 ], [ 5.8711623562, 49.794404400300003 ], [ 5.872245651, 49.79547287 ], [ 5.8732445847, 49.7980011557 ], [ 5.875213455, 49.797698830199998 ], [ 5.8804629955, 49.797706885300002 ], [ 5.8861087546, 49.798136610199997 ], [ 5.8861390963, 49.797465984600002 ], [ 5.8872715729, 49.797464158399997 ], [ 5.8871277797, 49.798233902600003 ], [ 5.8883709909, 49.798304313 ], [ 5.8881025766, 49.799274862799997 ] ] ] ] } },
{ "type": "Feature", "properties": { "name": "Reckange-sur-Mess", "canton": "Esch-sur-Alzette", "district": "Luxembourg", "lau2": "0210" }, "geometry": { "type": "MultiPolygon", "coordinates": [ [ [ [ 6.0466084827, 49.584843012699999 ], [ 6.044394496, 49.584860644700001 ], [ 6.0418039241, 49.584276074400002 ], [ 6.0398929847, 49.5842384555 ], [ 6.040705968, 49.584864512199999 ], [ 6.0410642016, 49.585435843399999 ], [ 6.0407659729, 49.586271487099999 ], [ 6.0397313356, 49.586697237899998 ], [ 6.0372652872, 49.586074761 ], [ 6.0374384751, 49.585875606 ], [ 6.0342257376, 49.585807817199999 ], [ 6.032363547, 49.585594795699997 ], [ 6.0327054774, 49.584109891099999 ], [ 6.033716521, 49.582506258700001 ], [ 6.0295149442, 49.581871135900002 ], [ 6.0294325441, 49.582140535599997 ], [ 6.0282193613, 49.581790897700003 ], [ 6.0275279188, 49.583624391900003 ], [ 6.0269028449, 49.584672216500003 ], [ 6.0255356555, 49.584262285699999 ], [ 6.0248413274, 49.584811910500001 ], [ 6.0241288136, 49.584145748499999 ], [ 6.022774827, 49.583473460599997 ], [ 6.0224663749, 49.583124411500002 ], [ 6.0216706194, 49.583596099899999 ], [ 6.0205185047, 49.583478526100002 ], [ 6.0144375842, 49.581653964099999 ], [ 6.0146030511, 49.581490032799998 ], [ 6.0138727605, 49.5810098356 ], [ 6.0095324728, 49.579719074800003 ], [ 6.0098770204, 49.579411842900001 ], [ 6.0076223885, 49.578824076799997 ], [ 6.0075003486, 49.578582588499998 ], [ 6.0069937549, 49.578398192100003 ], [ 6.0071305711, 49.5780866076 ], [ 6.0055781707, 49.577501424899999 ], [ 6.0052282361, 49.577092723699998 ], [ 6.0056287552, 49.576879934799997 ], [ 6.0036735009, 49.575989429400003 ], [ 6.0007868152, 49.573435611199997 ], [ 6.0008772298, 49.572501659499999 ], [ 6.0004840837, 49.572356499500003 ], [ 6.0007175577, 49.571916651 ], [ 5.9999953213, 49.571770718700002 ], [ 5.9999662028, 49.5720465765 ], [ 5.9979307782, 49.571628841399999 ], [ 5.9994779838, 49.570268030199998 ], [ 5.9975946566, 49.569147479599998 ], [ 5.9970456301, 49.569257956199998 ], [ 5.9964341709, 49.568710038799999 ], [ 5.9942478886, 49.569081405 ], [ 5.9942103927, 49.568726462400001 ], [ 5.993008621, 49.568469178400001 ], [ 5.9930471757, 49.568360804100003 ], [ 5.9942128746, 49.568556166199997 ], [ 5.9944943961, 49.566816121700001 ], [ 5.9935425264, 49.566709627500003 ], [ 5.9936454177, 49.565996025399997 ], [ 5.9931122051, 49.565192734900002 ], [ 5.9926500976, 49.564875561900003 ], [ 5.991636298, 49.5651973744 ], [ 5.9900823032, 49.565400326700001 ], [ 5.990017796, 49.565092778100002 ], [ 5.9883230799, 49.5645148678 ], [ 5.9880167666, 49.564776367 ], [ 5.9862741946, 49.564005853600001 ], [ 5.9859889072, 49.5642799588 ], [ 5.9831494891, 49.562939340200003 ], [ 5.9826598464, 49.563316105 ], [ 5.9808330148, 49.562576744799998 ], [ 5.9798496944, 49.564057498700002 ], [ 5.980083034, 49.564139425299999 ], [ 5.9796232836, 49.564559373599998 ], [ 5.9799796151, 49.564698125500001 ], [ 5.9791397559, 49.565319405 ], [ 5.9785866703, 49.565988618900001 ], [ 5.9796191537, 49.566517578700001 ], [ 5.9775339936, 49.567841011100001 ], [ 5.9752646051, 49.568286445600002 ], [ 5.9726938143, 49.567183929499997 ], [ 5.9715336235, 49.568102623900003 ], [ 5.9712581218, 49.568243560399999 ], [ 5.9711253144, 49.567956358300002 ], [ 5.9705321058, 49.568395824500001 ], [ 5.9710761029, 49.570291616200002 ], [ 5.9696566758, 49.570598863500003 ], [ 5.9666362331, 49.570412849 ], [ 5.9611306778, 49.568154644 ], [ 5.9631635729, 49.5642169439 ], [ 5.9655702256, 49.560996438 ], [ 5.9656449612, 49.560627439199997 ], [ 5.9652359913, 49.5597257473 ], [ 5.9647797234, 49.559800753899999 ], [ 5.9635092985, 49.557320481399998 ], [ 5.9639321831, 49.557145026599997 ], [ 5.963087428, 49.556426230200003 ], [ 5.9626626643, 49.555543373 ], [ 5.9621020073, 49.5550757878 ], [ 5.9617700921, 49.554410037700002 ], [ 5.9611067961, 49.553962953800003 ], [ 5.9615730427, 49.553362701399998 ], [ 5.9616818222, 49.552858494 ], [ 5.9610883742, 49.552264943 ], [ 5.9612340425, 49.551711071900002 ], [ 5.9607489238, 49.548420749199998 ], [ 5.9611073214, 49.545718714899998 ], [ 5.9612697676, 49.545596590099997 ], [ 5.9622201134, 49.545688386400002 ], [ 5.9621515675, 49.546413487899997 ], [ 5.9656127499, 49.546781416599998 ], [ 5.9655951412, 49.547104787099997 ], [ 5.9675498988, 49.547593696100002 ], [ 5.9675656679, 49.547362570899999 ], [ 5.9695359495, 49.547463632700001 ], [ 5.9687089673, 49.550591472100002 ], [ 5.9690948872, 49.551534355900003 ], [ 5.9715984042, 49.552151250400001 ], [ 5.9728795197, 49.552156438799997 ], [ 5.9749005012, 49.552419774599997 ], [ 5.9766175705, 49.552318786100003 ], [ 5.9775204788, 49.552032509500002 ], [ 5.9791566943, 49.552065516 ], [ 5.9817459879, 49.551136247700001 ], [ 5.9833681386, 49.5501632028 ], [ 5.9852731278, 49.5480512273 ], [ 5.986573506, 49.5468885027 ], [ 5.986787516, 49.546954444699999 ], [ 5.9875567522, 49.546088359300001 ], [ 5.9884644569, 49.545881396 ], [ 5.9895528718, 49.546198525100003 ], [ 5.9903890942, 49.546200794900003 ], [ 5.9904683225, 49.545941648400003 ], [ 5.9912762925, 49.545737235 ], [ 5.9919727644, 49.545129494900003 ], [ 5.9927484599, 49.544930138200002 ], [ 5.994084138, 49.5436126 ], [ 5.995119052, 49.543925631699999 ], [ 5.9953296443, 49.543630146200002 ], [ 5.9971234832, 49.543973371 ], [ 5.9973656738, 49.542901734499999 ], [ 5.9992253338, 49.543004852899998 ], [ 6.0012365054, 49.542606877300003 ], [ 6.0017089627, 49.542309579499999 ], [ 6.0048365496, 49.540255270099998 ], [ 6.0062596804, 49.540769428200001 ], [ 6.0071722191, 49.538727534700001 ], [ 6.0075988981, 49.538799828199998 ], [ 6.0078862442, 49.538106982 ], [ 6.0094164379, 49.537962919199998 ], [ 6.0104635208, 49.537544448 ], [ 6.009986919, 49.5370715878 ], [ 6.0118152043, 49.536102216300002 ], [ 6.0130970603, 49.536214242699998 ], [ 6.0131721928, 49.5357511112 ], [ 6.0171018187, 49.536581157100002 ], [ 6.0171964566, 49.536350172 ], [ 6.0201592274, 49.536201494700002 ], [ 6.0219103848, 49.5367698238 ], [ 6.0228228695, 49.536272075699998 ], [ 6.0235475655, 49.537290026199997 ], [ 6.0270743249, 49.539339560499997 ], [ 6.0269539112, 49.539423634400002 ], [ 6.0292613365, 49.5408630174 ], [ 6.0289539307, 49.541225468900002 ], [ 6.0342975891, 49.542700194299996 ], [ 6.034407943, 49.542935969 ], [ 6.034945933, 49.543011238299997 ], [ 6.0348324764, 49.543227362800003 ], [ 6.0353639726, 49.5433861052 ], [ 6.0351331902, 49.543946923100002 ], [ 6.0371561352, 49.544738840400001 ], [ 6.0370583585, 49.545322433 ], [ 6.0389228987, 49.5458713182 ], [ 6.0415166316, 49.546907368200003 ], [ 6.0409515364, 49.5478064387 ], [ 6.0462430949, 49.550015324199997 ], [ 6.046853328, 49.5521052844 ], [ 6.0472583622, 49.552532413199998 ], [ 6.0463739625, 49.552995622399997 ], [ 6.0455829112, 49.553838841500003 ], [ 6.0450340898, 49.554073587200001 ], [ 6.045068872, 49.554451852100001 ], [ 6.0446013747, 49.555144894500003 ], [ 6.0434495385, 49.556347098700002 ], [ 6.0426357676, 49.557528544500002 ], [ 6.0419822863, 49.559121598899999 ], [ 6.0423047194, 49.559365758600002 ], [ 6.0423781685, 49.559951346200002 ], [ 6.0420149223, 49.561337090800002 ], [ 6.0416689789, 49.561260390699999 ], [ 6.041394717, 49.561625715200002 ], [ 6.0408480204, 49.561488221399998 ], [ 6.0396844081, 49.562390323700001 ], [ 6.0399048469, 49.562482671 ], [ 6.0383071914, 49.563858389499998 ], [ 6.0386962534, 49.564017379900001 ], [ 6.0396279215, 49.5649181836 ], [ 6.0403494745, 49.566086584600001 ], [ 6.0398156435, 49.5662674111 ], [ 6.0382643483, 49.566369297199998 ], [ 6.0384353972, 49.567039313499997 ], [ 6.0374038358, 49.569349558299997 ], [ 6.0396214876, 49.570304322299997 ], [ 6.0403906568, 49.570355167 ], [ 6.0420713026, 49.569833977099997 ], [ 6.0436197434, 49.569599778300002 ], [ 6.0448460503, 49.569942750899997 ], [ 6.0454940656, 49.570349337700002 ], [ 6.0466841234, 49.569730998 ], [ 6.0483770015, 49.570788873399998 ], [ 6.0497698356, 49.571051816400001 ], [ 6.0493140743, 49.571743349400002 ], [ 6.0487674768, 49.571614170499998 ], [ 6.0475607972, 49.574570286399997 ], [ 6.0481391504, 49.574578848900003 ], [ 6.0489680186, 49.574890951199997 ], [ 6.0479498268, 49.5756182541 ], [ 6.0490113959, 49.576337512800002 ], [ 6.048222714, 49.577741386299998 ], [ 6.0485074378, 49.578232428299998 ], [ 6.0491963353, 49.578621789099998 ], [ 6.0490372961, 49.579903571 ], [ 6.0468100179, 49.579389855499997 ], [ 6.046321077, 49.579429598700003 ], [ 6.0461586575, 49.579715434299999 ], [ 6.0448652988, 49.579736453099997 ], [ 6.0452061724, 49.5816124718 ], [ 6.0456733943, 49.582954985100002 ], [ 6.0466878015, 49.584519219900002 ], [ 6.0466084827, 49.584843012699999 ] ] ] ] } },
{ "type": "Feature", "properties": { "name": "Redange/Attert", "canton": "Redange", "district": "Diekirch", "lau2": "0706" }, "geometry": { "type": "MultiPolygon", "coordinates": [ [ [ [ 5.8961450859, 49.745844816899996 ], [ 5.8963592328, 49.745042645600002 ], [ 5.8966346256, 49.744833819500002 ], [ 5.8980876647, 49.745131732 ], [ 5.8983894963, 49.743943716799997 ], [ 5.9016350798, 49.744351328299999 ], [ 5.9018841926, 49.742718971400002 ], [ 5.9021079995, 49.742687 ], [ 5.9061088685, 49.742317591 ], [ 5.9065053691, 49.742596659599997 ], [ 5.9070488805, 49.742722952500003 ], [ 5.9088853182, 49.742571970500002 ], [ 5.9120406874, 49.7429066873 ], [ 5.9115280201, 49.745263899400001 ], [ 5.9163137044, 49.745999299700003 ], [ 5.9215419068, 49.747408402799998 ], [ 5.9213137578, 49.7475427448 ], [ 5.9220676768, 49.747846676199998 ], [ 5.9218928127, 49.748004975599997 ], [ 5.9215454849, 49.747845570099997 ], [ 5.9208536418, 49.748687860399997 ], [ 5.9212836342, 49.749713706900003 ], [ 5.9228993046, 49.751057418899997 ], [ 5.9243435581, 49.751357214599999 ], [ 5.92633192, 49.751427897500001 ], [ 5.927991439, 49.752532546099999 ], [ 5.9296941228, 49.754722276499997 ], [ 5.9318135433, 49.755952252900002 ], [ 5.929508055, 49.757766066800002 ], [ 5.9318546941, 49.758348623099998 ], [ 5.9307920533, 49.759126329 ], [ 5.9326564766, 49.760508305899997 ], [ 5.9296193162, 49.761265272899998 ], [ 5.9294233566, 49.761140411500001 ], [ 5.9286339738, 49.761999197199998 ], [ 5.930817302, 49.76240841 ], [ 5.9306395121, 49.762738035600002 ], [ 5.9314471476, 49.762958912800002 ], [ 5.9310705114, 49.764133087099999 ], [ 5.9287427778, 49.767202120299999 ], [ 5.9279899512, 49.766798645199998 ], [ 5.9277373758, 49.766866633100001 ], [ 5.9263696322, 49.7651613329 ], [ 5.9230607935, 49.765942269200004 ], [ 5.9204853981, 49.765547945 ], [ 5.9222945765, 49.766402499 ], [ 5.9251530402, 49.768961092700003 ], [ 5.9268977582, 49.7698370803 ], [ 5.9279001504, 49.770073400299999 ], [ 5.929637284, 49.770985698399997 ], [ 5.9314132969, 49.772670634400001 ], [ 5.9324111826, 49.773313252299999 ], [ 5.9317530107, 49.774017889100001 ], [ 5.9318955827, 49.774368539500003 ], [ 5.9325546557, 49.775315083199999 ], [ 5.9333737411, 49.775304970100002 ], [ 5.9338310197, 49.776222328599999 ], [ 5.9356322843, 49.775516715899997 ], [ 5.9370679086, 49.774677645799997 ], [ 5.93803081, 49.773822591399998 ], [ 5.938426441, 49.773704407499999 ], [ 5.9387840866, 49.773937811899998 ], [ 5.9361544985, 49.775853095499997 ], [ 5.9331155623, 49.776834018800002 ], [ 5.9312736409, 49.7785782021 ], [ 5.932751905, 49.778734072299997 ], [ 5.9322950831, 49.7792178204 ], [ 5.933382997, 49.779226880700001 ], [ 5.9329015505, 49.780210619899997 ], [ 5.9312796611, 49.779840335700001 ], [ 5.9309496173, 49.780522088 ], [ 5.9312888536, 49.780655104899999 ], [ 5.9310729251, 49.782127987599999 ], [ 5.9321777694, 49.782336103900001 ], [ 5.9319262917, 49.7829217361 ], [ 5.9302785814, 49.782695570199998 ], [ 5.9301694087, 49.783607637599999 ], [ 5.9266400922, 49.783378706599997 ], [ 5.9263357139, 49.784304696200003 ], [ 5.9260095686, 49.784284597800003 ], [ 5.9259422094, 49.784709503899997 ], [ 5.9237989016, 49.7844879222 ], [ 5.9234659823, 49.785466413 ], [ 5.9212492662, 49.785343294100002 ], [ 5.921229445, 49.785555613299998 ], [ 5.9207089477, 49.7856059163 ], [ 5.920757019, 49.785863666200001 ], [ 5.9212773224, 49.785852202599997 ], [ 5.9212410472, 49.786398843500002 ], [ 5.919501453, 49.786540239499999 ], [ 5.9160519953, 49.787547671200002 ], [ 5.9140862074, 49.788476407700003 ], [ 5.9145794341, 49.7888946542 ], [ 5.9148744239, 49.788806171799997 ], [ 5.9151464793, 49.789058702200002 ], [ 5.9123705144, 49.790060357400002 ], [ 5.9127649732, 49.790176629199998 ], [ 5.9119355884, 49.790596983100002 ], [ 5.9115875139, 49.7910503827 ], [ 5.9118423797, 49.7922232102 ], [ 5.9107967943, 49.795156203600001 ], [ 5.9112407814, 49.7952531611 ], [ 5.9101770281, 49.795944351199999 ], [ 5.9093205552, 49.796792530499999 ], [ 5.9087604857, 49.796298824899999 ], [ 5.9054412953, 49.797839838500003 ], [ 5.9044659794, 49.7974834328 ], [ 5.9019363594, 49.801580909199998 ], [ 5.904138925, 49.801759315799998 ], [ 5.9041018616, 49.802690310300001 ], [ 5.9040207918, 49.803830922 ], [ 5.9031012967, 49.805516414 ], [ 5.9013913308, 49.805011029600003 ], [ 5.9007917835, 49.805600360699998 ], [ 5.9019179367, 49.806037761799999 ], [ 5.9009818709, 49.807585191100003 ], [ 5.8994152326, 49.807284420800002 ], [ 5.8972132211, 49.806357494300002 ], [ 5.8969019644, 49.805934394200001 ], [ 5.8964947006, 49.806122734 ], [ 5.8970474974, 49.806653037399997 ], [ 5.8965571111, 49.8069535315 ], [ 5.8956013792, 49.806229188700001 ], [ 5.8949278361, 49.805211864599997 ], [ 5.895071988, 49.8043598386 ], [ 5.8946917184, 49.802960016699998 ], [ 5.8943957871, 49.802566273300002 ], [ 5.8927470047, 49.801818569200002 ], [ 5.8918577462, 49.801221157299999 ], [ 5.8909201604, 49.801060104800001 ], [ 5.8896595198, 49.800013926200002 ], [ 5.887995363, 49.799513398099997 ], [ 5.8881025766, 49.799274862799997 ], [ 5.8883709909, 49.798304313 ], [ 5.8871277797, 49.798233902600003 ], [ 5.8872715729, 49.797464158399997 ], [ 5.8861390963, 49.797465984600002 ], [ 5.8861087546, 49.798136610199997 ], [ 5.8804629955, 49.797706885300002 ], [ 5.875213455, 49.797698830199998 ], [ 5.8732445847, 49.7980011557 ], [ 5.872245651, 49.79547287 ], [ 5.8711623562, 49.794404400300003 ], [ 5.8709726812, 49.7942242178 ], [ 5.8687011962, 49.794166971 ], [ 5.8674637143, 49.793761585399999 ], [ 5.8664716996, 49.793881280199997 ], [ 5.8656725031, 49.794545317900003 ], [ 5.8654041295, 49.795155899199997 ], [ 5.8638222212, 49.796564913899999 ], [ 5.8627391846, 49.797924249899999 ], [ 5.8610310051, 49.7985858726 ], [ 5.8586201284, 49.798945346700002 ], [ 5.857390001, 49.798210812699999 ], [ 5.8562088261, 49.798101387499997 ], [ 5.8545583619, 49.798277480400003 ], [ 5.8532362932, 49.798679513899998 ], [ 5.8510420536, 49.800004895400001 ], [ 5.8525204935, 49.802702162800003 ], [ 5.8521628536, 49.8040082622 ], [ 5.8504824546, 49.804572686699998 ], [ 5.8496635951, 49.805799423300002 ], [ 5.8489130785, 49.806175559 ], [ 5.8456771633, 49.808872256800001 ], [ 5.8435232697, 49.810011893899997 ], [ 5.8430623689, 49.810333956699999 ], [ 5.8423643261, 49.809701942099998 ], [ 5.8416887224, 49.809677201100001 ], [ 5.8358935536, 49.810317739799999 ], [ 5.8354603625, 49.813547708100003 ], [ 5.8344350479, 49.813798810199998 ], [ 5.8337957335, 49.812086067800003 ], [ 5.8325964017, 49.8104760521 ], [ 5.834581656, 49.808473807600002 ], [ 5.8355613032, 49.806901090799997 ], [ 5.8335715935, 49.806458251199999 ], [ 5.8341588911, 49.8050536119 ], [ 5.8345099184, 49.805116665100002 ], [ 5.8347068649, 49.804475184899999 ], [ 5.8336104556, 49.804361106599998 ], [ 5.8331023517, 49.803349184399998 ], [ 5.8320247912, 49.803845148 ], [ 5.831342165, 49.802974613799996 ], [ 5.8314748401, 49.802341673599997 ], [ 5.8311958002, 49.801745499 ], [ 5.830665995, 49.801905650899997 ], [ 5.8294122247, 49.801143383599999 ], [ 5.8284299724, 49.8007764189 ], [ 5.8280785481, 49.800527237899999 ], [ 5.8278731354, 49.799865656199998 ], [ 5.8271584959, 49.799195729899999 ], [ 5.8271031863, 49.798864501899999 ], [ 5.8284250571, 49.795892836299998 ], [ 5.829275744, 49.795354527199997 ], [ 5.8296900905, 49.794837131 ], [ 5.8297395795, 49.794135134400001 ], [ 5.8301347687, 49.793698300700001 ], [ 5.8298288872, 49.793552758600001 ], [ 5.8316861825, 49.792722335599997 ], [ 5.8309794866, 49.791917531 ], [ 5.8306923415, 49.790981264700001 ], [ 5.8309508762, 49.790948857300002 ], [ 5.830884539, 49.790599311400001 ], [ 5.8303339728, 49.790668613299999 ], [ 5.8301961126, 49.789115240900003 ], [ 5.8306412122, 49.788976440699997 ], [ 5.8299332393, 49.788969815 ], [ 5.8293888044, 49.787906421800002 ], [ 5.8295648816, 49.787705668100003 ], [ 5.8295427514, 49.786342489 ], [ 5.8308108402, 49.785429615 ], [ 5.8298679183, 49.785014054400001 ], [ 5.8305794147, 49.784780403900001 ], [ 5.8321711773, 49.784575541499997 ], [ 5.8363026727, 49.7845543181 ], [ 5.8362936506, 49.784462047200002 ], [ 5.836772648, 49.784087402799997 ], [ 5.8372279768, 49.782978872500003 ], [ 5.8384642842, 49.7815060414 ], [ 5.8391760215, 49.780108323199997 ], [ 5.8394376405, 49.780169112800003 ], [ 5.8393091541, 49.780487804300002 ], [ 5.8409453349, 49.780870367200002 ], [ 5.8410906574, 49.780534566900002 ], [ 5.8425556095, 49.780892691600002 ], [ 5.8463871404, 49.7797169157 ], [ 5.8489109367, 49.778473386899996 ], [ 5.8500365614, 49.778162641900003 ], [ 5.8545009474, 49.776824237500001 ], [ 5.8556751127, 49.7762956057 ], [ 5.8565101232, 49.775584871100001 ], [ 5.8592634376, 49.774313680299997 ], [ 5.8589345852, 49.7741530849 ], [ 5.8596613685, 49.772421731199998 ], [ 5.8639881095, 49.772049498400001 ], [ 5.8642816416, 49.770807921699998 ], [ 5.8635857568, 49.770694605700001 ], [ 5.8637425747, 49.7696749236 ], [ 5.8658461957, 49.770138997300002 ], [ 5.8665013222, 49.768847529600002 ], [ 5.8656131005, 49.768601067600002 ], [ 5.8661068286, 49.767765238700001 ], [ 5.8632155858, 49.767629031200002 ], [ 5.8646926806, 49.766668852199999 ], [ 5.8665569215, 49.766795529500001 ], [ 5.8672446034, 49.765915568399997 ], [ 5.8666471611, 49.765720017200003 ], [ 5.8668321699, 49.7653926033 ], [ 5.8687817261, 49.765746285299997 ], [ 5.8695936385, 49.765684386300002 ], [ 5.8696767069, 49.765306600400002 ], [ 5.870022532, 49.765248022900003 ], [ 5.8698249943, 49.764747754600002 ], [ 5.8703991468, 49.7638383619 ], [ 5.8686866116, 49.763242719600001 ], [ 5.8678857525, 49.763298976599998 ], [ 5.8680368567, 49.762589203 ], [ 5.8695058877, 49.762603847699999 ], [ 5.8697788871, 49.762206365 ], [ 5.8672556576, 49.762072353 ], [ 5.8672554735, 49.761800741 ], [ 5.8649624564, 49.7616895719 ], [ 5.8651409025, 49.761068486299997 ], [ 5.8638823312, 49.760966281599998 ], [ 5.8641473514, 49.760460928699999 ], [ 5.8632007396, 49.760070199700003 ], [ 5.8627312993, 49.759410256899997 ], [ 5.8648709014, 49.757579356199997 ], [ 5.8651835887, 49.7568688653 ], [ 5.8664989053, 49.7552826784 ], [ 5.8671489137, 49.753599893199997 ], [ 5.8681221915, 49.754136454099999 ], [ 5.870046591, 49.752057761700001 ], [ 5.8701746586, 49.751459995200001 ], [ 5.8687558592, 49.751011852799998 ], [ 5.8691733737, 49.750673354 ], [ 5.8692765198, 49.7502874734 ], [ 5.8712178979, 49.750381296599997 ], [ 5.8723416055, 49.750663236500003 ], [ 5.8725276332, 49.7500281051 ], [ 5.8729544327, 49.750098679799997 ], [ 5.8740984561, 49.7479079497 ], [ 5.8743618463, 49.747890418399997 ], [ 5.8747424154, 49.747496377700003 ], [ 5.8755330984, 49.7477873805 ], [ 5.8782973137, 49.748288899800002 ], [ 5.8787829774, 49.748317774599997 ], [ 5.8791451024, 49.747921246099999 ], [ 5.8794595897, 49.747864504399999 ], [ 5.8818259269, 49.748607603400004 ], [ 5.8820567248, 49.748369879499997 ], [ 5.8831970685, 49.747961505100001 ], [ 5.8854951797, 49.746505525 ], [ 5.8858258287, 49.746673518 ], [ 5.8868045461, 49.745821507199999 ], [ 5.8885352183, 49.743566212200001 ], [ 5.8910739661, 49.745158751600002 ], [ 5.8913803013, 49.7449061501 ], [ 5.8946553508, 49.746061841900001 ], [ 5.8949220222, 49.745861003 ], [ 5.8961450859, 49.745844816899996 ] ] ] ] } },
{ "type": "Feature", "properties": { "name": "Reisdorf", "canton": "Diekirch", "district": "Diekirch", "lau2": "0608" }, "geometry": { "type": "MultiPolygon", "coordinates": [ [ [ [ 6.3074511818, 49.857250833099997 ], [ 6.3141331751, 49.8598819965 ], [ 6.3135829376, 49.860887960200003 ], [ 6.3134097282, 49.862112799099997 ], [ 6.3143105073, 49.864888598500002 ], [ 6.3140115915, 49.866219056799999 ], [ 6.3136792651, 49.867081145699999 ], [ 6.3129304077, 49.868060806400003 ], [ 6.3117351191, 49.869128507 ], [ 6.3106216705, 49.869802476300002 ], [ 6.3093829217, 49.869881959399997 ], [ 6.3073869425, 49.869550200100001 ], [ 6.3052909227, 49.8687112848 ], [ 6.3009690595, 49.866533774399997 ], [ 6.2998229209, 49.866223476599998 ], [ 6.2982245934, 49.866065530599997 ], [ 6.297127921, 49.866140757300002 ], [ 6.2958541261, 49.866671814199997 ], [ 6.2945523046, 49.867610710400001 ], [ 6.2929835107, 49.869120470299997 ], [ 6.2915453989, 49.871381053 ], [ 6.2913916442, 49.872721095300001 ], [ 6.2917788652, 49.873994835799998 ], [ 6.2914834998, 49.8744725532 ], [ 6.2896150381, 49.875082754200001 ], [ 6.2881932935, 49.8750961139 ], [ 6.2871418934, 49.874896446299999 ], [ 6.286549169, 49.875019078100003 ], [ 6.2854003663, 49.875799154600003 ], [ 6.2829225094, 49.878470015 ], [ 6.2812653456, 49.878785221500003 ], [ 6.2800900101, 49.878643151600002 ], [ 6.2796343877, 49.878501929599999 ], [ 6.278437394, 49.877593272699997 ], [ 6.2766117165, 49.876803541299999 ], [ 6.2758651114, 49.8766334042 ], [ 6.2730448014, 49.87706267 ], [ 6.2702645, 49.878657793499997 ], [ 6.2673061447, 49.879436398199999 ], [ 6.2665861194, 49.879523920499999 ], [ 6.2653321516, 49.880057770299999 ], [ 6.2616616945, 49.8809771381 ], [ 6.2614419533, 49.881559960399997 ], [ 6.2608566062, 49.882155601900003 ], [ 6.2589091389, 49.883234867799999 ], [ 6.2579823392, 49.885773932799999 ], [ 6.2563536982, 49.887437409 ], [ 6.2548967719, 49.888268394299999 ], [ 6.2503851806, 49.890364407200003 ], [ 6.2501721286, 49.8912596244 ], [ 6.2495422256, 49.892450262 ], [ 6.2480074544, 49.8935455377 ], [ 6.2473053662, 49.894267454199998 ], [ 6.2470099326, 49.8949350989 ], [ 6.2465346515, 49.895265603200002 ], [ 6.2459578571, 49.895490014 ], [ 6.2422968376, 49.8956971032 ], [ 6.2400814441, 49.896161332299997 ], [ 6.2384755445, 49.896881691499999 ], [ 6.2367725903, 49.898310964799997 ], [ 6.235389025, 49.899145552199997 ], [ 6.2348261058, 49.8988610611 ], [ 6.2344765212, 49.8982959115 ], [ 6.2324354498, 49.897659413500001 ], [ 6.2317090285, 49.896864137800002 ], [ 6.231164793, 49.895884109100002 ], [ 6.2286635272, 49.8927345046 ], [ 6.230305524, 49.892379448699998 ], [ 6.2305717923, 49.892666668899999 ], [ 6.2317018731, 49.892413887700002 ], [ 6.2328694479, 49.891946046900003 ], [ 6.2338948864, 49.889599976600003 ], [ 6.2344890726, 49.888903143199997 ], [ 6.2369248939, 49.887998386200003 ], [ 6.2434584215, 49.886238119399998 ], [ 6.2472702291, 49.8847794733 ], [ 6.2498456737, 49.883472163199997 ], [ 6.2483450692, 49.881201106200002 ], [ 6.2498014809, 49.879800856 ], [ 6.2514329183, 49.8775395758 ], [ 6.251201407, 49.873066755099998 ], [ 6.2500077425, 49.872510358699998 ], [ 6.2470320687, 49.870212084899997 ], [ 6.2466546393, 49.869753661799997 ], [ 6.2460497701, 49.869455443 ], [ 6.2454437171, 49.868419615100002 ], [ 6.2463269719, 49.866782025299997 ], [ 6.2475389366, 49.865500246899998 ], [ 6.2474016458, 49.863814064099998 ], [ 6.2483019718, 49.861746182499999 ], [ 6.2491937094, 49.861009691900001 ], [ 6.2516550245, 49.861674210499999 ], [ 6.251984615, 49.861214253100002 ], [ 6.2512954492, 49.860864058200001 ], [ 6.2503267695, 49.860629562299998 ], [ 6.2507753332, 49.859961929699999 ], [ 6.2503692449, 49.859042311099998 ], [ 6.2470908167, 49.858312420600001 ], [ 6.2481109141, 49.857553354899999 ], [ 6.2472344544, 49.856649372200003 ], [ 6.2464070573, 49.855028644100003 ], [ 6.2459728243, 49.854802789899999 ], [ 6.2441860926, 49.855272527099999 ], [ 6.2431193864, 49.855226632 ], [ 6.2435243214, 49.854567920100003 ], [ 6.2453826932, 49.854591801799998 ], [ 6.2456636292, 49.854400651200002 ], [ 6.244594693, 49.853695902600002 ], [ 6.2456186109, 49.853245584600003 ], [ 6.2464605924, 49.853198557600003 ], [ 6.2473569271, 49.853520632799999 ], [ 6.2479549474, 49.853979189100002 ], [ 6.2489180508, 49.856245849799997 ], [ 6.2496856331, 49.856905172700003 ], [ 6.2506243538, 49.857295404200002 ], [ 6.2511315704, 49.856597186499997 ], [ 6.2530079774, 49.856966927800002 ], [ 6.25291736, 49.8571227662 ], [ 6.2536517647, 49.857317173600002 ], [ 6.2551973529, 49.857466414900003 ], [ 6.2552578319, 49.8566851024 ], [ 6.2571897162, 49.856783603799997 ], [ 6.2577472864, 49.856622192800003 ], [ 6.2573473072, 49.856097335400001 ], [ 6.2583399049, 49.855540669500002 ], [ 6.2588195121, 49.855025407699998 ], [ 6.2591380119, 49.855112139900001 ], [ 6.259913709, 49.854272670299999 ], [ 6.2602573755, 49.8545913373 ], [ 6.262018445, 49.853507125 ], [ 6.2622214995, 49.853042044699997 ], [ 6.2603099673, 49.852151806400002 ], [ 6.2616209377, 49.850107176800002 ], [ 6.262239486, 49.850357617900002 ], [ 6.2621691735, 49.850749603899999 ], [ 6.26355663, 49.851463312900002 ], [ 6.2639175193, 49.851122078899998 ], [ 6.2655810618, 49.851585566700003 ], [ 6.2677269494, 49.849897093300001 ], [ 6.2686778515, 49.848536333299997 ], [ 6.2694987509, 49.849209073099999 ], [ 6.2769141602, 49.8483241964 ], [ 6.2791091034, 49.8478586405 ], [ 6.2860819156, 49.847043514600003 ], [ 6.2870882326, 49.847143488100002 ], [ 6.289526166, 49.8477121345 ], [ 6.2920876328, 49.847652564900002 ], [ 6.2933345302, 49.847476329300001 ], [ 6.2960689276, 49.848106622499998 ], [ 6.2970251278, 49.848489231 ], [ 6.2982010664, 49.848540809200003 ], [ 6.2997616854, 49.848299884500001 ], [ 6.3026982167, 49.846807245199997 ], [ 6.3049471972, 49.846269912899999 ], [ 6.3053773186, 49.8463689274 ], [ 6.3056335265, 49.846751685800001 ], [ 6.3067329286, 49.847501634300002 ], [ 6.3083629024, 49.847755660600001 ], [ 6.3103966386, 49.847793948099998 ], [ 6.3104456329, 49.850107932500002 ], [ 6.3096634038, 49.8525631133 ], [ 6.3097537678, 49.853917889500003 ], [ 6.3092183385, 49.854926539399997 ], [ 6.3074511818, 49.857250833099997 ] ] ] ] } },
{ "type": "Feature", "properties": { "name": "Remich", "canton": "Remich", "district": "Grevenmacher", "lau2": "1205" }, "geometry": { "type": "MultiPolygon", "coordinates": [ [ [ [ 6.3729469394, 49.546056545399999 ], [ 6.3769798943, 49.548715375599997 ], [ 6.3782605033, 49.549794245599998 ], [ 6.3809644338, 49.553549541499997 ], [ 6.3817340337, 49.556139063899998 ], [ 6.3815223786, 49.557449503400001 ], [ 6.380775284, 49.558296074099999 ], [ 6.3751760306, 49.5614563711 ], [ 6.3741626923, 49.561099173499997 ], [ 6.3732792168, 49.560568414599999 ], [ 6.3721909026, 49.560545747699997 ], [ 6.3711949637, 49.560118470699997 ], [ 6.3697766233, 49.5597763245 ], [ 6.3666117841, 49.559501136800002 ], [ 6.364823555, 49.558991388300001 ], [ 6.3644243078, 49.558811249599998 ], [ 6.3628397582, 49.5568479919 ], [ 6.3609062842, 49.556450493100002 ], [ 6.3601089873, 49.555038640699998 ], [ 6.3595192006, 49.5551919404 ], [ 6.36013079, 49.556244085199999 ], [ 6.358960561, 49.556111046799998 ], [ 6.3564229827, 49.555455286200001 ], [ 6.3553824924, 49.5556215107 ], [ 6.3500808182, 49.553341497200002 ], [ 6.3492911937, 49.554423957499999 ], [ 6.3487826358, 49.554123698700003 ], [ 6.3474731368, 49.552259077199999 ], [ 6.3458678264, 49.550841908 ], [ 6.3448872353, 49.549685642599997 ], [ 6.3429751763, 49.548123571 ], [ 6.3421292001, 49.547311292700002 ], [ 6.3429707091, 49.546454675699998 ], [ 6.3424944189, 49.546209931900002 ], [ 6.3429229075, 49.5446810185 ], [ 6.3432533689, 49.542465133299999 ], [ 6.342288682, 49.541531026500003 ], [ 6.3402196619, 49.5400683437 ], [ 6.3391709553, 49.538244772900001 ], [ 6.340544435, 49.537378389300002 ], [ 6.341489931, 49.5363749447 ], [ 6.3439535534, 49.535367852599997 ], [ 6.3446643878, 49.534614603100003 ], [ 6.3458759243, 49.534258947 ], [ 6.3495736317, 49.5346667345 ], [ 6.3503718208, 49.534975703699999 ], [ 6.3512409618, 49.535568413299998 ], [ 6.3527542178, 49.536025542099999 ], [ 6.3537331817, 49.536712157799997 ], [ 6.3555142413, 49.538819579399998 ], [ 6.3559366806, 49.538862722899999 ], [ 6.3560800048, 49.538750693499999 ], [ 6.3556533306, 49.537534099200002 ], [ 6.3562070456, 49.5374150528 ], [ 6.3564564761, 49.537744997 ], [ 6.3604014443, 49.536685869400003 ], [ 6.3616067193, 49.537588762399999 ], [ 6.3664169009, 49.540396762500002 ], [ 6.3699703738, 49.544066347700003 ], [ 6.3729469394, 49.546056545399999 ] ] ] ] } },
{ "type": "Feature", "properties": { "name": "Roeser", "canton": "Esch-sur-Alzette", "district": "Luxembourg", "lau2": "0211" }, "geometry": { "type": "MultiPolygon", "coordinates": [ [ [ [ 6.170766009, 49.535118393200001 ], [ 6.1735658643, 49.534811019899998 ], [ 6.1740822567, 49.536034573599999 ], [ 6.174628555, 49.535959536 ], [ 6.1748060738, 49.536362416400003 ], [ 6.1764527504, 49.535996861699999 ], [ 6.1742375376, 49.537946291099999 ], [ 6.1739066058, 49.538433296400001 ], [ 6.1732581212, 49.538374826899997 ], [ 6.173978657, 49.540143257700002 ], [ 6.1734407788, 49.540204400500002 ], [ 6.1733194008, 49.542748252099997 ], [ 6.1715729734, 49.5455693169 ], [ 6.1741691873, 49.546875327199999 ], [ 6.1731411767, 49.549854836199998 ], [ 6.1695466838, 49.549883996699997 ], [ 6.169575032, 49.549991376800001 ], [ 6.1646502144, 49.551255115700002 ], [ 6.165955391, 49.552667170200003 ], [ 6.1652136419, 49.552814640599998 ], [ 6.1642928085, 49.553429971200003 ], [ 6.1626979498, 49.552388823599998 ], [ 6.1610654851, 49.553783131599999 ], [ 6.1604814277, 49.553181154599997 ], [ 6.1592067127, 49.5536469647 ], [ 6.1604533732, 49.5552822804 ], [ 6.1588680622, 49.555757589599999 ], [ 6.1568777512, 49.553164588 ], [ 6.1549912221, 49.55358133 ], [ 6.1544773885, 49.553047042 ], [ 6.1522052008, 49.553841725799998 ], [ 6.1502326702, 49.5541802284 ], [ 6.1499025207, 49.553540976 ], [ 6.1460761386, 49.554801475399998 ], [ 6.1454687834, 49.553957072700001 ], [ 6.1439987692, 49.554434852299998 ], [ 6.1418029185, 49.554820369399998 ], [ 6.1395362164, 49.555425534 ], [ 6.1394716648, 49.555343744600002 ], [ 6.1384356841, 49.555713843500001 ], [ 6.1378049824, 49.555812577899999 ], [ 6.1376943279, 49.555660402599997 ], [ 6.1374265939, 49.555816284400002 ], [ 6.1373159314, 49.5556793306 ], [ 6.136939603, 49.555795091900002 ], [ 6.1366966479, 49.5556828283 ], [ 6.1358355839, 49.556311587400003 ], [ 6.1356665369, 49.556058604199997 ], [ 6.1325333738, 49.5563467172 ], [ 6.1302230506, 49.556800447199997 ], [ 6.1273386166, 49.5569869264 ], [ 6.1275361511, 49.557119999400001 ], [ 6.1272621559, 49.557175865600001 ], [ 6.1276954029, 49.557937109599997 ], [ 6.1250079352, 49.5588565957 ], [ 6.1212464369, 49.559783464900001 ], [ 6.1172726119, 49.559802192100001 ], [ 6.1167472703, 49.559665488599997 ], [ 6.1137146002, 49.560987532299997 ], [ 6.1125181914, 49.561328885800002 ], [ 6.1082314335, 49.562096506499998 ], [ 6.1089969037, 49.565058616899996 ], [ 6.1091468079, 49.566524677300002 ], [ 6.107081681, 49.566792941199999 ], [ 6.1061900082, 49.566739696900001 ], [ 6.1058879512, 49.5664676293 ], [ 6.1042495513, 49.565952145700003 ], [ 6.102554466, 49.564841497099998 ], [ 6.1021177427, 49.5646557305 ], [ 6.1017531947, 49.5647175183 ], [ 6.0999471343, 49.564647925700001 ], [ 6.0938750433, 49.563177658199997 ], [ 6.0924110145, 49.5616878079 ], [ 6.0917196883, 49.560115727499998 ], [ 6.0917433624, 49.559561613600003 ], [ 6.0908913699, 49.559338939200003 ], [ 6.090285257, 49.559505439299997 ], [ 6.0901007552, 49.559396146899999 ], [ 6.0885402474, 49.557561077499997 ], [ 6.088152792, 49.55671513 ], [ 6.0884734725, 49.556128086900003 ], [ 6.0880844406, 49.5555726849 ], [ 6.0874243993, 49.555278178199998 ], [ 6.0868805328, 49.554483520200002 ], [ 6.0874651505, 49.553550235800003 ], [ 6.0879431262, 49.5534105459 ], [ 6.0878879749, 49.553032109100002 ], [ 6.0864257228, 49.552686226299997 ], [ 6.0848956435, 49.551949388899999 ], [ 6.0846337765, 49.552029591699998 ], [ 6.0866146238, 49.551411816600002 ], [ 6.0869270748, 49.551021352799999 ], [ 6.0867741762, 49.549885239699996 ], [ 6.0879972293, 49.548951431900001 ], [ 6.0876058419, 49.548616865299998 ], [ 6.0876311925, 49.548297851599997 ], [ 6.0885690081, 49.5467336098 ], [ 6.0904533336, 49.547007404299997 ], [ 6.0926339529, 49.545234706 ], [ 6.0930864618, 49.544401872 ], [ 6.0936632794, 49.544529338300002 ], [ 6.0973899032, 49.543126957600002 ], [ 6.0991108223, 49.541688138200001 ], [ 6.0971798713, 49.541316408100002 ], [ 6.0975246372, 49.5407355209 ], [ 6.0978940033, 49.540749400199999 ], [ 6.0982745612, 49.540193536399997 ], [ 6.0980834613, 49.539090500699999 ], [ 6.0969986651, 49.5384909944 ], [ 6.0981202131, 49.5376590204 ], [ 6.0994569174, 49.535984181499998 ], [ 6.0990084064, 49.534991298500003 ], [ 6.0993745901, 49.535057706400003 ], [ 6.1013628931, 49.532991886300003 ], [ 6.1020197073, 49.531447457299997 ], [ 6.1032714764, 49.5317720161 ], [ 6.1045933344, 49.528014214199999 ], [ 6.1056130848, 49.528349024800001 ], [ 6.1057608963, 49.528031159100003 ], [ 6.1057520071, 49.5264063941 ], [ 6.1071210208, 49.526485866500003 ], [ 6.107339935, 49.526090657899999 ], [ 6.1090700902, 49.526827788 ], [ 6.1102840759, 49.526953026800001 ], [ 6.1102536009, 49.527099369399998 ], [ 6.1109008564, 49.527311112699998 ], [ 6.1135019175, 49.527886819599999 ], [ 6.1138206034, 49.527258370200002 ], [ 6.1134506826, 49.527183950100003 ], [ 6.1134104414, 49.526949101100001 ], [ 6.1140774252, 49.525600532600002 ], [ 6.1151983463, 49.52595389 ], [ 6.1165432993, 49.522279674799996 ], [ 6.1170870253, 49.520455258699997 ], [ 6.1180367634, 49.5198278867 ], [ 6.1183735233, 49.520007555500001 ], [ 6.1195615956, 49.519163737699998 ], [ 6.1207723967, 49.518688023 ], [ 6.1220254405, 49.5178301256 ], [ 6.1243073087, 49.515039827499997 ], [ 6.1248508607, 49.514987906099996 ], [ 6.1257399262, 49.513981552 ], [ 6.1252962517, 49.513744394299998 ], [ 6.1270051431, 49.510806395 ], [ 6.1278479942, 49.509890764700003 ], [ 6.1280463952, 49.509204357100003 ], [ 6.1254530638, 49.5063019575 ], [ 6.1263830795, 49.505921118099998 ], [ 6.1258258785, 49.505432277300002 ], [ 6.1262827115, 49.5048534807 ], [ 6.1261418329, 49.503695953 ], [ 6.1257062518, 49.503693324899999 ], [ 6.1262644436, 49.5016462886 ], [ 6.1270951445, 49.5000333387 ], [ 6.1265744732, 49.499397786700001 ], [ 6.1265782943, 49.497517238699999 ], [ 6.1280712977, 49.493912596100003 ], [ 6.1302146704, 49.492559615799998 ], [ 6.1317476051, 49.490627764099997 ], [ 6.1327925773, 49.489994560600003 ], [ 6.1337294321, 49.489977356700003 ], [ 6.1364984311, 49.490658794 ], [ 6.1372214158, 49.490707149400002 ], [ 6.1389398166, 49.491294868499999 ], [ 6.1417758642, 49.491683964099998 ], [ 6.1414262081, 49.493768924400001 ], [ 6.1410889535, 49.493686849100001 ], [ 6.1402902678, 49.495193920699997 ], [ 6.137949453, 49.494461173399998 ], [ 6.1368893207, 49.494339069900001 ], [ 6.1365816416, 49.497014116599999 ], [ 6.1350210044, 49.499389098499996 ], [ 6.1346663204, 49.49935976 ], [ 6.1340214921, 49.500402274099997 ], [ 6.1325592162, 49.501655439399997 ], [ 6.1317858708, 49.501215195299999 ], [ 6.1313428246, 49.501577232099997 ], [ 6.1313652312, 49.502049347400003 ], [ 6.1317603194, 49.502262829599999 ], [ 6.1309386187, 49.503361592399997 ], [ 6.1301534421, 49.50535384 ], [ 6.1321513348, 49.505688448500003 ], [ 6.1316878477, 49.507056510399998 ], [ 6.131988269, 49.507123694299999 ], [ 6.1315056433, 49.508374144900003 ], [ 6.1305288738, 49.508766348400002 ], [ 6.1300979679, 49.509185765399998 ], [ 6.1332690118, 49.509802246900001 ], [ 6.132970209, 49.510911505800003 ], [ 6.1343339736, 49.511320657299997 ], [ 6.1342740438, 49.511508663299999 ], [ 6.1345978051, 49.511740888600002 ], [ 6.1359229926, 49.511963372099999 ], [ 6.1359994707, 49.512451630400001 ], [ 6.1383825092, 49.512439796 ], [ 6.1411246982, 49.5121863209 ], [ 6.141286957, 49.513476147200002 ], [ 6.142814219, 49.513726208599998 ], [ 6.1427244009, 49.513901553 ], [ 6.1457824112, 49.514738166 ], [ 6.1448924955, 49.5158158837 ], [ 6.145197687, 49.515875940100003 ], [ 6.1449264088, 49.516278305 ], [ 6.1465108989, 49.516810317800001 ], [ 6.1468351793, 49.516581937300003 ], [ 6.1487757136, 49.517606669 ], [ 6.1516933221, 49.516683355799998 ], [ 6.1547331734, 49.518201033399997 ], [ 6.1555464027, 49.517731537800003 ], [ 6.1557818913, 49.517912948599999 ], [ 6.1530404631, 49.519801037100002 ], [ 6.1546628945, 49.521272076199999 ], [ 6.1553128097, 49.521013811499998 ], [ 6.1554834632, 49.521109278799997 ], [ 6.1566111881, 49.521496627 ], [ 6.1577826736, 49.5228762837 ], [ 6.1588464877, 49.523714249599998 ], [ 6.1602909165, 49.523850389899998 ], [ 6.1638546914, 49.523062637 ], [ 6.165474937, 49.523190697399997 ], [ 6.165351539, 49.5233230451 ], [ 6.1661533528, 49.525606731400003 ], [ 6.1655470505, 49.526352601600003 ], [ 6.1643796088, 49.527219252 ], [ 6.1614022275, 49.527465380899997 ], [ 6.1612684096, 49.528598741800003 ], [ 6.1608323357, 49.528864685199999 ], [ 6.1598650366, 49.528688015100002 ], [ 6.1603399917, 49.527187074099999 ], [ 6.1573196713, 49.526359329599998 ], [ 6.1560733271, 49.526299407300002 ], [ 6.1554097279, 49.527355682500001 ], [ 6.1554923783, 49.5276667121 ], [ 6.1584446623, 49.528810510200003 ], [ 6.1595651771, 49.529594966600001 ], [ 6.1627683698, 49.530064740500002 ], [ 6.1626717316, 49.531391467100001 ], [ 6.1631016106, 49.531514922299998 ], [ 6.1633793089, 49.531386403799999 ], [ 6.1635191537, 49.531667641699997 ], [ 6.1645296603, 49.531948192500003 ], [ 6.1662339698, 49.532096914699999 ], [ 6.1662007594, 49.532823882599999 ], [ 6.1682051234, 49.532896288300002 ], [ 6.1687488888, 49.533054786800001 ], [ 6.1686419302, 49.533268579100003 ], [ 6.1688826081, 49.533342384 ], [ 6.1708042527, 49.533661039499997 ], [ 6.170766009, 49.535118393200001 ] ] ] ] } },
{ "type": "Feature", "properties": { "name": "Rosport-Mompach", "canton": "Echternach", "district": "Grevenmacher", "lau2": "1006" }, "geometry": { "type": "MultiPolygon", "coordinates": [ [ [ [ 6.5136733232, 49.771592181700001 ], [ 6.5129459492, 49.772059599899997 ], [ 6.509817195, 49.773447825799998 ], [ 6.5095734824, 49.773798215200003 ], [ 6.5097233222, 49.775215005600003 ], [ 6.5103422116, 49.7766945296 ], [ 6.5107602228, 49.777201853800001 ], [ 6.5149422568, 49.780369413199999 ], [ 6.516367711, 49.781668292900001 ], [ 6.5169003252, 49.782576902400002 ], [ 6.5161886585, 49.783592899600002 ], [ 6.5149240146, 49.784279117600001 ], [ 6.513108942, 49.784977557 ], [ 6.5106091569, 49.785573229699999 ], [ 6.5074341837, 49.786941600600002 ], [ 6.5060338533, 49.788058209799999 ], [ 6.5055784461, 49.789303761 ], [ 6.5058287492, 49.790254062099997 ], [ 6.5073258808, 49.7919431475 ], [ 6.5107579228, 49.793188140799998 ], [ 6.5141817362, 49.794010959700003 ], [ 6.5172644469, 49.795436881100002 ], [ 6.5201158502, 49.796408592399999 ], [ 6.5214173906, 49.797289750899999 ], [ 6.5230031346, 49.799253379100001 ], [ 6.5260743708, 49.802040351199999 ], [ 6.5296741394, 49.804122900899998 ], [ 6.5306401277, 49.805148127300001 ], [ 6.530897832, 49.806006544600002 ], [ 6.5300923487, 49.8069896517 ], [ 6.529404649, 49.809243547 ], [ 6.5269172302, 49.811017619099999 ], [ 6.5241191024, 49.8122023719 ], [ 6.5213170302, 49.813112762199999 ], [ 6.5202309898, 49.812904155 ], [ 6.5192475756, 49.812170276300002 ], [ 6.5186554172, 49.811048620699999 ], [ 6.5184102874, 49.809903074399998 ], [ 6.51852807, 49.808628139299998 ], [ 6.5166612709, 49.805205414100001 ], [ 6.5148064275, 49.803111064200003 ], [ 6.5135387961, 49.802040485100001 ], [ 6.5122721708, 49.801457348500001 ], [ 6.5111280207, 49.801378196500004 ], [ 6.5103012341, 49.8016098027 ], [ 6.5094577024, 49.802444541500002 ], [ 6.5077476837, 49.806091954800003 ], [ 6.5063389536, 49.808251448500002 ], [ 6.5054134864, 49.8091370052 ], [ 6.5044775774, 49.809460413300002 ], [ 6.5012187928, 49.809966983 ], [ 6.4988694733, 49.810774298600002 ], [ 6.4957056166, 49.812235587499998 ], [ 6.4948208395, 49.812063222399999 ], [ 6.4934864691, 49.811245775 ], [ 6.4930310778, 49.811124872299999 ], [ 6.4908647413, 49.811213557599999 ], [ 6.4886484055, 49.811612286900001 ], [ 6.4845088165, 49.813451855 ], [ 6.4839105503, 49.814007390599997 ], [ 6.4812969127, 49.8176430153 ], [ 6.4798489575, 49.818797154899997 ], [ 6.4725657898, 49.821995320699997 ], [ 6.4709859011, 49.822322660399998 ], [ 6.4696252559, 49.822066288499997 ], [ 6.4663735449, 49.820186061100003 ], [ 6.4639807144, 49.819316779499999 ], [ 6.4609294288, 49.817055498 ], [ 6.4568013123, 49.812821349 ], [ 6.4545668803, 49.811441092099997 ], [ 6.4536291485, 49.811284988 ], [ 6.4519151162, 49.811337545100002 ], [ 6.4517595138, 49.810103611099997 ], [ 6.4520958199, 49.809338287099997 ], [ 6.4526106793, 49.808944162499998 ], [ 6.4529023519, 49.808527650499997 ], [ 6.4528149339, 49.808368541599997 ], [ 6.4533289544, 49.807924364500003 ], [ 6.4530609505, 49.807829337599998 ], [ 6.4537014228, 49.8065750624 ], [ 6.4543909377, 49.8068042194 ], [ 6.4560081856, 49.806674303900003 ], [ 6.4568039783, 49.805886511899999 ], [ 6.4577955431, 49.805520202799997 ], [ 6.4630316373, 49.804571211700001 ], [ 6.4633864289, 49.804872087900002 ], [ 6.4691406956, 49.802814521800002 ], [ 6.4705235942, 49.8018881032 ], [ 6.4708183097, 49.801207587900002 ], [ 6.469955906, 49.799482096399998 ], [ 6.470036808, 49.798645666500001 ], [ 6.4707957132, 49.798400050300003 ], [ 6.4704756303, 49.797598268 ], [ 6.4692555885, 49.79563564 ], [ 6.4667764838, 49.7938131708 ], [ 6.4635473775, 49.7938246824 ], [ 6.4619440026, 49.792933096299997 ], [ 6.4595293459, 49.791989601600001 ], [ 6.4582436525, 49.791536935300002 ], [ 6.449535155, 49.794669172600003 ], [ 6.4489217527, 49.794564835400003 ], [ 6.4481672057, 49.794192095299998 ], [ 6.4464030858, 49.794528746 ], [ 6.4425871568, 49.794520101400003 ], [ 6.4395934078, 49.794927137899997 ], [ 6.438173134, 49.795572827900003 ], [ 6.4366164228, 49.795949113799999 ], [ 6.4352467855, 49.7959071382 ], [ 6.43449094, 49.795898913099997 ], [ 6.4333707494, 49.795161940900002 ], [ 6.4321687444, 49.793584358799997 ], [ 6.4324789051, 49.793366658 ], [ 6.4311553893, 49.792533443 ], [ 6.4303559421, 49.791765618399999 ], [ 6.4301033392, 49.791024734899999 ], [ 6.4309084175, 49.790847739299998 ], [ 6.429093744, 49.789841583399998 ], [ 6.4193925606, 49.785343393 ], [ 6.4177159503, 49.784735173400001 ], [ 6.4174988291, 49.784942321800003 ], [ 6.4123530917, 49.786195410099999 ], [ 6.410158487, 49.784317289699999 ], [ 6.4083472005, 49.782330081700003 ], [ 6.4074048868, 49.780915052099999 ], [ 6.4043161617, 49.779715996599997 ], [ 6.4045403094, 49.778692165700001 ], [ 6.4036392388, 49.778046197 ], [ 6.4025410608, 49.776311625799998 ], [ 6.4022369893, 49.775692312499999 ], [ 6.4022967997, 49.774834455099999 ], [ 6.4020794289, 49.774511813 ], [ 6.4013820625, 49.774099937300001 ], [ 6.3971648325, 49.773769611200002 ], [ 6.3974979821, 49.772525707600003 ], [ 6.3992731599, 49.770150061599999 ], [ 6.400847602, 49.766732618500001 ], [ 6.4006756889, 49.763648483200001 ], [ 6.3976203288, 49.7585855811 ], [ 6.3946102322, 49.7566205595 ], [ 6.3939003286, 49.755846981 ], [ 6.3914560928, 49.754564265799999 ], [ 6.3914073675, 49.754705227800002 ], [ 6.3912978357, 49.754045965400003 ], [ 6.3918946577, 49.753627682 ], [ 6.3923069713, 49.753523038099999 ], [ 6.3930309939, 49.754113438899999 ], [ 6.3959759859, 49.753153307399998 ], [ 6.395902615, 49.752591689699997 ], [ 6.3941349698, 49.750451544699999 ], [ 6.3973826768, 49.748997575399997 ], [ 6.397102735, 49.748824186299998 ], [ 6.3974942507, 49.748631167500001 ], [ 6.3970579797, 49.748352968500001 ], [ 6.4095929879, 49.744440852399997 ], [ 6.4047370353, 49.742283496299997 ], [ 6.4056209316, 49.741536243900001 ], [ 6.40775446, 49.741017847199998 ], [ 6.4081044286, 49.740790668499997 ], [ 6.4082665257, 49.740110482200002 ], [ 6.407877192, 49.7393505971 ], [ 6.4083243408, 49.738837775500002 ], [ 6.4088936217, 49.738477253399999 ], [ 6.4130809292, 49.739186152199999 ], [ 6.4137893268, 49.738946911500001 ], [ 6.4149627654, 49.738229494499997 ], [ 6.4150580771, 49.737225834699998 ], [ 6.4180833664, 49.736958094899997 ], [ 6.4193666732, 49.736639973899997 ], [ 6.4195308484, 49.736449748399998 ], [ 6.4194663217, 49.735013812399998 ], [ 6.4199470502, 49.733465723 ], [ 6.4237144556, 49.733291418199997 ], [ 6.4249072433, 49.733090838099997 ], [ 6.4273680713, 49.731821093199997 ], [ 6.4279171689, 49.731276579099998 ], [ 6.4293514593, 49.731740460899999 ], [ 6.4313232349, 49.733076685299999 ], [ 6.4315463438, 49.733054805199998 ], [ 6.4320746685, 49.733919289 ], [ 6.432333158, 49.733964559900002 ], [ 6.4345438048, 49.7332289123 ], [ 6.4351723908, 49.732634488199999 ], [ 6.4355450248, 49.732368504199997 ], [ 6.4356649791, 49.732426118200003 ], [ 6.4360081852, 49.732960708100002 ], [ 6.4373600677, 49.733896709100001 ], [ 6.4379188544, 49.734576369700001 ], [ 6.4398315103, 49.735761271400001 ], [ 6.442682783, 49.736985208199997 ], [ 6.443317191, 49.737403910899999 ], [ 6.4438529442, 49.738109724700003 ], [ 6.4445216607, 49.7401601539 ], [ 6.445356821, 49.741543132799997 ], [ 6.4463862839, 49.742187329899998 ], [ 6.4471463191, 49.742453575 ], [ 6.4494821797, 49.741760245099996 ], [ 6.4512316042, 49.741428685899997 ], [ 6.4537604338, 49.741831037300003 ], [ 6.4552933757, 49.741864763300001 ], [ 6.4559682653, 49.741583154200001 ], [ 6.4575657414, 49.741472845200001 ], [ 6.4590717315, 49.740791747 ], [ 6.459429792, 49.7411274066 ], [ 6.4597148093, 49.740534642100002 ], [ 6.4601140214, 49.740536231900002 ], [ 6.4604148293, 49.739536114700002 ], [ 6.4612630069, 49.7397242017 ], [ 6.4613981534, 49.739555982 ], [ 6.4653354478, 49.740689683900001 ], [ 6.4691249838, 49.742076980299998 ], [ 6.469454007, 49.742221351 ], [ 6.4693575528, 49.742368134899998 ], [ 6.4704844385, 49.7426468548 ], [ 6.4706369329, 49.742205276200004 ], [ 6.4717932028, 49.740920898 ], [ 6.4724617878, 49.7412792115 ], [ 6.4742355829, 49.741647130799997 ], [ 6.4756648165, 49.742589285100003 ], [ 6.4761956691, 49.7418462451 ], [ 6.4772751439, 49.740835526399998 ], [ 6.4773861826, 49.739690257299998 ], [ 6.4781946887, 49.738292543599997 ], [ 6.4786384599, 49.737978309100001 ], [ 6.4803005486, 49.737438506499998 ], [ 6.4814791957, 49.736460494 ], [ 6.482254994, 49.736075108 ], [ 6.4846177276, 49.736435124700002 ], [ 6.4884551376, 49.736341382299997 ], [ 6.4910938745, 49.735446541599998 ], [ 6.4916628367, 49.734788538099998 ], [ 6.49277863, 49.734183462700003 ], [ 6.4944209109, 49.733785271099997 ], [ 6.4994312042, 49.7332893365 ], [ 6.4993963614, 49.733129021899998 ], [ 6.5000541919, 49.733310375899997 ], [ 6.5010770837, 49.732981164199998 ], [ 6.5016047261, 49.733154765800002 ], [ 6.5014548524, 49.736120374499997 ], [ 6.5020739892, 49.739571972 ], [ 6.5019290277, 49.741993655199998 ], [ 6.5015375971, 49.7429528292 ], [ 6.5017238448, 49.744396189900002 ], [ 6.5023499982, 49.745786482200003 ], [ 6.5004267075, 49.748134001399997 ], [ 6.5001868448, 49.748991677 ], [ 6.5002577507, 49.749978807799998 ], [ 6.500196213, 49.752121547599998 ], [ 6.5012228961, 49.753574176400001 ], [ 6.5024068575, 49.754521417500001 ], [ 6.5038570483, 49.755269994700001 ], [ 6.5052532549, 49.755772552099998 ], [ 6.512767965, 49.757825954399998 ], [ 6.5147955086, 49.7588525456 ], [ 6.5177284463, 49.761208954200001 ], [ 6.518167489, 49.7623515955 ], [ 6.5174905653, 49.765638985800003 ], [ 6.5179156216, 49.767512503399999 ], [ 6.5174402042, 49.768532399100003 ], [ 6.5165236072, 49.769551636599999 ], [ 6.5136733232, 49.771592181700001 ] ] ] ] } },
{ "type": "Feature", "properties": { "name": "Rumelange", "canton": "Esch-sur-Alzette", "district": "Luxembourg", "lau2": "0212" }, "geometry": { "type": "MultiPolygon", "coordinates": [ [ [ [ 6.0184313556, 49.469311557600001 ], [ 6.0167506878, 49.469445304 ], [ 6.0150660382, 49.470278205299998 ], [ 6.0134789497, 49.470426260300002 ], [ 6.0130258358, 49.470918556100003 ], [ 6.0125364407, 49.470924376399999 ], [ 6.0125942918, 49.4720945714 ], [ 6.0118523894, 49.472058601400001 ], [ 6.0107349678, 49.472616349200003 ], [ 6.0105447948, 49.472803468800002 ], [ 6.0107206563, 49.472907645399999 ], [ 6.0104350694, 49.473419848100001 ], [ 6.0104665719, 49.474054670800001 ], [ 6.0088352471, 49.474400319 ], [ 6.008587502, 49.474294692400001 ], [ 6.006585968, 49.475100960100001 ], [ 6.0059899993, 49.475488102 ], [ 6.0053165385, 49.476307960500002 ], [ 6.0052897543, 49.476153552900001 ], [ 6.0022567113, 49.475008641700001 ], [ 6.000629022, 49.473401556299997 ], [ 6.0027814145, 49.472629233100001 ], [ 6.0033209946, 49.472185203199999 ], [ 6.0033148316, 49.471882010400002 ], [ 5.9994650713, 49.469760407 ], [ 5.9986726068, 49.468630856 ], [ 5.9967593053, 49.467208966699999 ], [ 5.9946250016, 49.468096023500003 ], [ 5.9943477383, 49.467888901099997 ], [ 5.9930642866, 49.468862794 ], [ 5.9910702671, 49.467525386399998 ], [ 5.9897762852, 49.467006592700002 ], [ 5.9895575897, 49.465756296 ], [ 5.9900000547, 49.464979053199997 ], [ 5.9896244974, 49.464344145600002 ], [ 5.9873181281, 49.462640428599997 ], [ 5.9876886563, 49.462336920600002 ], [ 5.9880676725, 49.461293086 ], [ 5.9877834909, 49.460278703199997 ], [ 5.9867318418, 49.458700992099999 ], [ 5.9857208185, 49.455739401800002 ], [ 5.982359357, 49.457036730299997 ], [ 5.979299742, 49.455244879200002 ], [ 5.9787522926, 49.4539921366 ], [ 5.9790898258, 49.452684638599997 ], [ 5.9803126735, 49.451869226100001 ], [ 5.9819720628, 49.451067538 ], [ 5.9979347817, 49.456497542500003 ], [ 6.0012336002, 49.456504391499998 ], [ 6.0078491249, 49.451639898899998 ], [ 6.0114964058, 49.453518913499998 ], [ 6.0138164151, 49.452530278700003 ], [ 6.015521402, 49.453631528 ], [ 6.0155925469, 49.453951709800002 ], [ 6.0180263172, 49.453949659700001 ], [ 6.01977588, 49.454262281 ], [ 6.0217468866, 49.454975894599997 ], [ 6.0237143796, 49.455022859 ], [ 6.0266943996, 49.454195097099998 ], [ 6.02807474, 49.455749104699997 ], [ 6.0292821881, 49.4550472556 ], [ 6.0272486666, 49.453774079600002 ], [ 6.0259204975, 49.451851034500002 ], [ 6.0258782155, 49.450727525799998 ], [ 6.026356154, 49.450173078699997 ], [ 6.0268407254, 49.448595882200003 ], [ 6.0272512612, 49.448261005799999 ], [ 6.028703629, 49.4491612506 ], [ 6.0293216463, 49.449339746200003 ], [ 6.032581545, 49.449535819799998 ], [ 6.0324100392, 49.450924679 ], [ 6.0300151308, 49.451732514200003 ], [ 6.0303852976, 49.452375917099999 ], [ 6.0310162232, 49.452890062199998 ], [ 6.0312585275, 49.452747206600002 ], [ 6.0320048408, 49.453084354200001 ], [ 6.032804782, 49.453181492900001 ], [ 6.0328446355, 49.452729279400003 ], [ 6.0368183705, 49.452559037699999 ], [ 6.0368259253, 49.452674583799997 ], [ 6.0386807403, 49.4527440942 ], [ 6.038989961, 49.453375443399999 ], [ 6.0399017028, 49.453766311099997 ], [ 6.0395448865, 49.453984315200003 ], [ 6.0394747892, 49.454421662 ], [ 6.0381181952, 49.454678384399998 ], [ 6.0378781726, 49.4549539677 ], [ 6.0382597986, 49.456324929399997 ], [ 6.041558414, 49.456192702300001 ], [ 6.0435823349, 49.456315186200001 ], [ 6.0436303137, 49.456542626 ], [ 6.0389996354, 49.458073649500001 ], [ 6.0391235918, 49.458302793800001 ], [ 6.0377813274, 49.458785927400001 ], [ 6.0390905635, 49.460495900399998 ], [ 6.0392736172, 49.460440087599999 ], [ 6.0402988145, 49.461176610300001 ], [ 6.0385685849, 49.4630304899 ], [ 6.0366663787, 49.463674109 ], [ 6.037024724, 49.464644226300003 ], [ 6.0370831108, 49.466334958 ], [ 6.0351486095, 49.466671860700004 ], [ 6.0350343456, 49.467095217 ], [ 6.0336424266, 49.467318848300003 ], [ 6.0337253578, 49.467515402399997 ], [ 6.032482499, 49.467709520600003 ], [ 6.0322897108, 49.467328697200003 ], [ 6.0314987648, 49.467488085500001 ], [ 6.0314611151, 49.4671337869 ], [ 6.0309067068, 49.467067049400001 ], [ 6.0297216735, 49.467056655699999 ], [ 6.0284704988, 49.467262859 ], [ 6.0267936002, 49.468230988899997 ], [ 6.0263749322, 49.467493199300002 ], [ 6.0249476482, 49.466810367100003 ], [ 6.025294772, 49.467232482100002 ], [ 6.0252649539, 49.467525559599999 ], [ 6.0240212038, 49.468723905799997 ], [ 6.0218646345, 49.46926024 ], [ 6.0199713477, 49.469398108599997 ], [ 6.0184313556, 49.469311557600001 ] ] ] ] } },
{ "type": "Feature", "properties": { "name": "Saeul", "canton": "Redange", "district": "Diekirch", "lau2": "0707" }, "geometry": { "type": "MultiPolygon", "coordinates": [ [ [ [ 5.9708621696, 49.720934754 ], [ 5.9710322616, 49.720399925499997 ], [ 5.9714901285, 49.720212593799999 ], [ 5.9733791324, 49.7201612677 ], [ 5.978351217, 49.720674595 ], [ 5.9804193801, 49.721380384500002 ], [ 5.9813218386, 49.721939744499998 ], [ 5.9851643639, 49.7229036584 ], [ 5.9850669356, 49.723082710500002 ], [ 5.9860562315, 49.723379664600003 ], [ 5.9877056507, 49.72372864 ], [ 5.9887188538, 49.723595325200002 ], [ 5.9894265129, 49.723721574800003 ], [ 5.990054659, 49.722847873200003 ], [ 5.9903233725, 49.722030001199997 ], [ 5.9899203715, 49.720647098299999 ], [ 5.9903552495, 49.719001977 ], [ 5.9930725271, 49.719300062800002 ], [ 5.9994955508, 49.720873918899997 ], [ 6.0035776624, 49.721736727600003 ], [ 6.0029033262, 49.722689394600003 ], [ 6.0030380075, 49.722732301 ], [ 6.0018043055, 49.724048376799999 ], [ 6.0033939707, 49.724551227200003 ], [ 6.0033173191, 49.724728220099998 ], [ 6.0051574994, 49.725300162099998 ], [ 6.0044510316, 49.726316798299997 ], [ 6.0040976586, 49.726768144099999 ], [ 6.0050091898, 49.727047141600003 ], [ 6.0052386799, 49.727219987600002 ], [ 6.0038225298, 49.7279551385 ], [ 6.0038079598, 49.728514994400001 ], [ 6.0048746398, 49.731140428899998 ], [ 6.0033320174, 49.73135356 ], [ 6.0028600404, 49.732413960499997 ], [ 6.0020069806, 49.733128874499997 ], [ 6.0017163114, 49.733051399399997 ], [ 6.0010090589, 49.734024370699998 ], [ 6.0052086933, 49.735283980600002 ], [ 6.00660333, 49.735560879499999 ], [ 6.0067977708, 49.736301614 ], [ 6.00704198, 49.736274404100001 ], [ 6.0068638127, 49.736782381099999 ], [ 6.0052602772, 49.736936141 ], [ 6.0046605978, 49.737326032699997 ], [ 6.0031881213, 49.737762528799998 ], [ 6.0020048089, 49.737936554699999 ], [ 6.000904172, 49.739404320399998 ], [ 5.9985125747, 49.741895181 ], [ 5.9977368359, 49.742591069600003 ], [ 5.997464557, 49.7424812979 ], [ 5.9972570754, 49.74239372 ], [ 5.9977464087, 49.741774557100001 ], [ 5.9951628724, 49.740927007300002 ], [ 5.9937057981, 49.742343097300001 ], [ 5.993094249, 49.742023779500002 ], [ 5.9927978944, 49.742321684499998 ], [ 5.9906603221, 49.741703772500003 ], [ 5.9905340193, 49.741882766700002 ], [ 5.9888975968, 49.741156823600001 ], [ 5.9885953109, 49.741806392900003 ], [ 5.9888265231, 49.741928844299999 ], [ 5.9869776596, 49.742965130499996 ], [ 5.9910198167, 49.744786869499997 ], [ 5.9908789384, 49.744935425900003 ], [ 5.9901290993, 49.744640031300001 ], [ 5.9882098683, 49.7469855497 ], [ 5.9859216044, 49.748590966 ], [ 5.9870473397, 49.749223902499999 ], [ 5.9892224945, 49.749834304799997 ], [ 5.9889811915, 49.750255071399998 ], [ 5.9894656679, 49.750309292899999 ], [ 5.988955471, 49.751779392899998 ], [ 5.9883311377, 49.752203335200001 ], [ 5.9878094664, 49.751856248499998 ], [ 5.987059161, 49.752318622200001 ], [ 5.9860404136, 49.751763066300001 ], [ 5.9840478956, 49.752791761 ], [ 5.9822947285, 49.753232482599998 ], [ 5.9800229205, 49.753106910299998 ], [ 5.9786978517, 49.753346829800002 ], [ 5.9779056491, 49.753671139399998 ], [ 5.9781185757, 49.753089792300003 ], [ 5.9779891025, 49.752252296 ], [ 5.9754600876, 49.752733811200002 ], [ 5.973653317, 49.752631764299998 ], [ 5.9734258926, 49.7529660123 ], [ 5.9748813095, 49.753420251400001 ], [ 5.9746225266, 49.754017627800003 ], [ 5.9734810876, 49.75395011 ], [ 5.9726308543, 49.7536623377 ], [ 5.9671422776, 49.751459669399999 ], [ 5.9674673485, 49.750995838 ], [ 5.9663437048, 49.750479370400001 ], [ 5.966724211, 49.750160308 ], [ 5.964454164, 49.749043774 ], [ 5.9636236656, 49.748473344200001 ], [ 5.9638721622, 49.748164515299997 ], [ 5.9631639018, 49.747480886699996 ], [ 5.9645996268, 49.746321094300001 ], [ 5.9629503756, 49.745818930200002 ], [ 5.9625892237, 49.745906267899997 ], [ 5.9609273982, 49.745485221700001 ], [ 5.9613579825, 49.744659202699999 ], [ 5.9596659631, 49.744082310099998 ], [ 5.9590378211, 49.744601076099997 ], [ 5.9584222722, 49.744329039599997 ], [ 5.9578905095, 49.744294085900002 ], [ 5.9586678152, 49.743517684499999 ], [ 5.958216945, 49.7433217086 ], [ 5.9598003751, 49.741846933700003 ], [ 5.9590392849, 49.741726593300001 ], [ 5.9586694528, 49.74204485 ], [ 5.9567233446, 49.741267680699998 ], [ 5.9564311187, 49.741750306299998 ], [ 5.9545183346, 49.740552291900002 ], [ 5.9543545684, 49.740281062100003 ], [ 5.9545423078, 49.740009470899999 ], [ 5.9579334166, 49.737692996699998 ], [ 5.9573542215, 49.737234847099998 ], [ 5.9573914883, 49.736812022700001 ], [ 5.9571343279, 49.736390660799998 ], [ 5.9572745312, 49.736062993 ], [ 5.9562996812, 49.735848274799999 ], [ 5.9547008502, 49.735908342599998 ], [ 5.95462425, 49.736502063300001 ], [ 5.9539011514, 49.736518527 ], [ 5.954051943, 49.737287608899997 ], [ 5.9535596938, 49.738097502499997 ], [ 5.9531885171, 49.738495658700003 ], [ 5.9526349028, 49.738498518699998 ], [ 5.9519015104, 49.739207342 ], [ 5.9498222153, 49.738009874900001 ], [ 5.9482337048, 49.739387305299999 ], [ 5.946918314, 49.7388366598 ], [ 5.9486011276, 49.7365744146 ], [ 5.9481545884, 49.736459603500002 ], [ 5.9482239249, 49.736125815800001 ], [ 5.9474908371, 49.736315383600001 ], [ 5.9472876858, 49.736243790899998 ], [ 5.9478003618, 49.735361981799997 ], [ 5.947899595, 49.7345443651 ], [ 5.9494029719, 49.734483339599997 ], [ 5.9494803126, 49.734041478400002 ], [ 5.9482305626, 49.733960138500002 ], [ 5.9482935195, 49.733668334599997 ], [ 5.9485662295, 49.733692837100001 ], [ 5.9485754464, 49.733357937500003 ], [ 5.9476533435, 49.733429181 ], [ 5.9462576292, 49.733244571199997 ], [ 5.9432689233, 49.732162460200001 ], [ 5.942886593, 49.732146220300002 ], [ 5.9419423883, 49.731517548 ], [ 5.9430046298, 49.730304274200002 ], [ 5.9436320011, 49.729150048800001 ], [ 5.945053195, 49.7295559047 ], [ 5.9468357194, 49.729762241300001 ], [ 5.9471300892, 49.729209298800001 ], [ 5.9457832495, 49.728485254399999 ], [ 5.9443648475, 49.728029486700002 ], [ 5.94577448, 49.726309124499998 ], [ 5.9447589371, 49.726063401399998 ], [ 5.9452992844, 49.724930019600002 ], [ 5.9449677688, 49.723926672399998 ], [ 5.9433854221, 49.7236597538 ], [ 5.9445809199, 49.722647064199997 ], [ 5.9427246437, 49.721353602299999 ], [ 5.9435978809, 49.720405849700001 ], [ 5.9415211076, 49.719324018 ], [ 5.9413496434, 49.718770189600001 ], [ 5.938258776, 49.718777068500003 ], [ 5.9365041522, 49.718268032 ], [ 5.934039918, 49.717875430600003 ], [ 5.9322482923, 49.717300091399999 ], [ 5.9334032268, 49.715818776900001 ], [ 5.931374836, 49.715304101500003 ], [ 5.9253732791, 49.713132106499998 ], [ 5.9255109698, 49.712896006400001 ], [ 5.9236035035, 49.712642846900003 ], [ 5.9225507426, 49.712057229499997 ], [ 5.9214153738, 49.711097587399998 ], [ 5.9212419042, 49.711159283 ], [ 5.9211988776, 49.710317314800001 ], [ 5.9221715431, 49.7096352262 ], [ 5.9235916132, 49.709420526 ], [ 5.9249700979, 49.709776119499999 ], [ 5.9255391077, 49.709751324499997 ], [ 5.9265405525, 49.709453672400002 ], [ 5.9274186744, 49.708725462899999 ], [ 5.9282225375, 49.70768173 ], [ 5.9277807967, 49.707057598200002 ], [ 5.9281221262, 49.705149794699999 ], [ 5.9278364685, 49.704685779499997 ], [ 5.9277232386, 49.703599367899997 ], [ 5.9281747084, 49.702858473 ], [ 5.9292845833, 49.7019582458 ], [ 5.9322521567, 49.702418108899998 ], [ 5.9370887462, 49.703813419799999 ], [ 5.9432462038, 49.707437101300002 ], [ 5.9461717506, 49.708718533099997 ], [ 5.9499817914, 49.708668181699998 ], [ 5.9515183451, 49.710467588100002 ], [ 5.9542071848, 49.712424424 ], [ 5.9552787452, 49.712803349 ], [ 5.957173123, 49.713414167400003 ], [ 5.9596141616, 49.714502963199998 ], [ 5.961289121, 49.715444660300001 ], [ 5.9618006366, 49.715922263099998 ], [ 5.9642028936, 49.716982068199997 ], [ 5.9651679468, 49.718245512300001 ], [ 5.9661654908, 49.718597504100003 ], [ 5.9672945319, 49.719426894100003 ], [ 5.9685107801, 49.719825222 ], [ 5.9693964463, 49.720637118 ], [ 5.9701744967, 49.721055816700002 ], [ 5.9701717033, 49.720951068700003 ], [ 5.9708621696, 49.720934754 ] ] ] ] } },
{ "type": "Feature", "properties": { "name": "Sandweiler", "canton": "Luxembourg", "district": "Luxembourg", "lau2": "0306" }, "geometry": { "type": "MultiPolygon", "coordinates": [ [ [ [ 6.2230423225, 49.623004397199999 ], [ 6.2225704673, 49.623235880800003 ], [ 6.2206977605, 49.623205499500003 ], [ 6.2190120918, 49.623518235 ], [ 6.2177047569, 49.624764773400003 ], [ 6.217306016, 49.625721712599997 ], [ 6.2175912282, 49.626204332299999 ], [ 6.216896965, 49.625837746499997 ], [ 6.2161149682, 49.626084459200001 ], [ 6.2157391563, 49.625809898 ], [ 6.2164103264, 49.6252715408 ], [ 6.2158715512, 49.624679928299997 ], [ 6.2146948862, 49.625001754499998 ], [ 6.212249714, 49.625159444200001 ], [ 6.2085500105, 49.6264270864 ], [ 6.2080211929, 49.626870969599999 ], [ 6.2081266014, 49.627626632800002 ], [ 6.2075626452, 49.628950787400001 ], [ 6.2067042016, 49.629523017099999 ], [ 6.206212098, 49.629291360700002 ], [ 6.2057470718, 49.629724800300004 ], [ 6.208509828, 49.631548816699997 ], [ 6.2075927963, 49.632187804499999 ], [ 6.2071677618, 49.632268412099997 ], [ 6.2065405312, 49.631853001499998 ], [ 6.2054782976, 49.632433751299999 ], [ 6.1992803548, 49.628470031900001 ], [ 6.1977342773, 49.628694936400002 ], [ 6.1947564289, 49.628538772699997 ], [ 6.1949159055, 49.628312359900001 ], [ 6.1960192564, 49.628320119599998 ], [ 6.1962814326, 49.627914444300004 ], [ 6.1949961638, 49.627788113 ], [ 6.193691253, 49.627468223299999 ], [ 6.193129096, 49.627229999699999 ], [ 6.193087738, 49.6267575153 ], [ 6.1892892466, 49.625557377200003 ], [ 6.1903491011, 49.622784748 ], [ 6.1854298469, 49.62145016 ], [ 6.1855867749, 49.621312213499998 ], [ 6.1886884822, 49.621206665 ], [ 6.1914816172, 49.620853585799999 ], [ 6.1915035198, 49.620732265800001 ], [ 6.1904059584, 49.620838854200002 ], [ 6.1903395177, 49.620256665299998 ], [ 6.1895064577, 49.620365466800003 ], [ 6.1898032527, 49.619023612500001 ], [ 6.1912259686, 49.619085247100003 ], [ 6.1913340946, 49.618112417699997 ], [ 6.1939860629, 49.617911183 ], [ 6.1952657418, 49.617339026099998 ], [ 6.1965656535, 49.617210842900001 ], [ 6.1977637214, 49.616791624800001 ], [ 6.1989307862, 49.616010686099997 ], [ 6.1985011181, 49.615853811299999 ], [ 6.1993939698, 49.615154804600003 ], [ 6.1992264036, 49.614954154099998 ], [ 6.1996938496, 49.614579917599997 ], [ 6.2012761738, 49.614005522799999 ], [ 6.2026971551, 49.613974742300002 ], [ 6.2032877707, 49.613806167500002 ], [ 6.2036491147, 49.613044094400003 ], [ 6.2023785576, 49.612731861299999 ], [ 6.2017786836, 49.610555788799999 ], [ 6.2003260698, 49.609619647800002 ], [ 6.1982189501, 49.608652565699998 ], [ 6.1956582706, 49.607009658599999 ], [ 6.1934734054, 49.606060904300001 ], [ 6.1918134844, 49.604885937399999 ], [ 6.1935031625, 49.604281801699997 ], [ 6.1979117602, 49.603989470800002 ], [ 6.2051377787, 49.606335367 ], [ 6.2060718712, 49.605833700600002 ], [ 6.208932967, 49.603467547900003 ], [ 6.2089576383, 49.602614399799997 ], [ 6.208236279, 49.600094683 ], [ 6.2098942184, 49.5995735487 ], [ 6.2107793109, 49.600354772099998 ], [ 6.2145597405, 49.602709176200001 ], [ 6.2185194195, 49.603232995699997 ], [ 6.2211631886, 49.603329436099997 ], [ 6.2211308732, 49.603192697899999 ], [ 6.2223850152, 49.602925082900001 ], [ 6.2231579733, 49.602505416 ], [ 6.2234985822, 49.602026308600003 ], [ 6.2240425143, 49.602262722299997 ], [ 6.2243281794, 49.6031816251 ], [ 6.2261861182, 49.602613036900003 ], [ 6.2263719621, 49.602084917799999 ], [ 6.2292936771, 49.603129267500002 ], [ 6.2299083188, 49.603714035300001 ], [ 6.2311795943, 49.60407022 ], [ 6.2313046949, 49.6032332045 ], [ 6.2319520465, 49.603458060199998 ], [ 6.2328532147, 49.603419421799998 ], [ 6.2337733101, 49.603911657799998 ], [ 6.2344891629, 49.603101099900002 ], [ 6.2356477359, 49.6034289344 ], [ 6.2354859317, 49.603528974 ], [ 6.235682567, 49.603920299499997 ], [ 6.2355071765, 49.604535891799998 ], [ 6.2359847893, 49.604605828799997 ], [ 6.2358423775, 49.604882989300002 ], [ 6.2366067512, 49.605219723499999 ], [ 6.2365445339, 49.6053254411 ], [ 6.2369204919, 49.6055272073 ], [ 6.2368426066, 49.605890149300002 ], [ 6.2374110784, 49.606087689 ], [ 6.2373850117, 49.606626437 ], [ 6.2365235025, 49.606885087899997 ], [ 6.2367820689, 49.60699171 ], [ 6.2367611348, 49.607379801299999 ], [ 6.2362022783, 49.6077398929 ], [ 6.2370527948, 49.6086555033 ], [ 6.2387750829, 49.609657631700003 ], [ 6.2370631042, 49.6120070817 ], [ 6.2378637631, 49.613585567900003 ], [ 6.2390723445, 49.614698745399998 ], [ 6.239666513, 49.615885474 ], [ 6.239829965, 49.617748080200002 ], [ 6.2400239262, 49.617750305100003 ], [ 6.2402922335, 49.618599029199999 ], [ 6.2390315872, 49.620344663099999 ], [ 6.2374009264, 49.622846460399998 ], [ 6.2351060042, 49.621931279199998 ], [ 6.2340874161, 49.621779286 ], [ 6.2330060555, 49.621861283 ], [ 6.232658996, 49.622011278499997 ], [ 6.2309447072, 49.623592103199996 ], [ 6.2315719618, 49.624284987800003 ], [ 6.2310404219, 49.624427105700001 ], [ 6.2304770046, 49.623927795199997 ], [ 6.2294723868, 49.624236101100003 ], [ 6.2281652771, 49.6243219861 ], [ 6.2264742772, 49.623848895499997 ], [ 6.2258735398, 49.623817517299997 ], [ 6.2254283634, 49.623505826900001 ], [ 6.2253498156, 49.6236054325 ], [ 6.2243042185, 49.6234629243 ], [ 6.2235203663, 49.623018919899998 ], [ 6.2230423225, 49.623004397199999 ] ] ] ] } },
{ "type": "Feature", "properties": { "name": "Sanem", "canton": "Esch-sur-Alzette", "district": "Luxembourg", "lau2": "0213" }, "geometry": { "type": "MultiPolygon", "coordinates": [ [ [ [ 5.9132585996, 49.546194419700001 ], [ 5.9132332076, 49.545676197 ], [ 5.9130428028, 49.545573648900003 ], [ 5.9113053034, 49.545703922100003 ], [ 5.908771617, 49.5451290098 ], [ 5.9088814218, 49.544999000600001 ], [ 5.9062530516, 49.544050708199997 ], [ 5.9054925568, 49.543001624200002 ], [ 5.9059244475, 49.542176559 ], [ 5.9067557269, 49.541587581500004 ], [ 5.9079538522, 49.541488438499997 ], [ 5.9094746251, 49.541900868900001 ], [ 5.9106127075, 49.541748346200002 ], [ 5.9104976599, 49.5413358841 ], [ 5.909927862, 49.540684965 ], [ 5.9121659787, 49.539825117399999 ], [ 5.9134991757, 49.538220354 ], [ 5.9144776812, 49.537615594199998 ], [ 5.9141956064, 49.537446933600002 ], [ 5.9147294506, 49.537016435600002 ], [ 5.9134199364, 49.535393396300002 ], [ 5.9138163512, 49.534799196 ], [ 5.9149980206, 49.534166104599997 ], [ 5.9151841064, 49.533789691599999 ], [ 5.910354282, 49.5308286928 ], [ 5.909277216, 49.530666857 ], [ 5.9081435253, 49.5308283046 ], [ 5.9076432428, 49.530476556 ], [ 5.9072773116, 49.529995841400002 ], [ 5.9080076421, 49.529346458299997 ], [ 5.9076352132, 49.529282478600003 ], [ 5.9069010972, 49.52865394 ], [ 5.9063375751, 49.526553859099998 ], [ 5.9070856344, 49.5241201921 ], [ 5.9082657948, 49.522987239 ], [ 5.913370776, 49.523051194399997 ], [ 5.9147730884, 49.523210771400002 ], [ 5.9148147553, 49.521853594100001 ], [ 5.9151041859, 49.521299857599999 ], [ 5.915502759, 49.521329748799999 ], [ 5.9155505443, 49.521225015900001 ], [ 5.9143178937, 49.519253526100002 ], [ 5.9156358821, 49.517822363699999 ], [ 5.9158230197, 49.516661814 ], [ 5.9163191987, 49.5166416 ], [ 5.9158163722, 49.514744533299996 ], [ 5.9160608621, 49.514704658 ], [ 5.9155348767, 49.513766393 ], [ 5.9159874436, 49.513716864199999 ], [ 5.9146216881, 49.510974983300002 ], [ 5.9147163998, 49.509746061100003 ], [ 5.9136678444, 49.508161987 ], [ 5.9128988368, 49.507811189900004 ], [ 5.9119850878, 49.5076961587 ], [ 5.910769671, 49.5078421941 ], [ 5.9100940376, 49.508211023 ], [ 5.9072408815, 49.506778808500002 ], [ 5.904936793, 49.506407100799997 ], [ 5.9084791322, 49.505619717400002 ], [ 5.9095682352, 49.505095795300001 ], [ 5.9091427773, 49.5045620657 ], [ 5.9084900435, 49.504197211399998 ], [ 5.9066648089, 49.503711313799997 ], [ 5.9039899305, 49.503465203300003 ], [ 5.9019431264, 49.5022234674 ], [ 5.9022716459, 49.501801886300001 ], [ 5.9028586251, 49.501967390099999 ], [ 5.9042469411, 49.501044228200001 ], [ 5.9072639782, 49.5000843682 ], [ 5.907371892, 49.501612374899999 ], [ 5.9076748015, 49.502131486499998 ], [ 5.9085980095, 49.501590648200001 ], [ 5.9099479827, 49.501828247 ], [ 5.913072853, 49.501986439299998 ], [ 5.9157576929, 49.501437505 ], [ 5.9176863795, 49.500712343 ], [ 5.9200138206, 49.500231887399998 ], [ 5.9205979036, 49.500984581200001 ], [ 5.9219453229, 49.500727708299998 ], [ 5.9239022142, 49.499365692799998 ], [ 5.9275384841, 49.498382679199999 ], [ 5.9305574528, 49.500643820500002 ], [ 5.9319992358, 49.499822889599997 ], [ 5.9321206606, 49.499913156200002 ], [ 5.932410161, 49.499573931299999 ], [ 5.9341410281, 49.500617864100001 ], [ 5.9349260127, 49.500232309499999 ], [ 5.93597534, 49.500860072099997 ], [ 5.9401183622, 49.500962272599999 ], [ 5.9431541175, 49.500231697 ], [ 5.9426420879, 49.499377063300003 ], [ 5.9427366214, 49.499169397499998 ], [ 5.9424046912, 49.498980828199997 ], [ 5.9419930965, 49.498349997299997 ], [ 5.941968395, 49.497996173 ], [ 5.943030843, 49.495920984599998 ], [ 5.9438224387, 49.495179241099997 ], [ 5.9445147786, 49.495584064600003 ], [ 5.943781734, 49.496509876600001 ], [ 5.9434182599, 49.497402448499997 ], [ 5.945184428, 49.497644567599998 ], [ 5.9462079771, 49.497603585599997 ], [ 5.9459477776, 49.499563157600001 ], [ 5.9448351735, 49.499829420200001 ], [ 5.9451910723, 49.500460062 ], [ 5.9436435527, 49.501076996800002 ], [ 5.943880651, 49.501488621500002 ], [ 5.9432186875, 49.501728098599997 ], [ 5.9452972347, 49.505335201800001 ], [ 5.9462182375, 49.505110180300001 ], [ 5.946390687, 49.505409538099997 ], [ 5.9477657696, 49.505073510899997 ], [ 5.9484005213, 49.506176428700002 ], [ 5.9487758139, 49.506084501799997 ], [ 5.9502492234, 49.508416446200002 ], [ 5.9502090861, 49.508793928099998 ], [ 5.9466269059, 49.508649049399999 ], [ 5.9468405108, 49.510031740800002 ], [ 5.9495281416, 49.511602937 ], [ 5.9517969233, 49.511735487400003 ], [ 5.951872524, 49.511537390900003 ], [ 5.952116546, 49.510897916600001 ], [ 5.9533454571, 49.510705212399998 ], [ 5.9548758969, 49.510761798499999 ], [ 5.9552029319, 49.510483078699998 ], [ 5.9563130408, 49.510788955 ], [ 5.9565302244, 49.511741694800001 ], [ 5.9575688357, 49.512023197600001 ], [ 5.9618994282, 49.512081817599999 ], [ 5.9666526094, 49.512874193 ], [ 5.9658935315, 49.513677961200003 ], [ 5.9668518258, 49.514443270800001 ], [ 5.967130389, 49.515007453499997 ], [ 5.9701559182, 49.515580689399997 ], [ 5.9749416017, 49.516896468799999 ], [ 5.9751070921, 49.516937024 ], [ 5.976113739, 49.5171272985 ], [ 5.976063044, 49.517839197199997 ], [ 5.975371368, 49.519652826399998 ], [ 5.9744024748, 49.521161881700003 ], [ 5.9738614657, 49.520994363900002 ], [ 5.9735736086, 49.521611952 ], [ 5.9742804774, 49.521822914200001 ], [ 5.973511832, 49.523146646100002 ], [ 5.9751368326, 49.524209177199999 ], [ 5.9744124508, 49.524813903499997 ], [ 5.9752289639, 49.524990795199997 ], [ 5.9753029278, 49.525139038 ], [ 5.9762204734, 49.525216333499998 ], [ 5.9766418948, 49.525764238100003 ], [ 5.9764974384, 49.526103343700001 ], [ 5.9757279043, 49.527532419099998 ], [ 5.9748235847, 49.527150288199998 ], [ 5.9745979157, 49.527518531399998 ], [ 5.971652788, 49.528458910499999 ], [ 5.9722252262, 49.530179197300001 ], [ 5.9708659624, 49.530263447499998 ], [ 5.9708603648, 49.530033148 ], [ 5.96804279, 49.529869018600003 ], [ 5.9680807715, 49.529724182800003 ], [ 5.9656609037, 49.52918244 ], [ 5.9657890305, 49.528992159 ], [ 5.9649556193, 49.5289222826 ], [ 5.9648661843, 49.529409490799999 ], [ 5.963866545, 49.52924784 ], [ 5.9636589232, 49.529559017799997 ], [ 5.9610609549, 49.529298296900002 ], [ 5.960987295, 49.529388661399999 ], [ 5.9612535581, 49.529445384200002 ], [ 5.9606228955, 49.530008804300003 ], [ 5.9594038224, 49.530412795799997 ], [ 5.9579515968, 49.530369565699999 ], [ 5.9570162097, 49.530136600299997 ], [ 5.9547207363, 49.530149472799998 ], [ 5.9541600109, 49.530191743 ], [ 5.9539056738, 49.530525322099997 ], [ 5.9540228498, 49.531543037699997 ], [ 5.9530067177, 49.534161167699999 ], [ 5.9544440342, 49.535674769499998 ], [ 5.9560836139, 49.537993940299998 ], [ 5.9576599582, 49.539731570699999 ], [ 5.9596765486, 49.540721917399999 ], [ 5.9607077471, 49.541722171799996 ], [ 5.9618411404, 49.542280037700003 ], [ 5.9645614299, 49.542955678600002 ], [ 5.9651869437, 49.544776492700002 ], [ 5.9666273254, 49.545628064900001 ], [ 5.9676917945, 49.545970002799997 ], [ 5.9698686283, 49.545892662699998 ], [ 5.9695359495, 49.547463632700001 ], [ 5.9675656679, 49.547362570899999 ], [ 5.9675498988, 49.547593696100002 ], [ 5.9655951412, 49.547104787099997 ], [ 5.9656127499, 49.546781416599998 ], [ 5.9621515675, 49.546413487899997 ], [ 5.9622201134, 49.545688386400002 ], [ 5.9612697676, 49.545596590099997 ], [ 5.9611073214, 49.545718714899998 ], [ 5.9607489238, 49.548420749199998 ], [ 5.9612340425, 49.551711071900002 ], [ 5.9610883742, 49.552264943 ], [ 5.9616818222, 49.552858494 ], [ 5.9615730427, 49.553362701399998 ], [ 5.9611067961, 49.553962953800003 ], [ 5.9617700921, 49.554410037700002 ], [ 5.9621020073, 49.5550757878 ], [ 5.9626626643, 49.555543373 ], [ 5.963087428, 49.556426230200003 ], [ 5.9639321831, 49.557145026599997 ], [ 5.9635092985, 49.557320481399998 ], [ 5.9647797234, 49.559800753899999 ], [ 5.9652359913, 49.5597257473 ], [ 5.9656449612, 49.560627439199997 ], [ 5.9655702256, 49.560996438 ], [ 5.9631635729, 49.5642169439 ], [ 5.9611306778, 49.568154644 ], [ 5.9609266854, 49.568407469299999 ], [ 5.9610741214, 49.568381469099997 ], [ 5.9615918427, 49.568924884499999 ], [ 5.9593447538, 49.569434836200003 ], [ 5.9585513662, 49.5692442812 ], [ 5.9578880924, 49.5688231014 ], [ 5.9570736711, 49.567993637400001 ], [ 5.9560977465, 49.567371845700002 ], [ 5.9553036574, 49.566408663799997 ], [ 5.9547984083, 49.565411903600001 ], [ 5.95497062, 49.564790531299998 ], [ 5.9546008742, 49.563720597200003 ], [ 5.9528643011, 49.562033489699999 ], [ 5.951228834, 49.561599425399997 ], [ 5.9511628582, 49.561079635399999 ], [ 5.9493854178, 49.5597748705 ], [ 5.9483365979, 49.559681389300003 ], [ 5.947430459, 49.560892030399998 ], [ 5.9458679524, 49.561230695900001 ], [ 5.9430068085, 49.562235705600003 ], [ 5.9426395409, 49.562268853900001 ], [ 5.9423838291, 49.5619361368 ], [ 5.941901754, 49.5618489298 ], [ 5.9401983415, 49.5620590224 ], [ 5.9378518247, 49.561854020399998 ], [ 5.9370338689, 49.561505655200001 ], [ 5.9377269931, 49.559462089299998 ], [ 5.931714881, 49.5570858663 ], [ 5.9282197225, 49.556304289 ], [ 5.9255567526, 49.555480892699997 ], [ 5.9238405853, 49.555187045700002 ], [ 5.9219354762, 49.555057489799999 ], [ 5.9205479562, 49.5547499312 ], [ 5.9204089017, 49.555000729200003 ], [ 5.9165558805, 49.553915628699997 ], [ 5.9160436458, 49.554389805699998 ], [ 5.9127302827, 49.554118003900001 ], [ 5.911668875, 49.553800976399998 ], [ 5.9089072557, 49.5524117167 ], [ 5.9060230153, 49.552039412900001 ], [ 5.9048092307, 49.5522137468 ], [ 5.9036207768, 49.551819123599998 ], [ 5.9038691162, 49.551289726199997 ], [ 5.9042838238, 49.551267220299998 ], [ 5.9035463252, 49.550983041800002 ], [ 5.9024386611, 49.550153150900002 ], [ 5.9007396834, 49.549378137600002 ], [ 5.8985431234, 49.547110193499996 ], [ 5.9042944096, 49.5472685019 ], [ 5.9056980254, 49.547181330699999 ], [ 5.9061885777, 49.547404554700002 ], [ 5.9064445237, 49.5473084144 ], [ 5.9065174838, 49.547443670200003 ], [ 5.9069473552, 49.547463294400004 ], [ 5.9075790386, 49.546952363800003 ], [ 5.9077271897, 49.547178453900003 ], [ 5.9101075538, 49.546713738599998 ], [ 5.9121485974, 49.546673407599997 ], [ 5.9126851363, 49.546438635199998 ], [ 5.9127839744, 49.546215783 ], [ 5.9132585996, 49.546194419700001 ] ] ] ] } },
{ "type": "Feature", "properties": { "name": "Schengen", "canton": "Remich", "district": "Grevenmacher", "lau2": "1206" }, "geometry": { "type": "MultiPolygon", "coordinates": [ [ [ [ 6.3426743084, 49.469082786500003 ], [ 6.3458619742, 49.466534764800002 ], [ 6.3472522281, 49.465877759800001 ], [ 6.3487429671, 49.4661680225 ], [ 6.3498970303, 49.466911938400003 ], [ 6.3528535113, 49.467317186499997 ], [ 6.356038425, 49.464618509300003 ], [ 6.3605455851, 49.461422599599999 ], [ 6.3644492384, 49.459505333800003 ], [ 6.3688512139, 49.4598681469 ], [ 6.3678460557, 49.463519907200002 ], [ 6.3675026254, 49.465572311599999 ], [ 6.3677267646, 49.469416987800003 ], [ 6.3666792865, 49.469598992 ], [ 6.3672638765, 49.472401446900001 ], [ 6.3672030134, 49.478920734699997 ], [ 6.3674519788, 49.483114056600002 ], [ 6.3687054446, 49.4886379187 ], [ 6.3683130046, 49.490485159800002 ], [ 6.3670046265, 49.492769733599999 ], [ 6.3666609996, 49.493748208600003 ], [ 6.3666086679, 49.496241483600002 ], [ 6.3667784764, 49.499084230500003 ], [ 6.367293145, 49.501555143099999 ], [ 6.367311836, 49.503877217099998 ], [ 6.3665704822, 49.505541603399998 ], [ 6.3660490778, 49.507910370399998 ], [ 6.3612899594, 49.517296394500001 ], [ 6.3587326237, 49.522751414299996 ], [ 6.357108552, 49.527019084099997 ], [ 6.3560017708, 49.529175738 ], [ 6.3557917787, 49.530209395500002 ], [ 6.3559853438, 49.531373935 ], [ 6.3562420671, 49.531948462800003 ], [ 6.3583145483, 49.534491031500004 ], [ 6.3604014443, 49.536685869400003 ], [ 6.3564564761, 49.537744997 ], [ 6.3562070456, 49.5374150528 ], [ 6.3556533306, 49.537534099200002 ], [ 6.3560800048, 49.538750693499999 ], [ 6.3559366806, 49.538862722899999 ], [ 6.3555142413, 49.538819579399998 ], [ 6.3537331817, 49.536712157799997 ], [ 6.3527542178, 49.536025542099999 ], [ 6.3512409618, 49.535568413299998 ], [ 6.3503718208, 49.534975703699999 ], [ 6.3495736317, 49.5346667345 ], [ 6.3458759243, 49.534258947 ], [ 6.3446643878, 49.534614603100003 ], [ 6.3439535534, 49.535367852599997 ], [ 6.341489931, 49.5363749447 ], [ 6.340544435, 49.537378389300002 ], [ 6.3391709553, 49.538244772900001 ], [ 6.3382539968, 49.536412087099997 ], [ 6.3382708906, 49.535140762200001 ], [ 6.3387682601, 49.534770373800001 ], [ 6.3379861526, 49.534023433100003 ], [ 6.3375886663, 49.533324932 ], [ 6.3360368403, 49.533115186700002 ], [ 6.3350912291, 49.532768237200003 ], [ 6.3344914884, 49.533308987 ], [ 6.3337528798, 49.533515238900002 ], [ 6.3326841883, 49.533020309 ], [ 6.3321858566, 49.5325673193 ], [ 6.3303052078, 49.532998439499998 ], [ 6.3299070796, 49.532961713699997 ], [ 6.3285284977, 49.532276353 ], [ 6.3279861429, 49.531098227 ], [ 6.3273835984, 49.530481551800001 ], [ 6.3249606393, 49.530876920600001 ], [ 6.3245241366, 49.530592559 ], [ 6.3242071768, 49.530854343599998 ], [ 6.3207700043, 49.5306472599 ], [ 6.3200567716, 49.530402782300001 ], [ 6.3169570907, 49.527768450400004 ], [ 6.3163150191, 49.526930766299998 ], [ 6.3175189394, 49.5263564913 ], [ 6.3186148548, 49.5260353376 ], [ 6.3197342582, 49.525983067600002 ], [ 6.3220632491, 49.525571219100001 ], [ 6.3227027348, 49.5252415016 ], [ 6.323213677, 49.5246645179 ], [ 6.3232117885, 49.523949383100003 ], [ 6.3242597973, 49.5235638009 ], [ 6.3230395404, 49.522749648500003 ], [ 6.3121921422, 49.517256240099996 ], [ 6.3106433787, 49.516569789899997 ], [ 6.3093861804, 49.516207919199999 ], [ 6.3073197917, 49.514701454700003 ], [ 6.3061482164, 49.514067633400003 ], [ 6.3045416837, 49.512015332899999 ], [ 6.3007675478, 49.509645455499999 ], [ 6.2978823665, 49.507349475799998 ], [ 6.2969300967, 49.505488980300001 ], [ 6.2964539804, 49.5039185941 ], [ 6.2978385509, 49.503639445700003 ], [ 6.2974615931, 49.503131411 ], [ 6.2989735573, 49.502602942099998 ], [ 6.298077902, 49.501395832699998 ], [ 6.3003773654, 49.500355825 ], [ 6.3000211373, 49.499606361399998 ], [ 6.3007824739, 49.498563533199999 ], [ 6.3008922059, 49.497270645699999 ], [ 6.3006817568, 49.496437361200002 ], [ 6.3011052262, 49.496311337 ], [ 6.3008467794, 49.495857437200002 ], [ 6.3001920332, 49.4960516549 ], [ 6.2998577708, 49.495234803 ], [ 6.2943226252, 49.497151175699997 ], [ 6.2936204409, 49.495794609299999 ], [ 6.2911924959, 49.497099537499999 ], [ 6.2896413633, 49.496097368900003 ], [ 6.2870083345, 49.4970137193 ], [ 6.2856087415, 49.494841811500002 ], [ 6.2856369199, 49.494288968699998 ], [ 6.286411081, 49.493626557299997 ], [ 6.2874673833, 49.494298993800001 ], [ 6.2884140721, 49.494473945400003 ], [ 6.2889187494, 49.494326121900002 ], [ 6.2896147035, 49.493715470600002 ], [ 6.2896703577, 49.493101017 ], [ 6.2889066743, 49.492773968199998 ], [ 6.2889411091, 49.491831745399999 ], [ 6.2885561852, 49.491522466299998 ], [ 6.2882780193, 49.491432944700001 ], [ 6.2872056415, 49.491899167200003 ], [ 6.2856474231, 49.492177431800002 ], [ 6.2843869178, 49.491472979 ], [ 6.284754137, 49.490204174299997 ], [ 6.2854035568, 49.489541662100002 ], [ 6.286220657, 49.488146299299999 ], [ 6.2870729471, 49.487882202199998 ], [ 6.2884795947, 49.487700858300002 ], [ 6.2894778391, 49.4870690033 ], [ 6.289471918, 49.486326201799997 ], [ 6.2890603743, 49.486291066900002 ], [ 6.288670004, 49.486708579 ], [ 6.28810963, 49.4866983406 ], [ 6.2875421873, 49.486152042599997 ], [ 6.2888428757, 49.484823887200001 ], [ 6.29022932, 49.484614391699999 ], [ 6.2912114499, 49.484679320600002 ], [ 6.2911189541, 49.4849570859 ], [ 6.291520816, 49.485227496699999 ], [ 6.2917368535, 49.485667365600001 ], [ 6.2916556447, 49.486842197900003 ], [ 6.2922660014, 49.487493949899999 ], [ 6.2931864653, 49.487583600400001 ], [ 6.2936084059, 49.4877704807 ], [ 6.2941333725, 49.4871325111 ], [ 6.2953465308, 49.4871252485 ], [ 6.296310063, 49.487412525 ], [ 6.2982605263, 49.488606997 ], [ 6.2987967616, 49.488634369 ], [ 6.2992070309, 49.488267663199998 ], [ 6.2994802406, 49.4877975343 ], [ 6.2990641118, 49.4876092931 ], [ 6.2983878664, 49.486660996099999 ], [ 6.2981999934, 49.485969543099998 ], [ 6.2971755398, 49.484616003500001 ], [ 6.296477638, 49.483175504899997 ], [ 6.29570466, 49.482756620700002 ], [ 6.2952938476, 49.481970975400003 ], [ 6.2951238653, 49.481358898300002 ], [ 6.2962221032, 49.480194351500003 ], [ 6.2968121953, 49.480046748600003 ], [ 6.2976769476, 49.4803509292 ], [ 6.2989733539, 49.480317100400001 ], [ 6.2992559658, 49.479653901399999 ], [ 6.3015442578, 49.479118106100003 ], [ 6.303331457, 49.478363740299997 ], [ 6.303874428, 49.477875524700003 ], [ 6.3042917398, 49.478322712299999 ], [ 6.305140219, 49.477671477400001 ], [ 6.3054401954, 49.477138461899997 ], [ 6.3061419726, 49.477432775700002 ], [ 6.3080212016, 49.478926488200003 ], [ 6.3129633636, 49.4803968672 ], [ 6.3144316431, 49.478032064 ], [ 6.3146015459, 49.4770699587 ], [ 6.3161529313, 49.477375929600001 ], [ 6.3163132439, 49.477830121 ], [ 6.317713278, 49.478055785700001 ], [ 6.3180711707, 49.47773356 ], [ 6.3186511529, 49.478025529 ], [ 6.3198251725, 49.477495141 ], [ 6.3206498574, 49.477420528899998 ], [ 6.3215063602, 49.476678441700003 ], [ 6.3247004596, 49.474763377899997 ], [ 6.3244958907, 49.474677277600001 ], [ 6.3251038627, 49.474005093 ], [ 6.3274445752, 49.472368304500002 ], [ 6.3283007761, 49.472732482600001 ], [ 6.3291174229, 49.471674712099997 ], [ 6.3298960645, 49.470062491199997 ], [ 6.332787755, 49.469633435799999 ], [ 6.3340247675, 49.466939208200003 ], [ 6.3379590985, 49.468448237899999 ], [ 6.3387501751, 49.468622342400003 ], [ 6.3400993983, 49.468227048400003 ], [ 6.3426743084, 49.469082786500003 ] ] ] ] } },
{ "type": "Feature", "properties": { "name": "Schieren", "canton": "Diekirch", "district": "Diekirch", "lau2": "0609" }, "geometry": { "type": "MultiPolygon", "coordinates": [ [ [ [ 6.0911681004, 49.822829613099998 ], [ 6.0912896108, 49.8226359708 ], [ 6.0926838679, 49.822280674300004 ], [ 6.0941993538, 49.8214712467 ], [ 6.0950604356, 49.820642890899997 ], [ 6.096247217, 49.818924229099999 ], [ 6.0965394843, 49.818122223499998 ], [ 6.0947989873, 49.8172398739 ], [ 6.0945012167, 49.816941826300003 ], [ 6.0946551429, 49.81636776 ], [ 6.0957573228, 49.815426572100002 ], [ 6.0964695955, 49.815002208300001 ], [ 6.0972765636, 49.814796919300001 ], [ 6.0984410752, 49.814989027800003 ], [ 6.1010028205, 49.814597968299999 ], [ 6.101777319, 49.814660956399997 ], [ 6.1027249711, 49.815017087 ], [ 6.1037310326, 49.815004057499998 ], [ 6.1051507282, 49.814548926900002 ], [ 6.1061284321, 49.8138427337 ], [ 6.1080070188, 49.812863526199997 ], [ 6.1081048298, 49.811530392199998 ], [ 6.1092779156, 49.810352638 ], [ 6.1110953134, 49.810851832200001 ], [ 6.1121457772, 49.810896102699999 ], [ 6.1132855704, 49.811483874399997 ], [ 6.1160379498, 49.8124873772 ], [ 6.1174808517, 49.813389447299997 ], [ 6.1197360051, 49.814084923300001 ], [ 6.1229325536, 49.815514412399999 ], [ 6.123989343, 49.815789233899999 ], [ 6.1256604694, 49.816735538700001 ], [ 6.1257756953, 49.816676538099998 ], [ 6.1262407422, 49.817075754699999 ], [ 6.1278315228, 49.817569390899997 ], [ 6.1282643184, 49.818104608299997 ], [ 6.1291543702, 49.818320293600003 ], [ 6.1300828793, 49.818953088800001 ], [ 6.1307287566, 49.819051867699997 ], [ 6.1316876891, 49.819496637599997 ], [ 6.1328998438, 49.820402363600003 ], [ 6.1366197724, 49.822359676300003 ], [ 6.1390430988, 49.823872871699997 ], [ 6.1420797047, 49.825144148900002 ], [ 6.1432568039, 49.825445360700002 ], [ 6.1457161816, 49.826738125 ], [ 6.1464878399, 49.827044226799998 ], [ 6.1464484804, 49.82769482 ], [ 6.1470951748, 49.829937492200003 ], [ 6.147189102, 49.831655892599997 ], [ 6.1460284239, 49.833039545699997 ], [ 6.1438519481, 49.8341331819 ], [ 6.1427499574, 49.835045145899997 ], [ 6.1414884676, 49.835966800900003 ], [ 6.140950029, 49.836768016599997 ], [ 6.1373688436, 49.8390009656 ], [ 6.135838035, 49.840296895199998 ], [ 6.1354276782, 49.840368744499997 ], [ 6.1329992019, 49.841698065499997 ], [ 6.1310728825, 49.8421800984 ], [ 6.129831581, 49.8428591363 ], [ 6.1279050177, 49.842637446200001 ], [ 6.124338959, 49.842615620499998 ], [ 6.1223317068, 49.842356110099999 ], [ 6.1224185985, 49.842910479499999 ], [ 6.1207724711, 49.843045212699998 ], [ 6.118329325, 49.842907586499997 ], [ 6.1183422383, 49.843337245500003 ], [ 6.1164038766, 49.843394869199997 ], [ 6.1142992324, 49.843276411 ], [ 6.1143226786, 49.843053831500001 ], [ 6.1134910658, 49.842983546799999 ], [ 6.1145996429, 49.8406600199 ], [ 6.1148308927, 49.8378359477 ], [ 6.1133717016, 49.838499597899997 ], [ 6.111048759, 49.837581737500003 ], [ 6.108989992, 49.836997741200001 ], [ 6.1053149469, 49.838051177 ], [ 6.1047800467, 49.838072872300003 ], [ 6.1043553795, 49.837860409599998 ], [ 6.1031689106, 49.837724855499999 ], [ 6.1007946061, 49.838455717599999 ], [ 6.0998094723, 49.836873595299998 ], [ 6.0996826361, 49.8370573443 ], [ 6.0958282719, 49.837598519300002 ], [ 6.095674105, 49.836923694200003 ], [ 6.0938571455, 49.837055044800003 ], [ 6.0936840793, 49.8375050159 ], [ 6.093310896, 49.837467719199999 ], [ 6.092423124, 49.835811638800003 ], [ 6.0925865804, 49.834085745899998 ], [ 6.0938178914, 49.831469919 ], [ 6.0937819848, 49.830775529900002 ], [ 6.0932396075, 49.829369774200003 ], [ 6.0925840252, 49.829360156600004 ], [ 6.0928494954, 49.830117097900001 ], [ 6.0870015768, 49.829943778699999 ], [ 6.0869130574, 49.830202891100001 ], [ 6.0853974093, 49.829226668300002 ], [ 6.0853127752, 49.828538634200001 ], [ 6.0842572108, 49.828569719500003 ], [ 6.080961854, 49.829701135400001 ], [ 6.0761784975, 49.829979505399997 ], [ 6.0724965955, 49.830003122599997 ], [ 6.0724040278, 49.829755174399999 ], [ 6.0740763069, 49.8293138031 ], [ 6.0745655961, 49.829552187 ], [ 6.0750458053, 49.829451523800003 ], [ 6.0750614309, 49.829193612200001 ], [ 6.0747439605, 49.828996589699997 ], [ 6.0748728945, 49.828851781 ], [ 6.0744666194, 49.8287331306 ], [ 6.07352901, 49.827765826399997 ], [ 6.073793176, 49.826443180299997 ], [ 6.0727767816, 49.8254484566 ], [ 6.0770573594, 49.824737520699998 ], [ 6.0812801998, 49.823388046300003 ], [ 6.0835681451, 49.822951020300003 ], [ 6.0847428881, 49.822513144299997 ], [ 6.0911681004, 49.822829613099998 ] ] ] ] } },
{ "type": "Feature", "properties": { "name": "Schifflange", "canton": "Esch-sur-Alzette", "district": "Luxembourg", "lau2": "0214" }, "geometry": { "type": "MultiPolygon", "coordinates": [ [ [ [ 6.0411612152, 49.512040287399998 ], [ 6.0387998449, 49.512771854500002 ], [ 6.0391477173, 49.513346864900001 ], [ 6.0387299404, 49.513601435799998 ], [ 6.0387713365, 49.5142354121 ], [ 6.0380080904, 49.514184274800002 ], [ 6.0382974484, 49.5147980729 ], [ 6.0366006681, 49.515340845 ], [ 6.0354264979, 49.515180576900001 ], [ 6.0335084839, 49.515804978699997 ], [ 6.0324060569, 49.515608142 ], [ 6.0322105737, 49.5158927178 ], [ 6.0317254993, 49.515962533500002 ], [ 6.0314758122, 49.516165674600003 ], [ 6.0310871022, 49.516099591500002 ], [ 6.0307017386, 49.516225822800003 ], [ 6.0309634575, 49.5166837899 ], [ 6.0261705085, 49.517370248200002 ], [ 6.0254866918, 49.517738769 ], [ 6.0250960606, 49.518205496900002 ], [ 6.0262497199, 49.5187981841 ], [ 6.0219764795, 49.5216718908 ], [ 6.0211622828, 49.522316160199999 ], [ 6.0208731133, 49.522177565 ], [ 6.0203622359, 49.522512916799997 ], [ 6.0191639635, 49.523704388299997 ], [ 6.0157769554, 49.522296856399997 ], [ 6.0164040744, 49.522022960100003 ], [ 6.0161767345, 49.521845538 ], [ 6.0157147504, 49.522072877500001 ], [ 6.0138816832, 49.520134723399998 ], [ 6.0148188692, 49.5197920142 ], [ 6.0140508063, 49.519317787 ], [ 6.0131458011, 49.519753303500003 ], [ 6.0124224721, 49.519708254400001 ], [ 6.012223667, 49.519468194399998 ], [ 6.011581497, 49.519613672299997 ], [ 6.0115338633, 49.5193572616 ], [ 6.0111801595, 49.5194099948 ], [ 6.0108747307, 49.519230631699998 ], [ 6.0102529827, 49.5195064475 ], [ 6.0091747162, 49.519263738299998 ], [ 6.0081237778, 49.519723355099998 ], [ 6.0076132801, 49.519757591699999 ], [ 6.006991851, 49.520262080199998 ], [ 6.0057885211, 49.520319308600001 ], [ 6.0055754554, 49.520652214099997 ], [ 6.0032534923, 49.521277140400002 ], [ 6.001369334, 49.519621684500002 ], [ 5.9996644436, 49.5186183426 ], [ 6.0015350402, 49.516651911300002 ], [ 6.0019318624, 49.5166524698 ], [ 6.0017939482, 49.51603708 ], [ 5.9990425727, 49.515893301200002 ], [ 5.9992930414, 49.515448279200001 ], [ 5.9977901098, 49.514879016 ], [ 5.9988159231, 49.513333180499998 ], [ 5.9996477458, 49.510764777600002 ], [ 6.0009556002, 49.510690257500002 ], [ 6.0012568694, 49.5097543774 ], [ 5.9999278088, 49.508697727799998 ], [ 6.0004673419, 49.507945190900003 ], [ 6.0004298903, 49.507313417500001 ], [ 5.9997794927, 49.506519771800001 ], [ 5.9984256214, 49.506356718799999 ], [ 5.9977939509, 49.5043230717 ], [ 5.9964752058, 49.5029206679 ], [ 5.9952764634, 49.501892882600004 ], [ 5.9954964292, 49.501762495599998 ], [ 5.9973991628, 49.502630623800002 ], [ 5.9980208594, 49.501071313899999 ], [ 5.9985841644, 49.500515933099997 ], [ 5.9973206899, 49.500154482399999 ], [ 5.9975493662, 49.499768844599998 ], [ 5.99713404, 49.499649874900001 ], [ 5.9969148374, 49.499974071099999 ], [ 5.9959544912, 49.499470298299997 ], [ 5.9936398728, 49.4975532646 ], [ 5.9932899397, 49.496798999100001 ], [ 5.9941202049, 49.495707509699997 ], [ 5.9943036363, 49.495635467900001 ], [ 5.9945561692, 49.495861667699998 ], [ 5.9947205614, 49.495794559899998 ], [ 5.9947443037, 49.495959673500003 ], [ 5.9972954898, 49.495602749299998 ], [ 5.9979983783, 49.494755083500003 ], [ 5.9987433821, 49.494740517099999 ], [ 5.9988018297, 49.494630990700003 ], [ 5.9979728262, 49.494615422 ], [ 5.998078315, 49.494186283 ], [ 5.9964597095, 49.493479355700003 ], [ 5.9991954946, 49.492501685299999 ], [ 6.0031526682, 49.492722020599999 ], [ 6.0031018486, 49.491296691899997 ], [ 6.0019755705, 49.4909714777 ], [ 6.0020323432, 49.490761470499997 ], [ 5.9978677006, 49.489693454200001 ], [ 6.0031837252, 49.4877278162 ], [ 6.0028990135, 49.487244602799997 ], [ 6.0026597824, 49.486988031499997 ], [ 6.0007591945, 49.486639654800001 ], [ 5.9985709894, 49.4871788616 ], [ 5.9974602107, 49.487608014300001 ], [ 5.9967049323, 49.486200904699999 ], [ 5.9965487348, 49.485369734499997 ], [ 5.9966945179, 49.485003198400001 ], [ 5.9990123482, 49.4839758313 ], [ 5.9999123225, 49.483867524600001 ], [ 5.9998798649, 49.483288039500003 ], [ 6.0002563782, 49.483386308900002 ], [ 6.0004844994, 49.484727469100001 ], [ 6.0010524202, 49.485558246099998 ], [ 6.0022299217, 49.4860601659 ], [ 6.0037392496, 49.486187547 ], [ 6.0035375914, 49.486513093900001 ], [ 6.0038563671, 49.487174676400002 ], [ 6.0058379814, 49.486369535500003 ], [ 6.0071713406, 49.488793895199997 ], [ 6.0068911033, 49.488891933799998 ], [ 6.0073105802, 49.489275269499998 ], [ 6.0109360555, 49.491789890600003 ], [ 6.0111096118, 49.491690026 ], [ 6.012593759, 49.492428829200001 ], [ 6.0147723148, 49.493706886799998 ], [ 6.0175721702, 49.496246002600003 ], [ 6.0189904761, 49.496800372599999 ], [ 6.0190605807, 49.496674603800003 ], [ 6.0218141892, 49.4974213984 ], [ 6.0239240422, 49.498478066899999 ], [ 6.0243013227, 49.4982698572 ], [ 6.0245677928, 49.498507409399998 ], [ 6.0242166379, 49.498736655499997 ], [ 6.0265761886, 49.500204732299999 ], [ 6.0288017389, 49.5011905924 ], [ 6.0288278554, 49.5013729287 ], [ 6.0301336789, 49.501450341800002 ], [ 6.031665597, 49.501823572200003 ], [ 6.0318155708, 49.501722264500003 ], [ 6.0348961616, 49.502781913900002 ], [ 6.0342402706, 49.503679110199997 ], [ 6.0357586362, 49.504572436799997 ], [ 6.0366292728, 49.506147074899999 ], [ 6.0391928763, 49.506122858700003 ], [ 6.0390495508, 49.505122729299998 ], [ 6.0393918299, 49.504682324900003 ], [ 6.040053411, 49.508361322 ], [ 6.0408956243, 49.510361303499998 ], [ 6.0411612152, 49.512040287399998 ] ] ] ] } },
{ "type": "Feature", "properties": { "name": "Schuttrange", "canton": "Luxembourg", "district": "Luxembourg", "lau2": "0307" }, "geometry": { "type": "MultiPolygon", "coordinates": [ [ [ [ 6.2895127734, 49.6472823995 ], [ 6.288702485, 49.647067955300002 ], [ 6.287963067, 49.646588980899999 ], [ 6.2877284314, 49.646636733500003 ], [ 6.2877661643, 49.646502648199998 ], [ 6.2845977658, 49.645595678 ], [ 6.2844934298, 49.645714725 ], [ 6.2803545119, 49.644431501200003 ], [ 6.2812181244, 49.6442015557 ], [ 6.2808791473, 49.644069137599999 ], [ 6.2798389591, 49.643548651899998 ], [ 6.2783330402, 49.643774476099999 ], [ 6.2774171434, 49.644165387900003 ], [ 6.2741755941, 49.644818239599999 ], [ 6.2730726612, 49.644868199900003 ], [ 6.2718292243, 49.64472142 ], [ 6.2718581089, 49.644522046500001 ], [ 6.2683167937, 49.643056790800003 ], [ 6.2646526504, 49.641973375799999 ], [ 6.2630677836, 49.641588339400002 ], [ 6.2577529307, 49.639667105500003 ], [ 6.2579252129, 49.639473790899999 ], [ 6.2564756972, 49.639057880899998 ], [ 6.2566862917, 49.638797735799997 ], [ 6.255643819, 49.6384089855 ], [ 6.2542903639, 49.6380169356 ], [ 6.2537652636, 49.638590026400003 ], [ 6.2520145051, 49.638037847500001 ], [ 6.2521566576, 49.637521419499997 ], [ 6.2510832427, 49.637215978900002 ], [ 6.2505249399, 49.636488716499997 ], [ 6.2503721102, 49.636507338800001 ], [ 6.2506458296, 49.636022888699998 ], [ 6.2498836077, 49.636023588299999 ], [ 6.2494467926, 49.635375731899998 ], [ 6.2489228287, 49.635213600199997 ], [ 6.2473897075, 49.635074592800002 ], [ 6.2470458267, 49.635167095699998 ], [ 6.247683612, 49.634905880300003 ], [ 6.2477324472, 49.634668574800003 ], [ 6.2471209053, 49.6332081105 ], [ 6.246007057, 49.6334169788 ], [ 6.2461318509, 49.631730062499997 ], [ 6.2449834566, 49.631644984799998 ], [ 6.244940316, 49.631465913699998 ], [ 6.2420725501, 49.630883687100003 ], [ 6.2425775764, 49.630282124300003 ], [ 6.2424463103, 49.6294799004 ], [ 6.2419815792, 49.628567869500003 ], [ 6.2423639111, 49.627707446499997 ], [ 6.2377921547, 49.625954745800001 ], [ 6.2363249982, 49.625744666599999 ], [ 6.2341844855, 49.625201772600001 ], [ 6.2322904616, 49.6252728925 ], [ 6.2315719618, 49.624284987800003 ], [ 6.2309447072, 49.623592103199996 ], [ 6.232658996, 49.622011278499997 ], [ 6.2330060555, 49.621861283 ], [ 6.2340874161, 49.621779286 ], [ 6.2351060042, 49.621931279199998 ], [ 6.2374009264, 49.622846460399998 ], [ 6.2390315872, 49.620344663099999 ], [ 6.2402922335, 49.618599029199999 ], [ 6.2400239262, 49.617750305100003 ], [ 6.239829965, 49.617748080200002 ], [ 6.239666513, 49.615885474 ], [ 6.2390723445, 49.614698745399998 ], [ 6.2378637631, 49.613585567900003 ], [ 6.2370631042, 49.6120070817 ], [ 6.2387750829, 49.609657631700003 ], [ 6.2397511509, 49.6101124391 ], [ 6.2464983824, 49.607157416100002 ], [ 6.2511455272, 49.605552374 ], [ 6.2544175066, 49.604678573699999 ], [ 6.2563027403, 49.604672831499997 ], [ 6.2589534526, 49.605011376599997 ], [ 6.2655902793, 49.604485958600002 ], [ 6.2652725629, 49.604290080200002 ], [ 6.2655837024, 49.603995018900001 ], [ 6.2679546539, 49.602803118099999 ], [ 6.2698285973, 49.603174554299997 ], [ 6.2713399641, 49.603743594599997 ], [ 6.2714725327, 49.6036498968 ], [ 6.2747412146, 49.604770765300003 ], [ 6.2760636089, 49.6043398849 ], [ 6.2770199947, 49.605253727200001 ], [ 6.2783562044, 49.606004244300003 ], [ 6.2799199901, 49.607487345700001 ], [ 6.281855693, 49.6089105645 ], [ 6.2890439204, 49.614131148600002 ], [ 6.3044658882, 49.626051363099997 ], [ 6.3055776791, 49.626719786800003 ], [ 6.3096337733, 49.628411248600003 ], [ 6.3092800971, 49.628751993 ], [ 6.3092112215, 49.628908934099996 ], [ 6.308600864, 49.631021615900003 ], [ 6.3074744786, 49.632921114799998 ], [ 6.3039973729, 49.634703958099998 ], [ 6.3031724001, 49.636636467700001 ], [ 6.3026033752, 49.636713395900003 ], [ 6.3026640269, 49.637288306 ], [ 6.3020291868, 49.636981628 ], [ 6.3015413187, 49.637560574600002 ], [ 6.3006874669, 49.637231656700003 ], [ 6.2955633158, 49.636355805599997 ], [ 6.2957251883, 49.637076296700002 ], [ 6.2954670558, 49.638293644400001 ], [ 6.2939186392, 49.638046569300002 ], [ 6.2934328489, 49.638694062399999 ], [ 6.2926695128, 49.638503456499997 ], [ 6.2902934946, 49.640632188399998 ], [ 6.2900987567, 49.642608445299999 ], [ 6.2902097217, 49.644073717799998 ], [ 6.2897626855, 49.645547601700002 ], [ 6.2890851681, 49.646503641 ], [ 6.290058785, 49.647274844599998 ], [ 6.2898418469, 49.64716935 ], [ 6.2895127734, 49.6472823995 ] ] ] ] } },
{ "type": "Feature", "properties": { "name": "Stadtbredimus", "canton": "Remich", "district": "Grevenmacher", "lau2": "1207" }, "geometry": { "type": "MultiPolygon", "coordinates": [ [ [ [ 6.3441238023, 49.574558681900001 ], [ 6.3441846656, 49.572987265499997 ], [ 6.3439309586, 49.572495437199997 ], [ 6.3441641067, 49.572321778199999 ], [ 6.3441840825, 49.571862322100003 ], [ 6.3468888132, 49.570934043900003 ], [ 6.3467177965, 49.569003629699999 ], [ 6.3494544591, 49.567636117299998 ], [ 6.3502707021, 49.566281726299998 ], [ 6.3516337022, 49.565126546599998 ], [ 6.3516391247, 49.564558697400003 ], [ 6.3520691949, 49.563837403199997 ], [ 6.3516715622, 49.561357532899997 ], [ 6.3504832007, 49.559164948499998 ], [ 6.3512367138, 49.558925862099997 ], [ 6.3553824924, 49.5556215107 ], [ 6.3564229827, 49.555455286200001 ], [ 6.358960561, 49.556111046799998 ], [ 6.36013079, 49.556244085199999 ], [ 6.3595192006, 49.5551919404 ], [ 6.3601089873, 49.555038640699998 ], [ 6.3609062842, 49.556450493100002 ], [ 6.3628397582, 49.5568479919 ], [ 6.3644243078, 49.558811249599998 ], [ 6.364823555, 49.558991388300001 ], [ 6.3666117841, 49.559501136800002 ], [ 6.3697766233, 49.5597763245 ], [ 6.3711949637, 49.560118470699997 ], [ 6.3721909026, 49.560545747699997 ], [ 6.3732792168, 49.560568414599999 ], [ 6.3741626923, 49.561099173499997 ], [ 6.3751760306, 49.5614563711 ], [ 6.3673011407, 49.565523532599997 ], [ 6.3672617139, 49.565685449199997 ], [ 6.3584902069, 49.569712842400001 ], [ 6.3577259101, 49.570374721900002 ], [ 6.3568644013, 49.571778635800001 ], [ 6.3568028149, 49.572861584899997 ], [ 6.3573125872, 49.5738139276 ], [ 6.3586802406, 49.575233385300002 ], [ 6.3597964554, 49.575993184300003 ], [ 6.3622463917, 49.577242462800001 ], [ 6.3660700187, 49.578569061 ], [ 6.3680307928, 49.579165648900002 ], [ 6.3696814073, 49.579344711799997 ], [ 6.3718032619, 49.579110166699998 ], [ 6.3757632702, 49.577261954900003 ], [ 6.3783491852, 49.576726101600002 ], [ 6.37969873, 49.576758049699997 ], [ 6.3807092893, 49.5769904072 ], [ 6.3814903995, 49.577459205300002 ], [ 6.382169564, 49.5783876486 ], [ 6.3822904017, 49.579693708199997 ], [ 6.3815903254, 49.581114047500002 ], [ 6.3805172916, 49.581980753700002 ], [ 6.3768809661, 49.584055304 ], [ 6.3748837013, 49.586215803400002 ], [ 6.3740235269, 49.587950008 ], [ 6.3738873881, 49.590039248099998 ], [ 6.3724677228, 49.590390374899997 ], [ 6.372310474, 49.590286024900003 ], [ 6.3718501273, 49.590425742199997 ], [ 6.3719089157, 49.590540103199999 ], [ 6.3715595215, 49.590668096599998 ], [ 6.3707758102, 49.589768314499999 ], [ 6.3701523115, 49.589375925399999 ], [ 6.3698780269, 49.589555732299999 ], [ 6.3695714571, 49.590670941900001 ], [ 6.3697588389, 49.5920046146 ], [ 6.369230953, 49.592631771900002 ], [ 6.3688704972, 49.592433788400001 ], [ 6.368671314, 49.592658650399997 ], [ 6.3661580436, 49.5921187338 ], [ 6.3663680505, 49.592606873699999 ], [ 6.3658512893, 49.592790981 ], [ 6.3646799378, 49.59234685 ], [ 6.3646000464, 49.5925861029 ], [ 6.3652229044, 49.594153570099998 ], [ 6.3641489248, 49.594292731400003 ], [ 6.3628294063, 49.5947417243 ], [ 6.362621265, 49.594506304 ], [ 6.3604226586, 49.595404332599998 ], [ 6.3596598555, 49.5951699664 ], [ 6.358286582, 49.594349382 ], [ 6.3575490132, 49.594166406900001 ], [ 6.3560435928, 49.593332571399998 ], [ 6.3544607747, 49.592890374200003 ], [ 6.3529615321, 49.593160138199998 ], [ 6.3490677464, 49.594207887300001 ], [ 6.3459271403, 49.594536941400001 ], [ 6.3308147085, 49.594532493899997 ], [ 6.3272872235, 49.594393299499998 ], [ 6.3257696731, 49.594046707 ], [ 6.3241701899, 49.593440670500001 ], [ 6.3170968527, 49.590447085100003 ], [ 6.314509543, 49.589021532799997 ], [ 6.3120732048, 49.587388013499996 ], [ 6.311677463, 49.586988631600001 ], [ 6.3118855033, 49.586642962900001 ], [ 6.3150670051, 49.584063718800003 ], [ 6.31553305, 49.583470873300001 ], [ 6.315722635, 49.582826628399999 ], [ 6.3149616595, 49.581357889400003 ], [ 6.315278978, 49.580619732199999 ], [ 6.3168124033, 49.579833515899999 ], [ 6.3189520325, 49.579343379599997 ], [ 6.3212782084, 49.578142824 ], [ 6.3253403541, 49.579353511699999 ], [ 6.3293037202, 49.579870814 ], [ 6.3303520812, 49.580146517300001 ], [ 6.3322406065, 49.580300644099999 ], [ 6.3336050754, 49.5806025073 ], [ 6.3373310202, 49.581993671100001 ], [ 6.3402483266, 49.582309095299998 ], [ 6.3435027529, 49.582375411500003 ], [ 6.3438833756, 49.580758599600003 ], [ 6.3435372222, 49.578678507399999 ], [ 6.3446493867, 49.577300366700001 ], [ 6.3438964198, 49.575635448200003 ], [ 6.3441238023, 49.574558681900001 ] ] ] ] } },
{ "type": "Feature", "properties": { "name": "Steinfort", "canton": "Capellen", "district": "Luxembourg", "lau2": "0110" }, "geometry": { "type": "MultiPolygon", "coordinates": [ [ [ [ 5.9028369967, 49.651348333800001 ], [ 5.9023959206, 49.650479375300002 ], [ 5.9022120031, 49.649409399699998 ], [ 5.9026920343, 49.646915282099997 ], [ 5.9025449671, 49.646918272699999 ], [ 5.9022138627, 49.645947184100002 ], [ 5.9023867138, 49.645708447 ], [ 5.902909127, 49.645535710499999 ], [ 5.9041186898, 49.645610464900003 ], [ 5.9041526243, 49.641861642899997 ], [ 5.9043513236, 49.641387092499997 ], [ 5.9053718886, 49.6407638584 ], [ 5.9054933958, 49.640163716300002 ], [ 5.9068152274, 49.639632318399997 ], [ 5.907715202, 49.639072906800003 ], [ 5.9067778277, 49.638646940800001 ], [ 5.9084051219, 49.638649960400002 ], [ 5.9095408407, 49.637822626800002 ], [ 5.9114583427, 49.637723482200002 ], [ 5.9154407464, 49.638441058700003 ], [ 5.9152484883, 49.637870253300001 ], [ 5.9176812056, 49.637807819800003 ], [ 5.9178918389, 49.637171263299997 ], [ 5.9183421331, 49.637207476699999 ], [ 5.9185047867, 49.636611724700003 ], [ 5.9206828992, 49.636951296699998 ], [ 5.9217574919, 49.635346083800002 ], [ 5.9255170684, 49.636659572299997 ], [ 5.9265089005, 49.637010578100003 ], [ 5.9278532644, 49.637887647200003 ], [ 5.9293731339, 49.638271187199997 ], [ 5.9297422942, 49.637828690100001 ], [ 5.9299951985, 49.637805562300002 ], [ 5.9303379259, 49.637873066899999 ], [ 5.9308814932, 49.638320399500003 ], [ 5.9312557631, 49.638106998 ], [ 5.9314741567, 49.638149430699997 ], [ 5.9316474156, 49.638565615600001 ], [ 5.9323981442, 49.637970230100002 ], [ 5.9329236218, 49.638123511800003 ], [ 5.9329619632, 49.637692022800003 ], [ 5.933385831, 49.637496966400001 ], [ 5.9336548313, 49.635873290399999 ], [ 5.9344774352, 49.635287117099999 ], [ 5.9350165639, 49.635155852499999 ], [ 5.9345091229, 49.634156835500001 ], [ 5.9350652729, 49.633645466399997 ], [ 5.9358048487, 49.63242831 ], [ 5.9366194847, 49.630324886499999 ], [ 5.9380051188, 49.629769343 ], [ 5.9394360265, 49.628444585499999 ], [ 5.9396310783, 49.629056805499999 ], [ 5.94155553, 49.630436606099998 ], [ 5.9423446735, 49.632032970300003 ], [ 5.945150338, 49.635018237399997 ], [ 5.948340912, 49.636312431299999 ], [ 5.9488256891, 49.636457463 ], [ 5.9493641414, 49.636357248 ], [ 5.9510318221, 49.636917823 ], [ 5.9506293548, 49.637292695500001 ], [ 5.9514839717, 49.637723609699997 ], [ 5.9513178815, 49.637996895299999 ], [ 5.9528237861, 49.638923605199999 ], [ 5.9550237773, 49.6406787381 ], [ 5.9573531458, 49.641328714499998 ], [ 5.9598733778, 49.6416491974 ], [ 5.9597769255, 49.642257083300002 ], [ 5.9587951858, 49.642775717 ], [ 5.9557622548, 49.645402113800003 ], [ 5.9540614602, 49.646442332699998 ], [ 5.9472856451, 49.648573373799998 ], [ 5.9441397639, 49.651201883900001 ], [ 5.9409539859, 49.654417158199998 ], [ 5.9358723726, 49.657330252 ], [ 5.9321927681, 49.658520435200003 ], [ 5.9281113134, 49.659218758100003 ], [ 5.9285318436, 49.660164564 ], [ 5.9284428589, 49.660831759700002 ], [ 5.9264137031, 49.663320024100003 ], [ 5.9254300206, 49.665199838699998 ], [ 5.9249884066, 49.6666013655 ], [ 5.9219021626, 49.670400708400003 ], [ 5.9215501757, 49.671091705499997 ], [ 5.9176688908, 49.672353598800001 ], [ 5.9176468037, 49.672524972 ], [ 5.9158560712, 49.673204013099998 ], [ 5.9128490352, 49.6737239733 ], [ 5.9096634793, 49.675424073400002 ], [ 5.9083056617, 49.675818435099998 ], [ 5.9037418489, 49.676181795300003 ], [ 5.9035568626, 49.675624836799997 ], [ 5.9033794096, 49.6756122679 ], [ 5.8999915288, 49.676037988 ], [ 5.8979234829, 49.675917124900003 ], [ 5.8968867999, 49.675696140500001 ], [ 5.8969997966, 49.674478890400003 ], [ 5.8967808633, 49.672690886 ], [ 5.8964663138, 49.671968908499998 ], [ 5.8963802612, 49.671096947599999 ], [ 5.8965802478, 49.6705804821 ], [ 5.8964235083, 49.670229146 ], [ 5.8955801963, 49.669755911700001 ], [ 5.8935146455, 49.669592799 ], [ 5.8923211079, 49.668951310600001 ], [ 5.8915407292, 49.669153243799997 ], [ 5.8907015902, 49.670259968 ], [ 5.8901136656, 49.670334374100001 ], [ 5.8902875819, 49.669404229500003 ], [ 5.8914014376, 49.668631465399997 ], [ 5.8915049741, 49.668057776200001 ], [ 5.8922087076, 49.667452058400002 ], [ 5.8918938237, 49.667033061200001 ], [ 5.8919540483, 49.666805671 ], [ 5.892754279, 49.6662369521 ], [ 5.8938359886, 49.666348283 ], [ 5.8941344222, 49.667750780799999 ], [ 5.895056272, 49.66845739 ], [ 5.8957588723, 49.668737973600003 ], [ 5.8963140173, 49.668542021699999 ], [ 5.896493698, 49.668008425799997 ], [ 5.8973089702, 49.667361516699998 ], [ 5.897471334, 49.666903105899998 ], [ 5.8979883644, 49.666419761 ], [ 5.8993248559, 49.665928782 ], [ 5.9001405603, 49.6660474583 ], [ 5.9008937586, 49.666764178599998 ], [ 5.9006726447, 49.667355731400001 ], [ 5.9016100109, 49.668111144900003 ], [ 5.9021617189, 49.668190270399997 ], [ 5.9025333761, 49.668018368799999 ], [ 5.9026102898, 49.6676013477 ], [ 5.9031095513, 49.667157895099997 ], [ 5.9013725486, 49.666192026099999 ], [ 5.9012839287, 49.665809807 ], [ 5.9015606132, 49.665595163299997 ], [ 5.9014964685, 49.6650655133 ], [ 5.9018673172, 49.664258996 ], [ 5.9025108552, 49.664017210200001 ], [ 5.9034524712, 49.6641823824 ], [ 5.9040479078, 49.664752143800001 ], [ 5.9048627433, 49.664858278499999 ], [ 5.905670946, 49.665499550600003 ], [ 5.9069072523, 49.665730966600002 ], [ 5.9083886695, 49.665672258800001 ], [ 5.9094644168, 49.664562003699999 ], [ 5.9099813229, 49.663307812299998 ], [ 5.9106750559, 49.662474111599998 ], [ 5.9076050472, 49.6620885715 ], [ 5.9048719561, 49.661078915600001 ], [ 5.9050590234, 49.660723019499997 ], [ 5.9038690792, 49.658714243299997 ], [ 5.9029641621, 49.657586758699999 ], [ 5.9044289272, 49.655590946899999 ], [ 5.9054143671, 49.654760482699999 ], [ 5.9029624268, 49.6538301852 ], [ 5.9025453137, 49.653249388299997 ], [ 5.9022233804, 49.651792810400003 ], [ 5.9018808024, 49.651811815 ], [ 5.9017334675, 49.651441194 ], [ 5.9028369967, 49.651348333800001 ] ] ], [ [ [ 5.8867591152, 49.627333221599997 ], [ 5.8890907116, 49.628560901599997 ], [ 5.8896374942, 49.629039815100001 ], [ 5.8911410544, 49.629219543600001 ], [ 5.8916175528, 49.628986193899998 ], [ 5.8920194782, 49.628476012299998 ], [ 5.8928291435, 49.6285598419 ], [ 5.8951773129, 49.628887530299998 ], [ 5.8966097651, 49.629737928 ], [ 5.8982125738, 49.630352960300002 ], [ 5.9005001207, 49.630778041699998 ], [ 5.9012007061, 49.631736563899999 ], [ 5.9029727722, 49.6318181241 ], [ 5.904802941, 49.631340459900002 ], [ 5.9084406685, 49.632014753599996 ], [ 5.9081526312, 49.632488087 ], [ 5.9062670833, 49.632128502 ], [ 5.9041906768, 49.632159812399998 ], [ 5.9041043577, 49.632770976 ], [ 5.9043751209, 49.633750690699998 ], [ 5.90384648, 49.634235002200001 ], [ 5.9031909167, 49.636163197499997 ], [ 5.8989640198, 49.634378905299997 ], [ 5.8976221507, 49.6358220682 ], [ 5.8953149482, 49.636268793200003 ], [ 5.8922839005, 49.636235606600003 ], [ 5.8896627509, 49.6353937493 ], [ 5.8869073284, 49.634955031700002 ], [ 5.8866528003, 49.634269374500001 ], [ 5.8861914116, 49.633752218200001 ], [ 5.8852936391, 49.633371991799997 ], [ 5.8845483194, 49.633364330399999 ], [ 5.8838614858, 49.632979617700002 ], [ 5.8827060332, 49.630946296200001 ], [ 5.8858217026, 49.629024723599997 ], [ 5.8854921911, 49.628890280199997 ], [ 5.8858834349, 49.628198107199999 ], [ 5.8867591152, 49.627333221599997 ] ] ] ] } },
{ "type": "Feature", "properties": { "name": "Steinsel", "canton": "Luxembourg", "district": "Luxembourg", "lau2": "0308" }, "geometry": { "type": "MultiPolygon", "coordinates": [ [ [ [ 6.1301505818, 49.6687754943 ], [ 6.1304599676, 49.6693486554 ], [ 6.1350673803, 49.668523401900003 ], [ 6.1399000065, 49.667964338099999 ], [ 6.1396166074, 49.666990914899998 ], [ 6.1421280643, 49.666647817499999 ], [ 6.1418774366, 49.665821201299998 ], [ 6.1433166451, 49.665585729500002 ], [ 6.1440294537, 49.665605366800001 ], [ 6.1441665428, 49.667048642499999 ], [ 6.1453338008, 49.6669692993 ], [ 6.1472572443, 49.667208049800003 ], [ 6.1553890738, 49.668961575 ], [ 6.1587059226, 49.669397116100001 ], [ 6.1593202966, 49.664292299499998 ], [ 6.1596434754, 49.663251604499997 ], [ 6.1595594472, 49.660469232899999 ], [ 6.1616993866, 49.660782625300001 ], [ 6.1649820498, 49.661847871500001 ], [ 6.164458401, 49.660213023 ], [ 6.1637980029, 49.659408857300001 ], [ 6.1622447122, 49.658170507900003 ], [ 6.1617151855, 49.657381728 ], [ 6.1610050098, 49.657040549400001 ], [ 6.160617035, 49.655986953 ], [ 6.1602430593, 49.655744202900003 ], [ 6.1600937669, 49.654979668099998 ], [ 6.1597181748, 49.6548682468 ], [ 6.1610910305, 49.652942901400003 ], [ 6.1605925194, 49.650596248699998 ], [ 6.1593736567, 49.649353624900002 ], [ 6.159701415, 49.648857769300001 ], [ 6.1585740616, 49.6477772223 ], [ 6.1585237958, 49.6476315743 ], [ 6.1588538856, 49.647411644199998 ], [ 6.1574771059, 49.646923751 ], [ 6.1576492816, 49.646674815099999 ], [ 6.1569663408, 49.646226432200002 ], [ 6.1557766411, 49.645829991 ], [ 6.155444105, 49.645443859499998 ], [ 6.1515936752, 49.643422751599999 ], [ 6.1504059715, 49.642379410399997 ], [ 6.1487198035, 49.641842402599998 ], [ 6.1498435877, 49.641683059099996 ], [ 6.1502362292, 49.641420671500001 ], [ 6.1525325856, 49.6419064878 ], [ 6.1527721758, 49.642235371 ], [ 6.1535231565, 49.641297067700002 ], [ 6.1625139279, 49.642313309599999 ], [ 6.163585607, 49.6440028914 ], [ 6.1651520898, 49.644958442799997 ], [ 6.1653710571, 49.645529551300001 ], [ 6.1648533247, 49.646296829199997 ], [ 6.1646332197, 49.647653009300001 ], [ 6.1656665021, 49.650055101299998 ], [ 6.1685096953, 49.652199065200001 ], [ 6.1725524805, 49.654759360299998 ], [ 6.1737594297, 49.658355184100003 ], [ 6.1736171603, 49.658536557 ], [ 6.1744761374, 49.658958396499997 ], [ 6.1754604132, 49.659189739 ], [ 6.1771272862, 49.660161095600003 ], [ 6.1802301595, 49.661438542200003 ], [ 6.1810036777, 49.662165755099998 ], [ 6.1809159477, 49.6631091287 ], [ 6.1817244215, 49.663974316100003 ], [ 6.1827009544, 49.664302987399999 ], [ 6.1855837051, 49.6646340701 ], [ 6.1870185369, 49.6652104749 ], [ 6.1890286029, 49.6655664237 ], [ 6.1915227438, 49.666593498499999 ], [ 6.1948187411, 49.668793150299997 ], [ 6.1971815275, 49.6698275874 ], [ 6.1978184513, 49.670689235200001 ], [ 6.198507429, 49.6722161024 ], [ 6.1994796504, 49.673334393799998 ], [ 6.2018487853, 49.674958185500003 ], [ 6.2026838154, 49.6757620968 ], [ 6.2029198238, 49.676962704700003 ], [ 6.2035406764, 49.677992256899998 ], [ 6.2042287185, 49.678389032 ], [ 6.2052573454, 49.678646440599998 ], [ 6.2056956774, 49.678975533299997 ], [ 6.2068970061, 49.679263726599999 ], [ 6.2082351027, 49.680371244 ], [ 6.2090024228, 49.680643564500002 ], [ 6.2108384628, 49.680800138099997 ], [ 6.2115394001, 49.681097731199998 ], [ 6.2124920226, 49.682025501200002 ], [ 6.2124929684, 49.683029072700002 ], [ 6.2141871751, 49.684007280800003 ], [ 6.2148056729, 49.684957652500003 ], [ 6.2147496015, 49.685024190100002 ], [ 6.2141994302, 49.685724076200003 ], [ 6.2144769834, 49.6866237168 ], [ 6.213098653, 49.688434989400001 ], [ 6.2120151306, 49.6890626263 ], [ 6.2043286888, 49.688113345399998 ], [ 6.19814686, 49.688275055200002 ], [ 6.1962752677, 49.6879082086 ], [ 6.1966917496, 49.686373665700003 ], [ 6.1980784294, 49.6856732384 ], [ 6.1986017921, 49.684752476200003 ], [ 6.1937200756, 49.682711326700002 ], [ 6.190565291, 49.684235241700001 ], [ 6.1877642926, 49.684487409399999 ], [ 6.1810496039, 49.684375984200003 ], [ 6.1803313443, 49.683661517200001 ], [ 6.1796854979, 49.6836135052 ], [ 6.1799513552, 49.684397049899999 ], [ 6.178963857, 49.684723379600001 ], [ 6.1798655489, 49.686523942699999 ], [ 6.1785509682, 49.686706962300001 ], [ 6.1748559001, 49.686696161299999 ], [ 6.173218102, 49.685535624800004 ], [ 6.169297752, 49.686020019600001 ], [ 6.1690309889, 49.6859514597 ], [ 6.1639858103, 49.684738684599999 ], [ 6.160411705, 49.682229227500002 ], [ 6.1560594415, 49.682404994599999 ], [ 6.1559075432, 49.681993646700001 ], [ 6.1535949011, 49.682037839800003 ], [ 6.1479627896, 49.681343006799999 ], [ 6.144324291, 49.681782628699999 ], [ 6.1426733649, 49.683149579899997 ], [ 6.1417711327, 49.682639781699997 ], [ 6.1383867256, 49.683245846600002 ], [ 6.1382416298, 49.682499845499997 ], [ 6.134095158, 49.6829021191 ], [ 6.1344670301, 49.684742758100001 ], [ 6.1355148535, 49.6853582958 ], [ 6.1343398706, 49.685468924699997 ], [ 6.1350195654, 49.686397325400002 ], [ 6.1325582683, 49.686864968 ], [ 6.133183504, 49.687370485899997 ], [ 6.1339925095, 49.687717822700002 ], [ 6.1336637973, 49.6881152327 ], [ 6.1338842164, 49.688556676499999 ], [ 6.1346428335, 49.688628037199997 ], [ 6.1356353718, 49.689188237 ], [ 6.1357078834, 49.689482977700003 ], [ 6.1349935605, 49.689763539300003 ], [ 6.1349884062, 49.689615044500002 ], [ 6.1345041307, 49.689527517400002 ], [ 6.1330340422, 49.689765405099998 ], [ 6.133077246, 49.689855785100001 ], [ 6.1307527428, 49.690000845699998 ], [ 6.1306891463, 49.690405603899997 ], [ 6.1296749591, 49.690356854800001 ], [ 6.1296217006, 49.690768502700003 ], [ 6.1274434337, 49.690819436799998 ], [ 6.1276060369, 49.691542044099997 ], [ 6.1259098135, 49.691643039500001 ], [ 6.125866745, 49.692305642500003 ], [ 6.1245897001, 49.691249444199997 ], [ 6.1236253397, 49.690812515399998 ], [ 6.1213839945, 49.691067143799998 ], [ 6.120805832, 49.690035120700003 ], [ 6.119487371, 49.690503252299997 ], [ 6.1196029632, 49.691076333300003 ], [ 6.1189995878, 49.692117613500002 ], [ 6.1187788805, 49.691932228500001 ], [ 6.1179929735, 49.692053256 ], [ 6.1167949386, 49.691196018299998 ], [ 6.1155153071, 49.690844315500001 ], [ 6.1137425316, 49.691305920300003 ], [ 6.1135617398, 49.6908262364 ], [ 6.1088519842, 49.690309213299997 ], [ 6.1072056719, 49.6899928192 ], [ 6.1070165429, 49.6896430209 ], [ 6.1063053368, 49.689823941100002 ], [ 6.1060480846, 49.6892982707 ], [ 6.1050736097, 49.689411630499997 ], [ 6.1049328007, 49.688992526 ], [ 6.101083326, 49.687360282500002 ], [ 6.0984637381, 49.6861885398 ], [ 6.0934060349, 49.684744044399999 ], [ 6.0901454726, 49.685332738600003 ], [ 6.0900634776, 49.684781138200002 ], [ 6.0887621842, 49.682132528499999 ], [ 6.0881648736, 49.681530973500003 ], [ 6.0883245878, 49.680697087299997 ], [ 6.0879723632, 49.679716839599998 ], [ 6.0869531586, 49.678777776099999 ], [ 6.0852735083, 49.678193018800002 ], [ 6.085047515, 49.677812786499999 ], [ 6.0846324796, 49.677860772400003 ], [ 6.0842586497, 49.677696781 ], [ 6.0839491103, 49.677500575300002 ], [ 6.0841576586, 49.677363002500002 ], [ 6.084061385, 49.677180481100002 ], [ 6.0834857079, 49.677072328400001 ], [ 6.0827137306, 49.676630278700003 ], [ 6.0826921452, 49.675710502900003 ], [ 6.0821936659, 49.674692565900003 ], [ 6.0855380833, 49.673863449300001 ], [ 6.0887103958, 49.673719001599999 ], [ 6.0916914873, 49.671562070199997 ], [ 6.0942173956, 49.670757835 ], [ 6.0946505697, 49.6702779118 ], [ 6.0963638666, 49.669381347399998 ], [ 6.0984497057, 49.668959915099997 ], [ 6.0980431598, 49.668593248400001 ], [ 6.0939198517, 49.668011373799999 ], [ 6.0955800619, 49.666478491 ], [ 6.0972830227, 49.665208027799999 ], [ 6.0976839885, 49.664295565400003 ], [ 6.0989133746, 49.662894487 ], [ 6.1024095557, 49.660043164500003 ], [ 6.1041848419, 49.656551547100001 ], [ 6.1053934184, 49.656779885 ], [ 6.1074257601, 49.658057529 ], [ 6.1122524327, 49.659046881400002 ], [ 6.1132143827, 49.659363167199999 ], [ 6.1130458524, 49.658192128400003 ], [ 6.1149280049, 49.658533614699998 ], [ 6.1149859981, 49.659604172400002 ], [ 6.1171919503, 49.659828804500002 ], [ 6.1195934251, 49.660502392 ], [ 6.1187237677, 49.661591542 ], [ 6.1191270966, 49.661751092199999 ], [ 6.1197691058, 49.661412264500001 ], [ 6.1201706573, 49.660745373799998 ], [ 6.1233898501, 49.661082780500003 ], [ 6.1222717, 49.662350845 ], [ 6.1257960134, 49.663471717299998 ], [ 6.1249841522, 49.664299074 ], [ 6.1256701537, 49.664732387599997 ], [ 6.1255694278, 49.666919373299997 ], [ 6.1259851758, 49.667230688499998 ], [ 6.1265208063, 49.667195588600002 ], [ 6.1285935145, 49.668250294 ], [ 6.1295697423, 49.668011250399999 ], [ 6.1299290065, 49.668267976199999 ], [ 6.1301505818, 49.6687754943 ] ] ] ] } },
{ "type": "Feature", "properties": { "name": "Strassen", "canton": "Luxembourg", "district": "Luxembourg", "lau2": "0309" }, "geometry": { "type": "MultiPolygon", "coordinates": [ [ [ [ 6.0958264131, 49.616834046800001 ], [ 6.0970673641, 49.618736768300003 ], [ 6.0975634422, 49.618587116100002 ], [ 6.0980186248, 49.6197565951 ], [ 6.0977378306, 49.619856101 ], [ 6.1009850904, 49.622195039799998 ], [ 6.1007883229, 49.622467219 ], [ 6.1015670445, 49.6225866678 ], [ 6.1013290675, 49.623030615200001 ], [ 6.1020576596, 49.623179783300003 ], [ 6.1019308606, 49.623395945 ], [ 6.1029872329, 49.623681145399999 ], [ 6.1030288706, 49.623854901199998 ], [ 6.1037309436, 49.624710968800002 ], [ 6.1037501227, 49.625043996099997 ], [ 6.1006405527, 49.624298596899997 ], [ 6.0988111296, 49.624150977500001 ], [ 6.0954883527, 49.624185739799998 ], [ 6.0930530525, 49.624752426299999 ], [ 6.0919457316, 49.624491620599997 ], [ 6.0891103769, 49.623212295099997 ], [ 6.0892510756, 49.624442320100002 ], [ 6.0910196762, 49.625355992 ], [ 6.0894630569, 49.6259962476 ], [ 6.0878294469, 49.627084755399999 ], [ 6.0887142517, 49.627821036199997 ], [ 6.0868456268, 49.628281980099999 ], [ 6.0827690225, 49.628734696099997 ], [ 6.0793222788, 49.628683615500002 ], [ 6.0728622232, 49.627423193299997 ], [ 6.0706066076, 49.6288893794 ], [ 6.0693860607, 49.630806569400001 ], [ 6.0692435297, 49.632159113199997 ], [ 6.0699609721, 49.633735043400002 ], [ 6.0715479987, 49.634944086 ], [ 6.0720200246, 49.635625612399998 ], [ 6.0730231451, 49.636400338900003 ], [ 6.0740956528, 49.6383088364 ], [ 6.0754325441, 49.639654996099999 ], [ 6.076905331, 49.641628113300001 ], [ 6.0772116959, 49.6427694116 ], [ 6.077221453, 49.644574388400002 ], [ 6.0778922424, 49.646218938499999 ], [ 6.0783704882, 49.646839933400003 ], [ 6.0790066351, 49.647701563399998 ], [ 6.0793766771, 49.648994490500002 ], [ 6.0790601164, 49.650689329899997 ], [ 6.0768352923, 49.653032208399999 ], [ 6.0753418916, 49.655841257299997 ], [ 6.0729320039, 49.657469627499999 ], [ 6.0712925322, 49.6575891731 ], [ 6.0698575792, 49.657961108 ], [ 6.06926266, 49.658287606400002 ], [ 6.0683055757, 49.657648544799997 ], [ 6.0679213918, 49.657598460199999 ], [ 6.0679207773, 49.657206140500001 ], [ 6.0667401353, 49.655833384799998 ], [ 6.0668646514, 49.655490533699997 ], [ 6.065929502, 49.654560156 ], [ 6.0653829028, 49.6543157885 ], [ 6.0649827909, 49.654320273099998 ], [ 6.0644978607, 49.653776234 ], [ 6.0629902193, 49.653066005500001 ], [ 6.0624609988, 49.653262555399998 ], [ 6.0619590825, 49.653061287699998 ], [ 6.0612399246, 49.65328456 ], [ 6.0606202828, 49.653136557800003 ], [ 6.0598378556, 49.6520579385 ], [ 6.0589647941, 49.652038046800001 ], [ 6.0587117603, 49.651870893199998 ], [ 6.05862269, 49.65111148 ], [ 6.0580294769, 49.650369421400001 ], [ 6.0577133137, 49.648694532900002 ], [ 6.0573285088, 49.648415089499998 ], [ 6.0548816795, 49.6476535822 ], [ 6.0543170515, 49.647334969399999 ], [ 6.0543907514, 49.646960154799999 ], [ 6.0540625434, 49.646471131600002 ], [ 6.0544737851, 49.646128618100001 ], [ 6.0548253918, 49.645302026400003 ], [ 6.0540481579, 49.6448877487 ], [ 6.0533376569, 49.644878699499998 ], [ 6.0532796163, 49.644260820299998 ], [ 6.0530320433, 49.644028052499998 ], [ 6.05136901, 49.643667841400003 ], [ 6.0509672841, 49.643374468600001 ], [ 6.0503448865, 49.643315364899998 ], [ 6.0502574661, 49.643089720699997 ], [ 6.0487468317, 49.642498998800001 ], [ 6.0484219028, 49.642012228299997 ], [ 6.0480378475, 49.641934169800003 ], [ 6.0476211987, 49.6415747673 ], [ 6.0475626834, 49.641181748199998 ], [ 6.046548345, 49.640946777899998 ], [ 6.0465613999, 49.640689362400003 ], [ 6.0470457822, 49.640343255799998 ], [ 6.0471587169, 49.639840769499997 ], [ 6.0487907094, 49.638770440199998 ], [ 6.0491569359, 49.6381389656 ], [ 6.0489845572, 49.6376095818 ], [ 6.048069385, 49.636975635 ], [ 6.0474400012, 49.635871066199996 ], [ 6.0468906035, 49.6354015549 ], [ 6.0463829713, 49.635215857299997 ], [ 6.0462051331, 49.634945142399999 ], [ 6.0463102464, 49.634284497199999 ], [ 6.0458445934, 49.633471909900003 ], [ 6.0471494407, 49.632571233500002 ], [ 6.0471425886, 49.632329117600001 ], [ 6.0475521957, 49.6319921196 ], [ 6.0475349012, 49.630875719899997 ], [ 6.0478773355, 49.630231447600003 ], [ 6.0472974543, 49.629454990500001 ], [ 6.0460857819, 49.628456917800001 ], [ 6.0458179503, 49.6282903671 ], [ 6.0460033004, 49.627977504500002 ], [ 6.0485796901, 49.626553242200004 ], [ 6.0495286977, 49.626314378 ], [ 6.0497477275, 49.626254322 ], [ 6.0497982411, 49.626237405300003 ], [ 6.0502935627, 49.626022278400001 ], [ 6.0506847148, 49.625808376599998 ], [ 6.050527962, 49.6255812148 ], [ 6.0504929004, 49.625530399100001 ], [ 6.0504555778, 49.625476034 ], [ 6.0500631868, 49.6248867284 ], [ 6.0520822609, 49.6241454695 ], [ 6.0514765641, 49.622192770300003 ], [ 6.0511646515, 49.622191118400004 ], [ 6.0511319031, 49.621953921299998 ], [ 6.0522097582, 49.621986690299998 ], [ 6.0521975795, 49.620634344 ], [ 6.0528076236, 49.620474360400003 ], [ 6.0527693298, 49.620025726199998 ], [ 6.0544400771, 49.619955437900003 ], [ 6.054327594, 49.617732944399997 ], [ 6.0594450428, 49.618355727100003 ], [ 6.0630490776, 49.618554103500003 ], [ 6.0627085977, 49.615303750700001 ], [ 6.0618100896, 49.613309650200001 ], [ 6.063218646, 49.613401490400001 ], [ 6.0632850602, 49.613559476900001 ], [ 6.0640020127, 49.613306239499998 ], [ 6.0690232474, 49.612363261799999 ], [ 6.0693387467, 49.612802262700001 ], [ 6.0725990197, 49.6114924042 ], [ 6.0742646881, 49.612112676 ], [ 6.0761183366, 49.610799881 ], [ 6.0764673552, 49.610980631499999 ], [ 6.0768594641, 49.610666819599999 ], [ 6.0780829323, 49.611301175100003 ], [ 6.0802468715, 49.609126917499999 ], [ 6.0780661644, 49.607931505 ], [ 6.0786241426, 49.607478498900001 ], [ 6.0791912225, 49.607781577799997 ], [ 6.0823194859, 49.605597786600001 ], [ 6.0851981592, 49.607028245400002 ], [ 6.0878423928, 49.608993193700002 ], [ 6.0887125027, 49.610000410700003 ], [ 6.089518455, 49.611560021 ], [ 6.0893663432, 49.611616157500002 ], [ 6.0906918098, 49.613336650599997 ], [ 6.0916575488, 49.613322377800003 ], [ 6.0932921597, 49.615502203 ], [ 6.0950586355, 49.615184703700002 ], [ 6.0958264131, 49.616834046800001 ] ] ] ] } },
{ "type": "Feature", "properties": { "name": "Tandel", "canton": "Vianden", "district": "Diekirch", "lau2": "0901" }, "geometry": { "type": "MultiPolygon", "coordinates": [ [ [ [ 6.2317090285, 49.896864137800002 ], [ 6.2324354498, 49.897659413500001 ], [ 6.2344765212, 49.8982959115 ], [ 6.2348261058, 49.8988610611 ], [ 6.235389025, 49.899145552199997 ], [ 6.2335929798, 49.900141011899997 ], [ 6.2333891097, 49.900456714599997 ], [ 6.23299536, 49.902518291299998 ], [ 6.2320696076, 49.904822549599999 ], [ 6.2320738597, 49.906478056300003 ], [ 6.2307013621, 49.9079132472 ], [ 6.2273631637, 49.910060959399999 ], [ 6.2269348957, 49.910585805300002 ], [ 6.2269670409, 49.911238932899998 ], [ 6.2272383312, 49.911522605899997 ], [ 6.2284257733, 49.911503743499999 ], [ 6.2302519528, 49.911102165099997 ], [ 6.231329382, 49.911143964899999 ], [ 6.2338200443, 49.912681056799997 ], [ 6.2339753859, 49.913796206599997 ], [ 6.2337211474, 49.9144995917 ], [ 6.2310145818, 49.9193060972 ], [ 6.2292140768, 49.921017528599997 ], [ 6.2258086472, 49.921151999099997 ], [ 6.2225871933, 49.921642072499999 ], [ 6.2186656776, 49.9225358813 ], [ 6.2179928981, 49.923049877700002 ], [ 6.217644737, 49.922880774200003 ], [ 6.2162369959, 49.924472105 ], [ 6.2161385504, 49.925335918800002 ], [ 6.2159048785, 49.925580235399998 ], [ 6.2169191669, 49.926187959099998 ], [ 6.2158858162, 49.926385100600001 ], [ 6.2142535258, 49.9264465949 ], [ 6.2134345283, 49.926190353 ], [ 6.2132106043, 49.9251062047 ], [ 6.212776183, 49.924681619499999 ], [ 6.210816702, 49.923758193099999 ], [ 6.2088355098, 49.923279996399998 ], [ 6.2079602476, 49.922869791399997 ], [ 6.2068620888, 49.9231794186 ], [ 6.2045463411, 49.922839464699997 ], [ 6.2021127247, 49.923509350300002 ], [ 6.202668026, 49.923854004 ], [ 6.2043998293, 49.923778202100003 ], [ 6.2054797873, 49.924522238199998 ], [ 6.2057021879, 49.924456479900002 ], [ 6.2056596089, 49.924201981700001 ], [ 6.2072709005, 49.924405314200001 ], [ 6.2053518425, 49.926172506299999 ], [ 6.2035155409, 49.925477967399999 ], [ 6.1996309243, 49.924694147799997 ], [ 6.1998446089, 49.924886053199998 ], [ 6.1996908641, 49.925050029300003 ], [ 6.1985616339, 49.9244405946 ], [ 6.1969925936, 49.924270467100001 ], [ 6.1949754576, 49.925382473100001 ], [ 6.195713091, 49.9260760648 ], [ 6.1960788406, 49.9258910036 ], [ 6.1971604535, 49.927233857200001 ], [ 6.1971923938, 49.927513534600003 ], [ 6.1962629994, 49.9273459363 ], [ 6.1951162582, 49.926817980700001 ], [ 6.1952975973, 49.926507629600003 ], [ 6.1942383816, 49.926445253300002 ], [ 6.1934784023, 49.926092730299999 ], [ 6.1936289591, 49.925376440299999 ], [ 6.1932154812, 49.924323232500001 ], [ 6.1910085654, 49.925063490399999 ], [ 6.1900401251, 49.925611791400001 ], [ 6.1850483044, 49.929432633200001 ], [ 6.1828761862, 49.931814773200003 ], [ 6.1812549023, 49.932231789200003 ], [ 6.1791555723, 49.933101288499998 ], [ 6.177346021, 49.935161264 ], [ 6.1757468598, 49.936423945500003 ], [ 6.1748266279, 49.938002532900001 ], [ 6.1748034528, 49.939093350299999 ], [ 6.1743895296, 49.9401985951 ], [ 6.1732316119, 49.941284226100002 ], [ 6.1730946631, 49.941779815499999 ], [ 6.173967917, 49.944432040800002 ], [ 6.1721936555, 49.944639289100003 ], [ 6.1704766217, 49.943358872 ], [ 6.1670848102, 49.942215031800004 ], [ 6.1664081777, 49.941500501500002 ], [ 6.1650193959, 49.940956406399998 ], [ 6.1651226167, 49.9401184321 ], [ 6.165563292, 49.939714209 ], [ 6.1648249213, 49.9398791626 ], [ 6.1630047118, 49.940818652499999 ], [ 6.1628126806, 49.941249100699999 ], [ 6.1613915308, 49.942778579900001 ], [ 6.1611555629, 49.942676966400001 ], [ 6.1613873672, 49.942301149199999 ], [ 6.1621249872, 49.941658759900001 ], [ 6.1615430897, 49.941580066199997 ], [ 6.1615971925, 49.941739587 ], [ 6.1602861779, 49.941873905800001 ], [ 6.1560306137, 49.941316163499998 ], [ 6.1529061299, 49.940204083799998 ], [ 6.1528738124, 49.940247144200001 ], [ 6.1516811964, 49.9417217178 ], [ 6.147649378, 49.944493043900003 ], [ 6.1463154987, 49.945143937600001 ], [ 6.1443552334, 49.9456309507 ], [ 6.1431843945, 49.944605853399999 ], [ 6.1411308566, 49.943446995499997 ], [ 6.1402585176, 49.943141722100002 ], [ 6.1380609224, 49.942982301699999 ], [ 6.1363956539, 49.943695589500003 ], [ 6.1362353602, 49.943475612699999 ], [ 6.1354055729, 49.943631471899998 ], [ 6.1342178025, 49.943452355399998 ], [ 6.1330127882, 49.942789362900001 ], [ 6.1330661686, 49.941770235500002 ], [ 6.1327239429, 49.9404224066 ], [ 6.1313548089, 49.940085252800003 ], [ 6.1302837855, 49.938313098400002 ], [ 6.1286984149, 49.937605561700003 ], [ 6.1253853223, 49.936456868 ], [ 6.1239191952, 49.935311219900001 ], [ 6.1202443875, 49.933380987100001 ], [ 6.1193471703, 49.932649252300003 ], [ 6.1177630905, 49.931957389200001 ], [ 6.1168678758, 49.931169652100003 ], [ 6.1161395365, 49.929544902799996 ], [ 6.1165397689, 49.928879709199997 ], [ 6.116430913, 49.927647971500001 ], [ 6.1169199398, 49.926456996399999 ], [ 6.116871507, 49.925865247099999 ], [ 6.1157064901, 49.925142833599999 ], [ 6.1151845573, 49.922797102 ], [ 6.115683756, 49.9213214241 ], [ 6.1168768822, 49.920449427500003 ], [ 6.1170948053, 49.919199794900003 ], [ 6.1182224636, 49.918632237799997 ], [ 6.1187270013, 49.918139661399998 ], [ 6.1185964766, 49.918084422900002 ], [ 6.1188378828, 49.917718313 ], [ 6.1171687178, 49.918081523 ], [ 6.1168126231, 49.918308739099999 ], [ 6.1161949143, 49.917891794299997 ], [ 6.1153888898, 49.917843733200002 ], [ 6.1149574342, 49.917308217 ], [ 6.1137207818, 49.917110940599997 ], [ 6.1134383788, 49.916447767900003 ], [ 6.113911066, 49.916414945900001 ], [ 6.1141310448, 49.916250331400001 ], [ 6.1149737368, 49.914255941299999 ], [ 6.1152606813, 49.9123973775 ], [ 6.1158281493, 49.912407816600002 ], [ 6.1158816391, 49.911699755100003 ], [ 6.1136255031, 49.911882833600004 ], [ 6.1133483487, 49.910235684699998 ], [ 6.1121690044, 49.9097084295 ], [ 6.111251249, 49.909705715699999 ], [ 6.1103464458, 49.909900091399997 ], [ 6.109492403, 49.910285327399997 ], [ 6.1091165408, 49.910691251 ], [ 6.1085957892, 49.910473642900001 ], [ 6.1100327662, 49.909766463700002 ], [ 6.111063992, 49.9089592849 ], [ 6.1108336888, 49.908947818199998 ], [ 6.1123643263, 49.908013653399998 ], [ 6.1124993733, 49.908298843 ], [ 6.1143030824, 49.908400778599997 ], [ 6.1161433058, 49.908893475799999 ], [ 6.1176419178, 49.909086667399997 ], [ 6.1186116558, 49.9089535954 ], [ 6.1192333774, 49.907841743 ], [ 6.1178518012, 49.906696676700001 ], [ 6.117467753, 49.905980272299999 ], [ 6.1169552772, 49.905714911399997 ], [ 6.1198835786, 49.903843413700002 ], [ 6.1217643458, 49.9030178812 ], [ 6.1232571264, 49.902666782600001 ], [ 6.1247629874, 49.902517525199997 ], [ 6.1272425756, 49.902696248399998 ], [ 6.1300120357, 49.902580598500002 ], [ 6.1311893364, 49.902683534399998 ], [ 6.1317137076, 49.902260897700003 ], [ 6.1305564039, 49.9006706674 ], [ 6.1271827442, 49.898395509300002 ], [ 6.1275208715, 49.898166294500001 ], [ 6.1268785907, 49.897670810400001 ], [ 6.1263521086, 49.896382882099999 ], [ 6.1255072219, 49.8952413652 ], [ 6.1258727994, 49.895022297300002 ], [ 6.1255500967, 49.894681484700001 ], [ 6.1259787234, 49.893146077600001 ], [ 6.1275529738, 49.893386782500002 ], [ 6.1283248126, 49.893867769099998 ], [ 6.1291347631, 49.893705821300003 ], [ 6.1296067093, 49.894362645599998 ], [ 6.1308918669, 49.894182318200002 ], [ 6.1316398994, 49.895966618099997 ], [ 6.1328104383, 49.896823654199999 ], [ 6.1345265708, 49.897722055099997 ], [ 6.1349809993, 49.898434719500003 ], [ 6.1354777756, 49.898668467 ], [ 6.136573488, 49.897932813200001 ], [ 6.1393005159, 49.8970809996 ], [ 6.1411597827, 49.896025743400003 ], [ 6.1429881224, 49.895814538099998 ], [ 6.1445655524, 49.896199679699997 ], [ 6.1463544686, 49.893373779900003 ], [ 6.1447510443, 49.8929713506 ], [ 6.1448424195, 49.8927368226 ], [ 6.1439776889, 49.892585440300003 ], [ 6.1433173282, 49.8921850463 ], [ 6.1425305923, 49.892513981 ], [ 6.1404750616, 49.8925182093 ], [ 6.1380012447, 49.891907602899998 ], [ 6.1377784685, 49.891404281900002 ], [ 6.1387214129, 49.891528632099998 ], [ 6.1389448708, 49.890882652 ], [ 6.1406049427, 49.890778646400001 ], [ 6.1418379268, 49.890235865800001 ], [ 6.1428007429, 49.890143424800002 ], [ 6.1428158103, 49.889957521100001 ], [ 6.1467625665, 49.890945133599999 ], [ 6.1468844385, 49.8904643487 ], [ 6.148242063, 49.889521243899999 ], [ 6.1495387126, 49.888843569199999 ], [ 6.150480304, 49.888597924800003 ], [ 6.1516016409, 49.887895846 ], [ 6.153064133, 49.886000102600001 ], [ 6.1554242551, 49.883903225799997 ], [ 6.155597459, 49.883790285800004 ], [ 6.1560132239, 49.883935785200002 ], [ 6.1586336045, 49.882885613 ], [ 6.1582541614, 49.882410099700003 ], [ 6.1593303634, 49.882094815400002 ], [ 6.1606136983, 49.881978944099998 ], [ 6.1614486552, 49.881663617199997 ], [ 6.1635003969, 49.882033052 ], [ 6.1643507804, 49.881945615799999 ], [ 6.1645084542, 49.882373939600001 ], [ 6.1651470363, 49.8821950313 ], [ 6.1660842513, 49.881683822100001 ], [ 6.1657044884, 49.881388486299997 ], [ 6.166923889, 49.880549719800001 ], [ 6.1691092185, 49.879413807900001 ], [ 6.1710369583, 49.878729505300001 ], [ 6.1729403853, 49.8776195935 ], [ 6.1732011462, 49.877843985299997 ], [ 6.1745689263, 49.877382698700004 ], [ 6.1751680677, 49.8769887367 ], [ 6.1765374893, 49.876894440299999 ], [ 6.1764642962, 49.875068997600003 ], [ 6.1777396517, 49.875065472499998 ], [ 6.1776072407, 49.873772215300001 ], [ 6.179899259, 49.873983778499998 ], [ 6.180656357, 49.872522533500003 ], [ 6.1799267421, 49.872318772100002 ], [ 6.1847827862, 49.873100445299997 ], [ 6.1865398888, 49.871739439800002 ], [ 6.1878738301, 49.871472045300003 ], [ 6.1885195692, 49.870725187799998 ], [ 6.1898441572, 49.870826764299999 ], [ 6.1894703631, 49.871148448200003 ], [ 6.1884707496, 49.871943700800003 ], [ 6.1884443922, 49.8722691201 ], [ 6.189536543, 49.873005127500001 ], [ 6.1900549367, 49.874117297399998 ], [ 6.1903277917, 49.874167123100001 ], [ 6.1902920994, 49.8744102717 ], [ 6.1880408619, 49.879832469599997 ], [ 6.1885092551, 49.8796956288 ], [ 6.1888092463, 49.879785002600002 ], [ 6.1899769053, 49.881097439800001 ], [ 6.1902233705, 49.8815124861 ], [ 6.1901500565, 49.882709506 ], [ 6.1905324258, 49.8836074982 ], [ 6.1929753642, 49.8870598102 ], [ 6.1941128436, 49.886656774400002 ], [ 6.1937779515, 49.886228001399999 ], [ 6.198421041, 49.884437721099999 ], [ 6.1999156235, 49.886139224499999 ], [ 6.2001875954, 49.886044926300002 ], [ 6.2024245016, 49.888274828699998 ], [ 6.2044246991, 49.887889767399997 ], [ 6.2053382267, 49.888573293199997 ], [ 6.2073768176, 49.888185291500001 ], [ 6.208365606, 49.887804104399997 ], [ 6.2102434128, 49.889131059699999 ], [ 6.2172529343, 49.893050739499998 ], [ 6.2186146599, 49.893273919 ], [ 6.2217748023, 49.892922562599999 ], [ 6.2243084488, 49.892876569800002 ], [ 6.2257690179, 49.892644514399997 ], [ 6.2286635272, 49.8927345046 ], [ 6.231164793, 49.895884109100002 ], [ 6.2317090285, 49.896864137800002 ] ] ] ] } },
{ "type": "Feature", "properties": { "name": "Troisvierges", "canton": "Clervaux", "district": "Diekirch", "lau2": "0504" }, "geometry": { "type": "MultiPolygon", "coordinates": [ [ [ [ 5.9892958674, 50.1752017118 ], [ 5.9710650211, 50.1750172789 ], [ 5.9707366114, 50.1748675507 ], [ 5.9694908457, 50.173403057400002 ], [ 5.9683561564, 50.172849620800001 ], [ 5.9651017888, 50.173059093 ], [ 5.9636792815, 50.172629946500003 ], [ 5.9642549927, 50.171257486 ], [ 5.964331546, 50.167623967600001 ], [ 5.9640533695, 50.166596366699999 ], [ 5.9641290887, 50.164931713199998 ], [ 5.9637905862, 50.163982705400002 ], [ 5.9617894654, 50.161367473299997 ], [ 5.9615946051, 50.160828915099998 ], [ 5.9635923852, 50.1610733256 ], [ 5.9643063455, 50.158236671200001 ], [ 5.9670680289, 50.155432793700001 ], [ 5.967152268, 50.155160743700002 ], [ 5.9663961341, 50.154323003199998 ], [ 5.9654177737, 50.153714318799999 ], [ 5.9629350139, 50.153054847500002 ], [ 5.9626882426, 50.153334753499998 ], [ 5.9581365038, 50.151393880299999 ], [ 5.9588246229, 50.151176862699998 ], [ 5.9586994029, 50.150525641900003 ], [ 5.96120937, 50.149810565800003 ], [ 5.9605712328, 50.148880900499996 ], [ 5.9601728222, 50.147552908900003 ], [ 5.9603266092, 50.146530811399998 ], [ 5.9610031034, 50.144843803400001 ], [ 5.961345776, 50.142564142300003 ], [ 5.9585396221, 50.138862739300002 ], [ 5.9598298117, 50.134267979599997 ], [ 5.96046038, 50.132754409 ], [ 5.9613313167, 50.131360192300001 ], [ 5.9596739371, 50.131006732300001 ], [ 5.9546668771, 50.131090733699999 ], [ 5.9540088897, 50.130973572 ], [ 5.9537400526, 50.130675466500001 ], [ 5.9540149952, 50.130191166099998 ], [ 5.9543287038, 50.1305508461 ], [ 5.9547277785, 50.130378479699999 ], [ 5.9565870123, 50.128651109099998 ], [ 5.9556746879, 50.1277102532 ], [ 5.9530665161, 50.126814264899998 ], [ 5.9537767145, 50.124665114800003 ], [ 5.9536658214, 50.123948615899998 ], [ 5.9539658828, 50.1226616342 ], [ 5.9567930429, 50.120035149099998 ], [ 5.9548644991, 50.119442923100003 ], [ 5.9553586304, 50.118582805599999 ], [ 5.9587301705, 50.114724155499999 ], [ 5.9593922568, 50.113164001 ], [ 5.9613408888, 50.110945825 ], [ 5.962388601, 50.109103979300002 ], [ 5.9633532714, 50.107712505400002 ], [ 5.9687665523, 50.10939466 ], [ 5.971590525, 50.110649705299998 ], [ 5.9765588784, 50.112509614499999 ], [ 5.9812668155, 50.113430988600001 ], [ 5.9840473016, 50.11445774 ], [ 5.9856487186, 50.114695493200003 ], [ 5.9875923913, 50.1125273862 ], [ 5.9894338076, 50.113134785699998 ], [ 5.9900155775, 50.112283446699998 ], [ 5.9918038861, 50.112960545599996 ], [ 5.9926319625, 50.111985005699999 ], [ 5.9949950003, 50.113181779900003 ], [ 5.9961543566, 50.111948947099997 ], [ 5.9979815839, 50.11080333 ], [ 5.9984445582, 50.1109101244 ], [ 5.9990863789, 50.110586058800003 ], [ 5.9990957645, 50.110053491400002 ], [ 5.9994723554, 50.109267265200003 ], [ 6.0001091835, 50.108951511599997 ], [ 6.0002560687, 50.1092197575 ], [ 6.0008228302, 50.1089674961 ], [ 6.0039497137, 50.1093229134 ], [ 6.0068113455, 50.108224088299998 ], [ 6.0072494543, 50.108277941799997 ], [ 6.0080539987, 50.10791043 ], [ 6.009251517, 50.107284825900003 ], [ 6.0095098989, 50.106719700500001 ], [ 6.0098531462, 50.106549010199998 ], [ 6.0103551126, 50.106782329600001 ], [ 6.010441803, 50.107118079 ], [ 6.0110621243, 50.107596179300003 ], [ 6.0138920751, 50.107711905899997 ], [ 6.0140483262, 50.107911065899998 ], [ 6.0135524506, 50.108989139400002 ], [ 6.0140817139, 50.109136801799998 ], [ 6.0126550884, 50.110743514900001 ], [ 6.013149979, 50.110956117199997 ], [ 6.0126173041, 50.111867179800001 ], [ 6.0140556136, 50.112441942899999 ], [ 6.0133221295, 50.113254498300002 ], [ 6.0129980694, 50.114352556500002 ], [ 6.0131530514, 50.114368935599998 ], [ 6.013580059, 50.116137877299998 ], [ 6.0120445884, 50.11635419 ], [ 6.0101074168, 50.116868549700001 ], [ 6.0117232213, 50.117913274899998 ], [ 6.0149132122, 50.118964844499999 ], [ 6.0156536931, 50.120366299499999 ], [ 6.0157424117, 50.121133388 ], [ 6.0161049564, 50.121125769099997 ], [ 6.0163183486, 50.121570855199998 ], [ 6.017236497, 50.121469610200002 ], [ 6.0172108531, 50.121625934800001 ], [ 6.0174904259, 50.121672136699999 ], [ 6.018856798, 50.121634800899997 ], [ 6.0189171724, 50.1217629346 ], [ 6.0206627687, 50.121862424699998 ], [ 6.0218380739, 50.122126748699998 ], [ 6.0227665634, 50.122589572499997 ], [ 6.0229116823, 50.122529096 ], [ 6.0233797874, 50.122785798700001 ], [ 6.0230631752, 50.122962881799999 ], [ 6.023511316, 50.123476769 ], [ 6.0240275069, 50.123715539099997 ], [ 6.0240533429, 50.124130055400002 ], [ 6.023667094, 50.124523852899998 ], [ 6.0243075828, 50.125543448599998 ], [ 6.0250884485, 50.126113900199996 ], [ 6.0245746123, 50.126244023700004 ], [ 6.0252534747, 50.126649234699997 ], [ 6.026009155, 50.127657067299999 ], [ 6.0270266798, 50.128359238900003 ], [ 6.0277717613, 50.129431740299999 ], [ 6.0314365068, 50.1316049132 ], [ 6.031674554, 50.131419489899997 ], [ 6.0330484413, 50.132025945300001 ], [ 6.0358762324, 50.133706037 ], [ 6.0383397568, 50.1353824101 ], [ 6.0389475241, 50.135868247300003 ], [ 6.0391196332, 50.136660553399999 ], [ 6.0397186547, 50.137572610299998 ], [ 6.0401784503, 50.137850209500002 ], [ 6.0423862462, 50.1390082733 ], [ 6.0430468339, 50.1394462907 ], [ 6.042797342, 50.139569476799998 ], [ 6.044135164, 50.140170115700002 ], [ 6.0447254982, 50.141109350199997 ], [ 6.0488298459, 50.1439882954 ], [ 6.050284748, 50.144704847500002 ], [ 6.0524125595, 50.145203524300001 ], [ 6.0525106275, 50.146163366700002 ], [ 6.0516575249, 50.146927557300003 ], [ 6.0521162224, 50.147332426399998 ], [ 6.0517841236, 50.147561373 ], [ 6.0507807985, 50.147821931400003 ], [ 6.0506082569, 50.148021088199997 ], [ 6.0502354324, 50.148043755099998 ], [ 6.0501474393, 50.148487259200003 ], [ 6.0503771643, 50.148713314399998 ], [ 6.0503805522, 50.149166134399998 ], [ 6.0492489475, 50.150186992199998 ], [ 6.0490410626, 50.1505451198 ], [ 6.0492653823, 50.150797665600003 ], [ 6.0491984047, 50.151064902 ], [ 6.0487867207, 50.151566844199998 ], [ 6.0481015021, 50.151791967299999 ], [ 6.0475460327, 50.152092117099997 ], [ 6.047529437, 50.1522776029 ], [ 6.0464644055, 50.152790369 ], [ 6.0455197271, 50.154962393799998 ], [ 6.0456071288, 50.155843907 ], [ 6.0460565204, 50.156400876 ], [ 6.0457242542, 50.157686722900003 ], [ 6.0456536485, 50.157590616299998 ], [ 6.045169783, 50.157699465100002 ], [ 6.04314433, 50.158628294099998 ], [ 6.0400462363, 50.159403373499998 ], [ 6.0372424455, 50.160558398699997 ], [ 6.0352174801, 50.161906650799999 ], [ 6.0335921018, 50.162271446399998 ], [ 6.0313927039, 50.163916725599996 ], [ 6.029410096, 50.165983624 ], [ 6.0292470808, 50.166373962100003 ], [ 6.029576935, 50.1673652733 ], [ 6.0293483086, 50.168915701499998 ], [ 6.0295620239, 50.170738902099998 ], [ 6.0291487314, 50.172859102300002 ], [ 6.028114148, 50.1752189268 ], [ 6.0273731109, 50.176462117299998 ], [ 6.0264465328, 50.177489647900003 ], [ 6.0247808824, 50.182798870600003 ], [ 6.0222057813, 50.182433679900001 ], [ 6.0201850914, 50.181703282400001 ], [ 6.0179741886, 50.181321934300001 ], [ 6.0175724583, 50.181169898100002 ], [ 6.0170208709, 50.180575667799999 ], [ 6.0148698784, 50.179843255900003 ], [ 6.0132122949, 50.178983395 ], [ 6.011505513, 50.178496246599998 ], [ 6.0095132221, 50.178254547800002 ], [ 6.0030103412, 50.176334048900003 ], [ 5.9997365886, 50.175853644699998 ], [ 5.9892958674, 50.1752017118 ] ] ] ] } },
{ "type": "Feature", "properties": { "name": "Useldange", "canton": "Redange", "district": "Diekirch", "lau2": "0708" }, "geometry": { "type": "MultiPolygon", "coordinates": [ [ [ [ 5.996556801, 49.791397632299997 ], [ 5.9966950173, 49.791945910300001 ], [ 5.9911139181, 49.795388436300001 ], [ 5.9901156976, 49.795833655 ], [ 5.9877520654, 49.797972164900003 ], [ 5.9852414028, 49.797168435800003 ], [ 5.9830067127, 49.798500575 ], [ 5.9815150482, 49.798783847400003 ], [ 5.9812019106, 49.799020745 ], [ 5.9798862272, 49.800778198099998 ], [ 5.9798028349, 49.8016295555 ], [ 5.9786023836, 49.800940915600002 ], [ 5.9756270536, 49.802107192100003 ], [ 5.9735795034, 49.803281787700001 ], [ 5.9741334801, 49.804162506600001 ], [ 5.974544294, 49.806447206800001 ], [ 5.9769043439, 49.808701082900001 ], [ 5.9661162397, 49.809357312700001 ], [ 5.9661976932, 49.809008534 ], [ 5.9653520592, 49.808703133599998 ], [ 5.9647115268, 49.808692117500001 ], [ 5.9642551113, 49.808256591800003 ], [ 5.9668407464, 49.805370921600002 ], [ 5.9680151032, 49.804665683099998 ], [ 5.9654039765, 49.804258750800003 ], [ 5.9656977397, 49.801065762 ], [ 5.9663487156, 49.8004923226 ], [ 5.9655260158, 49.799797350200002 ], [ 5.9647384327, 49.798724238799998 ], [ 5.9653454123, 49.798261412700001 ], [ 5.9644224338, 49.797514839500003 ], [ 5.9641166487, 49.797662857600002 ], [ 5.9636084303, 49.796867878699999 ], [ 5.9632820466, 49.7956207326 ], [ 5.9629237764, 49.795248757800003 ], [ 5.9633054297, 49.795092901499999 ], [ 5.9620671296, 49.794271481499997 ], [ 5.9625138608, 49.7937858194 ], [ 5.961936352, 49.793421141099998 ], [ 5.9628903169, 49.792816168800002 ], [ 5.9614118389, 49.792016686700002 ], [ 5.9624207309, 49.790859704100001 ], [ 5.9623107838, 49.790480901199999 ], [ 5.9611729537, 49.790278111799999 ], [ 5.9625468724, 49.7878966902 ], [ 5.9593941101, 49.787396579800003 ], [ 5.9594317748, 49.7869573061 ], [ 5.9556507316, 49.786897959 ], [ 5.9557878172, 49.786260190699998 ], [ 5.9563319716, 49.786242661300001 ], [ 5.9560406245, 49.785012620499998 ], [ 5.9554517822, 49.784836487299998 ], [ 5.9544486035, 49.78464802 ], [ 5.9526783687, 49.784585435399997 ], [ 5.9524610177, 49.785219185499997 ], [ 5.9499265743, 49.785002261599999 ], [ 5.9501457392, 49.784339569399997 ], [ 5.9468149097, 49.783559889800003 ], [ 5.9440415383, 49.782551376900003 ], [ 5.9455725472, 49.781568974800003 ], [ 5.9424198982, 49.780405433399999 ], [ 5.9400398868, 49.779311589899997 ], [ 5.9377916404, 49.7792183679 ], [ 5.9350855047, 49.778577845 ], [ 5.9334694638, 49.778936294300003 ], [ 5.932751905, 49.778734072299997 ], [ 5.9312736409, 49.7785782021 ], [ 5.9331155623, 49.776834018800002 ], [ 5.9361544985, 49.775853095499997 ], [ 5.9387840866, 49.773937811899998 ], [ 5.938426441, 49.773704407499999 ], [ 5.93803081, 49.773822591399998 ], [ 5.9370679086, 49.774677645799997 ], [ 5.9356322843, 49.775516715899997 ], [ 5.9338310197, 49.776222328599999 ], [ 5.9333737411, 49.775304970100002 ], [ 5.9325546557, 49.775315083199999 ], [ 5.9318955827, 49.774368539500003 ], [ 5.9317530107, 49.774017889100001 ], [ 5.9324111826, 49.773313252299999 ], [ 5.9314132969, 49.772670634400001 ], [ 5.929637284, 49.770985698399997 ], [ 5.9279001504, 49.770073400299999 ], [ 5.9268977582, 49.7698370803 ], [ 5.9251530402, 49.768961092700003 ], [ 5.9222945765, 49.766402499 ], [ 5.9204853981, 49.765547945 ], [ 5.9230607935, 49.765942269200004 ], [ 5.9263696322, 49.7651613329 ], [ 5.9277373758, 49.766866633100001 ], [ 5.9279899512, 49.766798645199998 ], [ 5.9287427778, 49.767202120299999 ], [ 5.9310705114, 49.764133087099999 ], [ 5.9314471476, 49.762958912800002 ], [ 5.9306395121, 49.762738035600002 ], [ 5.930817302, 49.76240841 ], [ 5.9286339738, 49.761999197199998 ], [ 5.9294233566, 49.761140411500001 ], [ 5.9296193162, 49.761265272899998 ], [ 5.9326564766, 49.760508305899997 ], [ 5.9307920533, 49.759126329 ], [ 5.9318546941, 49.758348623099998 ], [ 5.929508055, 49.757766066800002 ], [ 5.9318135433, 49.755952252900002 ], [ 5.9341751589, 49.754897157199999 ], [ 5.9344668107, 49.753301096400001 ], [ 5.9338770753, 49.752238781199999 ], [ 5.9338208431, 49.751412656900001 ], [ 5.9347606344, 49.749951573399997 ], [ 5.9360354344, 49.749267146400001 ], [ 5.9363100253, 49.747667314300003 ], [ 5.9374683539, 49.747800774799998 ], [ 5.9375566221, 49.747522936300001 ], [ 5.9389947653, 49.747737898099999 ], [ 5.9412338769, 49.748525960899997 ], [ 5.9419139667, 49.746651499400002 ], [ 5.9417405858, 49.746606423899998 ], [ 5.9424045458, 49.745540209600001 ], [ 5.9436105254, 49.746006225899997 ], [ 5.9458106126, 49.743572523600001 ], [ 5.9439374444, 49.743127947700003 ], [ 5.9426208037, 49.742361849700004 ], [ 5.9435516374, 49.740481110399998 ], [ 5.9440284351, 49.740592320200001 ], [ 5.9441427664, 49.740404281799997 ], [ 5.9443964784, 49.739728886 ], [ 5.9442848062, 49.739343145299998 ], [ 5.9450546195, 49.739338609199997 ], [ 5.9456748268, 49.739507907 ], [ 5.9458958353, 49.738513828899997 ], [ 5.9411534786, 49.736445497200002 ], [ 5.9409131622, 49.736659593799999 ], [ 5.9384804422, 49.735802379 ], [ 5.9387362781, 49.735554845199999 ], [ 5.9384497485, 49.735358711499998 ], [ 5.9396995904, 49.73346919 ], [ 5.9376847165, 49.732674427799999 ], [ 5.9372299916, 49.732643442700002 ], [ 5.9384238413, 49.731211797500002 ], [ 5.9391102308, 49.730814264199999 ], [ 5.9399513772, 49.731057788500003 ], [ 5.9402296962, 49.730839164899997 ], [ 5.9399787213, 49.730714968100003 ], [ 5.940263373, 49.7305061478 ], [ 5.9419423883, 49.731517548 ], [ 5.942886593, 49.732146220300002 ], [ 5.9432689233, 49.732162460200001 ], [ 5.9462576292, 49.733244571199997 ], [ 5.9476533435, 49.733429181 ], [ 5.9485754464, 49.733357937500003 ], [ 5.9485662295, 49.733692837100001 ], [ 5.9482935195, 49.733668334599997 ], [ 5.9482305626, 49.733960138500002 ], [ 5.9494803126, 49.734041478400002 ], [ 5.9494029719, 49.734483339599997 ], [ 5.947899595, 49.7345443651 ], [ 5.9478003618, 49.735361981799997 ], [ 5.9472876858, 49.736243790899998 ], [ 5.9474908371, 49.736315383600001 ], [ 5.9482239249, 49.736125815800001 ], [ 5.9481545884, 49.736459603500002 ], [ 5.9486011276, 49.7365744146 ], [ 5.946918314, 49.7388366598 ], [ 5.9482337048, 49.739387305299999 ], [ 5.9498222153, 49.738009874900001 ], [ 5.9519015104, 49.739207342 ], [ 5.9526349028, 49.738498518699998 ], [ 5.9531885171, 49.738495658700003 ], [ 5.9535596938, 49.738097502499997 ], [ 5.954051943, 49.737287608899997 ], [ 5.9539011514, 49.736518527 ], [ 5.95462425, 49.736502063300001 ], [ 5.9547008502, 49.735908342599998 ], [ 5.9562996812, 49.735848274799999 ], [ 5.9572745312, 49.736062993 ], [ 5.9571343279, 49.736390660799998 ], [ 5.9573914883, 49.736812022700001 ], [ 5.9573542215, 49.737234847099998 ], [ 5.9579334166, 49.737692996699998 ], [ 5.9545423078, 49.740009470899999 ], [ 5.9543545684, 49.740281062100003 ], [ 5.9545183346, 49.740552291900002 ], [ 5.9564311187, 49.741750306299998 ], [ 5.9567233446, 49.741267680699998 ], [ 5.9586694528, 49.74204485 ], [ 5.9590392849, 49.741726593300001 ], [ 5.9598003751, 49.741846933700003 ], [ 5.958216945, 49.7433217086 ], [ 5.9586678152, 49.743517684499999 ], [ 5.9578905095, 49.744294085900002 ], [ 5.9584222722, 49.744329039599997 ], [ 5.9590378211, 49.744601076099997 ], [ 5.9596659631, 49.744082310099998 ], [ 5.9613579825, 49.744659202699999 ], [ 5.9609273982, 49.745485221700001 ], [ 5.9625892237, 49.745906267899997 ], [ 5.9629503756, 49.745818930200002 ], [ 5.9645996268, 49.746321094300001 ], [ 5.9631639018, 49.747480886699996 ], [ 5.9638721622, 49.748164515299997 ], [ 5.9636236656, 49.748473344200001 ], [ 5.964454164, 49.749043774 ], [ 5.966724211, 49.750160308 ], [ 5.9663437048, 49.750479370400001 ], [ 5.9674673485, 49.750995838 ], [ 5.9671422776, 49.751459669399999 ], [ 5.9726308543, 49.7536623377 ], [ 5.9734810876, 49.75395011 ], [ 5.9746225266, 49.754017627800003 ], [ 5.9748813095, 49.753420251400001 ], [ 5.9734258926, 49.7529660123 ], [ 5.973653317, 49.752631764299998 ], [ 5.9754600876, 49.752733811200002 ], [ 5.9779891025, 49.752252296 ], [ 5.9781185757, 49.753089792300003 ], [ 5.9779056491, 49.753671139399998 ], [ 5.9786978517, 49.753346829800002 ], [ 5.9800229205, 49.753106910299998 ], [ 5.9822947285, 49.753232482599998 ], [ 5.9840478956, 49.752791761 ], [ 5.9860404136, 49.751763066300001 ], [ 5.987059161, 49.752318622200001 ], [ 5.9878094664, 49.751856248499998 ], [ 5.9883311377, 49.752203335200001 ], [ 5.98902972, 49.752484933200002 ], [ 5.989063359, 49.753363267700003 ], [ 5.9896856964, 49.754016872900003 ], [ 5.9879544686, 49.754350462600001 ], [ 5.9879649513, 49.754627601700001 ], [ 5.989743329, 49.754948271400004 ], [ 5.9908260032, 49.755730828 ], [ 5.9929802149, 49.7568776337 ], [ 5.993551719, 49.7577405814 ], [ 5.9935910591, 49.758184919599998 ], [ 5.9961644644, 49.759841296700003 ], [ 5.9954580643, 49.7605408756 ], [ 5.9965032287, 49.760984172800001 ], [ 5.9998132734, 49.761890704800003 ], [ 5.9986125366, 49.764378983900002 ], [ 5.9981142683, 49.764435807700004 ], [ 5.9975617615, 49.765525049499999 ], [ 5.9968330541, 49.768195162700003 ], [ 5.9973140218, 49.768528464100001 ], [ 5.9968555061, 49.768886504199997 ], [ 5.9971756173, 49.769126218499999 ], [ 5.9960154482, 49.770317943400002 ], [ 5.9966623955, 49.770257553500002 ], [ 5.9971108967, 49.770373348500001 ], [ 5.997421713, 49.770634383400001 ], [ 5.9975341575, 49.771285991299997 ], [ 5.9980135763, 49.771835119499997 ], [ 5.9987575584, 49.771611983 ], [ 5.9990616252, 49.771670001499999 ], [ 5.9996689953, 49.772004177500001 ], [ 6.0000116531, 49.772447044499998 ], [ 6.0020655105, 49.772812092599999 ], [ 6.0028268554, 49.773065177 ], [ 6.0030875315, 49.773384511400003 ], [ 6.0013895467, 49.773784681800002 ], [ 6.0015825824, 49.774465908300002 ], [ 6.0000061991, 49.774443891700002 ], [ 5.9999516358, 49.775126615399998 ], [ 5.9987420454, 49.775050033100001 ], [ 6.0008220812, 49.7767029038 ], [ 6.0002977616, 49.778422951400003 ], [ 5.9990292213, 49.779665831700001 ], [ 5.9992766756, 49.779768343400001 ], [ 5.9982518836, 49.7806898252 ], [ 5.9990665521, 49.7810953957 ], [ 5.9976920079, 49.781872809299998 ], [ 5.9990052533, 49.782710924600003 ], [ 5.9985104867, 49.783572668700003 ], [ 6.0018235798, 49.785408749399998 ], [ 6.0014352213, 49.785944114099998 ], [ 6.0031376501, 49.786598787599999 ], [ 6.0053556815, 49.787122901700002 ], [ 6.0050745861, 49.787660918599997 ], [ 6.0035873248, 49.788893138299997 ], [ 6.0006354406, 49.787513036599996 ], [ 5.9980812033, 49.790424409499998 ], [ 5.996556801, 49.791397632299997 ] ] ] ] } },
{ "type": "Feature", "properties": { "name": "Vallée de l'Ernz", "canton": "Diekirch", "district": "Diekirch", "lau2": "0610" }, "geometry": { "type": "MultiPolygon", "coordinates": [ [ [ [ 6.2284206029, 49.795614579800002 ], [ 6.229616917, 49.795996172899997 ], [ 6.2316124112, 49.796550581299996 ], [ 6.2324425492, 49.796142819899998 ], [ 6.2322216371, 49.795443125 ], [ 6.2324920446, 49.794609632799997 ], [ 6.2335270365, 49.793752086200001 ], [ 6.2338439463, 49.7938664192 ], [ 6.2355777061, 49.791841257500003 ], [ 6.2376939353, 49.786154113 ], [ 6.2409481707, 49.787066624799998 ], [ 6.2420354376, 49.786342722900002 ], [ 6.243654705, 49.787896621100003 ], [ 6.243547209, 49.787968096299998 ], [ 6.2450735148, 49.789041679199997 ], [ 6.2467970639, 49.787777662300002 ], [ 6.2464844414, 49.787612842800002 ], [ 6.2485742648, 49.785378547500002 ], [ 6.2514163359, 49.786063507800002 ], [ 6.2516433628, 49.785728662799997 ], [ 6.2519790921, 49.785802959800002 ], [ 6.2505609868, 49.788054340199999 ], [ 6.2512157284, 49.788331869700002 ], [ 6.245271037, 49.792295027199998 ], [ 6.2443350354, 49.793078026099998 ], [ 6.2446336429, 49.7957856234 ], [ 6.2448945506, 49.796421379800002 ], [ 6.2543882275, 49.799940612699999 ], [ 6.2542002258, 49.800375859200003 ], [ 6.2557627337, 49.801153666600001 ], [ 6.2569240429, 49.802134090800003 ], [ 6.2584855709, 49.802839792500002 ], [ 6.2545454845, 49.8084927174 ], [ 6.2527495025, 49.810282934599996 ], [ 6.2543812736, 49.810666583299998 ], [ 6.2544694171, 49.8105146463 ], [ 6.2577072816, 49.810133412699997 ], [ 6.2575810159, 49.810369382 ], [ 6.2637100466, 49.8113230915 ], [ 6.2635455211, 49.811708362399997 ], [ 6.2629960999, 49.811665671500002 ], [ 6.2623986051, 49.812344007599997 ], [ 6.2638730575, 49.812885402299997 ], [ 6.2644973304, 49.813498782 ], [ 6.2644830472, 49.813997848900001 ], [ 6.2636328639, 49.815167204300003 ], [ 6.2644702788, 49.815287609199999 ], [ 6.2666228098, 49.815117063800002 ], [ 6.2674884543, 49.815514677300001 ], [ 6.2675198606, 49.8157722961 ], [ 6.2684964685, 49.816253680099997 ], [ 6.2690169611, 49.816759714100002 ], [ 6.2687574099, 49.8168428448 ], [ 6.2688603228, 49.817316896100003 ], [ 6.2685890316, 49.8184797543 ], [ 6.2692101218, 49.819116118 ], [ 6.2692626592, 49.819471931800003 ], [ 6.2698159727, 49.819924357600001 ], [ 6.269738751, 49.820719048699999 ], [ 6.2704287614, 49.821273475600002 ], [ 6.270191809, 49.821316068400002 ], [ 6.2697544579, 49.821049819700001 ], [ 6.2657778068, 49.821133214500001 ], [ 6.2601909059, 49.822301187699999 ], [ 6.2556911509, 49.823481696499996 ], [ 6.254675073, 49.8301312436 ], [ 6.2714555522, 49.841085683700001 ], [ 6.268422372, 49.841228238900001 ], [ 6.2663201708, 49.841821981099997 ], [ 6.2627790314, 49.845028202 ], [ 6.2669692862, 49.847265336 ], [ 6.2667849648, 49.847421230199998 ], [ 6.2686778515, 49.848536333299997 ], [ 6.2677269494, 49.849897093300001 ], [ 6.2655810618, 49.851585566700003 ], [ 6.2639175193, 49.851122078899998 ], [ 6.26355663, 49.851463312900002 ], [ 6.2621691735, 49.850749603899999 ], [ 6.262239486, 49.850357617900002 ], [ 6.2616209377, 49.850107176800002 ], [ 6.2603099673, 49.852151806400002 ], [ 6.2622214995, 49.853042044699997 ], [ 6.262018445, 49.853507125 ], [ 6.2602573755, 49.8545913373 ], [ 6.259913709, 49.854272670299999 ], [ 6.2591380119, 49.855112139900001 ], [ 6.2588195121, 49.855025407699998 ], [ 6.2583399049, 49.855540669500002 ], [ 6.2573473072, 49.856097335400001 ], [ 6.2577472864, 49.856622192800003 ], [ 6.2571897162, 49.856783603799997 ], [ 6.2552578319, 49.8566851024 ], [ 6.2551973529, 49.857466414900003 ], [ 6.2536517647, 49.857317173600002 ], [ 6.25291736, 49.8571227662 ], [ 6.2530079774, 49.856966927800002 ], [ 6.2511315704, 49.856597186499997 ], [ 6.2506243538, 49.857295404200002 ], [ 6.2496856331, 49.856905172700003 ], [ 6.2489180508, 49.856245849799997 ], [ 6.2479549474, 49.853979189100002 ], [ 6.2473569271, 49.853520632799999 ], [ 6.2464605924, 49.853198557600003 ], [ 6.2456186109, 49.853245584600003 ], [ 6.244594693, 49.853695902600002 ], [ 6.2456636292, 49.854400651200002 ], [ 6.2453826932, 49.854591801799998 ], [ 6.2435243214, 49.854567920100003 ], [ 6.2423874597, 49.854071904100003 ], [ 6.2415889929, 49.853354553899997 ], [ 6.2413579785, 49.852843809699998 ], [ 6.2399421299, 49.852477394600001 ], [ 6.238739019, 49.851844277200001 ], [ 6.2376941087, 49.850408826500001 ], [ 6.2375541788, 49.849800021299998 ], [ 6.2369911663, 49.849389444800003 ], [ 6.2361641165, 49.849297525 ], [ 6.2349915829, 49.849449178100002 ], [ 6.2342032901, 49.8492486687 ], [ 6.2330335627, 49.849197346 ], [ 6.232630687, 49.849486514799999 ], [ 6.2301372506, 49.84943797 ], [ 6.2283421176, 49.849671661800002 ], [ 6.2237703529, 49.849906237200003 ], [ 6.2201505757, 49.849402943 ], [ 6.2191670731, 49.849254134500001 ], [ 6.218419885, 49.8493212403 ], [ 6.2170947273, 49.8506121888 ], [ 6.2150424127, 49.851165806300003 ], [ 6.2148672361, 49.851473672399997 ], [ 6.2134373096, 49.851971289 ], [ 6.2131759914, 49.852249913500003 ], [ 6.2123473963, 49.852563031800003 ], [ 6.21238292, 49.852797259600003 ], [ 6.212198507, 49.852706633899999 ], [ 6.2115133932, 49.853026109799998 ], [ 6.210751818, 49.853051401199998 ], [ 6.2107111892, 49.853271363 ], [ 6.2103689478, 49.853177224200003 ], [ 6.21011081, 49.853337290200002 ], [ 6.209537968, 49.853330362199998 ], [ 6.2093449543, 49.853499680900001 ], [ 6.2067689218, 49.853661430599999 ], [ 6.2059081853, 49.853893103700003 ], [ 6.2057954694, 49.853722463300002 ], [ 6.2053187318, 49.853830454499999 ], [ 6.2041232193, 49.853659453100001 ], [ 6.203423836, 49.854176706200001 ], [ 6.2021057488, 49.854535009 ], [ 6.2017665765, 49.854404854499997 ], [ 6.2012933197, 49.854462120900003 ], [ 6.2002987677, 49.854061355500001 ], [ 6.1982849907, 49.85326208 ], [ 6.1970957442, 49.851936869200003 ], [ 6.1933991427, 49.8494002849 ], [ 6.1905038311, 49.847613961299999 ], [ 6.1873054549, 49.846017140299999 ], [ 6.1852252135, 49.846490794 ], [ 6.1824998127, 49.8465563225 ], [ 6.1809609126, 49.8463534168 ], [ 6.1772420253, 49.845205271700003 ], [ 6.1743178337, 49.843878892600003 ], [ 6.1736477561, 49.843307298100001 ], [ 6.1725632117, 49.843281639899999 ], [ 6.1709952742, 49.842700834600002 ], [ 6.1693055907, 49.842448069600003 ], [ 6.1676251858, 49.842444653299999 ], [ 6.1672795733, 49.842307546800001 ], [ 6.166058658, 49.842332391200003 ], [ 6.1652681081, 49.8421986898 ], [ 6.1634893437, 49.842504238099998 ], [ 6.1618270134, 49.842098344299998 ], [ 6.1594636112, 49.840917919200002 ], [ 6.1582442185, 49.840018866 ], [ 6.1566050909, 49.839308961299999 ], [ 6.1558159808, 49.839048364500002 ], [ 6.1555219379, 49.839456258699997 ], [ 6.1535356292, 49.838646469799997 ], [ 6.1522367843, 49.83835922 ], [ 6.1528943503, 49.836622202500003 ], [ 6.1529991777, 49.8358080852 ], [ 6.1527455119, 49.834958015 ], [ 6.143240833, 49.836248314199999 ], [ 6.1427361902, 49.835745433699998 ], [ 6.1427499574, 49.835045145899997 ], [ 6.1438519481, 49.8341331819 ], [ 6.1460284239, 49.833039545699997 ], [ 6.147189102, 49.831655892599997 ], [ 6.1470951748, 49.829937492200003 ], [ 6.1464484804, 49.82769482 ], [ 6.1464878399, 49.827044226799998 ], [ 6.1457161816, 49.826738125 ], [ 6.146411185, 49.825960559400002 ], [ 6.1479107738, 49.826396110799998 ], [ 6.1491330506, 49.825657005700002 ], [ 6.1494755581, 49.825155424499997 ], [ 6.1507725692, 49.822873631599997 ], [ 6.1504430825, 49.821693316299999 ], [ 6.1511657043, 49.820994358 ], [ 6.1505250965, 49.820044726600003 ], [ 6.1506824334, 49.819330368199999 ], [ 6.1504964595, 49.819271182900003 ], [ 6.1508435029, 49.818700333599999 ], [ 6.1516604537, 49.818341034900001 ], [ 6.1525249345, 49.818650265099997 ], [ 6.1526506727, 49.818426952599999 ], [ 6.1554754261, 49.819347225900003 ], [ 6.1600009974, 49.821055599 ], [ 6.1615502271, 49.821805354200002 ], [ 6.1626449603, 49.822691397 ], [ 6.1641452273, 49.822119226300003 ], [ 6.1668619536, 49.822438372299999 ], [ 6.1686849614, 49.821789192200001 ], [ 6.1709931586, 49.82125709 ], [ 6.1749985474, 49.820882824400002 ], [ 6.178424047, 49.821890344 ], [ 6.1818627988, 49.822593201700002 ], [ 6.1855255255, 49.823029681400001 ], [ 6.1891371102, 49.822271941399997 ], [ 6.1876936963, 49.8180122447 ], [ 6.1883312453, 49.81769903 ], [ 6.1900422245, 49.816075636500003 ], [ 6.1910808064, 49.814242542199999 ], [ 6.1916430984, 49.812099010099999 ], [ 6.190940571, 49.810347707299997 ], [ 6.1912350589, 49.809635161499997 ], [ 6.190965933, 49.808970697100001 ], [ 6.1901786475, 49.808948226200002 ], [ 6.1886547382, 49.806401895500002 ], [ 6.1903075342, 49.804312670599998 ], [ 6.191452214, 49.804587992800002 ], [ 6.1921242164, 49.804589603499998 ], [ 6.1919049423, 49.804077090699998 ], [ 6.1907150471, 49.803324645799997 ], [ 6.1911871085, 49.802731109 ], [ 6.1935214245, 49.803462463599999 ], [ 6.1952623516, 49.8022373692 ], [ 6.1967319832, 49.801795695599999 ], [ 6.1980343194, 49.801663121399997 ], [ 6.198248437, 49.800652437300002 ], [ 6.1979000228, 49.799726442599997 ], [ 6.201484473, 49.799128994699998 ], [ 6.2026092227, 49.798725675299998 ], [ 6.2024993606, 49.798524325899997 ], [ 6.2045498896, 49.798175994899999 ], [ 6.2053351754, 49.797864525900003 ], [ 6.2054444426, 49.797985235100001 ], [ 6.2081672802, 49.796124810499997 ], [ 6.2082253089, 49.795088871200001 ], [ 6.2081251232, 49.794916968199999 ], [ 6.2076298416, 49.794956089700001 ], [ 6.2075770736, 49.794566154 ], [ 6.2080817392, 49.794047563600003 ], [ 6.2086454749, 49.794000899399997 ], [ 6.2094310008, 49.793674064199998 ], [ 6.2113603499, 49.792194822100001 ], [ 6.2154771552, 49.790696558800001 ], [ 6.21748103, 49.790227964800003 ], [ 6.2172445341, 49.789829841100001 ], [ 6.2180764881, 49.789347207699997 ], [ 6.2184902593, 49.790403066400003 ], [ 6.2190872569, 49.791056983499999 ], [ 6.2191512508, 49.791524238400001 ], [ 6.2212160851, 49.791250210599998 ], [ 6.2217311458, 49.793434812500003 ], [ 6.2223376271, 49.793929878100002 ], [ 6.2245169979, 49.794854747599999 ], [ 6.224374275, 49.795076960599999 ], [ 6.2253757143, 49.795171701 ], [ 6.2263047399, 49.7954709005 ], [ 6.2284206029, 49.795614579800002 ] ] ] ] } },
{ "type": "Feature", "properties": { "name": "Vianden", "canton": "Vianden", "district": "Diekirch", "lau2": "0903" }, "geometry": { "type": "MultiPolygon", "coordinates": [ [ [ [ 6.1978929767, 49.948458503300003 ], [ 6.1976578018, 49.9481670941 ], [ 6.1946344035, 49.948135086900002 ], [ 6.1931772708, 49.948438275199997 ], [ 6.1911370171, 49.948468121799998 ], [ 6.188554752, 49.948828900700001 ], [ 6.1862984607, 49.948819017700004 ], [ 6.1811107981, 49.947089943100003 ], [ 6.1785893126, 49.946829799600003 ], [ 6.1773703617, 49.946990842200002 ], [ 6.1723329639, 49.948237019799997 ], [ 6.1707780322, 49.948342985700002 ], [ 6.1692169077, 49.947782548 ], [ 6.1678654557, 49.946792469499997 ], [ 6.1675660714, 49.945984227 ], [ 6.1654865849, 49.946907572500002 ], [ 6.1630700321, 49.946830211200002 ], [ 6.1603680501, 49.9474756352 ], [ 6.1583675569, 49.947633345600003 ], [ 6.1491593469, 49.946851769600002 ], [ 6.1489589865, 49.946775301300001 ], [ 6.1502362452, 49.946587747099997 ], [ 6.1510030852, 49.945863521200003 ], [ 6.1523685777, 49.945338192599998 ], [ 6.1550549717, 49.944636169200002 ], [ 6.1572436828, 49.9443303511 ], [ 6.1571494143, 49.944096365699998 ], [ 6.1580459394, 49.943729979099999 ], [ 6.1586918133, 49.943826927800004 ], [ 6.1599086224, 49.943526288199998 ], [ 6.1603729548, 49.943243152400001 ], [ 6.1605568232, 49.943325372 ], [ 6.1608813865, 49.942335457299997 ], [ 6.1615971925, 49.941739587 ], [ 6.1615430897, 49.941580066199997 ], [ 6.1621249872, 49.941658759900001 ], [ 6.1613873672, 49.942301149199999 ], [ 6.1611555629, 49.942676966400001 ], [ 6.1613915308, 49.942778579900001 ], [ 6.1628126806, 49.941249100699999 ], [ 6.1630047118, 49.940818652499999 ], [ 6.1648249213, 49.9398791626 ], [ 6.165563292, 49.939714209 ], [ 6.1651226167, 49.9401184321 ], [ 6.1650193959, 49.940956406399998 ], [ 6.1664081777, 49.941500501500002 ], [ 6.1670848102, 49.942215031800004 ], [ 6.1704766217, 49.943358872 ], [ 6.1721936555, 49.944639289100003 ], [ 6.173967917, 49.944432040800002 ], [ 6.1730946631, 49.941779815499999 ], [ 6.1732316119, 49.941284226100002 ], [ 6.1743895296, 49.9401985951 ], [ 6.1748034528, 49.939093350299999 ], [ 6.1748266279, 49.938002532900001 ], [ 6.1757468598, 49.936423945500003 ], [ 6.177346021, 49.935161264 ], [ 6.1791555723, 49.933101288499998 ], [ 6.1812549023, 49.932231789200003 ], [ 6.1828761862, 49.931814773200003 ], [ 6.1850483044, 49.929432633200001 ], [ 6.1900401251, 49.925611791400001 ], [ 6.1910085654, 49.925063490399999 ], [ 6.1932154812, 49.924323232500001 ], [ 6.1936289591, 49.925376440299999 ], [ 6.1934784023, 49.926092730299999 ], [ 6.1942383816, 49.926445253300002 ], [ 6.1952975973, 49.926507629600003 ], [ 6.1951162582, 49.926817980700001 ], [ 6.1962629994, 49.9273459363 ], [ 6.1971923938, 49.927513534600003 ], [ 6.1971604535, 49.927233857200001 ], [ 6.1960788406, 49.9258910036 ], [ 6.195713091, 49.9260760648 ], [ 6.1949754576, 49.925382473100001 ], [ 6.1969925936, 49.924270467100001 ], [ 6.1985616339, 49.9244405946 ], [ 6.1996908641, 49.925050029300003 ], [ 6.1998446089, 49.924886053199998 ], [ 6.1996309243, 49.924694147799997 ], [ 6.2035155409, 49.925477967399999 ], [ 6.2053518425, 49.926172506299999 ], [ 6.2072709005, 49.924405314200001 ], [ 6.2056596089, 49.924201981700001 ], [ 6.2057021879, 49.924456479900002 ], [ 6.2054797873, 49.924522238199998 ], [ 6.2043998293, 49.923778202100003 ], [ 6.202668026, 49.923854004 ], [ 6.2021127247, 49.923509350300002 ], [ 6.2045463411, 49.922839464699997 ], [ 6.2068620888, 49.9231794186 ], [ 6.2079602476, 49.922869791399997 ], [ 6.2088355098, 49.923279996399998 ], [ 6.210816702, 49.923758193099999 ], [ 6.212776183, 49.924681619499999 ], [ 6.2132106043, 49.9251062047 ], [ 6.2134345283, 49.926190353 ], [ 6.2142535258, 49.9264465949 ], [ 6.2158858162, 49.926385100600001 ], [ 6.2169191669, 49.926187959099998 ], [ 6.2159048785, 49.925580235399998 ], [ 6.2161385504, 49.925335918800002 ], [ 6.2162369959, 49.924472105 ], [ 6.217644737, 49.922880774200003 ], [ 6.2179928981, 49.923049877700002 ], [ 6.2177984363, 49.923842782 ], [ 6.2185588717, 49.925251593600002 ], [ 6.2198519847, 49.925980827499998 ], [ 6.2226730644, 49.927027266700001 ], [ 6.2235746739, 49.927849157700003 ], [ 6.223860981, 49.927788017700003 ], [ 6.224422418, 49.927649036600002 ], [ 6.2258275011, 49.928663066399999 ], [ 6.2261856743, 49.929309715599999 ], [ 6.2246175992, 49.931961531399999 ], [ 6.2240571505, 49.931940769599997 ], [ 6.2240264231, 49.932069303900001 ], [ 6.2244533482, 49.9327989067 ], [ 6.2249089051, 49.932731566900003 ], [ 6.2252235606, 49.933359054599997 ], [ 6.2237863538, 49.9336243638 ], [ 6.2235230102, 49.933998172899997 ], [ 6.2236035052, 49.9342975892 ], [ 6.2252403988, 49.935457562700002 ], [ 6.2273313467, 49.9366189506 ], [ 6.2253043269, 49.938754451699999 ], [ 6.2246173375, 49.938647627100003 ], [ 6.2244093836, 49.938771474900001 ], [ 6.224562582, 49.9393664527 ], [ 6.2238798856, 49.940039843 ], [ 6.2231373389, 49.940425005199998 ], [ 6.2228732148, 49.941004245400002 ], [ 6.2213332376, 49.941543405200001 ], [ 6.220776677, 49.942427086499997 ], [ 6.2197981107, 49.942820229500001 ], [ 6.21999936, 49.943329260100001 ], [ 6.2182277649, 49.943817759300003 ], [ 6.2165389493, 49.944502782100002 ], [ 6.2168910616, 49.945385829499997 ], [ 6.2185043428, 49.9454932919 ], [ 6.21862095, 49.945987554699997 ], [ 6.2201698679, 49.947169078599998 ], [ 6.2235452188, 49.949010113299998 ], [ 6.2239085251, 49.950081213899999 ], [ 6.211736076, 49.950227737600002 ], [ 6.2088388456, 49.953009466300003 ], [ 6.2085106783, 49.953819480699998 ], [ 6.2084891103, 49.954604850300001 ], [ 6.2055988017, 49.955194556199999 ], [ 6.2044896273, 49.955004418900003 ], [ 6.2007815186, 49.952928421199999 ], [ 6.2004741391, 49.952190554300003 ], [ 6.199602348, 49.9512530951 ], [ 6.1995864679, 49.949492450900003 ], [ 6.1984811213, 49.948691685 ], [ 6.1984547526, 49.948507423400002 ], [ 6.1978929767, 49.948458503300003 ] ] ] ] } },
{ "type": "Feature", "properties": { "name": "Vichten", "canton": "Redange", "district": "Diekirch", "lau2": "0709" }, "geometry": { "type": "MultiPolygon", "coordinates": [ [ [ [ 6.0057346197, 49.821893787800001 ], [ 6.0039002798, 49.821284580799997 ], [ 6.0025058075, 49.820181429400002 ], [ 6.0004070374, 49.819540179599997 ], [ 6.0007435298, 49.818785194500002 ], [ 5.9945917851, 49.818368720099997 ], [ 5.9900182411, 49.818275283 ], [ 5.9882506254, 49.817707844399997 ], [ 5.986970423, 49.817544100200003 ], [ 5.9859511812, 49.816941312600001 ], [ 5.9845188818, 49.815386866700003 ], [ 5.9846879187, 49.813910502299997 ], [ 5.9842475598, 49.812785567 ], [ 5.981950291, 49.813044499900002 ], [ 5.9811472426, 49.8127925529 ], [ 5.9787243491, 49.812788440200002 ], [ 5.9778534043, 49.813228463500003 ], [ 5.9749535106, 49.813483367499998 ], [ 5.9730678063, 49.814074293 ], [ 5.9695397772, 49.8130488571 ], [ 5.9689706123, 49.812637217099997 ], [ 5.9691439279, 49.811778308699999 ], [ 5.969037074, 49.810025569700002 ], [ 5.9686233067, 49.810107980399998 ], [ 5.9663835383, 49.8098677825 ], [ 5.9660798146, 49.809671959900001 ], [ 5.9661162397, 49.809357312700001 ], [ 5.9769043439, 49.808701082900001 ], [ 5.974544294, 49.806447206800001 ], [ 5.9741334801, 49.804162506600001 ], [ 5.9735795034, 49.803281787700001 ], [ 5.9756270536, 49.802107192100003 ], [ 5.9786023836, 49.800940915600002 ], [ 5.9798028349, 49.8016295555 ], [ 5.9798862272, 49.800778198099998 ], [ 5.9812019106, 49.799020745 ], [ 5.9815150482, 49.798783847400003 ], [ 5.9830067127, 49.798500575 ], [ 5.9852414028, 49.797168435800003 ], [ 5.9877520654, 49.797972164900003 ], [ 5.9901156976, 49.795833655 ], [ 5.9911139181, 49.795388436300001 ], [ 5.9966950173, 49.791945910300001 ], [ 5.996556801, 49.791397632299997 ], [ 5.9980812033, 49.790424409499998 ], [ 6.0006354406, 49.787513036599996 ], [ 6.0035873248, 49.788893138299997 ], [ 6.0050745861, 49.787660918599997 ], [ 6.0053556815, 49.787122901700002 ], [ 6.006443315, 49.787391512299997 ], [ 6.0076768265, 49.7872963959 ], [ 6.0098758679, 49.786779999 ], [ 6.0109655796, 49.786735980300001 ], [ 6.0127377496, 49.786989071699999 ], [ 6.0136095648, 49.786968931499999 ], [ 6.0132812176, 49.787162246100003 ], [ 6.0131160587, 49.787597627399997 ], [ 6.0132600562, 49.787981048600003 ], [ 6.0135647557, 49.787982271099999 ], [ 6.0135014857, 49.788996602 ], [ 6.0126065745, 49.790240546200003 ], [ 6.0145369541, 49.790951205900001 ], [ 6.0145321225, 49.791436761500002 ], [ 6.0153354158, 49.792663153600003 ], [ 6.0155897488, 49.793623965199998 ], [ 6.0152233982, 49.795439934 ], [ 6.0190833411, 49.796287937599999 ], [ 6.0207000288, 49.796819968400001 ], [ 6.0197184803, 49.7978966019 ], [ 6.0195024135, 49.798467416800001 ], [ 6.0255688675, 49.799999347 ], [ 6.0259743148, 49.799896898199997 ], [ 6.0265008516, 49.800428161299997 ], [ 6.0287964096, 49.8007637348 ], [ 6.0291352246, 49.801257054499999 ], [ 6.029842083, 49.801582611800001 ], [ 6.0350641914, 49.803439663299997 ], [ 6.0385692561, 49.803769960399997 ], [ 6.0369008349, 49.804767098200003 ], [ 6.0306021779, 49.807699452800001 ], [ 6.0299442811, 49.808198540100001 ], [ 6.0305921825, 49.808866738900001 ], [ 6.0283456562, 49.809639327500001 ], [ 6.0279175245, 49.810362852200001 ], [ 6.0288718812, 49.811569044700001 ], [ 6.0285969226, 49.812699717900003 ], [ 6.0297752725, 49.813911537499997 ], [ 6.0315970272, 49.816897709599999 ], [ 6.0322604274, 49.819737057300003 ], [ 6.0364761625, 49.822027148 ], [ 6.0407657509, 49.822820856600003 ], [ 6.0411567898, 49.824153052699998 ], [ 6.0407749725, 49.825462487400003 ], [ 6.0403488658, 49.826087943099999 ], [ 6.0372000901, 49.8244839352 ], [ 6.033981286, 49.826346949600001 ], [ 6.0332835606, 49.826096420699997 ], [ 6.0330769904, 49.827220518700003 ], [ 6.033746042, 49.828623879600002 ], [ 6.0339288727, 49.830359647400002 ], [ 6.0343914999, 49.831566626099999 ], [ 6.0338649221, 49.83150787 ], [ 6.0267483269, 49.830096885499998 ], [ 6.0270979413, 49.829513482 ], [ 6.0303468378, 49.826207045899999 ], [ 6.0305566203, 49.825833272600001 ], [ 6.0299723371, 49.825342249199998 ], [ 6.0269994846, 49.825873375199997 ], [ 6.0258537368, 49.826527214400002 ], [ 6.0241753768, 49.825261705800003 ], [ 6.0231750134, 49.826941488099997 ], [ 6.0219464578, 49.827115866299998 ], [ 6.0184936831, 49.827009209899998 ], [ 6.0179238344, 49.825891126099997 ], [ 6.0154954421, 49.825515669300003 ], [ 6.0107229251, 49.823112537 ], [ 6.0085617875, 49.8228114323 ], [ 6.0082872215, 49.822924239800003 ], [ 6.0058707141, 49.822898946 ], [ 6.0054988011, 49.822188443100003 ], [ 6.0057346197, 49.821893787800001 ] ] ] ] } },
{ "type": "Feature", "properties": { "name": "Waldbillig", "canton": "Echternach", "district": "Grevenmacher", "lau2": "1008" }, "geometry": { "type": "MultiPolygon", "coordinates": [ [ [ [ 6.3133647178, 49.791414940199999 ], [ 6.3124317397, 49.792423064899999 ], [ 6.3124794718, 49.793718199200001 ], [ 6.3117419985, 49.793699827099999 ], [ 6.3119803768, 49.794435267099999 ], [ 6.3114117495, 49.794898377599999 ], [ 6.3113114048, 49.795488617 ], [ 6.3115496168, 49.796419677800003 ], [ 6.3124490962, 49.7968663276 ], [ 6.3121824712, 49.797324963100003 ], [ 6.312163973, 49.798009808800003 ], [ 6.3128826566, 49.798400830799999 ], [ 6.3133166403, 49.7989312849 ], [ 6.3137004869, 49.7998611051 ], [ 6.3141833881, 49.800139691200002 ], [ 6.3146435539, 49.801378116199999 ], [ 6.3151719906, 49.801130908600001 ], [ 6.3153727882, 49.801270781299998 ], [ 6.3153474823, 49.801954583799997 ], [ 6.3163589972, 49.8034208933 ], [ 6.3158743285, 49.8042538304 ], [ 6.3159430553, 49.804600369699997 ], [ 6.3174304888, 49.805138936399999 ], [ 6.3176584303, 49.805468410700001 ], [ 6.3173599304, 49.805870205600002 ], [ 6.3174499952, 49.806194590200001 ], [ 6.3182912403, 49.806838282699999 ], [ 6.3187970165, 49.806995418 ], [ 6.3188299535, 49.807430866399997 ], [ 6.3195836179, 49.807640691899998 ], [ 6.3208141585, 49.808205346699999 ], [ 6.3208007533, 49.808956519200002 ], [ 6.320551386, 49.809165694199997 ], [ 6.3202512368, 49.8091320881 ], [ 6.3202674463, 49.809263205 ], [ 6.3223103596, 49.810675426700001 ], [ 6.3234657268, 49.811060780299997 ], [ 6.323519599, 49.811442776200003 ], [ 6.3228798276, 49.811796557800001 ], [ 6.3231670701, 49.812213735299999 ], [ 6.3240679684, 49.813353959600001 ], [ 6.3241681999, 49.813826536400001 ], [ 6.323942687, 49.814498697700003 ], [ 6.3242885688, 49.815347372799998 ], [ 6.3237759405, 49.815721710299997 ], [ 6.3246242067, 49.816486855400001 ], [ 6.324578671, 49.816747575199997 ], [ 6.3241491163, 49.816939443400003 ], [ 6.3249400958, 49.8182572849 ], [ 6.3248920943, 49.818806842599997 ], [ 6.3241405281, 49.819190541899999 ], [ 6.3238039621, 49.819677581699999 ], [ 6.3238535069, 49.8198043282 ], [ 6.3243639616, 49.819839824799999 ], [ 6.3245254212, 49.820085177199999 ], [ 6.3241951823, 49.820806227699997 ], [ 6.3249502766, 49.821645543199999 ], [ 6.3248238978, 49.822067485700003 ], [ 6.3247473204, 49.821718490899997 ], [ 6.3242100245, 49.821489400200001 ], [ 6.3239020272, 49.821528575800002 ], [ 6.3238126569, 49.821282289099997 ], [ 6.3227351564, 49.820906410100001 ], [ 6.3221060321, 49.820949239 ], [ 6.3203592085, 49.8203542105 ], [ 6.3195689527, 49.820685263800002 ], [ 6.318694569, 49.820587961900003 ], [ 6.3182809917, 49.820774824399997 ], [ 6.3178681288, 49.820713964399999 ], [ 6.3171140627, 49.8213145303 ], [ 6.316525153, 49.821382828399997 ], [ 6.314176297, 49.8225563982 ], [ 6.3117965568, 49.822987643799998 ], [ 6.3102337562, 49.8230171031 ], [ 6.3082537405, 49.823963109300003 ], [ 6.3048313077, 49.823510928600001 ], [ 6.3038475164, 49.823209978900003 ], [ 6.3027633673, 49.823164913900001 ], [ 6.30131351, 49.8226064634 ], [ 6.2997174808, 49.822322737100002 ], [ 6.2990380737, 49.822357460600003 ], [ 6.298237044, 49.822022234499997 ], [ 6.2979680785, 49.822208348499998 ], [ 6.296919868, 49.822122478499999 ], [ 6.2965819835, 49.822496139899997 ], [ 6.2957686953, 49.822726369800002 ], [ 6.2959406692, 49.822905282100002 ], [ 6.2958313801, 49.823270316799999 ], [ 6.2963889141, 49.823596112200001 ], [ 6.2955114764, 49.824280036 ], [ 6.2947549435, 49.824422770699996 ], [ 6.2944105385, 49.824309605899998 ], [ 6.2922110073, 49.824487460699999 ], [ 6.2902865809, 49.824346307600003 ], [ 6.2870780128, 49.824609014799996 ], [ 6.2859244608, 49.8243714997 ], [ 6.2856666795, 49.824495627799998 ], [ 6.2853094781, 49.824289548499998 ], [ 6.2849456328, 49.824373792599999 ], [ 6.2843746385, 49.824258247700001 ], [ 6.2836312896, 49.824447378199999 ], [ 6.283425253, 49.824274685399999 ], [ 6.2826204766, 49.824225177599999 ], [ 6.2803484445, 49.823472605799999 ], [ 6.2792392188, 49.823321435099999 ], [ 6.2781097608, 49.823508322400002 ], [ 6.2749298437, 49.8229849083 ], [ 6.2745199163, 49.823110447700003 ], [ 6.2742256054, 49.822856544499999 ], [ 6.273946673, 49.822908408099998 ], [ 6.273172884, 49.822633005599997 ], [ 6.2721221103, 49.821846926900001 ], [ 6.2704287614, 49.821273475600002 ], [ 6.269738751, 49.820719048699999 ], [ 6.2698159727, 49.819924357600001 ], [ 6.2692626592, 49.819471931800003 ], [ 6.2692101218, 49.819116118 ], [ 6.2685890316, 49.8184797543 ], [ 6.2688603228, 49.817316896100003 ], [ 6.2687574099, 49.8168428448 ], [ 6.2690169611, 49.816759714100002 ], [ 6.2684964685, 49.816253680099997 ], [ 6.2675198606, 49.8157722961 ], [ 6.2674884543, 49.815514677300001 ], [ 6.2666228098, 49.815117063800002 ], [ 6.2644702788, 49.815287609199999 ], [ 6.2636328639, 49.815167204300003 ], [ 6.2644830472, 49.813997848900001 ], [ 6.2644973304, 49.813498782 ], [ 6.2638730575, 49.812885402299997 ], [ 6.2623986051, 49.812344007599997 ], [ 6.2629960999, 49.811665671500002 ], [ 6.2635455211, 49.811708362399997 ], [ 6.2637100466, 49.8113230915 ], [ 6.2575810159, 49.810369382 ], [ 6.2577072816, 49.810133412699997 ], [ 6.2544694171, 49.8105146463 ], [ 6.2543812736, 49.810666583299998 ], [ 6.2527495025, 49.810282934599996 ], [ 6.2545454845, 49.8084927174 ], [ 6.2584855709, 49.802839792500002 ], [ 6.2569240429, 49.802134090800003 ], [ 6.2557627337, 49.801153666600001 ], [ 6.2542002258, 49.800375859200003 ], [ 6.2543882275, 49.799940612699999 ], [ 6.2448945506, 49.796421379800002 ], [ 6.2446336429, 49.7957856234 ], [ 6.2443350354, 49.793078026099998 ], [ 6.245271037, 49.792295027199998 ], [ 6.2512157284, 49.788331869700002 ], [ 6.2505609868, 49.788054340199999 ], [ 6.2519790921, 49.785802959800002 ], [ 6.2516433628, 49.785728662799997 ], [ 6.2514163359, 49.786063507800002 ], [ 6.2485742648, 49.785378547500002 ], [ 6.2451577983, 49.784049755300003 ], [ 6.2432436207, 49.783631825100002 ], [ 6.2424679111, 49.783590003100002 ], [ 6.2422929544, 49.783761129299997 ], [ 6.2385097137, 49.783147833299999 ], [ 6.2366575067, 49.782869454199997 ], [ 6.236848796, 49.782369508599999 ], [ 6.2374314602, 49.781083158400001 ], [ 6.2400989614, 49.781350199499997 ], [ 6.2425727949, 49.781982904499998 ], [ 6.2429819214, 49.781290791700002 ], [ 6.2428022161, 49.781232298500001 ], [ 6.2440134609, 49.780091521700001 ], [ 6.2459331466, 49.780863185100003 ], [ 6.2462834662, 49.780458534300003 ], [ 6.2479390226, 49.7808665433 ], [ 6.2482656179, 49.780499628100003 ], [ 6.2477309163, 49.7803709748 ], [ 6.25122201, 49.776851121599996 ], [ 6.2528977603, 49.777616400299998 ], [ 6.2536498488, 49.778203620399999 ], [ 6.2539135213, 49.778765101899999 ], [ 6.2552183877, 49.778555272299997 ], [ 6.2567712803, 49.777124860500003 ], [ 6.2593624663, 49.778199119600004 ], [ 6.2628175684, 49.7787891969 ], [ 6.2636700628, 49.776975031 ], [ 6.2632698495, 49.776937746199998 ], [ 6.2633572907, 49.776665227199999 ], [ 6.261329381, 49.776407733799999 ], [ 6.2627662606, 49.774027184200001 ], [ 6.2629318988, 49.774063873599999 ], [ 6.2632978508, 49.773524134900001 ], [ 6.2646683225, 49.770488009799998 ], [ 6.2645170576, 49.770441780600002 ], [ 6.2646139346, 49.769961907700001 ], [ 6.2631966342, 49.770073406900003 ], [ 6.2630986102, 49.7687123149 ], [ 6.2647492933, 49.768418773599997 ], [ 6.2648839597, 49.7687943838 ], [ 6.2672667472, 49.769649430500003 ], [ 6.2674667109, 49.769434234800002 ], [ 6.2665059716, 49.769099527100003 ], [ 6.266596976, 49.768983252600002 ], [ 6.2674324701, 49.7690999163 ], [ 6.267644065, 49.7688989695 ], [ 6.2682697137, 49.768754168900003 ], [ 6.2687217291, 49.768999994600001 ], [ 6.2717978321, 49.769754478400003 ], [ 6.2752262755, 49.7702442963 ], [ 6.2758005938, 49.769171522199997 ], [ 6.2767044285, 49.7692225483 ], [ 6.2773252035, 49.767892227200001 ], [ 6.2786840567, 49.768212437400003 ], [ 6.2795370197, 49.7669673738 ], [ 6.2794425497, 49.766697859399997 ], [ 6.2779697161, 49.766041431700003 ], [ 6.2750409767, 49.764196466800001 ], [ 6.2756543468, 49.763213527600001 ], [ 6.2771358457, 49.763057993899999 ], [ 6.2774449665, 49.763244897 ], [ 6.2777635364, 49.763215796099999 ], [ 6.2788189143, 49.762941276299998 ], [ 6.2790320481, 49.762536333500002 ], [ 6.2802297935, 49.763080047800003 ], [ 6.2804276339, 49.763515142499998 ], [ 6.2810372019, 49.763946326700001 ], [ 6.2810477531, 49.764795089300002 ], [ 6.2812902457, 49.765105526600003 ], [ 6.2816023005, 49.765117131799997 ], [ 6.2818144054, 49.765700557400002 ], [ 6.2835822054, 49.766463082100003 ], [ 6.2839935979, 49.766959560499998 ], [ 6.283949365, 49.767863374100003 ], [ 6.2837266093, 49.7682020823 ], [ 6.2841921425, 49.7694144393 ], [ 6.2844800942, 49.7695561572 ], [ 6.2842215361, 49.769965030400002 ], [ 6.284548221, 49.770123971300002 ], [ 6.2845027263, 49.770507526899998 ], [ 6.2847212756, 49.770752303499997 ], [ 6.2847200073, 49.771979003 ], [ 6.2845055041, 49.772550285900003 ], [ 6.2847195217, 49.773449063100003 ], [ 6.2850473228, 49.773594254499997 ], [ 6.2856670115, 49.773518163299997 ], [ 6.2870158108, 49.773717270299997 ], [ 6.2892573693, 49.774493188299999 ], [ 6.2901295769, 49.774559094600001 ], [ 6.2900706708, 49.774811392499998 ], [ 6.2908349098, 49.7751091624 ], [ 6.2912883447, 49.775070952599997 ], [ 6.2922079066, 49.775838520299999 ], [ 6.2922849793, 49.776520762799997 ], [ 6.2922203911, 49.777960924799999 ], [ 6.2939125393, 49.7781444851 ], [ 6.2968471493, 49.779810361400003 ], [ 6.2971405087, 49.781002888099998 ], [ 6.2985065995, 49.782209065099998 ], [ 6.2986592808, 49.783897792499999 ], [ 6.298860192, 49.784553932900003 ], [ 6.2993680242, 49.785172097100002 ], [ 6.299383715, 49.785860993900002 ], [ 6.3001828167, 49.786219430300001 ], [ 6.3005804335, 49.786962111100003 ], [ 6.3013967041, 49.787443341600003 ], [ 6.301751651, 49.787580578099998 ], [ 6.3025932248, 49.7875661299 ], [ 6.3042080877, 49.788274850199997 ], [ 6.304522628, 49.788187573599998 ], [ 6.3054551468, 49.7887260344 ], [ 6.3064265745, 49.7888444572 ], [ 6.3096266928, 49.789975135399999 ], [ 6.3115864082, 49.790121480099998 ], [ 6.3141367598, 49.789930224800003 ], [ 6.3144195145, 49.790107262 ], [ 6.313528579, 49.79059424 ], [ 6.3130395249, 49.790578547300001 ], [ 6.3128952557, 49.791048898600003 ], [ 6.3125804487, 49.7911039305 ], [ 6.3123551955, 49.7913517454 ], [ 6.3133647178, 49.791414940199999 ] ] ] ] } },
{ "type": "Feature", "properties": { "name": "Walferdange", "canton": "Luxembourg", "district": "Luxembourg", "lau2": "0310" }, "geometry": { "type": "MultiPolygon", "coordinates": [ [ [ [ 6.1595594472, 49.660469232899999 ], [ 6.1596434754, 49.663251604499997 ], [ 6.1593202966, 49.664292299499998 ], [ 6.1587059226, 49.669397116100001 ], [ 6.1553890738, 49.668961575 ], [ 6.1472572443, 49.667208049800003 ], [ 6.1453338008, 49.6669692993 ], [ 6.1441665428, 49.667048642499999 ], [ 6.1440294537, 49.665605366800001 ], [ 6.1433166451, 49.665585729500002 ], [ 6.1418774366, 49.665821201299998 ], [ 6.1421280643, 49.666647817499999 ], [ 6.1396166074, 49.666990914899998 ], [ 6.1399000065, 49.667964338099999 ], [ 6.1350673803, 49.668523401900003 ], [ 6.1304599676, 49.6693486554 ], [ 6.1301505818, 49.6687754943 ], [ 6.1299290065, 49.668267976199999 ], [ 6.1295697423, 49.668011250399999 ], [ 6.1285935145, 49.668250294 ], [ 6.1265208063, 49.667195588600002 ], [ 6.1259851758, 49.667230688499998 ], [ 6.1255694278, 49.666919373299997 ], [ 6.1256701537, 49.664732387599997 ], [ 6.1249841522, 49.664299074 ], [ 6.1257960134, 49.663471717299998 ], [ 6.1222717, 49.662350845 ], [ 6.1233898501, 49.661082780500003 ], [ 6.1201706573, 49.660745373799998 ], [ 6.1197691058, 49.661412264500001 ], [ 6.1191270966, 49.661751092199999 ], [ 6.1187237677, 49.661591542 ], [ 6.1195934251, 49.660502392 ], [ 6.1171919503, 49.659828804500002 ], [ 6.1149859981, 49.659604172400002 ], [ 6.1149280049, 49.658533614699998 ], [ 6.1130458524, 49.658192128400003 ], [ 6.1132143827, 49.659363167199999 ], [ 6.1122524327, 49.659046881400002 ], [ 6.1074257601, 49.658057529 ], [ 6.1053934184, 49.656779885 ], [ 6.1041848419, 49.656551547100001 ], [ 6.1028426104, 49.655803716400001 ], [ 6.1012966525, 49.6540881142 ], [ 6.0996697665, 49.651840351 ], [ 6.0981406587, 49.650802713 ], [ 6.1011643958, 49.646271199499999 ], [ 6.105889977, 49.646890766399999 ], [ 6.1068794837, 49.647751521700002 ], [ 6.1067793953, 49.647933347200002 ], [ 6.1079503208, 49.6489207443 ], [ 6.1131913219, 49.6503302283 ], [ 6.1155546556, 49.650069481700001 ], [ 6.116860653, 49.650163562800003 ], [ 6.1175213599, 49.649673122800003 ], [ 6.1184730167, 49.648373158600002 ], [ 6.1191453541, 49.648109672399997 ], [ 6.1205505985, 49.648150032099998 ], [ 6.1287515126, 49.649402284 ], [ 6.128779266, 49.6492221058 ], [ 6.1334490075, 49.650310440299997 ], [ 6.133651179, 49.650032373400002 ], [ 6.1385822677, 49.650733147700002 ], [ 6.138740731, 49.6504880759 ], [ 6.1397924436, 49.650855744399998 ], [ 6.1406715511, 49.650117406600003 ], [ 6.1422649561, 49.649410093100002 ], [ 6.1436772387, 49.649617081499997 ], [ 6.1433089433, 49.6492158123 ], [ 6.1502078937, 49.650706838600001 ], [ 6.1533221898, 49.650517230699997 ], [ 6.1545083565, 49.650804447600002 ], [ 6.1580596972, 49.652260936799998 ], [ 6.1579441699, 49.653388651500002 ], [ 6.1572577162, 49.6538697712 ], [ 6.1597181748, 49.6548682468 ], [ 6.1600937669, 49.654979668099998 ], [ 6.1602430593, 49.655744202900003 ], [ 6.160617035, 49.655986953 ], [ 6.1610050098, 49.657040549400001 ], [ 6.1617151855, 49.657381728 ], [ 6.1622447122, 49.658170507900003 ], [ 6.1637980029, 49.659408857300001 ], [ 6.164458401, 49.660213023 ], [ 6.1649820498, 49.661847871500001 ], [ 6.1616993866, 49.660782625300001 ], [ 6.1595594472, 49.660469232899999 ] ] ] ] } },
{ "type": "Feature", "properties": { "name": "Weiler-la-Tour", "canton": "Luxembourg", "district": "Luxembourg", "lau2": "0311" }, "geometry": { "type": "MultiPolygon", "coordinates": [ [ [ [ 6.2028564981, 49.575453995099998 ], [ 6.2010194679, 49.574706346600003 ], [ 6.2018836308, 49.5733024341 ], [ 6.2022271519, 49.571398033100003 ], [ 6.2028440057, 49.570335020400002 ], [ 6.2025346775, 49.569612737200003 ], [ 6.2024666865, 49.568612960499998 ], [ 6.2016943663, 49.5677621707 ], [ 6.2016487054, 49.567015808800001 ], [ 6.1965324983, 49.564576627900003 ], [ 6.1951155739, 49.563613252099998 ], [ 6.1951497862, 49.563153512200003 ], [ 6.1961111384, 49.561300089600003 ], [ 6.1959833659, 49.560479110199999 ], [ 6.1938232838, 49.558772634500002 ], [ 6.1929591694, 49.558459580700003 ], [ 6.1916380158, 49.559472910099998 ], [ 6.1909257472, 49.559755854700001 ], [ 6.1871974115, 49.560443746700003 ], [ 6.1863844306, 49.560995118199997 ], [ 6.184353311, 49.560071558600001 ], [ 6.1803690722, 49.5589332789 ], [ 6.1806178774, 49.557825782800002 ], [ 6.1814464168, 49.557075009400002 ], [ 6.1813066548, 49.556682313899998 ], [ 6.1820780124, 49.556104648100003 ], [ 6.1842378643, 49.5538536388 ], [ 6.1843599475, 49.5537210651 ], [ 6.1833627244, 49.553393932900001 ], [ 6.1843995764, 49.552360446599998 ], [ 6.1848643575, 49.551380392600002 ], [ 6.18375873, 49.551072467099999 ], [ 6.1827296177, 49.550493646200003 ], [ 6.1816389435, 49.548995978800001 ], [ 6.1772329927, 49.548092047600001 ], [ 6.1754312586, 49.549296295300003 ], [ 6.1731411767, 49.549854836199998 ], [ 6.1741691873, 49.546875327199999 ], [ 6.1715729734, 49.5455693169 ], [ 6.1733194008, 49.542748252099997 ], [ 6.1734407788, 49.540204400500002 ], [ 6.173978657, 49.540143257700002 ], [ 6.1732581212, 49.538374826899997 ], [ 6.1739066058, 49.538433296400001 ], [ 6.1742375376, 49.537946291099999 ], [ 6.1764527504, 49.535996861699999 ], [ 6.1748060738, 49.536362416400003 ], [ 6.174628555, 49.535959536 ], [ 6.1740822567, 49.536034573599999 ], [ 6.1735658643, 49.534811019899998 ], [ 6.170766009, 49.535118393200001 ], [ 6.1708042527, 49.533661039499997 ], [ 6.1688826081, 49.533342384 ], [ 6.1686419302, 49.533268579100003 ], [ 6.1687488888, 49.533054786800001 ], [ 6.1682051234, 49.532896288300002 ], [ 6.1662007594, 49.532823882599999 ], [ 6.1662339698, 49.532096914699999 ], [ 6.1645296603, 49.531948192500003 ], [ 6.1635191537, 49.531667641699997 ], [ 6.1633793089, 49.531386403799999 ], [ 6.1631016106, 49.531514922299998 ], [ 6.1626717316, 49.531391467100001 ], [ 6.1627683698, 49.530064740500002 ], [ 6.1595651771, 49.529594966600001 ], [ 6.1584446623, 49.528810510200003 ], [ 6.1554923783, 49.5276667121 ], [ 6.1554097279, 49.527355682500001 ], [ 6.1560733271, 49.526299407300002 ], [ 6.1573196713, 49.526359329599998 ], [ 6.1603399917, 49.527187074099999 ], [ 6.1598650366, 49.528688015100002 ], [ 6.1608323357, 49.528864685199999 ], [ 6.1612684096, 49.528598741800003 ], [ 6.1614022275, 49.527465380899997 ], [ 6.1643796088, 49.527219252 ], [ 6.1655470505, 49.526352601600003 ], [ 6.1661533528, 49.525606731400003 ], [ 6.165351539, 49.5233230451 ], [ 6.165474937, 49.523190697399997 ], [ 6.1638546914, 49.523062637 ], [ 6.1602909165, 49.523850389899998 ], [ 6.1588464877, 49.523714249599998 ], [ 6.1577826736, 49.5228762837 ], [ 6.1566111881, 49.521496627 ], [ 6.1554834632, 49.521109278799997 ], [ 6.1567063884, 49.520658086099999 ], [ 6.159540146, 49.518746881799999 ], [ 6.159739777, 49.51891324 ], [ 6.1602723494, 49.518512232200003 ], [ 6.1605823633, 49.518612249900002 ], [ 6.1614553139, 49.517554398599998 ], [ 6.162055521, 49.517858525400001 ], [ 6.1625805531, 49.517282161300002 ], [ 6.1652306501, 49.517406881299998 ], [ 6.1691131183, 49.516988821399998 ], [ 6.1721289099, 49.517051643599999 ], [ 6.1716166587, 49.521808356199998 ], [ 6.172282738, 49.5226609586 ], [ 6.1738527972, 49.523675933500002 ], [ 6.1744873705, 49.523903829600002 ], [ 6.1742831024, 49.524155351300003 ], [ 6.1765362608, 49.524724231599997 ], [ 6.1802817504, 49.525219370599999 ], [ 6.179820673, 49.526190122400003 ], [ 6.1850440047, 49.5277795079 ], [ 6.1870350777, 49.525552728100003 ], [ 6.1889118689, 49.526159418699997 ], [ 6.1890702106, 49.525530252400003 ], [ 6.190837871, 49.525974633399997 ], [ 6.1907904833, 49.526066244699997 ], [ 6.1930441018, 49.5264537129 ], [ 6.1930684485, 49.526025513800001 ], [ 6.1944227527, 49.525646811400001 ], [ 6.1959651208, 49.525628285400003 ], [ 6.1969926024, 49.525784525100001 ], [ 6.1970213199, 49.526219023199999 ], [ 6.1986400981, 49.526668861799998 ], [ 6.1988324748, 49.526382423800001 ], [ 6.2001144485, 49.526845028799997 ], [ 6.2005644385, 49.526461617 ], [ 6.2024266511, 49.526932074699999 ], [ 6.2010374024, 49.527755797899999 ], [ 6.2020907243, 49.528675808199999 ], [ 6.2036623782, 49.530672109199998 ], [ 6.2051962337, 49.530378451200001 ], [ 6.2060694034, 49.531505666299999 ], [ 6.2073152017, 49.532519125299999 ], [ 6.2077756808, 49.5323295938 ], [ 6.2097585181, 49.532031329500001 ], [ 6.2118596725, 49.532972870400002 ], [ 6.2147414481, 49.533045036300003 ], [ 6.2152408326, 49.533208261699997 ], [ 6.2150702313, 49.534616233900003 ], [ 6.2154796255, 49.535309162200001 ], [ 6.2161998162, 49.535460476799997 ], [ 6.2164816136, 49.536310116599999 ], [ 6.2160466037, 49.537218143 ], [ 6.2157719854, 49.538522590500001 ], [ 6.2174286582, 49.540804978399997 ], [ 6.2198049699, 49.540262505100003 ], [ 6.2199376777, 49.540430344699999 ], [ 6.2212980609, 49.540066673799998 ], [ 6.2214747304, 49.539604591900002 ], [ 6.2195699359, 49.538514065199998 ], [ 6.2198938898, 49.538383547099997 ], [ 6.2203923582, 49.5386934315 ], [ 6.2212117327, 49.536803362599997 ], [ 6.2261000942, 49.536951660299998 ], [ 6.2258825763, 49.5375461645 ], [ 6.2279307844, 49.537843055400003 ], [ 6.2282011918, 49.538702400799998 ], [ 6.2287803334, 49.5385398584 ], [ 6.2290754494, 49.539530791399997 ], [ 6.2301142125, 49.540287660600001 ], [ 6.2283789703, 49.540967113900003 ], [ 6.2294167449, 49.542333847599998 ], [ 6.2281494793, 49.543302945 ], [ 6.2303600227, 49.544577948300002 ], [ 6.2292628057, 49.5453859339 ], [ 6.2275026635, 49.544660868699999 ], [ 6.2252593997, 49.546987797900002 ], [ 6.2264579413, 49.547418205900001 ], [ 6.2247585637, 49.548113221199998 ], [ 6.2237382393, 49.5498281554 ], [ 6.2222440646, 49.5506685629 ], [ 6.2206180586, 49.552044701200003 ], [ 6.2195105911, 49.554522504099999 ], [ 6.2192148599, 49.554989904199999 ], [ 6.2217316644, 49.555567897800003 ], [ 6.2234862267, 49.556173623600003 ], [ 6.223789705, 49.555825466599998 ], [ 6.2251690831, 49.556507396299999 ], [ 6.2264760694, 49.556829226600001 ], [ 6.2271068175, 49.555739802700003 ], [ 6.2279581269, 49.554851426200003 ], [ 6.230256487, 49.553007545200003 ], [ 6.2317565181, 49.5533475975 ], [ 6.2332630119, 49.553996380699999 ], [ 6.234953247, 49.553305670199997 ], [ 6.2354755085, 49.554197935799998 ], [ 6.233711531, 49.555204076599999 ], [ 6.2312165439, 49.557677510399998 ], [ 6.2310524938, 49.558108705400002 ], [ 6.2310242753, 49.558886836200003 ], [ 6.2312962432, 49.55969912 ], [ 6.2319683905, 49.560202093500003 ], [ 6.2330721562, 49.560442701299998 ], [ 6.2323648975, 49.561973904600002 ], [ 6.2316390177, 49.5626445957 ], [ 6.2338885121, 49.564975795 ], [ 6.2335296417, 49.566087396599997 ], [ 6.2320366814, 49.567612381499998 ], [ 6.2324014754, 49.567894514099997 ], [ 6.2308223405, 49.569005879400002 ], [ 6.2312350327, 49.570043436500001 ], [ 6.23081481, 49.569892051899998 ], [ 6.2306237707, 49.570088368699999 ], [ 6.229641741, 49.569603915599998 ], [ 6.2285987217, 49.568247424900001 ], [ 6.2279951961, 49.568683999 ], [ 6.2284467217, 49.569042001 ], [ 6.2280124145, 49.569535587700003 ], [ 6.2282510234, 49.569742139799999 ], [ 6.2280498979, 49.569906485399997 ], [ 6.2277034166, 49.569723959599997 ], [ 6.2266845375, 49.570535445600001 ], [ 6.225663477, 49.571620872300002 ], [ 6.2258557153, 49.571757592099999 ], [ 6.2239404128, 49.572772720300001 ], [ 6.2242008737, 49.573081839899999 ], [ 6.2238092006, 49.573400270599997 ], [ 6.224959607, 49.5740488478 ], [ 6.2241571253, 49.5746352735 ], [ 6.2228603601, 49.574125553800002 ], [ 6.2226872953, 49.5742553599 ], [ 6.2207312614, 49.573094150599999 ], [ 6.218050142, 49.573813322299998 ], [ 6.218482446, 49.574245017099997 ], [ 6.2162361425, 49.573191626899998 ], [ 6.2156025894, 49.573551913499998 ], [ 6.2145254924, 49.573012095 ], [ 6.2116388775, 49.572301713500003 ], [ 6.2107564171, 49.572976144599998 ], [ 6.2108960531, 49.573282408399997 ], [ 6.2092671174, 49.574247644300002 ], [ 6.2095294294, 49.574445100200002 ], [ 6.208628809, 49.575404717700003 ], [ 6.2078071168, 49.576964102600002 ], [ 6.2070377154, 49.577138724400001 ], [ 6.2076905036, 49.577752128199997 ], [ 6.2071176898, 49.577596602100002 ], [ 6.205016036, 49.576061366 ], [ 6.2045498286, 49.5761461321 ], [ 6.2028564981, 49.575453995099998 ] ] ] ] } },
{ "type": "Feature", "properties": { "name": "Weiswampach", "canton": "Clervaux", "district": "Diekirch", "lau2": "0505" }, "geometry": { "type": "MultiPolygon", "coordinates": [ [ [ [ 6.1024497916, 50.170549471100003 ], [ 6.1012383162, 50.170514797599999 ], [ 6.1010514789, 50.170647520499998 ], [ 6.1007271946, 50.170552354599998 ], [ 6.1000069873, 50.170734664500003 ], [ 6.0989277892, 50.170224870200002 ], [ 6.0982058145, 50.170097323100002 ], [ 6.0974309687, 50.1696484056 ], [ 6.0959467795, 50.169562529700002 ], [ 6.0951139061, 50.169307801800002 ], [ 6.0944671279, 50.169423227400003 ], [ 6.0939907105, 50.169287249 ], [ 6.0933688881, 50.1695469398 ], [ 6.0931635856, 50.169398283200003 ], [ 6.0925625493, 50.1693843324 ], [ 6.0924996258, 50.169837745099997 ], [ 6.0919164155, 50.1697888128 ], [ 6.0910235115, 50.1702652468 ], [ 6.0904092026, 50.170211998200003 ], [ 6.0895520084, 50.170577767 ], [ 6.0887930744, 50.1706372393 ], [ 6.0870354289, 50.171273025799998 ], [ 6.0866670914, 50.1716183964 ], [ 6.0850709491, 50.172006452300003 ], [ 6.0833501691, 50.171852417499998 ], [ 6.0792041295, 50.170789486099999 ], [ 6.0799053288, 50.169483228 ], [ 6.0789291766, 50.168055729400002 ], [ 6.0802407508, 50.164024202500002 ], [ 6.0805111724, 50.162521954500001 ], [ 6.0802292158, 50.161187813399998 ], [ 6.0790728448, 50.159977236899998 ], [ 6.0786012298, 50.1585365217 ], [ 6.0785193183, 50.157178236599997 ], [ 6.0787926836, 50.156500758500002 ], [ 6.0773610329, 50.156936698 ], [ 6.0768251719, 50.156810635900001 ], [ 6.0756921146, 50.156887009899997 ], [ 6.0754065521, 50.157092002699997 ], [ 6.0748245607, 50.157073695800001 ], [ 6.0741895908, 50.1574736102 ], [ 6.0720104808, 50.157389710499999 ], [ 6.0710208291, 50.156827613099999 ], [ 6.0707519948, 50.156845954799998 ], [ 6.0707668251, 50.156652454099998 ], [ 6.0702758679, 50.1566613233 ], [ 6.0688391393, 50.1552969026 ], [ 6.0657697205, 50.1540146038 ], [ 6.0645262928, 50.153785709600001 ], [ 6.0646254806, 50.153630833900003 ], [ 6.0641982641, 50.153442651399999 ], [ 6.0634565827, 50.153341301499999 ], [ 6.0633527489, 50.153591854200002 ], [ 6.0626258087, 50.153859000600001 ], [ 6.0614501275, 50.1536408507 ], [ 6.0570192503, 50.154345119699997 ], [ 6.0553727473, 50.155141188400002 ], [ 6.0502912506, 50.156819149699999 ], [ 6.0457242542, 50.157686722900003 ], [ 6.0460565204, 50.156400876 ], [ 6.0456071288, 50.155843907 ], [ 6.0455197271, 50.154962393799998 ], [ 6.0464644055, 50.152790369 ], [ 6.047529437, 50.1522776029 ], [ 6.0475460327, 50.152092117099997 ], [ 6.0481015021, 50.151791967299999 ], [ 6.0487867207, 50.151566844199998 ], [ 6.0491984047, 50.151064902 ], [ 6.0492653823, 50.150797665600003 ], [ 6.0490410626, 50.1505451198 ], [ 6.0492489475, 50.150186992199998 ], [ 6.0503805522, 50.149166134399998 ], [ 6.0503771643, 50.148713314399998 ], [ 6.0501474393, 50.148487259200003 ], [ 6.0502354324, 50.148043755099998 ], [ 6.0506082569, 50.148021088199997 ], [ 6.0507807985, 50.147821931400003 ], [ 6.0517841236, 50.147561373 ], [ 6.0521162224, 50.147332426399998 ], [ 6.0516575249, 50.146927557300003 ], [ 6.0525106275, 50.146163366700002 ], [ 6.0524125595, 50.145203524300001 ], [ 6.050284748, 50.144704847500002 ], [ 6.0488298459, 50.1439882954 ], [ 6.0447254982, 50.141109350199997 ], [ 6.044135164, 50.140170115700002 ], [ 6.042797342, 50.139569476799998 ], [ 6.0430468339, 50.1394462907 ], [ 6.0423862462, 50.1390082733 ], [ 6.0401784503, 50.137850209500002 ], [ 6.0397186547, 50.137572610299998 ], [ 6.0391196332, 50.136660553399999 ], [ 6.0389475241, 50.135868247300003 ], [ 6.0383397568, 50.1353824101 ], [ 6.0358762324, 50.133706037 ], [ 6.0330484413, 50.132025945300001 ], [ 6.031674554, 50.131419489899997 ], [ 6.0314365068, 50.1316049132 ], [ 6.0277717613, 50.129431740299999 ], [ 6.0270266798, 50.128359238900003 ], [ 6.026009155, 50.127657067299999 ], [ 6.0252534747, 50.126649234699997 ], [ 6.0245746123, 50.126244023700004 ], [ 6.0250884485, 50.126113900199996 ], [ 6.0243075828, 50.125543448599998 ], [ 6.023667094, 50.124523852899998 ], [ 6.0240533429, 50.124130055400002 ], [ 6.0240275069, 50.123715539099997 ], [ 6.023511316, 50.123476769 ], [ 6.0230631752, 50.122962881799999 ], [ 6.0233797874, 50.122785798700001 ], [ 6.0229116823, 50.122529096 ], [ 6.0227665634, 50.122589572499997 ], [ 6.0218380739, 50.122126748699998 ], [ 6.0206627687, 50.121862424699998 ], [ 6.0189171724, 50.1217629346 ], [ 6.018856798, 50.121634800899997 ], [ 6.0174904259, 50.121672136699999 ], [ 6.0172108531, 50.121625934800001 ], [ 6.017236497, 50.121469610200002 ], [ 6.0163183486, 50.121570855199998 ], [ 6.0161049564, 50.121125769099997 ], [ 6.0157424117, 50.121133388 ], [ 6.0156536931, 50.120366299499999 ], [ 6.0149132122, 50.118964844499999 ], [ 6.0117232213, 50.117913274899998 ], [ 6.0101074168, 50.116868549700001 ], [ 6.0120445884, 50.11635419 ], [ 6.013580059, 50.116137877299998 ], [ 6.0131530514, 50.114368935599998 ], [ 6.0129980694, 50.114352556500002 ], [ 6.0133221295, 50.113254498300002 ], [ 6.0140556136, 50.112441942899999 ], [ 6.0126173041, 50.111867179800001 ], [ 6.013149979, 50.110956117199997 ], [ 6.0126550884, 50.110743514900001 ], [ 6.0140817139, 50.109136801799998 ], [ 6.0135524506, 50.108989139400002 ], [ 6.0140483262, 50.107911065899998 ], [ 6.0138920751, 50.107711905899997 ], [ 6.0110621243, 50.107596179300003 ], [ 6.010441803, 50.107118079 ], [ 6.0103551126, 50.106782329600001 ], [ 6.0098531462, 50.106549010199998 ], [ 6.009980232, 50.106303856899999 ], [ 6.0108098712, 50.106047461199999 ], [ 6.0111132582, 50.105368702200003 ], [ 6.0115977997, 50.1050934513 ], [ 6.0113650765, 50.104080973599999 ], [ 6.0102751047, 50.103944112500002 ], [ 6.0090792312, 50.104027330800001 ], [ 6.0082190936, 50.103704027 ], [ 6.0078317932, 50.1038901963 ], [ 6.0074106916, 50.103458652500002 ], [ 6.0067267605, 50.103337150100003 ], [ 6.0063260366, 50.103457154600001 ], [ 6.0055328844, 50.102322995100003 ], [ 6.0057606857, 50.101937091400004 ], [ 6.0056252648, 50.1018108779 ], [ 6.0060643583, 50.1015617033 ], [ 6.0060026276, 50.1013472992 ], [ 6.0063105121, 50.101164918800002 ], [ 6.0061189448, 50.101093252600002 ], [ 6.0064954193, 50.1007960086 ], [ 6.0061572165, 50.100262922100001 ], [ 6.0068911136, 50.100019448099999 ], [ 6.0068015423, 50.09973312 ], [ 6.0076392698, 50.098948194400002 ], [ 6.0075192496, 50.098743519300001 ], [ 6.0076848691, 50.098583792600003 ], [ 6.0073900395, 50.098369149600003 ], [ 6.0068705643, 50.0986135164 ], [ 6.0072347079, 50.098192645899999 ], [ 6.0069755507, 50.098053182500003 ], [ 6.007391413, 50.097893252799999 ], [ 6.0081968501, 50.097882941100004 ], [ 6.0080767867, 50.097560575199999 ], [ 6.0088738197, 50.0972657509 ], [ 6.0106948079, 50.0972985171 ], [ 6.014729836, 50.096690994399999 ], [ 6.0151347519, 50.096462867600003 ], [ 6.014688047, 50.096079512800003 ], [ 6.0156775692, 50.0961260025 ], [ 6.0158190836, 50.095976076900001 ], [ 6.0155591852, 50.095660009200003 ], [ 6.0167728606, 50.095329038800003 ], [ 6.0174309441, 50.095370552600002 ], [ 6.0182542792, 50.0957214584 ], [ 6.0188473498, 50.096226372899999 ], [ 6.0190299933, 50.096640121599997 ], [ 6.0198074228, 50.097068552499998 ], [ 6.0203890254, 50.097129407200001 ], [ 6.020476819, 50.097276850299998 ], [ 6.0202009574, 50.097415229799999 ], [ 6.0204829593, 50.097545261900002 ], [ 6.0213884435, 50.0972719934 ], [ 6.0210042232, 50.097017221100003 ], [ 6.0216232961, 50.096547692199998 ], [ 6.0225577839, 50.096817066299998 ], [ 6.0227683756, 50.096745990899997 ], [ 6.0224731246, 50.096318604399997 ], [ 6.0225727318, 50.095839620299998 ], [ 6.0230246326, 50.095540995900002 ], [ 6.0227941274, 50.095283291599998 ], [ 6.0228888327, 50.094843246799996 ], [ 6.0232866575, 50.094538234 ], [ 6.0240743218, 50.094426865599999 ], [ 6.0258283525, 50.094327658700003 ], [ 6.0256053136, 50.094411751400003 ], [ 6.0258373687, 50.094640377600001 ], [ 6.0266169931, 50.094371374 ], [ 6.026857116, 50.094418359899997 ], [ 6.0266303974, 50.094934260800002 ], [ 6.0275859476, 50.096880238200001 ], [ 6.0289319428, 50.096444653399999 ], [ 6.031317125, 50.096315133200001 ], [ 6.0318782289, 50.096123586200001 ], [ 6.0365867809, 50.096252891699997 ], [ 6.0368805502, 50.095788884599997 ], [ 6.0442399719, 50.096669721799998 ], [ 6.0447205816, 50.096901261100001 ], [ 6.0495770893, 50.097991720400003 ], [ 6.0502183786, 50.0983618673 ], [ 6.0507424935, 50.099045922400002 ], [ 6.0521999635, 50.098752414400003 ], [ 6.0532016525, 50.098280614499998 ], [ 6.0542787619, 50.098939663 ], [ 6.0556160179, 50.098943752 ], [ 6.057100162, 50.100090076100003 ], [ 6.0576226561, 50.100739306100003 ], [ 6.0591996057, 50.101690782299997 ], [ 6.0587492112, 50.101996767599999 ], [ 6.058511135, 50.103083967899998 ], [ 6.0608413176, 50.1030913584 ], [ 6.0617536005, 50.1034842547 ], [ 6.0632107678, 50.103677969099998 ], [ 6.0634570646, 50.103674413500002 ], [ 6.0636596854, 50.103441756300001 ], [ 6.064662221, 50.1035419882 ], [ 6.0643467734, 50.103788670900002 ], [ 6.0655951762, 50.105097129800001 ], [ 6.0664188706, 50.105650297399997 ], [ 6.0696225667, 50.1068939556 ], [ 6.0723135704, 50.108374314400002 ], [ 6.0737900492, 50.109266577900001 ], [ 6.0755249165, 50.110062247 ], [ 6.0763003926, 50.110714288300002 ], [ 6.0776648335, 50.112435087900003 ], [ 6.0786723697, 50.114346012 ], [ 6.0786960988, 50.115125212099997 ], [ 6.0790996564, 50.115320157200003 ], [ 6.0790686038, 50.115708690699996 ], [ 6.0808847941, 50.117331979399999 ], [ 6.0813145665, 50.118519635200002 ], [ 6.0828313273, 50.118388501399998 ], [ 6.0840297618, 50.118283020900002 ], [ 6.0853881346, 50.120005053500002 ], [ 6.0866982829, 50.120624504600002 ], [ 6.0867851009, 50.120975515399998 ], [ 6.087230842, 50.121204624 ], [ 6.0885052872, 50.121579712100001 ], [ 6.09314011, 50.124328341899997 ], [ 6.0941393278, 50.125391526599998 ], [ 6.0948786147, 50.1269121419 ], [ 6.0954718446, 50.127358468600001 ], [ 6.0988178108, 50.127614496500001 ], [ 6.09976682, 50.128061010099998 ], [ 6.1005504497, 50.128212704699997 ], [ 6.1005593229, 50.128338743299999 ], [ 6.1035571985, 50.129701576400002 ], [ 6.1040509256, 50.130242812699997 ], [ 6.1041799807, 50.130692725 ], [ 6.103916522, 50.131580632599999 ], [ 6.1040819412, 50.131883197500002 ], [ 6.1065964583, 50.134265588 ], [ 6.1073800228, 50.134556835799998 ], [ 6.1082476119, 50.135181629800002 ], [ 6.109218801, 50.1352836091 ], [ 6.1103393339, 50.135916631500002 ], [ 6.1122792088, 50.136023289900002 ], [ 6.1120628758, 50.136162786900002 ], [ 6.1121428668, 50.137992416300001 ], [ 6.1127190297, 50.1384189304 ], [ 6.1135098247, 50.1394923573 ], [ 6.1140428472, 50.1419022838 ], [ 6.114700932, 50.142896455699997 ], [ 6.1150680485, 50.144185973200003 ], [ 6.1155317117, 50.144505565199999 ], [ 6.1170043248, 50.144531707299997 ], [ 6.1171130914, 50.146168791699999 ], [ 6.117436838, 50.146964488599998 ], [ 6.118883219, 50.147899564 ], [ 6.1212427579, 50.14894223 ], [ 6.1227768199, 50.149495721900003 ], [ 6.124927142, 50.149758273300002 ], [ 6.1256811586, 50.150112811600003 ], [ 6.1250893753, 50.150373843499999 ], [ 6.1249515585, 50.150295956599997 ], [ 6.124118095, 50.151241172200002 ], [ 6.1236379567, 50.151395300099999 ], [ 6.1234960181, 50.151203037199998 ], [ 6.1228473867, 50.151436292600003 ], [ 6.1221926199, 50.151461752499998 ], [ 6.121793317, 50.151852803700002 ], [ 6.1214933631, 50.151805307899998 ], [ 6.1214815943, 50.152012418399998 ], [ 6.120442692, 50.151973428 ], [ 6.1203361182, 50.1522285526 ], [ 6.1199317298, 50.152405710499998 ], [ 6.1201011385, 50.152469393700002 ], [ 6.1199494241, 50.152610117899997 ], [ 6.1192946541, 50.152649100600001 ], [ 6.1194120377, 50.153178417299998 ], [ 6.1191740911, 50.153214873099998 ], [ 6.1191676359, 50.15337325 ], [ 6.118597004, 50.153454229600001 ], [ 6.1184543818, 50.1539617898 ], [ 6.1176184158, 50.154759995200003 ], [ 6.1167373749, 50.155056812 ], [ 6.1158292961, 50.155150927299999 ], [ 6.1152331602, 50.155060724499997 ], [ 6.1149763957, 50.155854044100003 ], [ 6.1153666707, 50.156479052400002 ], [ 6.1167948076, 50.157765056499997 ], [ 6.1174668495, 50.158816492200003 ], [ 6.1204029033, 50.161828592500001 ], [ 6.1197815128, 50.163350883500001 ], [ 6.1024497916, 50.170549471100003 ] ] ] ] } },
{ "type": "Feature", "properties": { "name": "Wiltz", "canton": "Wiltz", "district": "Diekirch", "lau2": "0807" }, "geometry": { "type": "MultiPolygon", "coordinates": [ [ [ [ 5.9165506513, 49.992477313099997 ], [ 5.9174048322, 49.990113559900003 ], [ 5.9159282134, 49.989697612 ], [ 5.9152376831, 49.989665412100003 ], [ 5.9139678512, 49.990158181600002 ], [ 5.9136237401, 49.990146183 ], [ 5.9128913162, 49.989420823899998 ], [ 5.9134004981, 49.9891071391 ], [ 5.9128606618, 49.988207930400002 ], [ 5.9122093496, 49.9878017427 ], [ 5.9127173263, 49.9868921817 ], [ 5.9135433881, 49.986789998399999 ], [ 5.9134641757, 49.986527026 ], [ 5.9150893058, 49.9864813732 ], [ 5.9154436868, 49.985234190299998 ], [ 5.9174836979, 49.985442331199998 ], [ 5.917515177, 49.985087825400001 ], [ 5.9188585637, 49.985111036200003 ], [ 5.9190475491, 49.984195783200001 ], [ 5.920281801, 49.982242529899999 ], [ 5.9196507142, 49.982082647699997 ], [ 5.9196535585, 49.981957677799997 ], [ 5.9200216864, 49.9808713842 ], [ 5.9202518976, 49.9809454432 ], [ 5.920322247, 49.980823475800001 ], [ 5.9204812599, 49.980005243699999 ], [ 5.9194253856, 49.979816603700002 ], [ 5.9197081994, 49.978832430700002 ], [ 5.9206334129, 49.978602303599999 ], [ 5.9212485006, 49.977836607699999 ], [ 5.9227776163, 49.977489625799997 ], [ 5.9222499038, 49.976933883500003 ], [ 5.9199017754, 49.977157699599999 ], [ 5.9196980327, 49.977612873699996 ], [ 5.9183521937, 49.977224376599999 ], [ 5.9184848708, 49.977032553400001 ], [ 5.9181509243, 49.976986848800003 ], [ 5.9183997, 49.976598186300002 ], [ 5.9182536648, 49.976590734600002 ], [ 5.9184013721, 49.975844071399997 ], [ 5.9180911178, 49.975153308099998 ], [ 5.9156933157, 49.974505425499999 ], [ 5.9126121101, 49.974080954400002 ], [ 5.9155275259, 49.972043238300003 ], [ 5.9146863325, 49.971838873400003 ], [ 5.9135466141, 49.971934688600001 ], [ 5.9114588218, 49.971384348400001 ], [ 5.911200759, 49.971655219 ], [ 5.9106981357, 49.971472510600002 ], [ 5.9105868057, 49.971584312399997 ], [ 5.909271154, 49.971195021 ], [ 5.90782447, 49.971105828699997 ], [ 5.9073220577, 49.970887369099998 ], [ 5.9069221528, 49.970949252899999 ], [ 5.9052126821, 49.9700615713 ], [ 5.9052628279, 49.969921631200002 ], [ 5.9032649185, 49.969250604400003 ], [ 5.9016810522, 49.968405654 ], [ 5.901436965, 49.9680274149 ], [ 5.9005363587, 49.967978975400001 ], [ 5.9001209926, 49.9674573733 ], [ 5.8999730595, 49.966335589499998 ], [ 5.9009176983, 49.9657185887 ], [ 5.8995980697, 49.965425762400002 ], [ 5.8991323988, 49.965209284700002 ], [ 5.8989759337, 49.964820616 ], [ 5.8975562269, 49.964475642 ], [ 5.8970865134, 49.963458087200003 ], [ 5.8977524347, 49.963507636 ], [ 5.8983255103, 49.962230575200003 ], [ 5.8971308415, 49.961605821399999 ], [ 5.8963107644, 49.9607940836 ], [ 5.89510404, 49.960022124600002 ], [ 5.8936697653, 49.960893281499999 ], [ 5.8914784897, 49.959820502200003 ], [ 5.8903935088, 49.959547628599999 ], [ 5.8877034056, 49.958365053199998 ], [ 5.8874191306, 49.958035631199998 ], [ 5.8866145411, 49.957657076700002 ], [ 5.8866075289, 49.957194751499998 ], [ 5.8855584203, 49.9560546887 ], [ 5.8850960413, 49.955238955699997 ], [ 5.8817024766, 49.9542307675 ], [ 5.8821440813, 49.95314405 ], [ 5.8779104102, 49.951387130699999 ], [ 5.8782775159, 49.949750868599999 ], [ 5.8781340029, 49.948989771699999 ], [ 5.8788180186, 49.947748098300004 ], [ 5.8789861509, 49.946283038600001 ], [ 5.8807824253, 49.945206228099998 ], [ 5.884398443, 49.946824462499997 ], [ 5.8869494169, 49.9476178886 ], [ 5.8881654843, 49.947646829900002 ], [ 5.8889821125, 49.947401022599998 ], [ 5.8891933352, 49.94754054 ], [ 5.89135219, 49.946235770500003 ], [ 5.8923830969, 49.946161285899997 ], [ 5.8934119928, 49.946426259500001 ], [ 5.8945439292, 49.946434670800002 ], [ 5.8943751156, 49.946258869300003 ], [ 5.8965219681, 49.945514253799999 ], [ 5.8982135066, 49.9439412471 ], [ 5.8995364395, 49.943447447700002 ], [ 5.9017543541, 49.943238696800002 ], [ 5.9021259056, 49.943075829500003 ], [ 5.9030453057, 49.943205178600003 ], [ 5.9041656974, 49.942943350199997 ], [ 5.9055472639, 49.943115280599997 ], [ 5.906813896, 49.942774837899996 ], [ 5.9078004827, 49.941881406199997 ], [ 5.9081591197, 49.941793417600003 ], [ 5.9090220764, 49.940390207500002 ], [ 5.9094248436, 49.9401381646 ], [ 5.9097441023, 49.939008848500002 ], [ 5.9103585128, 49.938024752600001 ], [ 5.9123706609, 49.936356651300002 ], [ 5.9154910377, 49.9352117902 ], [ 5.916503348, 49.934534642 ], [ 5.9184969084, 49.935547875799998 ], [ 5.9202128794, 49.936060432300003 ], [ 5.9203673186, 49.936525678099997 ], [ 5.9201888315, 49.937208684399998 ], [ 5.919190481, 49.939295623100001 ], [ 5.9217059756, 49.940092669199998 ], [ 5.922819243, 49.939819695099999 ], [ 5.9228728444, 49.939641184800003 ], [ 5.924464984, 49.939740645199997 ], [ 5.9247632114, 49.939900337899999 ], [ 5.9244894136, 49.940121345100003 ], [ 5.924649368, 49.941063731100002 ], [ 5.9244751345, 49.941391268099999 ], [ 5.9253780064, 49.9412991584 ], [ 5.9257585714, 49.9410643282 ], [ 5.927201411, 49.940732175 ], [ 5.9282939704, 49.940902427 ], [ 5.929246799, 49.9413581811 ], [ 5.9292193087, 49.941588227399997 ], [ 5.9297400887, 49.941769203600003 ], [ 5.9298384255, 49.941330066299997 ], [ 5.9311316278, 49.939803727600001 ], [ 5.9321908291, 49.939244053300001 ], [ 5.9330513476, 49.939182006099998 ], [ 5.9338966226, 49.939544363300001 ], [ 5.9331732894, 49.940120114099997 ], [ 5.9326022923, 49.940886389500001 ], [ 5.9341952248, 49.941691885399997 ], [ 5.9353979705, 49.941687543500002 ], [ 5.9356108036, 49.9412145561 ], [ 5.9362215024, 49.940847082600001 ], [ 5.9373169066, 49.941015142600001 ], [ 5.9393174582, 49.940845987400003 ], [ 5.939453823, 49.939862515 ], [ 5.9406470251, 49.940202112400002 ], [ 5.9417439388, 49.9402379012 ], [ 5.94203527, 49.940045998599999 ], [ 5.9435583294, 49.9402107294 ], [ 5.9441847029, 49.939500823 ], [ 5.9452893246, 49.938859464799997 ], [ 5.9473491186, 49.939124138899999 ], [ 5.9472949715, 49.939534344599998 ], [ 5.949895765, 49.939374253 ], [ 5.9535268695, 49.9403080274 ], [ 5.9538125943, 49.940397172700003 ], [ 5.9546355369, 49.941525067 ], [ 5.9552273279, 49.941742245500002 ], [ 5.9560906221, 49.942294811399996 ], [ 5.9555958212, 49.943175040900002 ], [ 5.9535409908, 49.944696447699997 ], [ 5.9542422464, 49.945691851600003 ], [ 5.9535137317, 49.946483940199997 ], [ 5.9539711623, 49.947385197099997 ], [ 5.9552730656, 49.948279583 ], [ 5.9548170772, 49.948364122599997 ], [ 5.9547691307, 49.948995310599997 ], [ 5.9544214413, 49.949660553299999 ], [ 5.9532709284, 49.950662251200001 ], [ 5.9527873536, 49.950765584899997 ], [ 5.9517079077, 49.951908872700002 ], [ 5.9513615512, 49.952576616800002 ], [ 5.9514595326, 49.952661453399998 ], [ 5.9521550501, 49.9522550358 ], [ 5.9519667347, 49.952689133299998 ], [ 5.9510288012, 49.953667135300002 ], [ 5.9504270834, 49.953935034300002 ], [ 5.9504956856, 49.954412502799997 ], [ 5.9503074393, 49.954444453699999 ], [ 5.950746938, 49.954953802799999 ], [ 5.9513858011, 49.9552629979 ], [ 5.9520148949, 49.955830629300003 ], [ 5.9535574568, 49.9574554155 ], [ 5.9537625884, 49.958293507 ], [ 5.9528365298, 49.959942098399999 ], [ 5.952773374, 49.960402662100002 ], [ 5.9524553615, 49.960383868199997 ], [ 5.9524062661, 49.961204013299998 ], [ 5.9532243511, 49.962585048699999 ], [ 5.9548558577, 49.963961510399997 ], [ 5.9549267377, 49.963522195400003 ], [ 5.9568214011, 49.963503404699999 ], [ 5.9569583482, 49.9633529639 ], [ 5.9576328336, 49.963565568 ], [ 5.9583459886, 49.963175436599997 ], [ 5.9585283394, 49.963043775800003 ], [ 5.9582105407, 49.961506383200003 ], [ 5.958371897, 49.960791608299999 ], [ 5.9593311321, 49.9601915366 ], [ 5.9604828326, 49.960013569600001 ], [ 5.9624001554, 49.960165645899998 ], [ 5.9629231232, 49.9606307906 ], [ 5.9635947482, 49.960778632900002 ], [ 5.9643275093, 49.961289658 ], [ 5.9661178862, 49.961911202300001 ], [ 5.9670552335, 49.961963943100002 ], [ 5.9683782914, 49.962417305700001 ], [ 5.9689967686, 49.962732913399996 ], [ 5.9694656557, 49.963228296700002 ], [ 5.9688822818, 49.963128486700001 ], [ 5.9677192678, 49.963322151900002 ], [ 5.9666415012, 49.964242975200001 ], [ 5.9667221458, 49.964809414500003 ], [ 5.9678984076, 49.966233758400001 ], [ 5.969594013, 49.967062477399999 ], [ 5.9710165639, 49.967415186899999 ], [ 5.9713185459, 49.967804669099998 ], [ 5.9655237468, 49.968042741 ], [ 5.964888523, 49.9686223012 ], [ 5.9643273267, 49.969579963800001 ], [ 5.9638506958, 49.969874942 ], [ 5.9643052607, 49.970057515800001 ], [ 5.9651925422, 49.970849396600002 ], [ 5.9664365856, 49.971589591 ], [ 5.9663697832, 49.971691067400002 ], [ 5.9677301294, 49.972311921100001 ], [ 5.9676630987, 49.973031994400003 ], [ 5.9681572448, 49.9740552544 ], [ 5.9686726784, 49.973985787399997 ], [ 5.9690280141, 49.974440744900001 ], [ 5.9689610512, 49.974727542499998 ], [ 5.9687955531, 49.974730262400001 ], [ 5.9687455676, 49.975451012400001 ], [ 5.9692342925, 49.975432131399998 ], [ 5.9694744769, 49.9757924643 ], [ 5.9693489912, 49.976279846799997 ], [ 5.9688040364, 49.9764100326 ], [ 5.9688649947, 49.976760629099999 ], [ 5.9691959184, 49.977017430799997 ], [ 5.9692189758, 49.977544291800001 ], [ 5.970487592, 49.9806922836 ], [ 5.969895149, 49.9833541888 ], [ 5.970722638, 49.984044646500003 ], [ 5.972348684, 49.984435101 ], [ 5.9731336632, 49.984902273599999 ], [ 5.9723592803, 49.9858296954 ], [ 5.9721261731, 49.9867288405 ], [ 5.9696959538, 49.986294393199998 ], [ 5.9679011993, 49.985780236399997 ], [ 5.9664655026, 49.986434664500003 ], [ 5.9664289357, 49.986620370300002 ], [ 5.966172985, 49.986636361599999 ], [ 5.9661149508, 49.986954045499999 ], [ 5.965689936, 49.987972534100003 ], [ 5.9649938314, 49.988639320200001 ], [ 5.9652523243, 49.988761455800002 ], [ 5.9658641852, 49.989822561499999 ], [ 5.9659913417, 49.990542608799998 ], [ 5.967419236, 49.991499705700001 ], [ 5.9680780185, 49.993007523599999 ], [ 5.9679114615, 49.993453710499999 ], [ 5.9680696829, 49.993739346799998 ], [ 5.9691079758, 49.994502090600001 ], [ 5.9710363738, 49.99525434 ], [ 5.9699622412, 49.995771823 ], [ 5.968651634, 49.995964122 ], [ 5.9679928677, 49.9962543539 ], [ 5.9661462498, 49.9984975745 ], [ 5.966166505, 49.999061937199997 ], [ 5.966735942, 49.998859829200001 ], [ 5.9677632431, 49.999408333 ], [ 5.9681088112, 50.000018880299997 ], [ 5.9673053509, 50.000587373400002 ], [ 5.9675995107, 50.000904422799998 ], [ 5.9724450762, 50.003331245299997 ], [ 5.97178831, 50.004041299299999 ], [ 5.9724796103, 50.004492107099999 ], [ 5.9742637608, 50.005213869499997 ], [ 5.9751358872, 50.006749266100002 ], [ 5.9756619815, 50.0071049055 ], [ 5.9761349308, 50.0072468523 ], [ 5.9778797331, 50.008397838900002 ], [ 5.9782835479, 50.008462113100002 ], [ 5.9801847223, 50.009457740499997 ], [ 5.9800913036, 50.010256997 ], [ 5.9797477719, 50.010582182100002 ], [ 5.9798745811, 50.012198030599997 ], [ 5.9790978046, 50.012980079 ], [ 5.9784163728, 50.014040907 ], [ 5.9787089525, 50.014405600800004 ], [ 5.9784846177, 50.015018802500002 ], [ 5.9786769801, 50.0151031033 ], [ 5.978656044, 50.0153618573 ], [ 5.9783374704, 50.015604708700003 ], [ 5.9779494827, 50.015587795 ], [ 5.9779032619, 50.015853367299997 ], [ 5.9773637765, 50.016166124199998 ], [ 5.9772370064, 50.016636374100003 ], [ 5.9765256361, 50.017066250799999 ], [ 5.9765883116, 50.017940829499999 ], [ 5.9777117017, 50.019406535599998 ], [ 5.9778165888, 50.019889327900003 ], [ 5.9782746456, 50.0203931936 ], [ 5.9783156985, 50.0209409088 ], [ 5.9773641264, 50.022401288499999 ], [ 5.9762074489, 50.0232347663 ], [ 5.9761465274, 50.024134457599999 ], [ 5.9732483809, 50.024484553500002 ], [ 5.9717794513, 50.0241961686 ], [ 5.9714042315, 50.025323242299997 ], [ 5.9698987762, 50.026003528399997 ], [ 5.9689313417, 50.026644034 ], [ 5.970939397, 50.027334679500001 ], [ 5.969878851, 50.028039685099998 ], [ 5.9712582637, 50.028625892100003 ], [ 5.971774506, 50.029053651700004 ], [ 5.9730010487, 50.0311839883 ], [ 5.9730053886, 50.031647879799998 ], [ 5.972607957, 50.032209515600002 ], [ 5.9690429279, 50.031874382200002 ], [ 5.9661781903, 50.0319744536 ], [ 5.964273913, 50.030394159399997 ], [ 5.9635133659, 50.030433553400002 ], [ 5.9625267061, 50.030059472799998 ], [ 5.9609442669, 50.028564101100002 ], [ 5.9577424279, 50.027096345 ], [ 5.9554512581, 50.026248135800003 ], [ 5.9546377033, 50.027209372400002 ], [ 5.9552038566, 50.027687751199998 ], [ 5.9556655044, 50.027499112800001 ], [ 5.9568120306, 50.028509735500002 ], [ 5.9570466691, 50.028504191099998 ], [ 5.9569733433, 50.028859285300001 ], [ 5.9545280416, 50.028052817800003 ], [ 5.954906975, 50.027668904099997 ], [ 5.9544737756, 50.027368471099997 ], [ 5.9514148097, 50.027943510699998 ], [ 5.9507182852, 50.027947185099997 ], [ 5.9496491004, 50.027446751100001 ], [ 5.9487965808, 50.0272361958 ], [ 5.9488571117, 50.027071894 ], [ 5.9483985263, 50.026993101800002 ], [ 5.9483824232, 50.026587282500003 ], [ 5.9479841062, 50.026305366099997 ], [ 5.9461088739, 50.025845107099997 ], [ 5.9433455942, 50.025416741100003 ], [ 5.942634206, 50.0249974675 ], [ 5.942139143, 50.0240827366 ], [ 5.9409741273, 50.0231867209 ], [ 5.9387781044, 50.021932209200003 ], [ 5.9379106992, 50.020751771 ], [ 5.9363547142, 50.019328234 ], [ 5.9348632566, 50.019880556899999 ], [ 5.9327084103, 50.019993726700001 ], [ 5.9314860515, 50.020413141500001 ], [ 5.9313799999, 50.021169259099999 ], [ 5.9318207754, 50.022040161299998 ], [ 5.9318837478, 50.023743101 ], [ 5.9311214386, 50.0248782858 ], [ 5.9301289637, 50.025513095100003 ], [ 5.9296643237, 50.025709096900002 ], [ 5.9293816089, 50.025490789199999 ], [ 5.929095464, 50.025517991599997 ], [ 5.9293074261, 50.025122949100002 ], [ 5.9283668463, 50.024976056500002 ], [ 5.9270600294, 50.023638694500001 ], [ 5.9277684772, 50.023377414800002 ], [ 5.9278817793, 50.023047719899999 ], [ 5.9270082033, 50.021293359 ], [ 5.930053979, 50.020913729599997 ], [ 5.9305168931, 50.019803958899999 ], [ 5.9281493, 50.019780288900002 ], [ 5.9285518792, 50.018956313499999 ], [ 5.9289508798, 50.018853168699998 ], [ 5.9281814155, 50.018307722499998 ], [ 5.9269590537, 50.018107257099999 ], [ 5.9269341355, 50.016744363 ], [ 5.9263783359, 50.016579253300002 ], [ 5.9259915121, 50.016730414199998 ], [ 5.924539193, 50.016327476199997 ], [ 5.9238702018, 50.016097755499999 ], [ 5.9240426223, 50.01592979 ], [ 5.9237136062, 50.015685164099999 ], [ 5.9242491193, 50.014335616399997 ], [ 5.9256984376, 50.013161944300002 ], [ 5.9250053596, 50.012563655 ], [ 5.9252069555, 50.012550086499999 ], [ 5.9254606548, 50.0117338027 ], [ 5.9277560125, 50.0115618289 ], [ 5.9283185647, 50.011294049900002 ], [ 5.9287208765, 50.010821992 ], [ 5.9282152071, 50.010252102700001 ], [ 5.9278063097, 50.0086208524 ], [ 5.9268697179, 50.008053043 ], [ 5.9231272546, 50.008109197899998 ], [ 5.9230913357, 50.009383825100002 ], [ 5.9209774056, 50.008966448 ], [ 5.9211411046, 50.008172988399998 ], [ 5.9204266727, 50.007972280099999 ], [ 5.9205456407, 50.006996104199999 ], [ 5.9199865493, 50.004058569400001 ], [ 5.9196814565, 50.0041540084 ], [ 5.9152391504, 50.002127998699997 ], [ 5.9100692298, 50.000203372599998 ], [ 5.910328608, 49.999226105399998 ], [ 5.9109366367, 49.998200160700002 ], [ 5.9107625887, 49.9975525925 ], [ 5.9105753247, 49.997334565499997 ], [ 5.9103384857, 49.997372196699999 ], [ 5.9095847259, 49.996969211600003 ], [ 5.9094006489, 49.996566077200001 ], [ 5.9082796076, 49.995667641200001 ], [ 5.9088733209, 49.995165843 ], [ 5.9084563384, 49.9947839 ], [ 5.908532104, 49.9942777646 ], [ 5.9101738448, 49.9928088996 ], [ 5.9106488717, 49.992668208 ], [ 5.9115265018, 49.991865331900001 ], [ 5.9123147456, 49.991882287 ], [ 5.9138796492, 49.992356317800002 ], [ 5.9156747932, 49.9922031248 ], [ 5.9165506513, 49.992477313099997 ] ] ] ] } },
{ "type": "Feature", "properties": { "name": "Wincrange", "canton": "Clervaux", "district": "Diekirch", "lau2": "0502" }, "geometry": { "type": "MultiPolygon", "coordinates": [ [ [ [ 5.9846000128, 50.067782070100002 ], [ 5.9855996345, 50.067951235400002 ], [ 5.9867070442, 50.067024211300001 ], [ 5.9871956203, 50.066884937099999 ], [ 5.9907062252, 50.067479929699999 ], [ 5.9926520524, 50.067645200800001 ], [ 5.9937067462, 50.067914692800002 ], [ 5.9946690371, 50.068586812 ], [ 5.9955862033, 50.069691532100002 ], [ 5.9973045573, 50.070433709 ], [ 5.9969682314, 50.070670613899999 ], [ 5.9975120478, 50.0707165683 ], [ 5.998484458, 50.071234873500003 ], [ 6.0002432361, 50.071281963399997 ], [ 6.0034935722, 50.070809981799997 ], [ 6.0058689922, 50.0723989245 ], [ 6.0059486418, 50.072286476800002 ], [ 6.0074169068, 50.072681148900003 ], [ 6.0083807481, 50.072564681 ], [ 6.0108669366, 50.0718521326 ], [ 6.0136629567, 50.070705431500002 ], [ 6.0159984541, 50.069227886599997 ], [ 6.0185614564, 50.068461619099999 ], [ 6.0208011243, 50.068192868799997 ], [ 6.0217403265, 50.068317792 ], [ 6.0220882706, 50.069669746800002 ], [ 6.0211064657, 50.072147398 ], [ 6.0209708158, 50.073428954 ], [ 6.02334993, 50.073487064200002 ], [ 6.0229569775, 50.074256441400003 ], [ 6.0229795288, 50.074687913 ], [ 6.0235923275, 50.074420187 ], [ 6.0235275769, 50.075655218599998 ], [ 6.0237815901, 50.076113227800001 ], [ 6.0243382939, 50.076411690299999 ], [ 6.0247656214, 50.076099650400003 ], [ 6.0252943894, 50.076228418500001 ], [ 6.0255448818, 50.077394952200002 ], [ 6.0250253603, 50.07773459 ], [ 6.0249305782, 50.077992126200002 ], [ 6.0255774755, 50.079604298100001 ], [ 6.0284082215, 50.080738999099999 ], [ 6.0300278005, 50.080718844099998 ], [ 6.031424064, 50.0816876859 ], [ 6.0317587521, 50.0823114891 ], [ 6.0317307435, 50.0825726327 ], [ 6.0310713566, 50.0829649338 ], [ 6.030770978, 50.083609408100003 ], [ 6.031122943, 50.083773381100002 ], [ 6.0316265942, 50.0836737829 ], [ 6.0317562904, 50.083894007 ], [ 6.0311753387, 50.084291524599998 ], [ 6.0309309317, 50.085003087099999 ], [ 6.0304453019, 50.085486255100001 ], [ 6.030136645, 50.0859236091 ], [ 6.0290180485, 50.086711403199999 ], [ 6.0282314818, 50.086524725499999 ], [ 6.0273687229, 50.086728685399997 ], [ 6.0271848071, 50.086974859800002 ], [ 6.0274229623, 50.087632973200002 ], [ 6.0263789289, 50.088167503900003 ], [ 6.0270673297, 50.088572799799998 ], [ 6.0267816127, 50.088740976899999 ], [ 6.0260554397, 50.088607606799997 ], [ 6.0258379354, 50.0889095227 ], [ 6.0261649847, 50.089109827900003 ], [ 6.0266310553, 50.088991847700001 ], [ 6.026976437, 50.089098026800002 ], [ 6.0271354061, 50.089585050099998 ], [ 6.0265377755, 50.089557293799999 ], [ 6.0264472345, 50.089993229500003 ], [ 6.0272221785, 50.0900087128 ], [ 6.0279126028, 50.0904939562 ], [ 6.0281600757, 50.091027366100001 ], [ 6.0292297231, 50.091237692599996 ], [ 6.0287935949, 50.092113480499997 ], [ 6.0295738306, 50.092240352600001 ], [ 6.0298322223, 50.092708403499998 ], [ 6.0297065184, 50.093094916399998 ], [ 6.0287491376, 50.093148043799999 ], [ 6.0286787881, 50.0933324218 ], [ 6.0290505998, 50.093517830300001 ], [ 6.028975988, 50.093736429400003 ], [ 6.0280297295, 50.093997706300001 ], [ 6.0274989193, 50.093939225500002 ], [ 6.0273939672, 50.094256185299997 ], [ 6.026857116, 50.094418359899997 ], [ 6.0266169931, 50.094371374 ], [ 6.0258373687, 50.094640377600001 ], [ 6.0256053136, 50.094411751400003 ], [ 6.0258283525, 50.094327658700003 ], [ 6.0240743218, 50.094426865599999 ], [ 6.0232866575, 50.094538234 ], [ 6.0228888327, 50.094843246799996 ], [ 6.0227941274, 50.095283291599998 ], [ 6.0230246326, 50.095540995900002 ], [ 6.0225727318, 50.095839620299998 ], [ 6.0224731246, 50.096318604399997 ], [ 6.0227683756, 50.096745990899997 ], [ 6.0225577839, 50.096817066299998 ], [ 6.0216232961, 50.096547692199998 ], [ 6.0210042232, 50.097017221100003 ], [ 6.0213884435, 50.0972719934 ], [ 6.0204829593, 50.097545261900002 ], [ 6.0202009574, 50.097415229799999 ], [ 6.020476819, 50.097276850299998 ], [ 6.0203890254, 50.097129407200001 ], [ 6.0198074228, 50.097068552499998 ], [ 6.0190299933, 50.096640121599997 ], [ 6.0188473498, 50.096226372899999 ], [ 6.0182542792, 50.0957214584 ], [ 6.0174309441, 50.095370552600002 ], [ 6.0167728606, 50.095329038800003 ], [ 6.0155591852, 50.095660009200003 ], [ 6.0158190836, 50.095976076900001 ], [ 6.0156775692, 50.0961260025 ], [ 6.014688047, 50.096079512800003 ], [ 6.0151347519, 50.096462867600003 ], [ 6.014729836, 50.096690994399999 ], [ 6.0106948079, 50.0972985171 ], [ 6.0088738197, 50.0972657509 ], [ 6.0080767867, 50.097560575199999 ], [ 6.0081968501, 50.097882941100004 ], [ 6.007391413, 50.097893252799999 ], [ 6.0069755507, 50.098053182500003 ], [ 6.0072347079, 50.098192645899999 ], [ 6.0068705643, 50.0986135164 ], [ 6.0073900395, 50.098369149600003 ], [ 6.0076848691, 50.098583792600003 ], [ 6.0075192496, 50.098743519300001 ], [ 6.0076392698, 50.098948194400002 ], [ 6.0068015423, 50.09973312 ], [ 6.0068911136, 50.100019448099999 ], [ 6.0061572165, 50.100262922100001 ], [ 6.0064954193, 50.1007960086 ], [ 6.0061189448, 50.101093252600002 ], [ 6.0063105121, 50.101164918800002 ], [ 6.0060026276, 50.1013472992 ], [ 6.0060643583, 50.1015617033 ], [ 6.0056252648, 50.1018108779 ], [ 6.0057606857, 50.101937091400004 ], [ 6.0055328844, 50.102322995100003 ], [ 6.0063260366, 50.103457154600001 ], [ 6.0067267605, 50.103337150100003 ], [ 6.0074106916, 50.103458652500002 ], [ 6.0078317932, 50.1038901963 ], [ 6.0082190936, 50.103704027 ], [ 6.0090792312, 50.104027330800001 ], [ 6.0102751047, 50.103944112500002 ], [ 6.0113650765, 50.104080973599999 ], [ 6.0115977997, 50.1050934513 ], [ 6.0111132582, 50.105368702200003 ], [ 6.0108098712, 50.106047461199999 ], [ 6.009980232, 50.106303856899999 ], [ 6.0098531462, 50.106549010199998 ], [ 6.0095098989, 50.106719700500001 ], [ 6.009251517, 50.107284825900003 ], [ 6.0080539987, 50.10791043 ], [ 6.0072494543, 50.108277941799997 ], [ 6.0068113455, 50.108224088299998 ], [ 6.0039497137, 50.1093229134 ], [ 6.0008228302, 50.1089674961 ], [ 6.0002560687, 50.1092197575 ], [ 6.0001091835, 50.108951511599997 ], [ 5.9994723554, 50.109267265200003 ], [ 5.9990957645, 50.110053491400002 ], [ 5.9990863789, 50.110586058800003 ], [ 5.9984445582, 50.1109101244 ], [ 5.9979815839, 50.11080333 ], [ 5.9961543566, 50.111948947099997 ], [ 5.9949950003, 50.113181779900003 ], [ 5.9926319625, 50.111985005699999 ], [ 5.9918038861, 50.112960545599996 ], [ 5.9900155775, 50.112283446699998 ], [ 5.9894338076, 50.113134785699998 ], [ 5.9875923913, 50.1125273862 ], [ 5.9856487186, 50.114695493200003 ], [ 5.9840473016, 50.11445774 ], [ 5.9812668155, 50.113430988600001 ], [ 5.9765588784, 50.112509614499999 ], [ 5.971590525, 50.110649705299998 ], [ 5.9687665523, 50.10939466 ], [ 5.9633532714, 50.107712505400002 ], [ 5.962388601, 50.109103979300002 ], [ 5.9613408888, 50.110945825 ], [ 5.9593922568, 50.113164001 ], [ 5.9587301705, 50.114724155499999 ], [ 5.9553586304, 50.118582805599999 ], [ 5.9548644991, 50.119442923100003 ], [ 5.9567930429, 50.120035149099998 ], [ 5.9539658828, 50.1226616342 ], [ 5.9536658214, 50.123948615899998 ], [ 5.9537767145, 50.124665114800003 ], [ 5.9530665161, 50.126814264899998 ], [ 5.9556746879, 50.1277102532 ], [ 5.9565870123, 50.128651109099998 ], [ 5.9547277785, 50.130378479699999 ], [ 5.9543287038, 50.1305508461 ], [ 5.9540149952, 50.130191166099998 ], [ 5.9500014716, 50.12918222 ], [ 5.9476479421, 50.129122531299998 ], [ 5.9467921165, 50.129259305200002 ], [ 5.9451050738, 50.129101845900003 ], [ 5.9434284158, 50.129155022600003 ], [ 5.9426435485, 50.128999864900003 ], [ 5.9427482092, 50.128836391599997 ], [ 5.9382454244, 50.127560854 ], [ 5.937173018, 50.1269358841 ], [ 5.9362868265, 50.127014596599999 ], [ 5.9343144917, 50.126746363599999 ], [ 5.9341384327, 50.126946590899998 ], [ 5.9319200569, 50.126469726800003 ], [ 5.9296603175, 50.126187805199997 ], [ 5.9258983329, 50.124405479899998 ], [ 5.9216361637, 50.123224328600003 ], [ 5.917409456, 50.121537963500003 ], [ 5.9159478585, 50.121541930399999 ], [ 5.9140957685, 50.121898937300003 ], [ 5.911187816, 50.120735763900001 ], [ 5.9104215273, 50.119779679 ], [ 5.9095220779, 50.119085969799997 ], [ 5.9034912457, 50.1172109679 ], [ 5.9023950992, 50.116620934899998 ], [ 5.9008266795, 50.1161229119 ], [ 5.8983046009, 50.113669894899999 ], [ 5.8953149065, 50.112160565799996 ], [ 5.8955021434, 50.111100902399997 ], [ 5.8950411075, 50.109182537400002 ], [ 5.8953217645, 50.10551229 ], [ 5.8943676179, 50.1030633739 ], [ 5.8945918586, 50.101086270099998 ], [ 5.8919787698, 50.099320577500002 ], [ 5.8909089787, 50.097380744100001 ], [ 5.8892857507, 50.095546776399999 ], [ 5.8883322255, 50.093351998400003 ], [ 5.8864545468, 50.0904111165 ], [ 5.8872995544, 50.085651107700002 ], [ 5.8872347762, 50.083871496599997 ], [ 5.8875480742, 50.081916388899998 ], [ 5.8872382044, 50.079404035 ], [ 5.8864542126, 50.078393395299997 ], [ 5.8855425552, 50.077844838099999 ], [ 5.8835208246, 50.077148849499999 ], [ 5.8826294404, 50.076557516 ], [ 5.8823538985, 50.076045607200001 ], [ 5.8821969567, 50.076821758500003 ], [ 5.8788764795, 50.076420431300001 ], [ 5.872899818, 50.075055000799999 ], [ 5.8677156259, 50.073349075599999 ], [ 5.867884824, 50.072084846400003 ], [ 5.8659314436, 50.070653994099999 ], [ 5.8627350878, 50.069520418899998 ], [ 5.8606610323, 50.069209514699999 ], [ 5.8584430593, 50.066806766 ], [ 5.8569289285, 50.064424683 ], [ 5.8564509704, 50.062124382699999 ], [ 5.8566724033, 50.061608634300001 ], [ 5.8548226012, 50.0600236489 ], [ 5.8542426768, 50.058880612499998 ], [ 5.8556452695, 50.0578422902 ], [ 5.8559886019, 50.057863790100001 ], [ 5.8560664688, 50.0576628763 ], [ 5.8564670617, 50.057681102899998 ], [ 5.857507822, 50.0550212192 ], [ 5.8586692038, 50.054985402 ], [ 5.8605819126, 50.054415134400003 ], [ 5.8610866357, 50.054992782699998 ], [ 5.8613209541, 50.054523754599998 ], [ 5.8636954916, 50.053010891900001 ], [ 5.8657806676, 50.0511641103 ], [ 5.8673390269, 50.050158846899997 ], [ 5.8686805589, 50.047695374500002 ], [ 5.8699251462, 50.045930690399999 ], [ 5.8674834478, 50.0453374672 ], [ 5.8683698661, 50.044204308399998 ], [ 5.8684429821, 50.0438392099 ], [ 5.8674420697, 50.043263620499999 ], [ 5.8671917263, 50.043417122100003 ], [ 5.8652989618, 50.042697211700002 ], [ 5.8653663041, 50.0424325133 ], [ 5.8632529929, 50.042206437799997 ], [ 5.8633100136, 50.041778385800001 ], [ 5.8622968931, 50.041130005699998 ], [ 5.8629564911, 50.040206243 ], [ 5.8625749922, 50.040085275 ], [ 5.8632962372, 50.039396625899997 ], [ 5.8636520367, 50.039375413800002 ], [ 5.8624632088, 50.0390152465 ], [ 5.8611887332, 50.038883349 ], [ 5.859822379, 50.038396281899999 ], [ 5.8576566967, 50.036948733499997 ], [ 5.8560667123, 50.036273216700003 ], [ 5.8561191818, 50.036039841799997 ], [ 5.8568559108, 50.035704028399998 ], [ 5.8565132992, 50.035394086099998 ], [ 5.8580733783, 50.034686629 ], [ 5.8575210309, 50.033225337399998 ], [ 5.8577415873, 50.032866715799997 ], [ 5.8588793976, 50.031992815099997 ], [ 5.8592622067, 50.031373649099997 ], [ 5.8591920517, 50.031257064599998 ], [ 5.8589411589, 50.031338525499997 ], [ 5.8590840487, 50.030996120300003 ], [ 5.8594479079, 50.030916397200002 ], [ 5.8590245, 50.030260433199999 ], [ 5.8598756227, 50.028874244699999 ], [ 5.8590936298, 50.02846248 ], [ 5.8567801641, 50.028344420700002 ], [ 5.8532376545, 50.027564496899998 ], [ 5.8535762182, 50.027228453200003 ], [ 5.8537044302, 50.026597909099998 ], [ 5.8515203086, 50.026100817200003 ], [ 5.8524569284, 50.022900485299999 ], [ 5.8506647134, 50.022558021800002 ], [ 5.8497700485, 50.022223320400002 ], [ 5.8463803521, 50.020783628799997 ], [ 5.8438091698, 50.019374693099998 ], [ 5.8425722902, 50.019500494299997 ], [ 5.8417277471, 50.018601912900003 ], [ 5.841501035, 50.0187176843 ], [ 5.8411293031, 50.018330862799999 ], [ 5.840746079, 50.018333354600003 ], [ 5.840678252, 50.019027293599997 ], [ 5.840150425, 50.019122211199999 ], [ 5.8401295909, 50.019416362900003 ], [ 5.8395386087, 50.019225636800002 ], [ 5.8383706923, 50.019210519799998 ], [ 5.8384706312, 50.018929619600002 ], [ 5.8374745385, 50.018670432699999 ], [ 5.8360226463, 50.018732593300001 ], [ 5.8337521438, 50.018419734699997 ], [ 5.8323931424, 50.017949508100003 ], [ 5.832870483, 50.017300690299997 ], [ 5.8325087903, 50.017085047 ], [ 5.8315246618, 50.016548570600001 ], [ 5.8293019083, 50.015766581199998 ], [ 5.8301334861, 50.014838502700002 ], [ 5.8277546061, 50.014847984799999 ], [ 5.8274367083, 50.014072360900002 ], [ 5.8258572766, 50.014919116199998 ], [ 5.8254573358, 50.014400370899999 ], [ 5.8241620107, 50.014968553899998 ], [ 5.8228863815, 50.0140102294 ], [ 5.8222897061, 50.014403603399998 ], [ 5.8215235153, 50.013959085800003 ], [ 5.8198665588, 50.0133800021 ], [ 5.8189870003, 50.012805351799997 ], [ 5.8200537688, 50.0112333398 ], [ 5.8193722692, 50.011214846500003 ], [ 5.8199966325, 50.009348330500003 ], [ 5.8211092818, 50.007217169800001 ], [ 5.8222363406, 50.005890790300001 ], [ 5.8215784632, 50.005453939399999 ], [ 5.8204280793, 50.005172101 ], [ 5.8213548443, 50.003744663 ], [ 5.8208261636, 50.003512428 ], [ 5.821666702, 50.002843287099999 ], [ 5.8216980689, 50.001812359500001 ], [ 5.8206827202, 50.000808671100003 ], [ 5.8208473211, 50.000179608400003 ], [ 5.8227263289, 49.997935007400002 ], [ 5.8235943582, 49.996989945599999 ], [ 5.8246867965, 49.996745750099997 ], [ 5.8271516558, 49.9957795889 ], [ 5.8296450566, 49.994140839400004 ], [ 5.8324242444, 49.990513107600002 ], [ 5.8357110347, 49.991184078800003 ], [ 5.8366353254, 49.991157407099998 ], [ 5.839439903, 49.989639031099998 ], [ 5.8401338187, 49.989436061399999 ], [ 5.8410435886, 49.989470682300002 ], [ 5.8441209681, 49.990026081700002 ], [ 5.8463934042, 49.990123712100001 ], [ 5.848471271, 49.989954080499999 ], [ 5.8514285633, 49.9901193197 ], [ 5.8512971402, 49.988391675099997 ], [ 5.8534383561, 49.9888852164 ], [ 5.8554639971, 49.989545369 ], [ 5.8558169047, 49.989516045899997 ], [ 5.8565308318, 49.9903712865 ], [ 5.8561551739, 49.990917374600002 ], [ 5.8576385389, 49.990751198 ], [ 5.8577851706, 49.990599210399999 ], [ 5.8580134008, 49.990741885600002 ], [ 5.8586344843, 49.990417582 ], [ 5.8592625284, 49.990534966399998 ], [ 5.8595978382, 49.9903204632 ], [ 5.8593114588, 49.989969679200001 ], [ 5.8599402362, 49.989275306899998 ], [ 5.8597704979, 49.989153414500002 ], [ 5.8591501903, 49.989215924900002 ], [ 5.8586426625, 49.987476428900003 ], [ 5.8592929835, 49.987156272100002 ], [ 5.8597825656, 49.9876737202 ], [ 5.8607732775, 49.988013194600001 ], [ 5.8593082023, 49.986995905100002 ], [ 5.8653480314, 49.989219628699999 ], [ 5.8669036748, 49.990564444299999 ], [ 5.868752143, 49.989205977099999 ], [ 5.8686138329, 49.990015685899998 ], [ 5.8716069279, 49.991267733199997 ], [ 5.8712286345, 49.993135545500003 ], [ 5.8709434289, 49.993253671 ], [ 5.8715397585, 49.994740023299997 ], [ 5.8711145596, 49.994977194199997 ], [ 5.8710703436, 49.995677587899998 ], [ 5.8702932311, 49.996929846199997 ], [ 5.8691725395, 49.997977467299997 ], [ 5.8697464848, 49.998139410100002 ], [ 5.8692379482, 49.998939394 ], [ 5.8692168688, 49.999456909099997 ], [ 5.8699366894, 49.999787373099998 ], [ 5.870825043, 50.000205353299997 ], [ 5.874636516, 49.998923886199997 ], [ 5.8764817682, 49.998157533300002 ], [ 5.8774272738, 49.997288151799999 ], [ 5.8809691578, 49.995823243300002 ], [ 5.8835752345, 49.994413175699997 ], [ 5.8842710838, 49.994274219499999 ], [ 5.8844930995, 49.993987471799997 ], [ 5.885372879, 49.993728269599998 ], [ 5.8856472309, 49.993084547199999 ], [ 5.886769399, 49.992752111 ], [ 5.8874851326, 49.992177453799997 ], [ 5.8892981418, 49.991916593 ], [ 5.89065506, 49.991549232 ], [ 5.8908799555, 49.991546899900001 ], [ 5.8908493343, 49.991838422299999 ], [ 5.8903999744, 49.9923530238 ], [ 5.89104695, 49.993295422099997 ], [ 5.8925926111, 49.992829377200003 ], [ 5.894862406, 49.992854838699998 ], [ 5.8950737136, 49.992300868299999 ], [ 5.8966707671, 49.992447955400003 ], [ 5.8972944135, 49.992719444099997 ], [ 5.8979496445, 49.9933847382 ], [ 5.8988126087, 49.993601024299998 ], [ 5.8977807357, 49.995825145700003 ], [ 5.8963904814, 49.997564431299999 ], [ 5.8976902713, 49.997797441499998 ], [ 5.8987543498, 49.996107193100002 ], [ 5.8988388358, 49.995045260799998 ], [ 5.8995477748, 49.993966439 ], [ 5.8995840311, 49.9933237706 ], [ 5.9003490943, 49.9932843116 ], [ 5.9028794758, 49.994129386399997 ], [ 5.9038867141, 49.994226741299997 ], [ 5.9039115352, 49.994043375099999 ], [ 5.9048708134, 49.993622908500001 ], [ 5.9051913811, 49.993282833 ], [ 5.9061294001, 49.992964205299998 ], [ 5.9060770546, 49.993560422 ], [ 5.90670235, 49.995056978900003 ], [ 5.9078120553, 49.995205433499997 ], [ 5.9082796076, 49.995667641200001 ], [ 5.9094006489, 49.996566077200001 ], [ 5.9095847259, 49.996969211600003 ], [ 5.9103384857, 49.997372196699999 ], [ 5.9105753247, 49.997334565499997 ], [ 5.9107625887, 49.9975525925 ], [ 5.9109366367, 49.998200160700002 ], [ 5.910328608, 49.999226105399998 ], [ 5.9100692298, 50.000203372599998 ], [ 5.9152391504, 50.002127998699997 ], [ 5.9196814565, 50.0041540084 ], [ 5.9199865493, 50.004058569400001 ], [ 5.9205456407, 50.006996104199999 ], [ 5.9204266727, 50.007972280099999 ], [ 5.9211411046, 50.008172988399998 ], [ 5.9209774056, 50.008966448 ], [ 5.9230913357, 50.009383825100002 ], [ 5.9231272546, 50.008109197899998 ], [ 5.9268697179, 50.008053043 ], [ 5.9278063097, 50.0086208524 ], [ 5.9282152071, 50.010252102700001 ], [ 5.9287208765, 50.010821992 ], [ 5.9283185647, 50.011294049900002 ], [ 5.9277560125, 50.0115618289 ], [ 5.9254606548, 50.0117338027 ], [ 5.9252069555, 50.012550086499999 ], [ 5.9250053596, 50.012563655 ], [ 5.9256984376, 50.013161944300002 ], [ 5.9242491193, 50.014335616399997 ], [ 5.9237136062, 50.015685164099999 ], [ 5.9240426223, 50.01592979 ], [ 5.9238702018, 50.016097755499999 ], [ 5.924539193, 50.016327476199997 ], [ 5.9259915121, 50.016730414199998 ], [ 5.9263783359, 50.016579253300002 ], [ 5.9269341355, 50.016744363 ], [ 5.9269590537, 50.018107257099999 ], [ 5.9281814155, 50.018307722499998 ], [ 5.9289508798, 50.018853168699998 ], [ 5.9285518792, 50.018956313499999 ], [ 5.9281493, 50.019780288900002 ], [ 5.9305168931, 50.019803958899999 ], [ 5.930053979, 50.020913729599997 ], [ 5.9270082033, 50.021293359 ], [ 5.9278817793, 50.023047719899999 ], [ 5.9277684772, 50.023377414800002 ], [ 5.9270600294, 50.023638694500001 ], [ 5.9283668463, 50.024976056500002 ], [ 5.9293074261, 50.025122949100002 ], [ 5.929095464, 50.025517991599997 ], [ 5.9293816089, 50.025490789199999 ], [ 5.9296643237, 50.025709096900002 ], [ 5.9301289637, 50.025513095100003 ], [ 5.9311214386, 50.0248782858 ], [ 5.9318837478, 50.023743101 ], [ 5.9318207754, 50.022040161299998 ], [ 5.9313799999, 50.021169259099999 ], [ 5.9314860515, 50.020413141500001 ], [ 5.9327084103, 50.019993726700001 ], [ 5.9348632566, 50.019880556899999 ], [ 5.9363547142, 50.019328234 ], [ 5.9379106992, 50.020751771 ], [ 5.9387781044, 50.021932209200003 ], [ 5.9409741273, 50.0231867209 ], [ 5.942139143, 50.0240827366 ], [ 5.942634206, 50.0249974675 ], [ 5.9433455942, 50.025416741100003 ], [ 5.9461088739, 50.025845107099997 ], [ 5.9479841062, 50.026305366099997 ], [ 5.9483824232, 50.026587282500003 ], [ 5.9483985263, 50.026993101800002 ], [ 5.9488571117, 50.027071894 ], [ 5.9487965808, 50.0272361958 ], [ 5.9496491004, 50.027446751100001 ], [ 5.9507182852, 50.027947185099997 ], [ 5.9514148097, 50.027943510699998 ], [ 5.9544737756, 50.027368471099997 ], [ 5.954906975, 50.027668904099997 ], [ 5.9545280416, 50.028052817800003 ], [ 5.9569733433, 50.028859285300001 ], [ 5.9570466691, 50.028504191099998 ], [ 5.9568120306, 50.028509735500002 ], [ 5.9556655044, 50.027499112800001 ], [ 5.9552038566, 50.027687751199998 ], [ 5.9546377033, 50.027209372400002 ], [ 5.9554512581, 50.026248135800003 ], [ 5.9577424279, 50.027096345 ], [ 5.9609442669, 50.028564101100002 ], [ 5.9625267061, 50.030059472799998 ], [ 5.9635133659, 50.030433553400002 ], [ 5.964273913, 50.030394159399997 ], [ 5.9661781903, 50.0319744536 ], [ 5.9636636437, 50.032885099600001 ], [ 5.9623528367, 50.033054823599997 ], [ 5.9606579963, 50.033800751800001 ], [ 5.9615060164, 50.034953517 ], [ 5.9621718231, 50.0355036009 ], [ 5.9620922756, 50.036375299200003 ], [ 5.9611210806, 50.036869054599997 ], [ 5.9618483983, 50.037448261100003 ], [ 5.9610408686, 50.037894206899999 ], [ 5.9607904477, 50.037721983300003 ], [ 5.9593753104, 50.038402732900003 ], [ 5.958390626, 50.039258311399998 ], [ 5.9569136008, 50.041069553500002 ], [ 5.9570195909, 50.041217852300001 ], [ 5.9588144434, 50.041524171200003 ], [ 5.9611901469, 50.0423262061 ], [ 5.9627647761, 50.042612986199998 ], [ 5.9652711273, 50.042802889699999 ], [ 5.9688667892, 50.0427206162 ], [ 5.9695550761, 50.042813069200001 ], [ 5.9691379651, 50.043551660299997 ], [ 5.969205865, 50.044000420800003 ], [ 5.9699918634, 50.044717182699998 ], [ 5.9710028646, 50.045310765700002 ], [ 5.9711478936, 50.045553237199996 ], [ 5.9710150762, 50.0460550058 ], [ 5.9692947698, 50.045700338499998 ], [ 5.9682545162, 50.045860745500001 ], [ 5.9709353295, 50.046373623100003 ], [ 5.9718137208, 50.047430354 ], [ 5.9727818377, 50.047865870899997 ], [ 5.9731426165, 50.049251596200001 ], [ 5.9734882697, 50.049720893200004 ], [ 5.9751792673, 50.0509560247 ], [ 5.9756917095, 50.052221422899997 ], [ 5.9756525236, 50.052920939899998 ], [ 5.9755550943, 50.054497213300003 ], [ 5.9762393962, 50.055364935599997 ], [ 5.9772009712, 50.055941084700002 ], [ 5.9792277225, 50.055559851 ], [ 5.980267234, 50.05477245 ], [ 5.9816793406, 50.054151021499997 ], [ 5.9821059329, 50.053585977899999 ], [ 5.9820169473, 50.056030581400002 ], [ 5.9825563307, 50.058192594700003 ], [ 5.9845775077, 50.060341913800002 ], [ 5.9863919376, 50.060565457400003 ], [ 5.9850527456, 50.062454815700001 ], [ 5.9846888666, 50.063463019 ], [ 5.984833476, 50.064283359500003 ], [ 5.9856948099, 50.0660635391 ], [ 5.9850743463, 50.067468325900002 ], [ 5.9846000128, 50.067782070100002 ] ] ] ] } },
{ "type": "Feature", "properties": { "name": "Winseler", "canton": "Wiltz", "district": "Diekirch", "lau2": "0808" }, "geometry": { "type": "MultiPolygon", "coordinates": [ [ [ [ 5.8710850429, 49.949856628100001 ], [ 5.8720344751, 49.949504741699997 ], [ 5.8724760275, 49.948827253200001 ], [ 5.8729121662, 49.949081937400003 ], [ 5.8729968761, 49.948817112599997 ], [ 5.8751654993, 49.9491447041 ], [ 5.8757586725, 49.9482487382 ], [ 5.876863529, 49.948860839600002 ], [ 5.8773579472, 49.949384486600003 ], [ 5.8782775159, 49.949750868599999 ], [ 5.8779104102, 49.951387130699999 ], [ 5.8821440813, 49.95314405 ], [ 5.8817024766, 49.9542307675 ], [ 5.8850960413, 49.955238955699997 ], [ 5.8855584203, 49.9560546887 ], [ 5.8866075289, 49.957194751499998 ], [ 5.8866145411, 49.957657076700002 ], [ 5.8874191306, 49.958035631199998 ], [ 5.8877034056, 49.958365053199998 ], [ 5.8903935088, 49.959547628599999 ], [ 5.8914784897, 49.959820502200003 ], [ 5.8936697653, 49.960893281499999 ], [ 5.89510404, 49.960022124600002 ], [ 5.8963107644, 49.9607940836 ], [ 5.8971308415, 49.961605821399999 ], [ 5.8983255103, 49.962230575200003 ], [ 5.8977524347, 49.963507636 ], [ 5.8970865134, 49.963458087200003 ], [ 5.8975562269, 49.964475642 ], [ 5.8989759337, 49.964820616 ], [ 5.8991323988, 49.965209284700002 ], [ 5.8995980697, 49.965425762400002 ], [ 5.9009176983, 49.9657185887 ], [ 5.8999730595, 49.966335589499998 ], [ 5.9001209926, 49.9674573733 ], [ 5.9005363587, 49.967978975400001 ], [ 5.901436965, 49.9680274149 ], [ 5.9016810522, 49.968405654 ], [ 5.9032649185, 49.969250604400003 ], [ 5.9052628279, 49.969921631200002 ], [ 5.9052126821, 49.9700615713 ], [ 5.9069221528, 49.970949252899999 ], [ 5.9073220577, 49.970887369099998 ], [ 5.90782447, 49.971105828699997 ], [ 5.909271154, 49.971195021 ], [ 5.9105868057, 49.971584312399997 ], [ 5.9106981357, 49.971472510600002 ], [ 5.911200759, 49.971655219 ], [ 5.9114588218, 49.971384348400001 ], [ 5.9135466141, 49.971934688600001 ], [ 5.9146863325, 49.971838873400003 ], [ 5.9155275259, 49.972043238300003 ], [ 5.9126121101, 49.974080954400002 ], [ 5.9156933157, 49.974505425499999 ], [ 5.9180911178, 49.975153308099998 ], [ 5.9184013721, 49.975844071399997 ], [ 5.9182536648, 49.976590734600002 ], [ 5.9183997, 49.976598186300002 ], [ 5.9181509243, 49.976986848800003 ], [ 5.9184848708, 49.977032553400001 ], [ 5.9183521937, 49.977224376599999 ], [ 5.9196980327, 49.977612873699996 ], [ 5.9199017754, 49.977157699599999 ], [ 5.9222499038, 49.976933883500003 ], [ 5.9227776163, 49.977489625799997 ], [ 5.9212485006, 49.977836607699999 ], [ 5.9206334129, 49.978602303599999 ], [ 5.9197081994, 49.978832430700002 ], [ 5.9194253856, 49.979816603700002 ], [ 5.9204812599, 49.980005243699999 ], [ 5.920322247, 49.980823475800001 ], [ 5.9202518976, 49.9809454432 ], [ 5.9200216864, 49.9808713842 ], [ 5.9196535585, 49.981957677799997 ], [ 5.9196507142, 49.982082647699997 ], [ 5.920281801, 49.982242529899999 ], [ 5.9190475491, 49.984195783200001 ], [ 5.9188585637, 49.985111036200003 ], [ 5.917515177, 49.985087825400001 ], [ 5.9174836979, 49.985442331199998 ], [ 5.9154436868, 49.985234190299998 ], [ 5.9150893058, 49.9864813732 ], [ 5.9134641757, 49.986527026 ], [ 5.9135433881, 49.986789998399999 ], [ 5.9127173263, 49.9868921817 ], [ 5.9122093496, 49.9878017427 ], [ 5.9128606618, 49.988207930400002 ], [ 5.9134004981, 49.9891071391 ], [ 5.9128913162, 49.989420823899998 ], [ 5.9136237401, 49.990146183 ], [ 5.9139678512, 49.990158181600002 ], [ 5.9152376831, 49.989665412100003 ], [ 5.9159282134, 49.989697612 ], [ 5.9174048322, 49.990113559900003 ], [ 5.9165506513, 49.992477313099997 ], [ 5.9156747932, 49.9922031248 ], [ 5.9138796492, 49.992356317800002 ], [ 5.9123147456, 49.991882287 ], [ 5.9115265018, 49.991865331900001 ], [ 5.9106488717, 49.992668208 ], [ 5.9101738448, 49.9928088996 ], [ 5.908532104, 49.9942777646 ], [ 5.9084563384, 49.9947839 ], [ 5.9088733209, 49.995165843 ], [ 5.9082796076, 49.995667641200001 ], [ 5.9078120553, 49.995205433499997 ], [ 5.90670235, 49.995056978900003 ], [ 5.9060770546, 49.993560422 ], [ 5.9061294001, 49.992964205299998 ], [ 5.9051913811, 49.993282833 ], [ 5.9048708134, 49.993622908500001 ], [ 5.9039115352, 49.994043375099999 ], [ 5.9038867141, 49.994226741299997 ], [ 5.9028794758, 49.994129386399997 ], [ 5.9003490943, 49.9932843116 ], [ 5.8995840311, 49.9933237706 ], [ 5.8995477748, 49.993966439 ], [ 5.8988388358, 49.995045260799998 ], [ 5.8987543498, 49.996107193100002 ], [ 5.8976902713, 49.997797441499998 ], [ 5.8963904814, 49.997564431299999 ], [ 5.8977807357, 49.995825145700003 ], [ 5.8988126087, 49.993601024299998 ], [ 5.8979496445, 49.9933847382 ], [ 5.8972944135, 49.992719444099997 ], [ 5.8966707671, 49.992447955400003 ], [ 5.8950737136, 49.992300868299999 ], [ 5.894862406, 49.992854838699998 ], [ 5.8925926111, 49.992829377200003 ], [ 5.89104695, 49.993295422099997 ], [ 5.8903999744, 49.9923530238 ], [ 5.8908493343, 49.991838422299999 ], [ 5.8908799555, 49.991546899900001 ], [ 5.89065506, 49.991549232 ], [ 5.8892981418, 49.991916593 ], [ 5.8874851326, 49.992177453799997 ], [ 5.886769399, 49.992752111 ], [ 5.8856472309, 49.993084547199999 ], [ 5.885372879, 49.993728269599998 ], [ 5.8844930995, 49.993987471799997 ], [ 5.8842710838, 49.994274219499999 ], [ 5.8835752345, 49.994413175699997 ], [ 5.8809691578, 49.995823243300002 ], [ 5.8774272738, 49.997288151799999 ], [ 5.8764817682, 49.998157533300002 ], [ 5.874636516, 49.998923886199997 ], [ 5.870825043, 50.000205353299997 ], [ 5.8699366894, 49.999787373099998 ], [ 5.8692168688, 49.999456909099997 ], [ 5.8692379482, 49.998939394 ], [ 5.8697464848, 49.998139410100002 ], [ 5.8691725395, 49.997977467299997 ], [ 5.8702932311, 49.996929846199997 ], [ 5.8710703436, 49.995677587899998 ], [ 5.8711145596, 49.994977194199997 ], [ 5.8715397585, 49.994740023299997 ], [ 5.8709434289, 49.993253671 ], [ 5.8712286345, 49.993135545500003 ], [ 5.8716069279, 49.991267733199997 ], [ 5.8686138329, 49.990015685899998 ], [ 5.868752143, 49.989205977099999 ], [ 5.8669036748, 49.990564444299999 ], [ 5.8653480314, 49.989219628699999 ], [ 5.8593082023, 49.986995905100002 ], [ 5.8607732775, 49.988013194600001 ], [ 5.8597825656, 49.9876737202 ], [ 5.8592929835, 49.987156272100002 ], [ 5.8586426625, 49.987476428900003 ], [ 5.8591501903, 49.989215924900002 ], [ 5.8597704979, 49.989153414500002 ], [ 5.8599402362, 49.989275306899998 ], [ 5.8593114588, 49.989969679200001 ], [ 5.8595978382, 49.9903204632 ], [ 5.8592625284, 49.990534966399998 ], [ 5.8586344843, 49.990417582 ], [ 5.8580134008, 49.990741885600002 ], [ 5.8577851706, 49.990599210399999 ], [ 5.8576385389, 49.990751198 ], [ 5.8561551739, 49.990917374600002 ], [ 5.8565308318, 49.9903712865 ], [ 5.8558169047, 49.989516045899997 ], [ 5.8554639971, 49.989545369 ], [ 5.8534383561, 49.9888852164 ], [ 5.8512971402, 49.988391675099997 ], [ 5.8514285633, 49.9901193197 ], [ 5.848471271, 49.989954080499999 ], [ 5.8463934042, 49.990123712100001 ], [ 5.8441209681, 49.990026081700002 ], [ 5.8410435886, 49.989470682300002 ], [ 5.8401338187, 49.989436061399999 ], [ 5.8392396665, 49.98888495 ], [ 5.8390575499, 49.988481312899999 ], [ 5.8394052692, 49.987315858700001 ], [ 5.8389573286, 49.9867914027 ], [ 5.8387597237, 49.984363631400001 ], [ 5.8394665297, 49.984068864699999 ], [ 5.8385801093, 49.982298215699998 ], [ 5.8382646847, 49.982392287899998 ], [ 5.8374871595, 49.980929376 ], [ 5.8363568948, 49.9799201541 ], [ 5.8357671223, 49.978881062699998 ], [ 5.8351405419, 49.979028953 ], [ 5.8341451136, 49.978227864300003 ], [ 5.8335207669, 49.978514906500003 ], [ 5.8318333129, 49.976512685599999 ], [ 5.8304245498, 49.975943347700003 ], [ 5.8279149209, 49.975969596699997 ], [ 5.8263054505, 49.9746715741 ], [ 5.8255073583, 49.975230869199997 ], [ 5.8239993005, 49.975270668699999 ], [ 5.8202688576, 49.973799351300002 ], [ 5.8205442455, 49.973306580200003 ], [ 5.8195413249, 49.972043574600001 ], [ 5.8187705829, 49.9723257924 ], [ 5.8168328546, 49.972592969799997 ], [ 5.8160474635, 49.9723619946 ], [ 5.8155215166, 49.972361830899999 ], [ 5.8151867866, 49.972542549 ], [ 5.8131480102, 49.972581306 ], [ 5.8123277062, 49.972139606399999 ], [ 5.8104375697, 49.970677506299999 ], [ 5.8108136865, 49.969868747100001 ], [ 5.8099877907, 49.968022144499997 ], [ 5.8096176337, 49.967654138900002 ], [ 5.8106083346, 49.965982730699999 ], [ 5.8109041628, 49.965841752 ], [ 5.8105777167, 49.964940919100002 ], [ 5.8101372112, 49.9645593029 ], [ 5.8104575921, 49.964450083300001 ], [ 5.8103532816, 49.964259973499999 ], [ 5.8105373655, 49.964092345700003 ], [ 5.8101076775, 49.9638452871 ], [ 5.8102567249, 49.963692395199999 ], [ 5.80837389, 49.9629113194 ], [ 5.80766095, 49.962200769900001 ], [ 5.8071124812, 49.960418063 ], [ 5.8075018958, 49.959366134699998 ], [ 5.8090728454, 49.958303294099998 ], [ 5.8109790872, 49.958811138500003 ], [ 5.8129779787, 49.957211882199999 ], [ 5.8131815604, 49.956803364599999 ], [ 5.8131208797, 49.956228480299998 ], [ 5.812090897, 49.955504096600002 ], [ 5.8129511064, 49.954663643499998 ], [ 5.8106036942, 49.953784984400002 ], [ 5.8129583547, 49.951451361799997 ], [ 5.8155884112, 49.952160532900002 ], [ 5.8169769424, 49.950498767500001 ], [ 5.8204685586, 49.9517020085 ], [ 5.8231947193, 49.951845477399999 ], [ 5.823888128, 49.951997771899997 ], [ 5.826024897, 49.952957527300001 ], [ 5.8305329012, 49.953706327900001 ], [ 5.8325046545, 49.953361297 ], [ 5.8367465682, 49.951720979699999 ], [ 5.8379463562, 49.951618429600003 ], [ 5.8383745887, 49.951339356699997 ], [ 5.838544166, 49.951351039499997 ], [ 5.8383956011, 49.951183763899998 ], [ 5.838683779, 49.950775890499997 ], [ 5.8390176895, 49.9508732858 ], [ 5.8391804203, 49.950719352299998 ], [ 5.8387425895, 49.950462900200002 ], [ 5.8386488018, 49.949578374399998 ], [ 5.8394717874, 49.948595865599998 ], [ 5.8391238865, 49.948548095500001 ], [ 5.8389492276, 49.948346609799998 ], [ 5.8386855935, 49.9483932614 ], [ 5.8386436634, 49.948177065 ], [ 5.8380179632, 49.948153435 ], [ 5.8374308018, 49.9478685845 ], [ 5.8373729324, 49.947330985900003 ], [ 5.8354433711, 49.946574425599998 ], [ 5.8353928884, 49.946216297399999 ], [ 5.8350358283, 49.945977953099998 ], [ 5.8352783244, 49.945812745600001 ], [ 5.8348583887, 49.945423081500003 ], [ 5.8351839045, 49.945182690599999 ], [ 5.8350999466, 49.94504548 ], [ 5.8345864018, 49.944535811199998 ], [ 5.8341630125, 49.9445807715 ], [ 5.8337914844, 49.944436881 ], [ 5.8338407904, 49.944202469499999 ], [ 5.8335176231, 49.944242042500001 ], [ 5.833171963, 49.944073042 ], [ 5.8328426916, 49.943650051900001 ], [ 5.833081412, 49.943290921799999 ], [ 5.8327789703, 49.943257450600001 ], [ 5.8321872959, 49.942561667 ], [ 5.8328845574, 49.942081706700002 ], [ 5.8327129989, 49.941705148099999 ], [ 5.8329647435, 49.9413811545 ], [ 5.8335019741, 49.941368802100001 ], [ 5.8342490215, 49.941024265899998 ], [ 5.8339939764, 49.940634631 ], [ 5.8343340143, 49.940366979899999 ], [ 5.8351146577, 49.940536701799999 ], [ 5.8354897279, 49.940771636199997 ], [ 5.8367953584, 49.940446741700001 ], [ 5.8385409926, 49.940351268299999 ], [ 5.8406136675, 49.939688957100003 ], [ 5.8408828728, 49.939379407300002 ], [ 5.8410989997, 49.938219717599999 ], [ 5.8416728484, 49.937520096500002 ], [ 5.8432334061, 49.936421599500001 ], [ 5.844833097, 49.936367897099998 ], [ 5.8449003058, 49.935843819900001 ], [ 5.8474988833, 49.936128863699999 ], [ 5.8504954046, 49.937037772399997 ], [ 5.8523823899, 49.937401118700002 ], [ 5.8524690312, 49.9369308713 ], [ 5.8529411729, 49.936551870800002 ], [ 5.8540033277, 49.936439044899998 ], [ 5.8549478146, 49.936876076 ], [ 5.8571049574, 49.938360407099999 ], [ 5.8576868151, 49.938249013499998 ], [ 5.8589826119, 49.938529605600003 ], [ 5.8591577858, 49.938325797600001 ], [ 5.8604257191, 49.938404570599999 ], [ 5.8608670166, 49.937827395399999 ], [ 5.8614766598, 49.938332904100001 ], [ 5.8634167279, 49.938618406700002 ], [ 5.8650857654, 49.939389728400002 ], [ 5.86588134, 49.9395030465 ], [ 5.8664383323, 49.939343598100002 ], [ 5.8675079148, 49.939331631199998 ], [ 5.8681102702, 49.9395749858 ], [ 5.8668666487, 49.942309875600003 ], [ 5.8666486365, 49.943862276200001 ], [ 5.8668571462, 49.945133299799998 ], [ 5.8666392792, 49.945760164399999 ], [ 5.8680734838, 49.946220202600003 ], [ 5.8682662729, 49.946547423299997 ], [ 5.8680199568, 49.946863379500002 ], [ 5.8686291176, 49.947141568699998 ], [ 5.8683933242, 49.947360015 ], [ 5.8680607825, 49.947202462500002 ], [ 5.8671287055, 49.9471227007 ], [ 5.8669060728, 49.9478294607 ], [ 5.8663022977, 49.948511856899998 ], [ 5.868159538, 49.949382615200001 ], [ 5.8689221579, 49.949418149300001 ], [ 5.8702448333, 49.949939062699997 ], [ 5.8710850429, 49.949856628100001 ] ] ] ] } },
{ "type": "Feature", "properties": { "name": "Wormeldange", "canton": "Grevenmacher", "district": "Grevenmacher", "lau2": "1108" }, "geometry": { "type": "MultiPolygon", "coordinates": [ [ [ [ 6.4276471228, 49.635883788699999 ], [ 6.4293387068, 49.638510829099999 ], [ 6.4308659791, 49.6404066769 ], [ 6.434423756, 49.645889860499999 ], [ 6.4352630778, 49.647826533200003 ], [ 6.4388942947, 49.652732912300003 ], [ 6.43980534, 49.655801863199997 ], [ 6.4399463145, 49.657187917 ], [ 6.4395123424, 49.658116704699999 ], [ 6.4388988068, 49.65869068 ], [ 6.4374845063, 49.659571136799997 ], [ 6.4363795576, 49.659974077 ], [ 6.4338924655, 49.6601987608 ], [ 6.4304136175, 49.659773815599998 ], [ 6.4290679011, 49.659763928499999 ], [ 6.4278588186, 49.659899362600001 ], [ 6.426805945, 49.6602400477 ], [ 6.4260002331, 49.660729699299999 ], [ 6.4252936368, 49.661575965700003 ], [ 6.4250880493, 49.662718524100001 ], [ 6.4252537417, 49.663814329499999 ], [ 6.423806922, 49.663993631799997 ], [ 6.4212362696, 49.664033060400001 ], [ 6.421034509, 49.663585709499998 ], [ 6.4215660505, 49.662192746800002 ], [ 6.4206757246, 49.660198055 ], [ 6.420497531, 49.659297184400003 ], [ 6.4206586963, 49.6582688437 ], [ 6.4213126303, 49.657087961 ], [ 6.4215012811, 49.6554333662 ], [ 6.4218871979, 49.654326622799999 ], [ 6.4220433393, 49.653949450799999 ], [ 6.4218448821, 49.653611036599997 ], [ 6.4202747124, 49.652297277899997 ], [ 6.4179416756, 49.649881737500003 ], [ 6.4162264264, 49.648664188799998 ], [ 6.4157193545, 49.648475569 ], [ 6.4150228973, 49.648455294500003 ], [ 6.4136359432, 49.649548488599997 ], [ 6.4127891375, 49.649873593300001 ], [ 6.413434098, 49.6479824241 ], [ 6.4149901667, 49.647362055400002 ], [ 6.4161258591, 49.648083859099998 ], [ 6.4166578731, 49.647978329200001 ], [ 6.4173481346, 49.6475716267 ], [ 6.4176870838, 49.647033297699998 ], [ 6.4188743801, 49.646362209599999 ], [ 6.4206699979, 49.644993258600003 ], [ 6.4223859874, 49.643153067599997 ], [ 6.4235544298, 49.642584064899999 ], [ 6.423106432, 49.6418543781 ], [ 6.4226549607, 49.639460370099997 ], [ 6.421293241, 49.638283715100002 ], [ 6.4207861745, 49.637676506600002 ], [ 6.4206003895, 49.637089766899997 ], [ 6.4200129567, 49.637239941499999 ], [ 6.4194601572, 49.636620779 ], [ 6.4187815419, 49.636833543400002 ], [ 6.4169396633, 49.634535886199998 ], [ 6.4158650522, 49.633695843399998 ], [ 6.4148876962, 49.633628626799997 ], [ 6.4152344875, 49.6321375578 ], [ 6.4132291428, 49.631993134399998 ], [ 6.4126771305, 49.632102116900001 ], [ 6.4122737875, 49.631649043700001 ], [ 6.4119911172, 49.631790503399998 ], [ 6.4113025523, 49.6312407291 ], [ 6.4105036175, 49.631161581800001 ], [ 6.4088353424, 49.630480250300003 ], [ 6.4079995474, 49.630560779500001 ], [ 6.4070652924, 49.629668916200004 ], [ 6.40680794, 49.6291538252 ], [ 6.4066697901, 49.629208056899998 ], [ 6.4064192793, 49.628929854299997 ], [ 6.4049817302, 49.629328418699998 ], [ 6.4031352023, 49.625304297299998 ], [ 6.403408965, 49.624731291800003 ], [ 6.4029768318, 49.623317916700003 ], [ 6.4026343586, 49.623417514499998 ], [ 6.4021994377, 49.623544002300001 ], [ 6.4023671169, 49.623876319499999 ], [ 6.4006849043, 49.624648202099998 ], [ 6.4009777619, 49.624893451799998 ], [ 6.3986209753, 49.625984585600001 ], [ 6.3984769895, 49.625800117499999 ], [ 6.3977540346, 49.625872588199996 ], [ 6.3985054944, 49.626734206099997 ], [ 6.3981602119, 49.626887742199997 ], [ 6.3975479529, 49.6261966649 ], [ 6.3952459551, 49.627398974099997 ], [ 6.3964217076, 49.6281649409 ], [ 6.396921009, 49.628731084599998 ], [ 6.396122423, 49.629391966100002 ], [ 6.397450887, 49.631115663199999 ], [ 6.3909282531, 49.6313446025 ], [ 6.391045273, 49.632745782100002 ], [ 6.3913221634, 49.632754228400003 ], [ 6.3907469748, 49.63374299 ], [ 6.3909987042, 49.633817848100001 ], [ 6.3884369797, 49.636201476899998 ], [ 6.3867203455, 49.638251745 ], [ 6.3859961743, 49.637943242 ], [ 6.3854363913, 49.637934264400002 ], [ 6.3842030196, 49.637556192600002 ], [ 6.3831398806, 49.637075598899997 ], [ 6.3806661352, 49.636699885900001 ], [ 6.3796411583, 49.638580181899997 ], [ 6.3799447053, 49.638837197800001 ], [ 6.3865827456, 49.641530138500002 ], [ 6.3865128587, 49.641610964800002 ], [ 6.3853538231, 49.642644471499999 ], [ 6.3823428669, 49.642236170099999 ], [ 6.378514646, 49.642190820300002 ], [ 6.3782680316, 49.643244021599997 ], [ 6.3773225505, 49.643959344499997 ], [ 6.3763914754, 49.645015435799998 ], [ 6.3750699229, 49.646052602700003 ], [ 6.3737109926, 49.647448676800003 ], [ 6.3726876393, 49.647986034399999 ], [ 6.3711907837, 49.648577974799998 ], [ 6.3687858341, 49.6488452886 ], [ 6.3674556337, 49.649158746399998 ], [ 6.3662289686, 49.649513513199999 ], [ 6.36583678, 49.649818719 ], [ 6.365037357, 49.649354671099999 ], [ 6.3631326727, 49.6490847285 ], [ 6.3613681816, 49.648615747800001 ], [ 6.3603852374, 49.648511945899997 ], [ 6.3601833625, 49.648655895 ], [ 6.3587674252, 49.648016436100001 ], [ 6.355145956, 49.647134280499998 ], [ 6.3535737654, 49.647214278600003 ], [ 6.3526061849, 49.647530955699999 ], [ 6.3526523775, 49.647410600800001 ], [ 6.3530474363, 49.646376871199998 ], [ 6.3534440458, 49.643783009099998 ], [ 6.352706555, 49.6407437206 ], [ 6.3531557772, 49.6377691852 ], [ 6.3531658876, 49.635559728700002 ], [ 6.3545123434, 49.6332044416 ], [ 6.3548621798, 49.632762148600001 ], [ 6.3566110293, 49.633798675400001 ], [ 6.3567510855, 49.633693665400003 ], [ 6.35975426, 49.635044557500002 ], [ 6.3601344843, 49.633714348799998 ], [ 6.3618843653, 49.632402900499997 ], [ 6.3603390967, 49.631572034100003 ], [ 6.3603636196, 49.6311015673 ], [ 6.3629945958, 49.628619711100001 ], [ 6.3650535005, 49.6281125454 ], [ 6.3655164454, 49.627842167799997 ], [ 6.3659814888, 49.628381368699998 ], [ 6.3672174944, 49.628445890199998 ], [ 6.3673559716, 49.628991826 ], [ 6.367945736, 49.629009874799998 ], [ 6.3679135153, 49.629162049100003 ], [ 6.3682448092, 49.629181254499997 ], [ 6.3684893489, 49.628240777599999 ], [ 6.3690233162, 49.627620297500002 ], [ 6.3731167048, 49.626004297199998 ], [ 6.3741548867, 49.624868772699998 ], [ 6.3754197422, 49.624076242 ], [ 6.3794200361, 49.623496010099998 ], [ 6.3814431647, 49.6227011848 ], [ 6.3838052659, 49.6214438051 ], [ 6.3869673408, 49.619843014499999 ], [ 6.3828841577, 49.618239146800001 ], [ 6.3810507477, 49.617826669099998 ], [ 6.3806243766, 49.618359624100002 ], [ 6.3784890586, 49.618917835700003 ], [ 6.3787267566, 49.619289889599997 ], [ 6.3779403663, 49.619526887799999 ], [ 6.3775783506, 49.6192523498 ], [ 6.3769068416, 49.619794861899997 ], [ 6.3753443843, 49.619267941 ], [ 6.3741000709, 49.619081414299998 ], [ 6.3716552791, 49.619249312699999 ], [ 6.3707368693, 49.6190132539 ], [ 6.3694229575, 49.618903600400003 ], [ 6.3687805774, 49.618265325899998 ], [ 6.3678211976, 49.618332878399997 ], [ 6.3676999929, 49.617811682400003 ], [ 6.3672425335, 49.617665066299999 ], [ 6.3673790397, 49.617277794899998 ], [ 6.3661311521, 49.6173185261 ], [ 6.365547709, 49.615570175400002 ], [ 6.3667891724, 49.615322497599998 ], [ 6.3673006098, 49.6145141509 ], [ 6.3686125079, 49.613909748499999 ], [ 6.3696137677, 49.613076882800001 ], [ 6.3721136162, 49.6130336441 ], [ 6.3723580445, 49.612822102400003 ], [ 6.3720035173, 49.612350531399997 ], [ 6.3720590124, 49.6120919508 ], [ 6.3733490044, 49.611437453299999 ], [ 6.374562637, 49.611222477699997 ], [ 6.3755154829, 49.610617659200003 ], [ 6.3758538673, 49.610304018900003 ], [ 6.3769681164, 49.610266221099998 ], [ 6.3779736897, 49.609961038 ], [ 6.3788470743, 49.610202219900003 ], [ 6.3791720411, 49.609713089800003 ], [ 6.3797285551, 49.609665334200002 ], [ 6.3801509731, 49.6094533232 ], [ 6.3790665351, 49.607952546 ], [ 6.3803682788, 49.607253784299999 ], [ 6.3801703553, 49.607213698 ], [ 6.3801721228, 49.606850844299998 ], [ 6.3780750327, 49.606944287700003 ], [ 6.3779168958, 49.606726075899999 ], [ 6.3775819083, 49.606775371499999 ], [ 6.3775260857, 49.606605497799997 ], [ 6.3772717774, 49.6066239146 ], [ 6.3764410689, 49.604415319 ], [ 6.3765716784, 49.603852550699997 ], [ 6.3770468013, 49.603332198300002 ], [ 6.3792705187, 49.604170946399996 ], [ 6.3796299332, 49.604055022499999 ], [ 6.3819587135, 49.604164803899998 ], [ 6.381476554, 49.603261955900003 ], [ 6.3818945257, 49.6029779104 ], [ 6.3821987333, 49.602101970900002 ], [ 6.3804730815, 49.6000410483 ], [ 6.3793185009, 49.599490212500001 ], [ 6.379630571, 49.599393247499997 ], [ 6.3776877856, 49.598093879399997 ], [ 6.3765855086, 49.596669325500002 ], [ 6.3757117485, 49.596021102800002 ], [ 6.3761513135, 49.595886478700002 ], [ 6.3742661897, 49.5940970089 ], [ 6.373651031, 49.593140931 ], [ 6.3731083185, 49.592829450099998 ], [ 6.3726665223, 49.592728007 ], [ 6.3724099883, 49.592884906099997 ], [ 6.3721154564, 49.592665021599998 ], [ 6.3726299739, 49.591725301399997 ], [ 6.3719089157, 49.590540103199999 ], [ 6.3718501273, 49.590425742199997 ], [ 6.372310474, 49.590286024900003 ], [ 6.3724677228, 49.590390374899997 ], [ 6.3738873881, 49.590039248099998 ], [ 6.3744548471, 49.591480711099997 ], [ 6.3767774142, 49.594056651499997 ], [ 6.3805704952, 49.5973680878 ], [ 6.3842745105, 49.5996959649 ], [ 6.3859811126, 49.600072524200002 ], [ 6.3915104684, 49.600242742799999 ], [ 6.3939682909, 49.6006284077 ], [ 6.3973225285, 49.601690282100002 ], [ 6.4000850554, 49.603392755599998 ], [ 6.4023828126, 49.605413670799997 ], [ 6.4037504834, 49.607809840800002 ], [ 6.4055006132, 49.609641650500002 ], [ 6.4075473125, 49.611097092500003 ], [ 6.4092356905, 49.612843297600001 ], [ 6.4129274037, 49.615246333599998 ], [ 6.4183715981, 49.617421856199996 ], [ 6.4190288521, 49.618056901499997 ], [ 6.4200550325, 49.619590543699999 ], [ 6.4211298609, 49.620840655400002 ], [ 6.4217144314, 49.621903887899997 ], [ 6.4225174201, 49.625615804900001 ], [ 6.424552569, 49.628593574200004 ], [ 6.4253176817, 49.630262468 ], [ 6.4261091013, 49.632967310200002 ], [ 6.4276471228, 49.635883788699999 ] ] ] ] } }
]
}
