{
"type": "FeatureCollection",
"name": "stops",
"crs": { "type": "name", "properties": { "name": "urn:ogc:def:crs:OGC:1.3:CRS84" } },
"features": [
{ "type": "Feature", "properties": { "stop_id": "000110101001", "name": "Clervaux, Clinique" }, "geometry": { "type": "Point", "coordinates": [ 6.025082, 50.053323 ] } },
{ "type": "Feature", "properties": { "stop_id": "000110101002", "name": "Clervaux, Gare routière/Lycée" }, "geometry": { "type": "Point", "coordinates": [ 6.024306, 50.063617 ] } },
{ "type": "Feature", "properties": { "stop_id": "000110101004", "name": "Clervaux, Maison de Retraite" }, "geometry": { "type": "Point", "coordinates": [ 6.025616, 50.057799 ] } },
{ "type": "Feature", "properties": { "stop_id": "000110101008", "name": "Clervaux, Place de la Libération" }, "geometry": { "type": "Point", "coordinates": [ 6.029981, 50.052878 ] } },
{ "type": "Feature", "properties": { "stop_id": "000110101009", "name": "Clervaux, Place Benelux" }, "geometry": { "type": "Point", "coordinates": [ 6.03107, 50.054794 ] } },
{ "type": "Feature", "properties": { "stop_id": "000110101010", "name": "Clervaux, Police" }, "geometry": { "type": "Point", "coordinates": [ 6.025698, 50.054141 ] } },
{ "type": "Feature", "properties": { "stop_id": "000110101011", "name": "Clervaux, Postes" }, "geometry": { "type": "Point", "coordinates": [ 6.030853, 50.054836 ] } },
{ "type": "Feature", "properties": { "stop_id": "000110101013", "name": "Clervaux, Baastnecherstrooss" }, "geometry": { "type": "Point", "coordinates": [ 6.022033, 50.064428 ] } },
{ "type": "Feature", "properties": { "stop_id": "000110101014", "name": "Clervaux, Kalborn/Kaalber" }, "geometry": { "type": "Point", "coordinates": [ 6.111628, 50.10192 ] } },
{ "type": "Feature", "properties": { "stop_id": "000110101015", "name": "Clervaux, Hall Polyvalent" }, "geometry": { "type": "Point", "coordinates": [ 6.018076, 50.06129 ] } },
{ "type": "Feature", "properties": { "stop_id": "000110101016", "name": "Clervaux, Gare" }, "geometry": { "type": "Point", "coordinates": [ 6.024627, 50.061583 ] } },
{ "type": "Feature", "properties": { "stop_id": "000110101017", "name": "Clervaux, Lycée" }, "geometry": { "type": "Point", "coordinates": [ 6.02224, 50.06438 ] } },
{ "type": "Feature", "properties": { "stop_id": "000110102001", "name": "Marnach, Beim Cube" }, "geometry": { "type": "Point", "coordinates": [ 6.062304, 50.054249 ] } },
{ "type": "Feature", "properties": { "stop_id": "000110102002", "name": "Marnach, Beim Sender" }, "geometry": { "type": "Point", "coordinates": [ 6.077236, 50.043292 ] } },
{ "type": "Feature", "properties": { "stop_id": "000110102003", "name": "Marnach, Dosberstrooss" }, "geometry": { "type": "Point", "coordinates": [ 6.073357, 50.050103 ] } },
{ "type": "Feature", "properties": { "stop_id": "000110102004", "name": "Marnach, Fëschberstrooss" }, "geometry": { "type": "Point", "coordinates": [ 6.068496, 50.066812 ] } },
{ "type": "Feature", "properties": { "stop_id": "000110102005", "name": "Marnach, Geschäftszenter" }, "geometry": { "type": "Point", "coordinates": [ 6.072178, 50.052484 ] } },
{ "type": "Feature", "properties": { "stop_id": "000110102006", "name": "Marnach, Bei der Kierch" }, "geometry": { "type": "Point", "coordinates": [ 6.060918, 50.052919 ] } },
{ "type": "Feature", "properties": { "stop_id": "000110102007", "name": "Marnach, Munzerstrooss" }, "geometry": { "type": "Point", "coordinates": [ 6.058435, 50.049419 ] } },
{ "type": "Feature", "properties": { "stop_id": "000110102008", "name": "Marnach, Op der Bréck" }, "geometry": { "type": "Point", "coordinates": [ 6.067276, 50.054735 ] } },
{ "type": "Feature", "properties": { "stop_id": "000110102009", "name": "Marnach, Pënnik" }, "geometry": { "type": "Point", "coordinates": [ 6.066574, 50.063956 ] } },
{ "type": "Feature", "properties": { "stop_id": "000110102010", "name": "Marnach, Schwaarzenhiwwel" }, "geometry": { "type": "Point", "coordinates": [ 6.073601, 50.047239 ] } },
{ "type": "Feature", "properties": { "stop_id": "000110102011", "name": "Marnach, Bombatsch" }, "geometry": { "type": "Point", "coordinates": [ 6.064657, 50.057817 ] } },
{ "type": "Feature", "properties": { "stop_id": "000110103001", "name": "Heinerscheid, Bei Dikches" }, "geometry": { "type": "Point", "coordinates": [ 6.084587, 50.091934 ] } },
{ "type": "Feature", "properties": { "stop_id": "000110103002", "name": "Heinerscheid, Bei Millisch" }, "geometry": { "type": "Point", "coordinates": [ 6.086302, 50.098979 ] } },
{ "type": "Feature", "properties": { "stop_id": "000110103003", "name": "Heinerscheid, Geméin" }, "geometry": { "type": "Point", "coordinates": [ 6.086604, 50.095009 ] } },
{ "type": "Feature", "properties": { "stop_id": "000110103004", "name": "Heinerscheid, Buregaass" }, "geometry": { "type": "Point", "coordinates": [ 6.089097, 50.097963 ] } },
{ "type": "Feature", "properties": { "stop_id": "000110104002", "name": "Hupperdange, Schull" }, "geometry": { "type": "Point", "coordinates": [ 6.057518, 50.096121 ] } },
{ "type": "Feature", "properties": { "stop_id": "000110104003", "name": "Hupperdange, Hualewee" }, "geometry": { "type": "Point", "coordinates": [ 6.062293, 50.095802 ] } },
{ "type": "Feature", "properties": { "stop_id": "000110104004", "name": "Hupperdange, Knupp" }, "geometry": { "type": "Point", "coordinates": [ 6.053834, 50.094867 ] } },
{ "type": "Feature", "properties": { "stop_id": "000110105001", "name": "Weicherdange, Café Bourg" }, "geometry": { "type": "Point", "coordinates": [ 5.984727, 50.037783 ] } },
{ "type": "Feature", "properties": { "stop_id": "000110105002", "name": "Weicherdange, Kierch" }, "geometry": { "type": "Point", "coordinates": [ 5.988069, 50.037061 ] } },
{ "type": "Feature", "properties": { "stop_id": "000110105003", "name": "Weicherdange, Kirelshaff" }, "geometry": { "type": "Point", "coordinates": [ 5.972021, 50.032163 ] } },
{ "type": "Feature", "properties": { "stop_id": "000110106001", "name": "Mecher (Clervaux), Dueref" }, "geometry": { "type": "Point", "coordinates": [ 6.015807, 50.040018 ] } },
{ "type": "Feature", "properties": { "stop_id": "000110107001", "name": "Lausdorn, Lausdorn" }, "geometry": { "type": "Point", "coordinates": [ 6.083132, 50.117997 ] } },
{ "type": "Feature", "properties": { "stop_id": "000110108001", "name": "Lieler, Beim Biereg" }, "geometry": { "type": "Point", "coordinates": [ 6.108573, 50.12541 ] } },
{ "type": "Feature", "properties": { "stop_id": "000110108002", "name": "Lieler, Gässelchen" }, "geometry": { "type": "Point", "coordinates": [ 6.106699, 50.12377 ] } },
{ "type": "Feature", "properties": { "stop_id": "000110108003", "name": "Lieler, Om Knupp" }, "geometry": { "type": "Point", "coordinates": [ 6.104857, 50.123931 ] } },
{ "type": "Feature", "properties": { "stop_id": "000110108004", "name": "Lieler, Schull" }, "geometry": { "type": "Point", "coordinates": [ 6.110795, 50.124997 ] } },
{ "type": "Feature", "properties": { "stop_id": "000110109002", "name": "Drauffelt, Op der Gare" }, "geometry": { "type": "Point", "coordinates": [ 6.006857, 50.017329 ] } },
{ "type": "Feature", "properties": { "stop_id": "000110109003", "name": "Drauffelt, Op der Léi" }, "geometry": { "type": "Point", "coordinates": [ 6.001285, 50.015071 ] } },
{ "type": "Feature", "properties": { "stop_id": "000110109004", "name": "Drauffelt, Gare" }, "geometry": { "type": "Point", "coordinates": [ 6.007188, 50.016901 ] } },
{ "type": "Feature", "properties": { "stop_id": "000110109005", "name": "Drauffelt, Park & Rail" }, "geometry": { "type": "Point", "coordinates": [ 6.007746, 50.016897 ] } },
{ "type": "Feature", "properties": { "stop_id": "000110110001", "name": "Eselborn, Dueref" }, "geometry": { "type": "Point", "coordinates": [ 6.001846, 50.062532 ] } },
{ "type": "Feature", "properties": { "stop_id": "000110110002", "name": "Eselborn, Neidierfchen" }, "geometry": { "type": "Point", "coordinates": [ 6.003089, 50.059718 ] } },
{ "type": "Feature", "properties": { "stop_id": "000110111001", "name": "Fischbach (Clervaux), Bei Prëntzen" }, "geometry": { "type": "Point", "coordinates": [ 6.070961, 50.073925 ] } },
{ "type": "Feature", "properties": { "stop_id": "000110112001", "name": "Grindhausen, Grandsen" }, "geometry": { "type": "Point", "coordinates": [ 6.057981, 50.083622 ] } },
{ "type": "Feature", "properties": { "stop_id": "000110113001", "name": "Munshausen, Iewescht Duerf" }, "geometry": { "type": "Point", "coordinates": [ 6.036859, 50.035673 ] } },
{ "type": "Feature", "properties": { "stop_id": "000110113002", "name": "Munshausen, bei der Kierch" }, "geometry": { "type": "Point", "coordinates": [ 6.037541, 50.032758 ] } },
{ "type": "Feature", "properties": { "stop_id": "000110114001", "name": "Reuler, Centre Scolaire" }, "geometry": { "type": "Point", "coordinates": [ 6.037858, 50.061634 ] } },
{ "type": "Feature", "properties": { "stop_id": "000110114002", "name": "Reuler, Duerf" }, "geometry": { "type": "Point", "coordinates": [ 6.036244, 50.056753 ] } },
{ "type": "Feature", "properties": { "stop_id": "000110114003", "name": "Reuler, Hôh" }, "geometry": { "type": "Point", "coordinates": [ 6.033947, 50.052781 ] } },
{ "type": "Feature", "properties": { "stop_id": "000110115001", "name": "Roder, Roder" }, "geometry": { "type": "Point", "coordinates": [ 6.081885, 50.055077 ] } },
{ "type": "Feature", "properties": { "stop_id": "000110116002", "name": "Siebenaler, Bei der Kierch" }, "geometry": { "type": "Point", "coordinates": [ 6.025142, 50.009671 ] } },
{ "type": "Feature", "properties": { "stop_id": "000110117001", "name": "Urspelt, Knupp" }, "geometry": { "type": "Point", "coordinates": [ 6.04421, 50.076738 ] } },
{ "type": "Feature", "properties": { "stop_id": "000110117002", "name": "Urspelt, Schlass" }, "geometry": { "type": "Point", "coordinates": [ 6.045248, 50.074624 ] } },
{ "type": "Feature", "properties": { "stop_id": "000110118001", "name": "Kaesfurt, Kaesfurt" }, "geometry": { "type": "Point", "coordinates": [ 6.073176, 50.092298 ] } },
{ "type": "Feature", "properties": { "stop_id": "000110401001", "name": "Dorscheid, Am Duerf" }, "geometry": { "type": "Point", "coordinates": [ 6.071872, 50.035564 ] } },
{ "type": "Feature", "properties": { "stop_id": "000110401002", "name": "Dorscheid, Am Poul" }, "geometry": { "type": "Point", "coordinates": [ 6.079213, 50.036511 ] } },
{ "type": "Feature", "properties": { "stop_id": "000110401004", "name": "Dorscheid, Lehmkaul" }, "geometry": { "type": "Point", "coordinates": [ 6.079656, 50.04199 ] } },
{ "type": "Feature", "properties": { "stop_id": "000110402001", "name": "Holzthum, Op der Hoecht" }, "geometry": { "type": "Point", "coordinates": [ 6.07062, 49.98331 ] } },
{ "type": "Feature", "properties": { "stop_id": "000110402002", "name": "Holzthum, Bei der Kierch" }, "geometry": { "type": "Point", "coordinates": [ 6.073255, 49.984726 ] } },
{ "type": "Feature", "properties": { "stop_id": "000110402003", "name": "Holzthum, Kiirfecht" }, "geometry": { "type": "Point", "coordinates": [ 6.076277, 49.98688 ] } },
{ "type": "Feature", "properties": { "stop_id": "000110402004", "name": "Holzthum, Ferme Theves" }, "geometry": { "type": "Point", "coordinates": [ 6.084193, 49.990948 ] } },
{ "type": "Feature", "properties": { "stop_id": "000110402005", "name": "Holzthum, Ennert Schinker" }, "geometry": { "type": "Point", "coordinates": [ 6.088253, 49.988648 ] } },
{ "type": "Feature", "properties": { "stop_id": "000110402006", "name": "Holzthum, Um Rank" }, "geometry": { "type": "Point", "coordinates": [ 6.087549, 49.991527 ] } },
{ "type": "Feature", "properties": { "stop_id": "000110402007", "name": "Holzthum, Um Schinker" }, "geometry": { "type": "Point", "coordinates": [ 6.088594, 49.992021 ] } },
{ "type": "Feature", "properties": { "stop_id": "000110403001", "name": "Hosingen, Eesberwee" }, "geometry": { "type": "Point", "coordinates": [ 6.090719, 50.012738 ] } },
{ "type": "Feature", "properties": { "stop_id": "000110403002", "name": "Hosingen, Ewescht Duerf" }, "geometry": { "type": "Point", "coordinates": [ 6.092049, 50.017072 ] } },
{ "type": "Feature", "properties": { "stop_id": "000110403003", "name": "Hosingen, ZAER" }, "geometry": { "type": "Point", "coordinates": [ 6.086929, 50.004547 ] } },
{ "type": "Feature", "properties": { "stop_id": "000110403004", "name": "Hosingen, Parc Housen" }, "geometry": { "type": "Point", "coordinates": [ 6.097239, 49.993281 ] } },
{ "type": "Feature", "properties": { "stop_id": "000110403005", "name": "Hosingen, Bei der Kierch" }, "geometry": { "type": "Point", "coordinates": [ 6.091812, 50.016139 ] } },
{ "type": "Feature", "properties": { "stop_id": "000110403006", "name": "Hosingen, Bayrischt" }, "geometry": { "type": "Point", "coordinates": [ 6.091992, 50.0194 ] } },
{ "type": "Feature", "properties": { "stop_id": "000110403007", "name": "Hosingen, Forum pour l'Emploi" }, "geometry": { "type": "Point", "coordinates": [ 6.092052, 50.00732 ] } },
{ "type": "Feature", "properties": { "stop_id": "000110404001", "name": "Consthum, Ennescht Duerf" }, "geometry": { "type": "Point", "coordinates": [ 6.050016, 49.972302 ] } },
{ "type": "Feature", "properties": { "stop_id": "000110404002", "name": "Consthum, Wollefswee" }, "geometry": { "type": "Point", "coordinates": [ 6.058219, 49.972378 ] } },
{ "type": "Feature", "properties": { "stop_id": "000110404003", "name": "Consthum, Knupp" }, "geometry": { "type": "Point", "coordinates": [ 6.052524, 49.973633 ] } },
{ "type": "Feature", "properties": { "stop_id": "000110404004", "name": "Consthum, Kémel" }, "geometry": { "type": "Point", "coordinates": [ 6.057777, 49.972415 ] } },
{ "type": "Feature", "properties": { "stop_id": "000110405001", "name": "Neidhausen, Kiirch" }, "geometry": { "type": "Point", "coordinates": [ 6.066141, 50.028915 ] } },
{ "type": "Feature", "properties": { "stop_id": "000110406001", "name": "Eisenbach, Bei der Baach" }, "geometry": { "type": "Point", "coordinates": [ 6.147099, 50.004828 ] } },
{ "type": "Feature", "properties": { "stop_id": "000110406002", "name": "Eisenbach, Bongertswies" }, "geometry": { "type": "Point", "coordinates": [ 6.142011, 50.008949 ] } },
{ "type": "Feature", "properties": { "stop_id": "000110406003", "name": "Eisenbach, Bréck" }, "geometry": { "type": "Point", "coordinates": [ 6.144995, 50.000054 ] } },
{ "type": "Feature", "properties": { "stop_id": "000110406004", "name": "Eisenbach, Kounenhaff" }, "geometry": { "type": "Point", "coordinates": [ 6.136457, 50.016666 ] } },
{ "type": "Feature", "properties": { "stop_id": "000110407001", "name": "Rodershausen, Kiirch" }, "geometry": { "type": "Point", "coordinates": [ 6.129956, 50.036485 ] } },
{ "type": "Feature", "properties": { "stop_id": "000110407002", "name": "Rodershausen, Um Weier" }, "geometry": { "type": "Point", "coordinates": [ 6.131808, 50.040561 ] } },
{ "type": "Feature", "properties": { "stop_id": "000110407003", "name": "Rodershausen, Millewee" }, "geometry": { "type": "Point", "coordinates": [ 6.128577, 50.032906 ] } },
{ "type": "Feature", "properties": { "stop_id": "000110407004", "name": "Rodershausen, Dosberbréck" }, "geometry": { "type": "Point", "coordinates": [ 6.125921, 50.049078 ] } },
{ "type": "Feature", "properties": { "stop_id": "000110409001", "name": "Wahlhausen, Akescht" }, "geometry": { "type": "Point", "coordinates": [ 6.120368, 49.977773 ] } },
{ "type": "Feature", "properties": { "stop_id": "000110409003", "name": "Wahlhausen, Jouseps" }, "geometry": { "type": "Point", "coordinates": [ 6.108621, 49.985928 ] } },
{ "type": "Feature", "properties": { "stop_id": "000110409005", "name": "Wahlhausen, Burebierg" }, "geometry": { "type": "Point", "coordinates": [ 6.117994, 49.982482 ] } },
{ "type": "Feature", "properties": { "stop_id": "000110409006", "name": "Wahlhausen, Kiirch" }, "geometry": { "type": "Point", "coordinates": [ 6.123884, 49.98243 ] } },
{ "type": "Feature", "properties": { "stop_id": "000110409007", "name": "Wahlhausen, Gemönnerbréck" }, "geometry": { "type": "Point", "coordinates": [ 6.162474, 49.986932 ] } },
{ "type": "Feature", "properties": { "stop_id": "000110411001", "name": "Bockholtz (Parc Hosingen), Kiirch" }, "geometry": { "type": "Point", "coordinates": [ 6.050759, 50.011563 ] } },
{ "type": "Feature", "properties": { "stop_id": "000110412001", "name": "Hoscheid, Braaken" }, "geometry": { "type": "Point", "coordinates": [ 6.081097, 49.950145 ] } },
{ "type": "Feature", "properties": { "stop_id": "000110412002", "name": "Hoscheid, Kräizgaass" }, "geometry": { "type": "Point", "coordinates": [ 6.080463, 49.945873 ] } },
{ "type": "Feature", "properties": { "stop_id": "000110412003", "name": "Hoscheid, Maarkenbach" }, "geometry": { "type": "Point", "coordinates": [ 6.084203, 49.938429 ] } },
{ "type": "Feature", "properties": { "stop_id": "000110413001", "name": "Hoscheid-Dickt, Um Pëtz" }, "geometry": { "type": "Point", "coordinates": [ 6.089379, 49.970009 ] } },
{ "type": "Feature", "properties": { "stop_id": "000110413002", "name": "Hoscheid-Dickt, Um Wald" }, "geometry": { "type": "Point", "coordinates": [ 6.090713, 49.97679 ] } },
{ "type": "Feature", "properties": { "stop_id": "000110601001", "name": "Basbellain, Kirrich" }, "geometry": { "type": "Point", "coordinates": [ 5.982316, 50.144936 ] } },
{ "type": "Feature", "properties": { "stop_id": "000110601002", "name": "Basbellain, Willmes" }, "geometry": { "type": "Point", "coordinates": [ 5.984081, 50.141573 ] } },
{ "type": "Feature", "properties": { "stop_id": "000110602001", "name": "Drinklange, Drinklange" }, "geometry": { "type": "Point", "coordinates": [ 6.015337, 50.134367 ] } },
{ "type": "Feature", "properties": { "stop_id": "000110603001", "name": "Goedange, Goedange" }, "geometry": { "type": "Point", "coordinates": [ 6.011938, 50.147522 ] } },
{ "type": "Feature", "properties": { "stop_id": "000110604001", "name": "Hautbellain, Kirrich" }, "geometry": { "type": "Point", "coordinates": [ 5.97701, 50.155639 ] } },
{ "type": "Feature", "properties": { "stop_id": "000110604002", "name": "Hautbellain, Bellain Gare" }, "geometry": { "type": "Point", "coordinates": [ 5.978358, 50.151086 ] } },
{ "type": "Feature", "properties": { "stop_id": "000110605001", "name": "Huldange, Kirrich" }, "geometry": { "type": "Point", "coordinates": [ 6.014191, 50.163582 ] } },
{ "type": "Feature", "properties": { "stop_id": "000110605002", "name": "Huldange, Grotte" }, "geometry": { "type": "Point", "coordinates": [ 6.010334, 50.160991 ] } },
{ "type": "Feature", "properties": { "stop_id": "000110605003", "name": "Huldange, Groussefeld" }, "geometry": { "type": "Point", "coordinates": [ 6.019112, 50.165966 ] } },
{ "type": "Feature", "properties": { "stop_id": "000110605004", "name": "Huldange, Helzt" }, "geometry": { "type": "Point", "coordinates": [ 6.003651, 50.159664 ] } },
{ "type": "Feature", "properties": { "stop_id": "000110605005", "name": "Huldange, Lenglerlooch" }, "geometry": { "type": "Point", "coordinates": [ 6.025897, 50.165421 ] } },
{ "type": "Feature", "properties": { "stop_id": "000110605006", "name": "Huldange, Schmëtt" }, "geometry": { "type": "Point", "coordinates": [ 6.024461, 50.180416 ] } },
{ "type": "Feature", "properties": { "stop_id": "000110605007", "name": "Huldange, Scierie" }, "geometry": { "type": "Point", "coordinates": [ 6.024611, 50.170336 ] } },
{ "type": "Feature", "properties": { "stop_id": "000110605008", "name": "Huldange, Maison Knauf" }, "geometry": { "type": "Point", "coordinates": [ 6.029067, 50.160824 ] } },
{ "type": "Feature", "properties": { "stop_id": "000110606001", "name": "Troisvierges, Gare routière" }, "geometry": { "type": "Point", "coordinates": [ 5.991185, 50.119393 ] } },
{ "type": "Feature", "properties": { "stop_id": "000110606002", "name": "Troisvierges, Gemeng" }, "geometry": { "type": "Point", "coordinates": [ 6.001264, 50.121543 ] } },
{ "type": "Feature", "properties": { "stop_id": "000110606003", "name": "Troisvierges, Millebierg" }, "geometry": { "type": "Point", "coordinates": [ 5.99517, 50.118534 ] } },
{ "type": "Feature", "properties": { "stop_id": "000110606004", "name": "Troisvierges, Pasterknapp" }, "geometry": { "type": "Point", "coordinates": [ 6.004411, 50.12874 ] } },
{ "type": "Feature", "properties": { "stop_id": "000110606005", "name": "Troisvierges, Police" }, "geometry": { "type": "Point", "coordinates": [ 5.98961, 50.114836 ] } },
{ "type": "Feature", "properties": { "stop_id": "000110606006", "name": "Troisvierges, Tomm" }, "geometry": { "type": "Point", "coordinates": [ 6.001467, 50.125021 ] } },
{ "type": "Feature", "properties": { "stop_id": "000110606007", "name": "Troisvierges, Bënzelterstrooss" }, "geometry": { "type": "Point", "coordinates": [ 6.00345, 50.119261 ] } },
{ "type": "Feature", "properties": { "stop_id": "000110606008", "name": "Troisvierges, Gare" }, "geometry": { "type": "Point", "coordinates": [ 5.991007, 50.119334 ] } },
{ "type": "Feature", "properties": { "stop_id": "000110607001", "name": "Wilwerdange, Kirrich" }, "geometry": { "type": "Point", "coordinates": [ 6.02223, 50.139257 ] } },
{ "type": "Feature", "properties": { "stop_id": "000110607002", "name": "Wilwerdange, Schull" }, "geometry": { "type": "Point", "coordinates": [ 6.020874, 50.138097 ] } },
{ "type": "Feature", "properties": { "stop_id": "000110607003", "name": "Wilwerdange, Gare" }, "geometry": { "type": "Point", "coordinates": [ 6.017532, 50.141792 ] } },
{ "type": "Feature", "properties": { "stop_id": "000110609001", "name": "Biwisch, Biwisch" }, "geometry": { "type": "Point", "coordinates": [ 5.979477, 50.116894 ] } },
{ "type": "Feature", "properties": { "stop_id": "000110701001", "name": "Beiler, Op der Halt" }, "geometry": { "type": "Point", "coordinates": [ 6.08879, 50.160386 ] } },
{ "type": "Feature", "properties": { "stop_id": "000110701002", "name": "Beiler, Bei der aler Schull" }, "geometry": { "type": "Point", "coordinates": [ 6.087887, 50.164186 ] } },
{ "type": "Feature", "properties": { "stop_id": "000110701003", "name": "Beiler, Beim Krécks" }, "geometry": { "type": "Point", "coordinates": [ 6.090044, 50.165094 ] } },
{ "type": "Feature", "properties": { "stop_id": "000110701004", "name": "Beiler, Kisfurt" }, "geometry": { "type": "Point", "coordinates": [ 6.080798, 50.153316 ] } },
{ "type": "Feature", "properties": { "stop_id": "000110702001", "name": "Binsfeld, Om Béchel" }, "geometry": { "type": "Point", "coordinates": [ 6.040758, 50.119851 ] } },
{ "type": "Feature", "properties": { "stop_id": "000110702002", "name": "Binsfeld, Beim alen Burren" }, "geometry": { "type": "Point", "coordinates": [ 6.036935, 50.119626 ] } },
{ "type": "Feature", "properties": { "stop_id": "000110702003", "name": "Binsfeld, Beim Musée" }, "geometry": { "type": "Point", "coordinates": [ 6.035905, 50.117306 ] } },
{ "type": "Feature", "properties": { "stop_id": "000110703001", "name": "Breidfeld, Al Molkerei" }, "geometry": { "type": "Point", "coordinates": [ 6.062448, 50.123159 ] } },
{ "type": "Feature", "properties": { "stop_id": "000110704001", "name": "Holler, Bréiel" }, "geometry": { "type": "Point", "coordinates": [ 6.046817, 50.122766 ] } },
{ "type": "Feature", "properties": { "stop_id": "000110705001", "name": "Leithum, Bei der aler Schull" }, "geometry": { "type": "Point", "coordinates": [ 6.10618, 50.159787 ] } },
{ "type": "Feature", "properties": { "stop_id": "000110705002", "name": "Leithum, Bei der Kirich" }, "geometry": { "type": "Point", "coordinates": [ 6.108328, 50.160334 ] } },
{ "type": "Feature", "properties": { "stop_id": "000110706001", "name": "Weiswampach, Om Leempuddel" }, "geometry": { "type": "Point", "coordinates": [ 6.075912, 50.141953 ] } },
{ "type": "Feature", "properties": { "stop_id": "000110706002", "name": "Weiswampach, Illenburren" }, "geometry": { "type": "Point", "coordinates": [ 6.0775, 50.141665 ] } },
{ "type": "Feature", "properties": { "stop_id": "000110706003", "name": "Weiswampach, Hugeriit" }, "geometry": { "type": "Point", "coordinates": [ 6.072052, 50.142818 ] } },
{ "type": "Feature", "properties": { "stop_id": "000110706004", "name": "Weiswampach, Om Knupp" }, "geometry": { "type": "Point", "coordinates": [ 6.07997, 50.139222 ] } },
{ "type": "Feature", "properties": { "stop_id": "000110706005", "name": "Weiswampach, Ennischt Duarref" }, "geometry": { "type": "Point", "coordinates": [ 6.07477, 50.135204 ] } },
{ "type": "Feature", "properties": { "stop_id": "000110706006", "name": "Weiswampach, Duarrefstrooss 86" }, "geometry": { "type": "Point", "coordinates": [ 6.078282, 50.13342 ] } },
{ "type": "Feature", "properties": { "stop_id": "000110706007", "name": "Weiswampach, Bei der aler Post" }, "geometry": { "type": "Point", "coordinates": [ 6.076012, 50.138483 ] } },
{ "type": "Feature", "properties": { "stop_id": "000110706008", "name": "Weiswampach, Iäwwischt Duarref" }, "geometry": { "type": "Point", "coordinates": [ 6.078933, 50.139708 ] } },
{ "type": "Feature", "properties": { "stop_id": "000110706012", "name": "Weiswampach, Grait" }, "geometry": { "type": "Point", "coordinates": [ 6.075521, 50.134836 ] } },
{ "type": "Feature", "properties": { "stop_id": "000110706015", "name": "Weiswampach, Kiämmel" }, "geometry": { "type": "Point", "coordinates": [ 6.078922, 50.140122 ] } },
{ "type": "Feature", "properties": { "stop_id": "000110707010", "name": "Wemperhardt, Op der Haart" }, "geometry": { "type": "Point", "coordinates": [ 6.054135, 50.150785 ] } },
{ "type": "Feature", "properties": { "stop_id": "000110707011", "name": "Wemperhardt, Op der Wemperhaart" }, "geometry": { "type": "Point", "coordinates": [ 6.052336, 50.155219 ] } },
{ "type": "Feature", "properties": { "stop_id": "000110707013", "name": "Wemperhardt, 3 Braken" }, "geometry": { "type": "Point", "coordinates": [ 6.048502, 50.156984 ] } },
{ "type": "Feature", "properties": { "stop_id": "000110707014", "name": "Wemperhardt, Beim Massen" }, "geometry": { "type": "Point", "coordinates": [ 6.05735, 50.149031 ] } },
{ "type": "Feature", "properties": { "stop_id": "000110722004", "name": "Maulusmühle, Cliärrwer Strooss" }, "geometry": { "type": "Point", "coordinates": [ 6.027251, 50.093937 ] } },
{ "type": "Feature", "properties": { "stop_id": "000110801001", "name": "Allerborn, Kräizung" }, "geometry": { "type": "Point", "coordinates": [ 5.872477, 50.034634 ] } },
{ "type": "Feature", "properties": { "stop_id": "000110801002", "name": "Allerborn, Duerefstrooss" }, "geometry": { "type": "Point", "coordinates": [ 5.870133, 50.035572 ] } },
{ "type": "Feature", "properties": { "stop_id": "000110801003", "name": "Allerborn, Bläiminnestrooss" }, "geometry": { "type": "Point", "coordinates": [ 5.877755, 50.036167 ] } },
{ "type": "Feature", "properties": { "stop_id": "000110801004", "name": "Allerborn, Féitsch" }, "geometry": { "type": "Point", "coordinates": [ 5.886597, 50.036085 ] } },
{ "type": "Feature", "properties": { "stop_id": "000110802001", "name": "Asselborn, Burregaass" }, "geometry": { "type": "Point", "coordinates": [ 5.974005, 50.096315 ] } },
{ "type": "Feature", "properties": { "stop_id": "000110802002", "name": "Asselborn, Uäwwelaanst" }, "geometry": { "type": "Point", "coordinates": [ 5.97124, 50.097173 ] } },
{ "type": "Feature", "properties": { "stop_id": "000110802003", "name": "Asselborn, Seeërei" }, "geometry": { "type": "Point", "coordinates": [ 5.971583, 50.098444 ] } },
{ "type": "Feature", "properties": { "stop_id": "000110802004", "name": "Asselborn, Emeschbach" }, "geometry": { "type": "Point", "coordinates": [ 5.954961, 50.092026 ] } },
{ "type": "Feature", "properties": { "stop_id": "000110802005", "name": "Asselborn, Legaye" }, "geometry": { "type": "Point", "coordinates": [ 5.982374, 50.110989 ] } },
{ "type": "Feature", "properties": { "stop_id": "000110802006", "name": "Asselborn, Elwenter Weeg" }, "geometry": { "type": "Point", "coordinates": [ 5.974081, 50.100259 ] } },
{ "type": "Feature", "properties": { "stop_id": "000110803001", "name": "Boxhorn, Am Eck" }, "geometry": { "type": "Point", "coordinates": [ 5.991211, 50.083946 ] } },
{ "type": "Feature", "properties": { "stop_id": "000110803002", "name": "Boxhorn, Hauptstrooss" }, "geometry": { "type": "Point", "coordinates": [ 5.996195, 50.0802 ] } },
{ "type": "Feature", "properties": { "stop_id": "000110803003", "name": "Boxhorn, Schemer" }, "geometry": { "type": "Point", "coordinates": [ 5.990297, 50.082103 ] } },
{ "type": "Feature", "properties": { "stop_id": "000110804001", "name": "Brachtenbach, Bei der Kirich" }, "geometry": { "type": "Point", "coordinates": [ 5.909477, 50.020717 ] } },
{ "type": "Feature", "properties": { "stop_id": "000110804002", "name": "Brachtenbach, Om Bierig" }, "geometry": { "type": "Point", "coordinates": [ 5.904692, 50.019409 ] } },
{ "type": "Feature", "properties": { "stop_id": "000110805001", "name": "Crendal, Duerefstrooss" }, "geometry": { "type": "Point", "coordinates": [ 5.896157, 50.056563 ] } },
{ "type": "Feature", "properties": { "stop_id": "000110806001", "name": "Deiffelt, Haaptstrooss" }, "geometry": { "type": "Point", "coordinates": [ 5.963198, 50.064946 ] } },
{ "type": "Feature", "properties": { "stop_id": "000110807001", "name": "Derenbach, Kapell" }, "geometry": { "type": "Point", "coordinates": [ 5.883575, 50.011322 ] } },
{ "type": "Feature", "properties": { "stop_id": "000110807002", "name": "Derenbach, Groësteen" }, "geometry": { "type": "Point", "coordinates": [ 5.887385, 50.009671 ] } },
{ "type": "Feature", "properties": { "stop_id": "000110807003", "name": "Derenbach, Bei der Kirich" }, "geometry": { "type": "Point", "coordinates": [ 5.888897, 50.014585 ] } },
{ "type": "Feature", "properties": { "stop_id": "000110807004", "name": "Derenbach, Weischent" }, "geometry": { "type": "Point", "coordinates": [ 5.894692, 50.009417 ] } },
{ "type": "Feature", "properties": { "stop_id": "000110807006", "name": "Derenbach, Beim Wämperwee" }, "geometry": { "type": "Point", "coordinates": [ 5.883457, 50.015059 ] } },
{ "type": "Feature", "properties": { "stop_id": "000110807008", "name": "Derenbach, Am Dueref" }, "geometry": { "type": "Point", "coordinates": [ 5.885209, 50.011263 ] } },
{ "type": "Feature", "properties": { "stop_id": "000110808001", "name": "Doennange, Haaptstrooss" }, "geometry": { "type": "Point", "coordinates": [ 5.956534, 50.061269 ] } },
{ "type": "Feature", "properties": { "stop_id": "000110809001", "name": "Hachiville, Duärrefstrooss" }, "geometry": { "type": "Point", "coordinates": [ 5.923188, 50.10779 ] } },
{ "type": "Feature", "properties": { "stop_id": "000110809002", "name": "Hachiville, Kräizung" }, "geometry": { "type": "Point", "coordinates": [ 5.923264, 50.104652 ] } },
{ "type": "Feature", "properties": { "stop_id": "000110810001", "name": "Hamiville, Beim Toutschewee" }, "geometry": { "type": "Point", "coordinates": [ 5.896336, 50.044894 ] } },
{ "type": "Feature", "properties": { "stop_id": "000110810002", "name": "Hamiville, Haaptstrooss" }, "geometry": { "type": "Point", "coordinates": [ 5.901397, 50.047491 ] } },
{ "type": "Feature", "properties": { "stop_id": "000110811001", "name": "Hoffelt, Driicht" }, "geometry": { "type": "Point", "coordinates": [ 5.916557, 50.097721 ] } },
{ "type": "Feature", "properties": { "stop_id": "000110811002", "name": "Hoffelt, Bei der Kirich" }, "geometry": { "type": "Point", "coordinates": [ 5.921317, 50.098966 ] } },
{ "type": "Feature", "properties": { "stop_id": "000110811003", "name": "Hoffelt, Beim Huälleweeg" }, "geometry": { "type": "Point", "coordinates": [ 5.922211, 50.10319 ] } },
{ "type": "Feature", "properties": { "stop_id": "000110811004", "name": "Hoffelt, Duärrefstrooss" }, "geometry": { "type": "Point", "coordinates": [ 5.919819, 50.09566 ] } },
{ "type": "Feature", "properties": { "stop_id": "000110812001", "name": "Lentzweiler, Haaptstrooss" }, "geometry": { "type": "Point", "coordinates": [ 5.97517, 50.069597 ] } },
{ "type": "Feature", "properties": { "stop_id": "000110812002", "name": "Lentzweiler, An der Feckel" }, "geometry": { "type": "Point", "coordinates": [ 5.980667, 50.06855 ] } },
{ "type": "Feature", "properties": { "stop_id": "000110812003", "name": "Lentzweiler, Op der Sang" }, "geometry": { "type": "Point", "coordinates": [ 5.983528, 50.063589 ] } },
{ "type": "Feature", "properties": { "stop_id": "000110813001", "name": "Lullange, Haaptstrooss" }, "geometry": { "type": "Point", "coordinates": [ 5.942332, 50.058489 ] } },
{ "type": "Feature", "properties": { "stop_id": "000110814001", "name": "Niederwampach, A Beetel" }, "geometry": { "type": "Point", "coordinates": [ 5.840062, 50.009704 ] } },
{ "type": "Feature", "properties": { "stop_id": "000110814002", "name": "Niederwampach, Haaptstrooss" }, "geometry": { "type": "Point", "coordinates": [ 5.847179, 50.010608 ] } },
{ "type": "Feature", "properties": { "stop_id": "000110815001", "name": "Oberwampach, Bréck" }, "geometry": { "type": "Point", "coordinates": [ 5.857547, 50.016009 ] } },
{ "type": "Feature", "properties": { "stop_id": "000110815002", "name": "Oberwampach, Duerefstrooss Belzen" }, "geometry": { "type": "Point", "coordinates": [ 5.860839, 50.016062 ] } },
{ "type": "Feature", "properties": { "stop_id": "000110816001", "name": "Rumlange, Om Knäppchen" }, "geometry": { "type": "Point", "coordinates": [ 5.974326, 50.078778 ] } },
{ "type": "Feature", "properties": { "stop_id": "000110817001", "name": "Sassel, Beim Millewee" }, "geometry": { "type": "Point", "coordinates": [ 5.996707, 50.098683 ] } },
{ "type": "Feature", "properties": { "stop_id": "000110818003", "name": "Troine-Route, Op der Strooss" }, "geometry": { "type": "Point", "coordinates": [ 5.876765, 50.045379 ] } },
{ "type": "Feature", "properties": { "stop_id": "000110818004", "name": "Troine-Route, Op der Haard" }, "geometry": { "type": "Point", "coordinates": [ 5.877204, 50.053038 ] } },
{ "type": "Feature", "properties": { "stop_id": "000110819001", "name": "Stockem, Duärrefstrooss" }, "geometry": { "type": "Point", "coordinates": [ 5.957355, 50.077893 ] } },
{ "type": "Feature", "properties": { "stop_id": "000110820001", "name": "Troine, Bréck" }, "geometry": { "type": "Point", "coordinates": [ 5.883552, 50.062232 ] } },
{ "type": "Feature", "properties": { "stop_id": "000110820002", "name": "Troine, Duarrefstrooss" }, "geometry": { "type": "Point", "coordinates": [ 5.883038, 50.063703 ] } },
{ "type": "Feature", "properties": { "stop_id": "000110821001", "name": "Wincrange, Bei der Kapell" }, "geometry": { "type": "Point", "coordinates": [ 5.918117, 50.051488 ] } },
{ "type": "Feature", "properties": { "stop_id": "000110821002", "name": "Wincrange, Haaptstrooss" }, "geometry": { "type": "Point", "coordinates": [ 5.917632, 50.054902 ] } },
{ "type": "Feature", "properties": { "stop_id": "000110821003", "name": "Wincrange, Op der Loh" }, "geometry": { "type": "Point", "coordinates": [ 5.909539, 50.051259 ] } },
{ "type": "Feature", "properties": { "stop_id": "000110821005", "name": "Wincrange, Béigener Strooss" }, "geometry": { "type": "Point", "coordinates": [ 5.915032, 50.053178 ] } },
{ "type": "Feature", "properties": { "stop_id": "000110821006", "name": "Wincrange, Centre Médical" }, "geometry": { "type": "Point", "coordinates": [ 5.921407, 50.058358 ] } },
{ "type": "Feature", "properties": { "stop_id": "000110823002", "name": "Weiler (Wincrange), Duärrefstrooss" }, "geometry": { "type": "Point", "coordinates": [ 5.943468, 50.104112 ] } },
{ "type": "Feature", "properties": { "stop_id": "000110824001", "name": "Boevange, Wëntgerdall" }, "geometry": { "type": "Point", "coordinates": [ 5.929589, 50.048403 ] } },
{ "type": "Feature", "properties": { "stop_id": "000110825001", "name": "Hinterhassel, Maison 3" }, "geometry": { "type": "Point", "coordinates": [ 5.8627, 50.056263 ] } },
{ "type": "Feature", "properties": { "stop_id": "000120101001", "name": "Baschleiden, Elber" }, "geometry": { "type": "Point", "coordinates": [ 5.816345, 49.894754 ] } },
{ "type": "Feature", "properties": { "stop_id": "000120101002", "name": "Baschleiden, Kiirch" }, "geometry": { "type": "Point", "coordinates": [ 5.818376, 49.898537 ] } },
{ "type": "Feature", "properties": { "stop_id": "000120101003", "name": "Baschleiden, Flebour" }, "geometry": { "type": "Point", "coordinates": [ 5.81132, 49.898804 ] } },
{ "type": "Feature", "properties": { "stop_id": "000120101004", "name": "Baschleiden, Hareler Poteau" }, "geometry": { "type": "Point", "coordinates": [ 5.8087, 49.9078 ] } },
{ "type": "Feature", "properties": { "stop_id": "000120102001", "name": "Surré, Bei der Bréck" }, "geometry": { "type": "Point", "coordinates": [ 5.77908, 49.902908 ] } },
{ "type": "Feature", "properties": { "stop_id": "000120102002", "name": "Surré, Gënzebierg" }, "geometry": { "type": "Point", "coordinates": [ 5.781889, 49.902744 ] } },
{ "type": "Feature", "properties": { "stop_id": "000120102005", "name": "Surré, Montée St. Hubert" }, "geometry": { "type": "Point", "coordinates": [ 5.773792, 49.900047 ] } },
{ "type": "Feature", "properties": { "stop_id": "000120103003", "name": "Boulaide, Beim Camping" }, "geometry": { "type": "Point", "coordinates": [ 5.815673, 49.890598 ] } },
{ "type": "Feature", "properties": { "stop_id": "000120103004", "name": "Boulaide, Post" }, "geometry": { "type": "Point", "coordinates": [ 5.815654, 49.887407 ] } },
{ "type": "Feature", "properties": { "stop_id": "000120401001", "name": "Bockholtz (Goesdorf), Bockholtz" }, "geometry": { "type": "Point", "coordinates": [ 5.995148, 49.922882 ] } },
{ "type": "Feature", "properties": { "stop_id": "000120401002", "name": "Bockholtz (Goesdorf), Op der Millen" }, "geometry": { "type": "Point", "coordinates": [ 6.006366, 49.92651 ] } },
{ "type": "Feature", "properties": { "stop_id": "000120402001", "name": "Buederscheid, Bitschtermillen" }, "geometry": { "type": "Point", "coordinates": [ 5.939446, 49.932596 ] } },
{ "type": "Feature", "properties": { "stop_id": "000120402002", "name": "Buederscheid, Village" }, "geometry": { "type": "Point", "coordinates": [ 5.941259, 49.933921 ] } },
{ "type": "Feature", "properties": { "stop_id": "000120403001", "name": "Dahl, Ale Wee" }, "geometry": { "type": "Point", "coordinates": [ 5.975522, 49.93569 ] } },
{ "type": "Feature", "properties": { "stop_id": "000120403002", "name": "Dahl, Masselerstrooss" }, "geometry": { "type": "Point", "coordinates": [ 5.978534, 49.93465 ] } },
{ "type": "Feature", "properties": { "stop_id": "000120403003", "name": "Dahl, Al Molkerei" }, "geometry": { "type": "Point", "coordinates": [ 5.975244, 49.934394 ] } },
{ "type": "Feature", "properties": { "stop_id": "000120403004", "name": "Dahl, Waassertuurm" }, "geometry": { "type": "Point", "coordinates": [ 5.969249, 49.935455 ] } },
{ "type": "Feature", "properties": { "stop_id": "000120404001", "name": "Goesdorf, Gemeng" }, "geometry": { "type": "Point", "coordinates": [ 5.97018, 49.920738 ] } },
{ "type": "Feature", "properties": { "stop_id": "000120404002", "name": "Goesdorf, Maeschgaart" }, "geometry": { "type": "Point", "coordinates": [ 5.966076, 49.92292 ] } },
{ "type": "Feature", "properties": { "stop_id": "000120404003", "name": "Goesdorf, Pompjeën" }, "geometry": { "type": "Point", "coordinates": [ 5.966562, 49.92134 ] } },
{ "type": "Feature", "properties": { "stop_id": "000120405001", "name": "Masseler, Masseler" }, "geometry": { "type": "Point", "coordinates": [ 6.034789, 49.93005 ] } },
{ "type": "Feature", "properties": { "stop_id": "000120405002", "name": "Masseler, Op der Houscht" }, "geometry": { "type": "Point", "coordinates": [ 6.018508, 49.934018 ] } },
{ "type": "Feature", "properties": { "stop_id": "000120406004", "name": "Nocher, Schoul" }, "geometry": { "type": "Point", "coordinates": [ 5.977166, 49.946935 ] } },
{ "type": "Feature", "properties": { "stop_id": "000120406005", "name": "Nocher, Um Knupp" }, "geometry": { "type": "Point", "coordinates": [ 5.972005, 49.947095 ] } },
{ "type": "Feature", "properties": { "stop_id": "000120406006", "name": "Nocher, Welscheedgen" }, "geometry": { "type": "Point", "coordinates": [ 5.974872, 49.945209 ] } },
{ "type": "Feature", "properties": { "stop_id": "000120406007", "name": "Nocher, Kautebaacherwee" }, "geometry": { "type": "Point", "coordinates": [ 5.981887, 49.946728 ] } },
{ "type": "Feature", "properties": { "stop_id": "000120407001", "name": "Nocher-Route, Zenner" }, "geometry": { "type": "Point", "coordinates": [ 5.965388, 49.94651 ] } },
{ "type": "Feature", "properties": { "stop_id": "000120407002", "name": "Nocher-Route, Trin" }, "geometry": { "type": "Point", "coordinates": [ 5.956586, 49.948264 ] } },
{ "type": "Feature", "properties": { "stop_id": "000120407003", "name": "Nocher-Route, An der Delt" }, "geometry": { "type": "Point", "coordinates": [ 5.960965, 49.948127 ] } },
{ "type": "Feature", "properties": { "stop_id": "000120501001", "name": "Eschdorf, An der Driicht" }, "geometry": { "type": "Point", "coordinates": [ 5.939458, 49.882527 ] } },
{ "type": "Feature", "properties": { "stop_id": "000120501002", "name": "Eschdorf, Mairie" }, "geometry": { "type": "Point", "coordinates": [ 5.936242, 49.884649 ] } },
{ "type": "Feature", "properties": { "stop_id": "000120501003", "name": "Eschdorf, Quatre Vents" }, "geometry": { "type": "Point", "coordinates": [ 5.941884, 49.881361 ] } },
{ "type": "Feature", "properties": { "stop_id": "000120501004", "name": "Eschdorf, Um ale Bësch" }, "geometry": { "type": "Point", "coordinates": [ 5.952361, 49.884337 ] } },
{ "type": "Feature", "properties": { "stop_id": "000120502001", "name": "Heiderscheid, Fuussekaul" }, "geometry": { "type": "Point", "coordinates": [ 5.993042, 49.878193 ] } },
{ "type": "Feature", "properties": { "stop_id": "000120502002", "name": "Heiderscheid, Heiderscheid" }, "geometry": { "type": "Point", "coordinates": [ 5.978328, 49.886675 ] } },
{ "type": "Feature", "properties": { "stop_id": "000120502003", "name": "Heiderscheid, Zone Commerciale" }, "geometry": { "type": "Point", "coordinates": [ 5.982094, 49.885173 ] } },
{ "type": "Feature", "properties": { "stop_id": "000120503001", "name": "Heiderscheidergrund, Beim Bréckert" }, "geometry": { "type": "Point", "coordinates": [ 5.956349, 49.904879 ] } },
{ "type": "Feature", "properties": { "stop_id": "000120504001", "name": "Hierheck, Hierheck" }, "geometry": { "type": "Point", "coordinates": [ 5.930361, 49.873756 ] } },
{ "type": "Feature", "properties": { "stop_id": "000120505001", "name": "Merscheid (Heiderscheid), Merscheid" }, "geometry": { "type": "Point", "coordinates": [ 5.968148, 49.870196 ] } },
{ "type": "Feature", "properties": { "stop_id": "000120506001", "name": "Ringel, Ringel" }, "geometry": { "type": "Point", "coordinates": [ 6.010792, 49.915831 ] } },
{ "type": "Feature", "properties": { "stop_id": "000120507001", "name": "Tadler, al Schoul" }, "geometry": { "type": "Point", "coordinates": [ 5.992568, 49.911203 ] } },
{ "type": "Feature", "properties": { "stop_id": "000120507002", "name": "Tadler, Kierfecht" }, "geometry": { "type": "Point", "coordinates": [ 5.997089, 49.91132 ] } },
{ "type": "Feature", "properties": { "stop_id": "000120508001", "name": "Esch-sur-Sûre, Sebes" }, "geometry": { "type": "Point", "coordinates": [ 5.922018, 49.910425 ] } },
{ "type": "Feature", "properties": { "stop_id": "000120508002", "name": "Esch-sur-Sûre, An de Gäert" }, "geometry": { "type": "Point", "coordinates": [ 5.936952, 49.909944 ] } },
{ "type": "Feature", "properties": { "stop_id": "000120509001", "name": "Bonnal, Um Bommel" }, "geometry": { "type": "Point", "coordinates": [ 5.886416, 49.9029 ] } },
{ "type": "Feature", "properties": { "stop_id": "000120510001", "name": "Insenborn, Duerf" }, "geometry": { "type": "Point", "coordinates": [ 5.884507, 49.900791 ] } },
{ "type": "Feature", "properties": { "stop_id": "000120511001", "name": "Lultzhausen, Bif.Lultzhausen" }, "geometry": { "type": "Point", "coordinates": [ 5.890486, 49.907644 ] } },
{ "type": "Feature", "properties": { "stop_id": "000120511002", "name": "Lultzhausen, Driicht" }, "geometry": { "type": "Point", "coordinates": [ 5.890031, 49.909053 ] } },
{ "type": "Feature", "properties": { "stop_id": "000120512001", "name": "Neunhausen, An der Urt" }, "geometry": { "type": "Point", "coordinates": [ 5.885433, 49.876206 ] } },
{ "type": "Feature", "properties": { "stop_id": "000120513001", "name": "Dirbach, Bifurcation" }, "geometry": { "type": "Point", "coordinates": [ 6.030828, 49.921017 ] } },
{ "type": "Feature", "properties": { "stop_id": "000120513002", "name": "Dirbach, Village" }, "geometry": { "type": "Point", "coordinates": [ 6.033193, 49.920401 ] } },
{ "type": "Feature", "properties": { "stop_id": "000120601001", "name": "Alscheid, Haut" }, "geometry": { "type": "Point", "coordinates": [ 6.005339, 49.969651 ] } },
{ "type": "Feature", "properties": { "stop_id": "000120601002", "name": "Alscheid, Village" }, "geometry": { "type": "Point", "coordinates": [ 6.007786, 49.970207 ] } },
{ "type": "Feature", "properties": { "stop_id": "000120601003", "name": "Alscheid, Schoulbierg" }, "geometry": { "type": "Point", "coordinates": [ 6.010201, 49.970162 ] } },
{ "type": "Feature", "properties": { "stop_id": "000120602001", "name": "Enscherange, Bei Steckech" }, "geometry": { "type": "Point", "coordinates": [ 5.990684, 49.998638 ] } },
{ "type": "Feature", "properties": { "stop_id": "000120602002", "name": "Enscherange, Loumillen" }, "geometry": { "type": "Point", "coordinates": [ 5.994684, 49.996842 ] } },
{ "type": "Feature", "properties": { "stop_id": "000120603001", "name": "Kautenbach, Am Duerf" }, "geometry": { "type": "Point", "coordinates": [ 6.016768, 49.951718 ] } },
{ "type": "Feature", "properties": { "stop_id": "000120603002", "name": "Kautenbach, Gare routière" }, "geometry": { "type": "Point", "coordinates": [ 6.021426, 49.94922 ] } },
{ "type": "Feature", "properties": { "stop_id": "000120603003", "name": "Kautenbach, Gare" }, "geometry": { "type": "Point", "coordinates": [ 6.02209, 49.948625 ] } },
{ "type": "Feature", "properties": { "stop_id": "000120604001", "name": "Merkholtz, Gare" }, "geometry": { "type": "Point", "coordinates": [ 5.981563, 49.956834 ] } },
{ "type": "Feature", "properties": { "stop_id": "000120604002", "name": "Merkholtz, Dellewee" }, "geometry": { "type": "Point", "coordinates": [ 5.979983, 49.962919 ] } },
{ "type": "Feature", "properties": { "stop_id": "000120604004", "name": "Merkholtz, Duerfstrooss" }, "geometry": { "type": "Point", "coordinates": [ 5.98002, 49.961661 ] } },
{ "type": "Feature", "properties": { "stop_id": "000120605001", "name": "Pintsch, An der Kéier" }, "geometry": { "type": "Point", "coordinates": [ 6.010467, 49.992866 ] } },
{ "type": "Feature", "properties": { "stop_id": "000120606001", "name": "Wilwerwiltz, Gare routière" }, "geometry": { "type": "Point", "coordinates": [ 6.001086, 49.988432 ] } },
{ "type": "Feature", "properties": { "stop_id": "000120606002", "name": "Wilwerwiltz, Tomm" }, "geometry": { "type": "Point", "coordinates": [ 6.007859, 49.986781 ] } },
{ "type": "Feature", "properties": { "stop_id": "000120606003", "name": "Wilwerwiltz, Schoulkauz" }, "geometry": { "type": "Point", "coordinates": [ 5.998368, 49.993984 ] } },
{ "type": "Feature", "properties": { "stop_id": "000120606005", "name": "Wilwerwiltz, Gare" }, "geometry": { "type": "Point", "coordinates": [ 6.000541, 49.988454 ] } },
{ "type": "Feature", "properties": { "stop_id": "000120606006", "name": "Wilwerwiltz, Bei der Barriär" }, "geometry": { "type": "Point", "coordinates": [ 5.999656, 49.988323 ] } },
{ "type": "Feature", "properties": { "stop_id": "000120701001", "name": "Bavigne, Gemeng" }, "geometry": { "type": "Point", "coordinates": [ 5.848107, 49.920453 ] } },
{ "type": "Feature", "properties": { "stop_id": "000120703001", "name": "Harlange, Bei der Schoul" }, "geometry": { "type": "Point", "coordinates": [ 5.786115, 49.931958 ] } },
{ "type": "Feature", "properties": { "stop_id": "000120703002", "name": "Harlange, Bréck" }, "geometry": { "type": "Point", "coordinates": [ 5.788025, 49.930538 ] } },
{ "type": "Feature", "properties": { "stop_id": "000120704001", "name": "Kaundorf, An der Hielt" }, "geometry": { "type": "Point", "coordinates": [ 5.902181, 49.920903 ] } },
{ "type": "Feature", "properties": { "stop_id": "000120705001", "name": "Liefrange, Kiirch" }, "geometry": { "type": "Point", "coordinates": [ 5.876249, 49.909376 ] } },
{ "type": "Feature", "properties": { "stop_id": "000120706001", "name": "Mecher (Haute-Sûre), Kapell" }, "geometry": { "type": "Point", "coordinates": [ 5.872704, 49.922753 ] } },
{ "type": "Feature", "properties": { "stop_id": "000120707001", "name": "Nothum, Duerfstrooss" }, "geometry": { "type": "Point", "coordinates": [ 5.88383, 49.940919 ] } },
{ "type": "Feature", "properties": { "stop_id": "000120707002", "name": "Nothum, Molkerei" }, "geometry": { "type": "Point", "coordinates": [ 5.88121, 49.940939 ] } },
{ "type": "Feature", "properties": { "stop_id": "000120707003", "name": "Nothum, Schumann" }, "geometry": { "type": "Point", "coordinates": [ 5.87894, 49.945482 ] } },
{ "type": "Feature", "properties": { "stop_id": "000120708001", "name": "Tarchamps, Kierch" }, "geometry": { "type": "Point", "coordinates": [ 5.795477, 49.949612 ] } },
{ "type": "Feature", "properties": { "stop_id": "000120709001", "name": "Watrange, Walter" }, "geometry": { "type": "Point", "coordinates": [ 5.785728, 49.94342 ] } },
{ "type": "Feature", "properties": { "stop_id": "000120901001", "name": "Roullingen, Chalets Scouts" }, "geometry": { "type": "Point", "coordinates": [ 5.925881, 49.958618 ] } },
{ "type": "Feature", "properties": { "stop_id": "000120901002", "name": "Roullingen, am Duerf" }, "geometry": { "type": "Point", "coordinates": [ 5.923844, 49.954696 ] } },
{ "type": "Feature", "properties": { "stop_id": "000120901003", "name": "Roullingen, Réimerwee" }, "geometry": { "type": "Point", "coordinates": [ 5.921262, 49.956921 ] } },
{ "type": "Feature", "properties": { "stop_id": "000120902001", "name": "Eschweiler (Wiltz), Gaass" }, "geometry": { "type": "Point", "coordinates": [ 5.947541, 49.995635 ] } },
{ "type": "Feature", "properties": { "stop_id": "000120902002", "name": "Eschweiler (Wiltz), Halt" }, "geometry": { "type": "Point", "coordinates": [ 5.959246, 49.98576 ] } },
{ "type": "Feature", "properties": { "stop_id": "000120902003", "name": "Eschweiler (Wiltz), Hielert" }, "geometry": { "type": "Point", "coordinates": [ 5.948215, 49.998607 ] } },
{ "type": "Feature", "properties": { "stop_id": "000120903001", "name": "Wiltz, Aalen Tipp" }, "geometry": { "type": "Point", "coordinates": [ 5.909081, 49.959008 ] } },
{ "type": "Feature", "properties": { "stop_id": "000120903002", "name": "Wiltz, Aneschbaach" }, "geometry": { "type": "Point", "coordinates": [ 5.92189, 49.968282 ] } },
{ "type": "Feature", "properties": { "stop_id": "000120903003", "name": "Wiltz, Batzendelt" }, "geometry": { "type": "Point", "coordinates": [ 5.934702, 49.957628 ] } },
{ "type": "Feature", "properties": { "stop_id": "000120903005", "name": "Wiltz, Belle Vue" }, "geometry": { "type": "Point", "coordinates": [ 5.937738, 49.963394 ] } },
{ "type": "Feature", "properties": { "stop_id": "000120903006", "name": "Wiltz, Brandbau" }, "geometry": { "type": "Point", "coordinates": [ 5.934671, 49.962495 ] } },
{ "type": "Feature", "properties": { "stop_id": "000120903008", "name": "Wiltz, Pompjeesbau" }, "geometry": { "type": "Point", "coordinates": [ 5.925976, 49.965008 ] } },
{ "type": "Feature", "properties": { "stop_id": "000120903010", "name": "Wiltz, Follmillen" }, "geometry": { "type": "Point", "coordinates": [ 5.915903, 49.962446 ] } },
{ "type": "Feature", "properties": { "stop_id": "000120903011", "name": "Wiltz, Clinique" }, "geometry": { "type": "Point", "coordinates": [ 5.93445, 49.965098 ] } },
{ "type": "Feature", "properties": { "stop_id": "000120903018", "name": "Wiltz, Gare routière" }, "geometry": { "type": "Point", "coordinates": [ 5.927121, 49.966307 ] } },
{ "type": "Feature", "properties": { "stop_id": "000120903019", "name": "Wiltz, Bastnacherstrooss" }, "geometry": { "type": "Point", "coordinates": [ 5.933037, 49.95924 ] } },
{ "type": "Feature", "properties": { "stop_id": "000120903020", "name": "Wiltz, Gare" }, "geometry": { "type": "Point", "coordinates": [ 5.927075, 49.966369 ] } },
{ "type": "Feature", "properties": { "stop_id": "000120903021", "name": "Wiltz, Lann" }, "geometry": { "type": "Point", "coordinates": [ 5.930647, 49.968092 ] } },
{ "type": "Feature", "properties": { "stop_id": "000120903023", "name": "Wiltz, Lycée du Nord" }, "geometry": { "type": "Point", "coordinates": [ 5.92405, 49.96318 ] } },
{ "type": "Feature", "properties": { "stop_id": "000120903030", "name": "Wiltz, Kautebaacherstrooss" }, "geometry": { "type": "Point", "coordinates": [ 5.933482, 49.966727 ] } },
{ "type": "Feature", "properties": { "stop_id": "000120903031", "name": "Wiltz, Huuschtewee/Parking" }, "geometry": { "type": "Point", "coordinates": [ 5.926377, 49.962662 ] } },
{ "type": "Feature", "properties": { "stop_id": "000120903032", "name": "Wiltz, Gierwerei" }, "geometry": { "type": "Point", "coordinates": [ 5.919394, 49.964343 ] } },
{ "type": "Feature", "properties": { "stop_id": "000120903033", "name": "Wiltz, Post" }, "geometry": { "type": "Point", "coordinates": [ 5.931804, 49.966125 ] } },
{ "type": "Feature", "properties": { "stop_id": "000120903035", "name": "Wiltz, Huuschtewee" }, "geometry": { "type": "Point", "coordinates": [ 5.929521, 49.963654 ] } },
{ "type": "Feature", "properties": { "stop_id": "000120903036", "name": "Wiltz, Salzbaach" }, "geometry": { "type": "Point", "coordinates": [ 5.907242, 49.962234 ] } },
{ "type": "Feature", "properties": { "stop_id": "000120903038", "name": "Wiltz, Schumann" }, "geometry": { "type": "Point", "coordinates": [ 5.88178, 49.947085 ] } },
{ "type": "Feature", "properties": { "stop_id": "000120903039", "name": "Wiltz, Schwemm" }, "geometry": { "type": "Point", "coordinates": [ 5.921782, 49.96254 ] } },
{ "type": "Feature", "properties": { "stop_id": "000120903041", "name": "Wiltz, Wéinebeerig" }, "geometry": { "type": "Point", "coordinates": [ 5.936155, 49.969434 ] } },
{ "type": "Feature", "properties": { "stop_id": "000120903044", "name": "Wiltz, Lameschmillen" }, "geometry": { "type": "Point", "coordinates": [ 5.904063, 49.963093 ] } },
{ "type": "Feature", "properties": { "stop_id": "000120904002", "name": "Selscheid, Roudebësch" }, "geometry": { "type": "Point", "coordinates": [ 5.948799, 50.020003 ] } },
{ "type": "Feature", "properties": { "stop_id": "000120904003", "name": "Selscheid, Ennëscht Wis" }, "geometry": { "type": "Point", "coordinates": [ 5.947714, 50.017293 ] } },
{ "type": "Feature", "properties": { "stop_id": "000120905002", "name": "Erpeldange (Wiltz), Erpeldange" }, "geometry": { "type": "Point", "coordinates": [ 5.946857, 49.977332 ] } },
{ "type": "Feature", "properties": { "stop_id": "000120910001", "name": "Knaphoscheid, Dahl" }, "geometry": { "type": "Point", "coordinates": [ 5.9648, 50.016455 ] } },
{ "type": "Feature", "properties": { "stop_id": "000120910002", "name": "Knaphoscheid, Schenten" }, "geometry": { "type": "Point", "coordinates": [ 5.962382, 50.011624 ] } },
{ "type": "Feature", "properties": { "stop_id": "000120910003", "name": "Knaphoscheid, Kleinhoscheid" }, "geometry": { "type": "Point", "coordinates": [ 5.966248, 50.018517 ] } },
{ "type": "Feature", "properties": { "stop_id": "000120910004", "name": "Knaphoscheid, Aal Schoul" }, "geometry": { "type": "Point", "coordinates": [ 5.964274, 50.013283 ] } },
{ "type": "Feature", "properties": { "stop_id": "000120911001", "name": "Weidingen, Erpeldangerstrooss/Knupp" }, "geometry": { "type": "Point", "coordinates": [ 5.939669, 49.974727 ] } },
{ "type": "Feature", "properties": { "stop_id": "000120911007", "name": "Weidingen, Erpeldangerstrooss" }, "geometry": { "type": "Point", "coordinates": [ 5.942524, 49.976547 ] } },
{ "type": "Feature", "properties": { "stop_id": "000120911040", "name": "Weidingen, Wegdicher Bréck" }, "geometry": { "type": "Point", "coordinates": [ 5.940019, 49.972289 ] } },
{ "type": "Feature", "properties": { "stop_id": "000120913002", "name": "Paradiso, Gare" }, "geometry": { "type": "Point", "coordinates": [ 5.953148, 49.965393 ] } },
{ "type": "Feature", "properties": { "stop_id": "000121001001", "name": "Berlé, Um Dréisch" }, "geometry": { "type": "Point", "coordinates": [ 5.857932, 49.953036 ] } },
{ "type": "Feature", "properties": { "stop_id": "000121002001", "name": "Bohey, Um Weiher" }, "geometry": { "type": "Point", "coordinates": [ 5.842318, 49.972722 ] } },
{ "type": "Feature", "properties": { "stop_id": "000121003001", "name": "Doncols, Bei der Kierch" }, "geometry": { "type": "Point", "coordinates": [ 5.83747, 49.969998 ] } },
{ "type": "Feature", "properties": { "stop_id": "000121003002", "name": "Doncols, Beim Schnegder" }, "geometry": { "type": "Point", "coordinates": [ 5.83524, 49.968969 ] } },
{ "type": "Feature", "properties": { "stop_id": "000121003003", "name": "Doncols, Um Wäschbur" }, "geometry": { "type": "Point", "coordinates": [ 5.832281, 49.968161 ] } },
{ "type": "Feature", "properties": { "stop_id": "000121004001", "name": "Gruemelscheid, Hoboesch" }, "geometry": { "type": "Point", "coordinates": [ 5.871695, 49.984596 ] } },
{ "type": "Feature", "properties": { "stop_id": "000121005001", "name": "Noertrange, Hekt" }, "geometry": { "type": "Point", "coordinates": [ 5.906099, 49.980631 ] } },
{ "type": "Feature", "properties": { "stop_id": "000121005002", "name": "Noertrange, Um Dréicht" }, "geometry": { "type": "Point", "coordinates": [ 5.909285, 49.979096 ] } },
{ "type": "Feature", "properties": { "stop_id": "000121006001", "name": "Pommerloch, Theis" }, "geometry": { "type": "Point", "coordinates": [ 5.859818, 49.960544 ] } },
{ "type": "Feature", "properties": { "stop_id": "000121006002", "name": "Pommerloch, Trëntelhaff" }, "geometry": { "type": "Point", "coordinates": [ 5.860192, 49.959098 ] } },
{ "type": "Feature", "properties": { "stop_id": "000121006003", "name": "Pommerloch, Knauf" }, "geometry": { "type": "Point", "coordinates": [ 5.858959, 49.963607 ] } },
{ "type": "Feature", "properties": { "stop_id": "000121007001", "name": "Schleif, Schleef" }, "geometry": { "type": "Point", "coordinates": [ 5.856153, 49.989908 ] } },
{ "type": "Feature", "properties": { "stop_id": "000121008001", "name": "Sonlez, Koschter" }, "geometry": { "type": "Point", "coordinates": [ 5.82612, 49.964323 ] } },
{ "type": "Feature", "properties": { "stop_id": "000121009001", "name": "Winseler, Beim Burren" }, "geometry": { "type": "Point", "coordinates": [ 5.891019, 49.96701 ] } },
{ "type": "Feature", "properties": { "stop_id": "000121009002", "name": "Winseler, Rosskämmchen" }, "geometry": { "type": "Point", "coordinates": [ 5.884828, 49.967838 ] } },
{ "type": "Feature", "properties": { "stop_id": "000130101001", "name": "Bivels, Op der Millen" }, "geometry": { "type": "Point", "coordinates": [ 6.195987, 49.950265 ] } },
{ "type": "Feature", "properties": { "stop_id": "000130101002", "name": "Bivels, Bei der Kiirch" }, "geometry": { "type": "Point", "coordinates": [ 6.192918, 49.959405 ] } },
{ "type": "Feature", "properties": { "stop_id": "000130101003", "name": "Bivels, Op der Loch" }, "geometry": { "type": "Point", "coordinates": [ 6.190971, 49.956538 ] } },
{ "type": "Feature", "properties": { "stop_id": "000130102001", "name": "Gralingen, Am Bréill" }, "geometry": { "type": "Point", "coordinates": [ 6.104801, 49.93522 ] } },
{ "type": "Feature", "properties": { "stop_id": "000130102002", "name": "Gralingen, Bei der Schull" }, "geometry": { "type": "Point", "coordinates": [ 6.099854, 49.936455 ] } },
{ "type": "Feature", "properties": { "stop_id": "000130103001", "name": "Merscheid (Putscheid), Hennischtgaass" }, "geometry": { "type": "Point", "coordinates": [ 6.105355, 49.953641 ] } },
{ "type": "Feature", "properties": { "stop_id": "000130103002", "name": "Merscheid (Putscheid), Kierch" }, "geometry": { "type": "Point", "coordinates": [ 6.105664, 49.954314 ] } },
{ "type": "Feature", "properties": { "stop_id": "000130104001", "name": "Nachtmanderscheid, Bei Klossen" }, "geometry": { "type": "Point", "coordinates": [ 6.129552, 49.948161 ] } },
{ "type": "Feature", "properties": { "stop_id": "000130104002", "name": "Nachtmanderscheid, Poul" }, "geometry": { "type": "Point", "coordinates": [ 6.138761, 49.947318 ] } },
{ "type": "Feature", "properties": { "stop_id": "000130104003", "name": "Nachtmanderscheid, Um Groestéen" }, "geometry": { "type": "Point", "coordinates": [ 6.147848, 49.946903 ] } },
{ "type": "Feature", "properties": { "stop_id": "000130104004", "name": "Nachtmanderscheid, Houschterhaff" }, "geometry": { "type": "Point", "coordinates": [ 6.152789, 49.940422 ] } },
{ "type": "Feature", "properties": { "stop_id": "000130105001", "name": "Putscheid, Bei der Gemeng" }, "geometry": { "type": "Point", "coordinates": [ 6.131334, 49.963903 ] } },
{ "type": "Feature", "properties": { "stop_id": "000130105002", "name": "Putscheid, Gemengebau" }, "geometry": { "type": "Point", "coordinates": [ 6.13983, 49.95939 ] } },
{ "type": "Feature", "properties": { "stop_id": "000130105003", "name": "Putscheid, Am Duerf" }, "geometry": { "type": "Point", "coordinates": [ 6.139086, 49.959714 ] } },
{ "type": "Feature", "properties": { "stop_id": "000130105004", "name": "Putscheid, Mont St. Nicolas" }, "geometry": { "type": "Point", "coordinates": [ 6.166704, 49.946717 ] } },
{ "type": "Feature", "properties": { "stop_id": "000130106001", "name": "Stolzembourg, Op Akescht" }, "geometry": { "type": "Point", "coordinates": [ 6.165496, 49.97705 ] } },
{ "type": "Feature", "properties": { "stop_id": "000130106002", "name": "Stolzembourg, Bei der Bréck" }, "geometry": { "type": "Point", "coordinates": [ 6.169557, 49.963251 ] } },
{ "type": "Feature", "properties": { "stop_id": "000130106003", "name": "Stolzembourg, Bei der Kiirch" }, "geometry": { "type": "Point", "coordinates": [ 6.166928, 49.965975 ] } },
{ "type": "Feature", "properties": { "stop_id": "000130106004", "name": "Stolzembourg, S.E.O." }, "geometry": { "type": "Point", "coordinates": [ 6.176803, 49.954296 ] } },
{ "type": "Feature", "properties": { "stop_id": "000130107003", "name": "Weiler (Putscheid), Gemengebau" }, "geometry": { "type": "Point", "coordinates": [ 6.124556, 49.962044 ] } },
{ "type": "Feature", "properties": { "stop_id": "000130201001", "name": "Bastendorf, Beim Terrain" }, "geometry": { "type": "Point", "coordinates": [ 6.160078, 49.892085 ] } },
{ "type": "Feature", "properties": { "stop_id": "000130201002", "name": "Bastendorf, Ge'erwee" }, "geometry": { "type": "Point", "coordinates": [ 6.173546, 49.886851 ] } },
{ "type": "Feature", "properties": { "stop_id": "000130201003", "name": "Bastendorf, Lann" }, "geometry": { "type": "Point", "coordinates": [ 6.164138, 49.89052 ] } },
{ "type": "Feature", "properties": { "stop_id": "000130202001", "name": "Bettel, Bei der Bréck" }, "geometry": { "type": "Point", "coordinates": [ 6.224754, 49.920805 ] } },
{ "type": "Feature", "properties": { "stop_id": "000130202002", "name": "Bettel, Bei der Schmëdd" }, "geometry": { "type": "Point", "coordinates": [ 6.225733, 49.917047 ] } },
{ "type": "Feature", "properties": { "stop_id": "000130203001", "name": "Brandenbourg, Bakes" }, "geometry": { "type": "Point", "coordinates": [ 6.136564, 49.911579 ] } },
{ "type": "Feature", "properties": { "stop_id": "000130203002", "name": "Brandenbourg, Kapell" }, "geometry": { "type": "Point", "coordinates": [ 6.139831, 49.910984 ] } },
{ "type": "Feature", "properties": { "stop_id": "000130203003", "name": "Brandenbourg, Laangwiss" }, "geometry": { "type": "Point", "coordinates": [ 6.141711, 49.908997 ] } },
{ "type": "Feature", "properties": { "stop_id": "000130203004", "name": "Brandenbourg, Terminus" }, "geometry": { "type": "Point", "coordinates": [ 6.121386, 49.913958 ] } },
{ "type": "Feature", "properties": { "stop_id": "000130203005", "name": "Brandenbourg, Vereinsbau" }, "geometry": { "type": "Point", "coordinates": [ 6.139038, 49.911359 ] } },
{ "type": "Feature", "properties": { "stop_id": "000130204001", "name": "Fouhren, Um Halt" }, "geometry": { "type": "Point", "coordinates": [ 6.19385, 49.91228 ] } },
{ "type": "Feature", "properties": { "stop_id": "000130204002", "name": "Fouhren, Movida" }, "geometry": { "type": "Point", "coordinates": [ 6.192893, 49.916735 ] } },
{ "type": "Feature", "properties": { "stop_id": "000130205001", "name": "Landscheid, Kiirch" }, "geometry": { "type": "Point", "coordinates": [ 6.1284, 49.924071 ] } },
{ "type": "Feature", "properties": { "stop_id": "000130206001", "name": "Longsdorf, Pompstatioun" }, "geometry": { "type": "Point", "coordinates": [ 6.20589, 49.897652 ] } },
{ "type": "Feature", "properties": { "stop_id": "000130207001", "name": "Tandel, Schoul" }, "geometry": { "type": "Point", "coordinates": [ 6.181752, 49.894125 ] } },
{ "type": "Feature", "properties": { "stop_id": "000130207002", "name": "Tandel, Veianerstrooss" }, "geometry": { "type": "Point", "coordinates": [ 6.1821, 49.896986 ] } },
{ "type": "Feature", "properties": { "stop_id": "000130208002", "name": "Walsdorf, An der Gaass" }, "geometry": { "type": "Point", "coordinates": [ 6.17298, 49.925767 ] } },
{ "type": "Feature", "properties": { "stop_id": "000130210001", "name": "Seltz, An der Lengt" }, "geometry": { "type": "Point", "coordinates": [ 6.186241, 49.881829 ] } },
{ "type": "Feature", "properties": { "stop_id": "000130210002", "name": "Seltz, Seltz" }, "geometry": { "type": "Point", "coordinates": [ 6.188347, 49.878651 ] } },
{ "type": "Feature", "properties": { "stop_id": "000130210003", "name": "Seltz, Valeriushaff" }, "geometry": { "type": "Point", "coordinates": [ 6.18533, 49.884335 ] } },
{ "type": "Feature", "properties": { "stop_id": "000130301002", "name": "Vianden, Aale Moart" }, "geometry": { "type": "Point", "coordinates": [ 6.203914, 49.937946 ] } },
{ "type": "Feature", "properties": { "stop_id": "000130301003", "name": "Vianden, Am Bousebierg" }, "geometry": { "type": "Point", "coordinates": [ 6.208213, 49.939656 ] } },
{ "type": "Feature", "properties": { "stop_id": "000130301004", "name": "Vianden, Bréck" }, "geometry": { "type": "Point", "coordinates": [ 6.207188, 49.933766 ] } },
{ "type": "Feature", "properties": { "stop_id": "000130301005", "name": "Vianden, Camping Moulin" }, "geometry": { "type": "Point", "coordinates": [ 6.220364, 49.927363 ] } },
{ "type": "Feature", "properties": { "stop_id": "000130301006", "name": "Vianden, Gare" }, "geometry": { "type": "Point", "coordinates": [ 6.212653, 49.933484 ] } },
{ "type": "Feature", "properties": { "stop_id": "000130301007", "name": "Vianden, Gemeng" }, "geometry": { "type": "Point", "coordinates": [ 6.206494, 49.933318 ] } },
{ "type": "Feature", "properties": { "stop_id": "000130301008", "name": "Vianden, Larei" }, "geometry": { "type": "Point", "coordinates": [ 6.206223, 49.936861 ] } },
{ "type": "Feature", "properties": { "stop_id": "000130301009", "name": "Vianden, Piscine" }, "geometry": { "type": "Point", "coordinates": [ 6.209601, 49.94025 ] } },
{ "type": "Feature", "properties": { "stop_id": "000130301010", "name": "Vianden, Place Engelmann" }, "geometry": { "type": "Point", "coordinates": [ 6.201587, 49.934748 ] } },
{ "type": "Feature", "properties": { "stop_id": "000130301011", "name": "Vianden, Plank" }, "geometry": { "type": "Point", "coordinates": [ 6.202625, 49.931209 ] } },
{ "type": "Feature", "properties": { "stop_id": "000130301012", "name": "Vianden, Ruoderwee" }, "geometry": { "type": "Point", "coordinates": [ 6.220352, 49.931933 ] } },
{ "type": "Feature", "properties": { "stop_id": "000130301013", "name": "Vianden, Scheierhaff 1" }, "geometry": { "type": "Point", "coordinates": [ 6.215872, 49.941697 ] } },
{ "type": "Feature", "properties": { "stop_id": "000130301014", "name": "Vianden, Scheierhaff 2" }, "geometry": { "type": "Point", "coordinates": [ 6.216937, 49.942232 ] } },
{ "type": "Feature", "properties": { "stop_id": "000130301015", "name": "Vianden, Schoul" }, "geometry": { "type": "Point", "coordinates": [ 6.206904, 49.934326 ] } },
{ "type": "Feature", "properties": { "stop_id": "000140201001", "name": "Bettendorf, Elick" }, "geometry": { "type": "Point", "coordinates": [ 6.21283, 49.876099 ] } },
{ "type": "Feature", "properties": { "stop_id": "000140201002", "name": "Bettendorf, Bei der Gemeng" }, "geometry": { "type": "Point", "coordinates": [ 6.217387, 49.876086 ] } },
{ "type": "Feature", "properties": { "stop_id": "000140201003", "name": "Bettendorf, Beim Schlass" }, "geometry": { "type": "Point", "coordinates": [ 6.221437, 49.876571 ] } },
{ "type": "Feature", "properties": { "stop_id": "000140201004", "name": "Bettendorf, Bleesbréck" }, "geometry": { "type": "Point", "coordinates": [ 6.18921, 49.871898 ] } },
{ "type": "Feature", "properties": { "stop_id": "000140201005", "name": "Bettendorf, Seltz" }, "geometry": { "type": "Point", "coordinates": [ 6.188525, 49.8787 ] } },
{ "type": "Feature", "properties": { "stop_id": "000140203001", "name": "Gilsdorf, An der Kléck" }, "geometry": { "type": "Point", "coordinates": [ 6.181687, 49.869677 ] } },
{ "type": "Feature", "properties": { "stop_id": "000140203002", "name": "Gilsdorf, Bei der Schoul" }, "geometry": { "type": "Point", "coordinates": [ 6.179512, 49.865267 ] } },
{ "type": "Feature", "properties": { "stop_id": "000140203010", "name": "Gilsdorf, Op der Bell" }, "geometry": { "type": "Point", "coordinates": [ 6.178824, 49.861856 ] } },
{ "type": "Feature", "properties": { "stop_id": "000140203012", "name": "Gilsdorf, Ackerbauschoul" }, "geometry": { "type": "Point", "coordinates": [ 6.167125, 49.861004 ] } },
{ "type": "Feature", "properties": { "stop_id": "000140204001", "name": "Moestroff, An der Gae" }, "geometry": { "type": "Point", "coordinates": [ 6.243519, 49.862965 ] } },
{ "type": "Feature", "properties": { "stop_id": "000140204002", "name": "Moestroff, Bei der Bréck" }, "geometry": { "type": "Point", "coordinates": [ 6.239763, 49.868795 ] } },
{ "type": "Feature", "properties": { "stop_id": "000140204003", "name": "Moestroff, Wangerten" }, "geometry": { "type": "Point", "coordinates": [ 6.238371, 49.87173 ] } },
{ "type": "Feature", "properties": { "stop_id": "000140204004", "name": "Moestroff, Kierch" }, "geometry": { "type": "Point", "coordinates": [ 6.238223, 49.866041 ] } },
{ "type": "Feature", "properties": { "stop_id": "000140204005", "name": "Moestroff, Keiwelbaach" }, "geometry": { "type": "Point", "coordinates": [ 6.233374, 49.84958 ] } },
{ "type": "Feature", "properties": { "stop_id": "000140206001", "name": "Broderbour, Broderbour" }, "geometry": { "type": "Point", "coordinates": [ 6.185699, 49.852138 ] } },
{ "type": "Feature", "properties": { "stop_id": "000140301001", "name": "Bourscheid, Bei der Kiirch" }, "geometry": { "type": "Point", "coordinates": [ 6.064279, 49.909868 ] } },
{ "type": "Feature", "properties": { "stop_id": "000140301002", "name": "Bourscheid, Bei Meesch" }, "geometry": { "type": "Point", "coordinates": [ 6.060378, 49.907665 ] } },
{ "type": "Feature", "properties": { "stop_id": "000140301003", "name": "Bourscheid, Op der Millen" }, "geometry": { "type": "Point", "coordinates": [ 6.089009, 49.914024 ] } },
{ "type": "Feature", "properties": { "stop_id": "000140301004", "name": "Bourscheid, An der Schlënner" }, "geometry": { "type": "Point", "coordinates": [ 6.070465, 49.932129 ] } },
{ "type": "Feature", "properties": { "stop_id": "000140301005", "name": "Bourscheid, Beim Schlass" }, "geometry": { "type": "Point", "coordinates": [ 6.077661, 49.906031 ] } },
{ "type": "Feature", "properties": { "stop_id": "000140303002", "name": "Flebour, Op der Fléiber" }, "geometry": { "type": "Point", "coordinates": [ 6.109199, 49.908272 ] } },
{ "type": "Feature", "properties": { "stop_id": "000140304001", "name": "Goebelsmühle, Op der Gare" }, "geometry": { "type": "Point", "coordinates": [ 6.053116, 49.921331 ] } },
{ "type": "Feature", "properties": { "stop_id": "000140304002", "name": "Goebelsmühle, Gare" }, "geometry": { "type": "Point", "coordinates": [ 6.053422, 49.921142 ] } },
{ "type": "Feature", "properties": { "stop_id": "000140304003", "name": "Goebelsmühle, Op der Gafel" }, "geometry": { "type": "Point", "coordinates": [ 6.056289, 49.920535 ] } },
{ "type": "Feature", "properties": { "stop_id": "000140305001", "name": "Kehmen, Bei der Kiirch" }, "geometry": { "type": "Point", "coordinates": [ 6.036389, 49.899881 ] } },
{ "type": "Feature", "properties": { "stop_id": "000140306001", "name": "Lipperscheid, Ale Kiirfecht" }, "geometry": { "type": "Point", "coordinates": [ 6.084809, 49.917996 ] } },
{ "type": "Feature", "properties": { "stop_id": "000140306002", "name": "Lipperscheid, Beim Leweck" }, "geometry": { "type": "Point", "coordinates": [ 6.093279, 49.922824 ] } },
{ "type": "Feature", "properties": { "stop_id": "000140307001", "name": "Michelau, Gare" }, "geometry": { "type": "Point", "coordinates": [ 6.092099, 49.896651 ] } },
{ "type": "Feature", "properties": { "stop_id": "000140307002", "name": "Michelau, Kiirch" }, "geometry": { "type": "Point", "coordinates": [ 6.091022, 49.897416 ] } },
{ "type": "Feature", "properties": { "stop_id": "000140307003", "name": "Michelau, Op der Sauer" }, "geometry": { "type": "Point", "coordinates": [ 6.092749, 49.894877 ] } },
{ "type": "Feature", "properties": { "stop_id": "000140307004", "name": "Michelau, Willspull" }, "geometry": { "type": "Point", "coordinates": [ 6.095139, 49.888001 ] } },
{ "type": "Feature", "properties": { "stop_id": "000140307005", "name": "Michelau, Bei Schreiwesch" }, "geometry": { "type": "Point", "coordinates": [ 6.088187, 49.899426 ] } },
{ "type": "Feature", "properties": { "stop_id": "000140307006", "name": "Michelau, Op der Gare" }, "geometry": { "type": "Point", "coordinates": [ 6.091259, 49.897095 ] } },
{ "type": "Feature", "properties": { "stop_id": "000140308001", "name": "Scheidel, Hengesch" }, "geometry": { "type": "Point", "coordinates": [ 6.044331, 49.893162 ] } },
{ "type": "Feature", "properties": { "stop_id": "000140309001", "name": "Schlindermanderscheid, Bei Zäichens" }, "geometry": { "type": "Point", "coordinates": [ 6.061486, 49.93127 ] } },
{ "type": "Feature", "properties": { "stop_id": "000140309002", "name": "Schlindermanderscheid, Kiirch" }, "geometry": { "type": "Point", "coordinates": [ 6.061438, 49.932969 ] } },
{ "type": "Feature", "properties": { "stop_id": "000140309003", "name": "Schlindermanderscheid, An der Driicht" }, "geometry": { "type": "Point", "coordinates": [ 6.056518, 49.934346 ] } },
{ "type": "Feature", "properties": { "stop_id": "000140309004", "name": "Schlindermanderscheid, Um Friedbësch" }, "geometry": { "type": "Point", "coordinates": [ 6.055776, 49.951546 ] } },
{ "type": "Feature", "properties": { "stop_id": "000140310001", "name": "Welscheid, Bei der Bréck" }, "geometry": { "type": "Point", "coordinates": [ 6.060017, 49.886862 ] } },
{ "type": "Feature", "properties": { "stop_id": "000140310002", "name": "Welscheid, Jongerts" }, "geometry": { "type": "Point", "coordinates": [ 6.065888, 49.887255 ] } },
{ "type": "Feature", "properties": { "stop_id": "000140311001", "name": "Closdelt, Closdelt" }, "geometry": { "type": "Point", "coordinates": [ 6.121466, 49.903034 ] } },
{ "type": "Feature", "properties": { "stop_id": "000140401001", "name": "Diekirch, Altersheem" }, "geometry": { "type": "Point", "coordinates": [ 6.159387, 49.866543 ] } },
{ "type": "Feature", "properties": { "stop_id": "000140401003", "name": "Diekirch, Dräi Braken" }, "geometry": { "type": "Point", "coordinates": [ 6.150992, 49.879793 ] } },
{ "type": "Feature", "properties": { "stop_id": "000140401004", "name": "Diekirch, Gare routière" }, "geometry": { "type": "Point", "coordinates": [ 6.15286, 49.864488 ] } },
{ "type": "Feature", "properties": { "stop_id": "000140401005", "name": "Diekirch, An der Kléck" }, "geometry": { "type": "Point", "coordinates": [ 6.172068, 49.868736 ] } },
{ "type": "Feature", "properties": { "stop_id": "000140401006", "name": "Diekirch, op der Kluuster" }, "geometry": { "type": "Point", "coordinates": [ 6.158011, 49.869662 ] } },
{ "type": "Feature", "properties": { "stop_id": "000140401007", "name": "Diekirch, rue J. Merten" }, "geometry": { "type": "Point", "coordinates": [ 6.167615, 49.864835 ] } },
{ "type": "Feature", "properties": { "stop_id": "000140401008", "name": "Diekirch, Lorentzwues" }, "geometry": { "type": "Point", "coordinates": [ 6.145557, 49.860182 ] } },
{ "type": "Feature", "properties": { "stop_id": "000140401009", "name": "Diekirch, Neie Kolleisch" }, "geometry": { "type": "Point", "coordinates": [ 6.168248, 49.864793 ] } },
{ "type": "Feature", "properties": { "stop_id": "000140401010", "name": "Diekirch, Place Récollets" }, "geometry": { "type": "Point", "coordinates": [ 6.158809, 49.870301 ] } },
{ "type": "Feature", "properties": { "stop_id": "000140401011", "name": "Diekirch, Alexis Heck" }, "geometry": { "type": "Point", "coordinates": [ 6.162222, 49.868154 ] } },
{ "type": "Feature", "properties": { "stop_id": "000140401012", "name": "Diekirch, Fielserstrooss" }, "geometry": { "type": "Point", "coordinates": [ 6.162984, 49.863757 ] } },
{ "type": "Feature", "properties": { "stop_id": "000140401013", "name": "Diekirch, Centre Militaire" }, "geometry": { "type": "Point", "coordinates": [ 6.173287, 49.873606 ] } },
{ "type": "Feature", "properties": { "stop_id": "000140401014", "name": "Diekirch, Hall logistique" }, "geometry": { "type": "Point", "coordinates": [ 6.171756, 49.87813 ] } },
{ "type": "Feature", "properties": { "stop_id": "000140401016", "name": "Diekirch, Beim Waasserbaseng" }, "geometry": { "type": "Point", "coordinates": [ 6.163564, 49.860553 ] } },
{ "type": "Feature", "properties": { "stop_id": "000140401017", "name": "Diekirch, Bei der Tirelbaach" }, "geometry": { "type": "Point", "coordinates": [ 6.174825, 49.864432 ] } },
{ "type": "Feature", "properties": { "stop_id": "000140401018", "name": "Diekirch, Gare" }, "geometry": { "type": "Point", "coordinates": [ 6.15407, 49.864733 ] } },
{ "type": "Feature", "properties": { "stop_id": "000140401019", "name": "Diekirch, Selzesland" }, "geometry": { "type": "Point", "coordinates": [ 6.131301, 49.871324 ] } },
{ "type": "Feature", "properties": { "stop_id": "000140401020", "name": "Diekirch, Hannert der Seitert" }, "geometry": { "type": "Point", "coordinates": [ 6.133822, 49.874729 ] } },
{ "type": "Feature", "properties": { "stop_id": "000140401021", "name": "Diekirch, Fitness" }, "geometry": { "type": "Point", "coordinates": [ 6.135207, 49.877222 ] } },
{ "type": "Feature", "properties": { "stop_id": "000140401022", "name": "Diekirch, Friedhaff" }, "geometry": { "type": "Point", "coordinates": [ 6.135057, 49.890866 ] } },
{ "type": "Feature", "properties": { "stop_id": "000140501001", "name": "Eppeldorf, Faubourg" }, "geometry": { "type": "Point", "coordinates": [ 6.24854, 49.843593 ] } },
{ "type": "Feature", "properties": { "stop_id": "000140501002", "name": "Eppeldorf, Gaich" }, "geometry": { "type": "Point", "coordinates": [ 6.246409, 49.84638 ] } },
{ "type": "Feature", "properties": { "stop_id": "000140501003", "name": "Eppeldorf, Haaptstrooss" }, "geometry": { "type": "Point", "coordinates": [ 6.247548, 49.844571 ] } },
{ "type": "Feature", "properties": { "stop_id": "000140501004", "name": "Eppeldorf, Hossebierg" }, "geometry": { "type": "Point", "coordinates": [ 6.264315, 49.846317 ] } },
{ "type": "Feature", "properties": { "stop_id": "000140501005", "name": "Eppeldorf, Op Baach" }, "geometry": { "type": "Point", "coordinates": [ 6.249579, 49.846526 ] } },
{ "type": "Feature", "properties": { "stop_id": "000140501006", "name": "Eppeldorf, Hessemillen" }, "geometry": { "type": "Point", "coordinates": [ 6.240336, 49.852409 ] } },
{ "type": "Feature", "properties": { "stop_id": "000140501007", "name": "Eppeldorf, Op de Gruechten" }, "geometry": { "type": "Point", "coordinates": [ 6.258329, 49.846295 ] } },
{ "type": "Feature", "properties": { "stop_id": "000140502001", "name": "Ermsdorf, Buntewee" }, "geometry": { "type": "Point", "coordinates": [ 6.217583, 49.83013 ] } },
{ "type": "Feature", "properties": { "stop_id": "000140502002", "name": "Ermsdorf, Ermsdorf" }, "geometry": { "type": "Point", "coordinates": [ 6.221803, 49.828573 ] } },
{ "type": "Feature", "properties": { "stop_id": "000140502003", "name": "Ermsdorf, Neimillen" }, "geometry": { "type": "Point", "coordinates": [ 6.22506, 49.838541 ] } },
{ "type": "Feature", "properties": { "stop_id": "000140502004", "name": "Ermsdorf, Reisermillen" }, "geometry": { "type": "Point", "coordinates": [ 6.224911, 49.841353 ] } },
{ "type": "Feature", "properties": { "stop_id": "000140503001", "name": "Stegen, Bloen Eck" }, "geometry": { "type": "Point", "coordinates": [ 6.17788, 49.827775 ] } },
{ "type": "Feature", "properties": { "stop_id": "000140503002", "name": "Stegen, Eglise" }, "geometry": { "type": "Point", "coordinates": [ 6.168916, 49.828861 ] } },
{ "type": "Feature", "properties": { "stop_id": "000140503003", "name": "Stegen, Kreiz" }, "geometry": { "type": "Point", "coordinates": [ 6.173341, 49.829555 ] } },
{ "type": "Feature", "properties": { "stop_id": "000140503004", "name": "Stegen, Um Gilker" }, "geometry": { "type": "Point", "coordinates": [ 6.183929, 49.826816 ] } },
{ "type": "Feature", "properties": { "stop_id": "000140504004", "name": "Folkendange, Folkendange" }, "geometry": { "type": "Point", "coordinates": [ 6.202018, 49.842132 ] } },
{ "type": "Feature", "properties": { "stop_id": "000140504005", "name": "Folkendange, Bricherhaff" }, "geometry": { "type": "Point", "coordinates": [ 6.201063, 49.836228 ] } },
{ "type": "Feature", "properties": { "stop_id": "000140505001", "name": "Medernach, Fondation" }, "geometry": { "type": "Point", "coordinates": [ 6.21724, 49.80212 ] } },
{ "type": "Feature", "properties": { "stop_id": "000140505002", "name": "Medernach, Iermsdrëferstrooss" }, "geometry": { "type": "Point", "coordinates": [ 6.216493, 49.814549 ] } },
{ "type": "Feature", "properties": { "stop_id": "000140505003", "name": "Medernach, Op der Gare" }, "geometry": { "type": "Point", "coordinates": [ 6.21399, 49.805379 ] } },
{ "type": "Feature", "properties": { "stop_id": "000140505004", "name": "Medernach, Op der Lann" }, "geometry": { "type": "Point", "coordinates": [ 6.216812, 49.809465 ] } },
{ "type": "Feature", "properties": { "stop_id": "000140505005", "name": "Medernach, Reineschhaff" }, "geometry": { "type": "Point", "coordinates": [ 6.234729, 49.810974 ] } },
{ "type": "Feature", "properties": { "stop_id": "000140506001", "name": "Savelborn, Halerstrooss" }, "geometry": { "type": "Point", "coordinates": [ 6.253501, 49.811491 ] } },
{ "type": "Feature", "properties": { "stop_id": "000140601001", "name": "Burden, Beim Fëschweier" }, "geometry": { "type": "Point", "coordinates": [ 6.078768, 49.878035 ] } },
{ "type": "Feature", "properties": { "stop_id": "000140601002", "name": "Burden, Haaptstrooss" }, "geometry": { "type": "Point", "coordinates": [ 6.0912, 49.881991 ] } },
{ "type": "Feature", "properties": { "stop_id": "000140601003", "name": "Burden, Beim Bur" }, "geometry": { "type": "Point", "coordinates": [ 6.096793, 49.882002 ] } },
{ "type": "Feature", "properties": { "stop_id": "000140602001", "name": "Erpeldange-sur-Sûre, An der Gewan" }, "geometry": { "type": "Point", "coordinates": [ 6.112837, 49.858388 ] } },
{ "type": "Feature", "properties": { "stop_id": "000140602002", "name": "Erpeldange-sur-Sûre, Beim Dreieck" }, "geometry": { "type": "Point", "coordinates": [ 6.114887, 49.852662 ] } },
{ "type": "Feature", "properties": { "stop_id": "000140602003", "name": "Erpeldange-sur-Sûre, Bei der Schoul" }, "geometry": { "type": "Point", "coordinates": [ 6.11453, 49.861228 ] } },
{ "type": "Feature", "properties": { "stop_id": "000140602004", "name": "Erpeldange-sur-Sûre, Beim Hôtel" }, "geometry": { "type": "Point", "coordinates": [ 6.113352, 49.865851 ] } },
{ "type": "Feature", "properties": { "stop_id": "000140602005", "name": "Erpeldange-sur-Sûre, Bei der Kierch" }, "geometry": { "type": "Point", "coordinates": [ 6.112833, 49.861799 ] } },
{ "type": "Feature", "properties": { "stop_id": "000140602006", "name": "Erpeldange-sur-Sûre, Laduno" }, "geometry": { "type": "Point", "coordinates": [ 6.117962, 49.852739 ] } },
{ "type": "Feature", "properties": { "stop_id": "000140602007", "name": "Erpeldange-sur-Sûre, Beim Schlass" }, "geometry": { "type": "Point", "coordinates": [ 6.112597, 49.859742 ] } },
{ "type": "Feature", "properties": { "stop_id": "000140602008", "name": "Erpeldange-sur-Sûre, Um Dreieck" }, "geometry": { "type": "Point", "coordinates": [ 6.114979, 49.850831 ] } },
{ "type": "Feature", "properties": { "stop_id": "000140602011", "name": "Erpeldange-sur-Sûre, Heemricht" }, "geometry": { "type": "Point", "coordinates": [ 6.127666, 49.869577 ] } },
{ "type": "Feature", "properties": { "stop_id": "000140603001", "name": "Ingeldorf, Bei der Bréck" }, "geometry": { "type": "Point", "coordinates": [ 6.133953, 49.851445 ] } },
{ "type": "Feature", "properties": { "stop_id": "000140603002", "name": "Ingeldorf, Café de la Station" }, "geometry": { "type": "Point", "coordinates": [ 6.131374, 49.853414 ] } },
{ "type": "Feature", "properties": { "stop_id": "000140603003", "name": "Ingeldorf, Cité Longchamps" }, "geometry": { "type": "Point", "coordinates": [ 6.141701, 49.857142 ] } },
{ "type": "Feature", "properties": { "stop_id": "000140603004", "name": "Ingeldorf, Kiirchplaz" }, "geometry": { "type": "Point", "coordinates": [ 6.127731, 49.848673 ] } },
{ "type": "Feature", "properties": { "stop_id": "000140603005", "name": "Ingeldorf, Walebroch" }, "geometry": { "type": "Point", "coordinates": [ 6.139583, 49.858133 ] } },
{ "type": "Feature", "properties": { "stop_id": "000140603006", "name": "Ingeldorf, Cactus" }, "geometry": { "type": "Point", "coordinates": [ 6.127122, 49.851446 ] } },
{ "type": "Feature", "properties": { "stop_id": "000140701001", "name": "Ettelbruck, Anc. Clinique" }, "geometry": { "type": "Point", "coordinates": [ 6.10319, 49.847821 ] } },
{ "type": "Feature", "properties": { "stop_id": "000140701006", "name": "Ettelbruck, Hall Omnisports" }, "geometry": { "type": "Point", "coordinates": [ 6.093312, 49.841062 ] } },
{ "type": "Feature", "properties": { "stop_id": "000140701008", "name": "Ettelbruck, Cité Lopert 1" }, "geometry": { "type": "Point", "coordinates": [ 6.072411, 49.850287 ] } },
{ "type": "Feature", "properties": { "stop_id": "000140701009", "name": "Ettelbruck, Cité Patton 1" }, "geometry": { "type": "Point", "coordinates": [ 6.08399, 49.848779 ] } },
{ "type": "Feature", "properties": { "stop_id": "000140701015", "name": "Ettelbruck, Ecole Primaire" }, "geometry": { "type": "Point", "coordinates": [ 6.099038, 49.845865 ] } },
{ "type": "Feature", "properties": { "stop_id": "000140701018", "name": "Ettelbruck, H.v.Landewyck" }, "geometry": { "type": "Point", "coordinates": [ 6.098005, 49.839786 ] } },
{ "type": "Feature", "properties": { "stop_id": "000140701020", "name": "Ettelbruck, Centre Hospitalier du Nord" }, "geometry": { "type": "Point", "coordinates": [ 6.094166, 49.853057 ] } },
{ "type": "Feature", "properties": { "stop_id": "000140701021", "name": "Ettelbruck, L.T.Salentiny" }, "geometry": { "type": "Point", "coordinates": [ 6.099146, 49.850279 ] } },
{ "type": "Feature", "properties": { "stop_id": "000140701022", "name": "Ettelbruck, Gare" }, "geometry": { "type": "Point", "coordinates": [ 6.107725, 49.847968 ] } },
{ "type": "Feature", "properties": { "stop_id": "000140701023", "name": "Ettelbruck, LTEtt Gare routière" }, "geometry": { "type": "Point", "coordinates": [ 6.099742, 49.850242 ] } },
{ "type": "Feature", "properties": { "stop_id": "000140701024", "name": "Ettelbruck, Poste" }, "geometry": { "type": "Point", "coordinates": [ 6.10272, 49.847764 ] } },
{ "type": "Feature", "properties": { "stop_id": "000140701025", "name": "Ettelbruck, Place du Marché" }, "geometry": { "type": "Point", "coordinates": [ 6.096419, 49.845892 ] } },
{ "type": "Feature", "properties": { "stop_id": "000140701026", "name": "Ettelbruck, Rond Point" }, "geometry": { "type": "Point", "coordinates": [ 6.098714, 49.843609 ] } },
{ "type": "Feature", "properties": { "stop_id": "000140701029", "name": "Ettelbruck, Patton" }, "geometry": { "type": "Point", "coordinates": [ 6.109039, 49.849869 ] } },
{ "type": "Feature", "properties": { "stop_id": "000140701031", "name": "Ettelbruck, Rue du Deich (CHNP)" }, "geometry": { "type": "Point", "coordinates": [ 6.096379, 49.843808 ] } },
{ "type": "Feature", "properties": { "stop_id": "000140701034", "name": "Ettelbruck, Apdikt Petry" }, "geometry": { "type": "Point", "coordinates": [ 6.098552, 49.845984 ] } },
{ "type": "Feature", "properties": { "stop_id": "000140701042", "name": "Ettelbruck, rue M. Rodange 39" }, "geometry": { "type": "Point", "coordinates": [ 6.076826, 49.850919 ] } },
{ "type": "Feature", "properties": { "stop_id": "000140701044", "name": "Ettelbruck, rue M. Rodange" }, "geometry": { "type": "Point", "coordinates": [ 6.079865, 49.850588 ] } },
{ "type": "Feature", "properties": { "stop_id": "000140701045", "name": "Ettelbruck, CNFPC" }, "geometry": { "type": "Point", "coordinates": [ 6.094728, 49.839627 ] } },
{ "type": "Feature", "properties": { "stop_id": "000140701050", "name": "Ettelbruck, Avenue Lucien Salentiny" }, "geometry": { "type": "Point", "coordinates": [ 6.100928, 49.849058 ] } },
{ "type": "Feature", "properties": { "stop_id": "000140701051", "name": "Ettelbruck, J-F Kennedy" }, "geometry": { "type": "Point", "coordinates": [ 6.105402, 49.848736 ] } },
{ "type": "Feature", "properties": { "stop_id": "000140701053", "name": "Ettelbruck, Gare routière" }, "geometry": { "type": "Point", "coordinates": [ 6.106127, 49.847235 ] } },
{ "type": "Feature", "properties": { "stop_id": "000140702001", "name": "Warken, Centre d'Education Diff." }, "geometry": { "type": "Point", "coordinates": [ 6.088494, 49.857751 ] } },
{ "type": "Feature", "properties": { "stop_id": "000140702002", "name": "Warken, Café Kaell" }, "geometry": { "type": "Point", "coordinates": [ 6.092387, 49.85479 ] } },
{ "type": "Feature", "properties": { "stop_id": "000140702003", "name": "Warken, Rue de Burden" }, "geometry": { "type": "Point", "coordinates": [ 6.092583, 49.857782 ] } },
{ "type": "Feature", "properties": { "stop_id": "000140702004", "name": "Warken, Cité Waarkdall" }, "geometry": { "type": "Point", "coordinates": [ 6.085638, 49.860351 ] } },
{ "type": "Feature", "properties": { "stop_id": "000140702005", "name": "Warken, LTEtt (Annexe)" }, "geometry": { "type": "Point", "coordinates": [ 6.087147, 49.857708 ] } },
{ "type": "Feature", "properties": { "stop_id": "000140702007", "name": "Warken, Cité Waarkdall 6" }, "geometry": { "type": "Point", "coordinates": [ 6.083238, 49.860686 ] } },
{ "type": "Feature", "properties": { "stop_id": "000140702008", "name": "Warken, Rue de Welscheid" }, "geometry": { "type": "Point", "coordinates": [ 6.084011, 49.859635 ] } },
{ "type": "Feature", "properties": { "stop_id": "000140702009", "name": "Warken, Chapelle" }, "geometry": { "type": "Point", "coordinates": [ 6.091318, 49.855213 ] } },
{ "type": "Feature", "properties": { "stop_id": "000140702010", "name": "Warken, Cité Bourschterbach" }, "geometry": { "type": "Point", "coordinates": [ 6.087189, 49.860705 ] } },
{ "type": "Feature", "properties": { "stop_id": "000140702011", "name": "Warken, Rue Bourschterbach" }, "geometry": { "type": "Point", "coordinates": [ 6.089552, 49.858434 ] } },
{ "type": "Feature", "properties": { "stop_id": "000140801001", "name": "Niederfeulen, Belle Vue" }, "geometry": { "type": "Point", "coordinates": [ 6.043449, 49.854793 ] } },
{ "type": "Feature", "properties": { "stop_id": "000140801002", "name": "Niederfeulen, Faubourg" }, "geometry": { "type": "Point", "coordinates": [ 6.051118, 49.852478 ] } },
{ "type": "Feature", "properties": { "stop_id": "000140801003", "name": "Niederfeulen, Mairie" }, "geometry": { "type": "Point", "coordinates": [ 6.045749, 49.854042 ] } },
{ "type": "Feature", "properties": { "stop_id": "000140801004", "name": "Niederfeulen, route d'Arlon" }, "geometry": { "type": "Point", "coordinates": [ 6.044046, 49.854314 ] } },
{ "type": "Feature", "properties": { "stop_id": "000140801005", "name": "Niederfeulen, Atelier" }, "geometry": { "type": "Point", "coordinates": [ 6.037855, 49.857313 ] } },
{ "type": "Feature", "properties": { "stop_id": "000140802001", "name": "Oberfeulen, Place de la Chapelle" }, "geometry": { "type": "Point", "coordinates": [ 6.034097, 49.847145 ] } },
{ "type": "Feature", "properties": { "stop_id": "000140802002", "name": "Oberfeulen, route d'Arlon" }, "geometry": { "type": "Point", "coordinates": [ 6.030041, 49.846092 ] } },
{ "type": "Feature", "properties": { "stop_id": "000140802003", "name": "Oberfeulen, Op Hopericht" }, "geometry": { "type": "Point", "coordinates": [ 6.036095, 49.849009 ] } },
{ "type": "Feature", "properties": { "stop_id": "000141101002", "name": "Mertzig, Butzebierg" }, "geometry": { "type": "Point", "coordinates": [ 6.011785, 49.826973 ] } },
{ "type": "Feature", "properties": { "stop_id": "000141101003", "name": "Mertzig, Eglise" }, "geometry": { "type": "Point", "coordinates": [ 6.002883, 49.831943 ] } },
{ "type": "Feature", "properties": { "stop_id": "000141101004", "name": "Mertzig, Internat" }, "geometry": { "type": "Point", "coordinates": [ 6.009116, 49.834719 ] } },
{ "type": "Feature", "properties": { "stop_id": "000141101005", "name": "Mertzig, Gemeng" }, "geometry": { "type": "Point", "coordinates": [ 6.005626, 49.833165 ] } },
{ "type": "Feature", "properties": { "stop_id": "000141101006", "name": "Mertzig, Wéchen" }, "geometry": { "type": "Point", "coordinates": [ 5.997891, 49.829897 ] } },
{ "type": "Feature", "properties": { "stop_id": "000141201001", "name": "Bigelbach, Kiirch" }, "geometry": { "type": "Point", "coordinates": [ 6.286618, 49.860136 ] } },
{ "type": "Feature", "properties": { "stop_id": "000141201002", "name": "Bigelbach, Op der Tonn" }, "geometry": { "type": "Point", "coordinates": [ 6.281151, 49.8612 ] } },
{ "type": "Feature", "properties": { "stop_id": "000141202001", "name": "Hoesdorf, Kranzenhaff" }, "geometry": { "type": "Point", "coordinates": [ 6.235272, 49.892104 ] } },
{ "type": "Feature", "properties": { "stop_id": "000141202002", "name": "Hoesdorf, Veräinsbau" }, "geometry": { "type": "Point", "coordinates": [ 6.256353, 49.882675 ] } },
{ "type": "Feature", "properties": { "stop_id": "000141203001", "name": "Reisdorf, An der Ee" }, "geometry": { "type": "Point", "coordinates": [ 6.269591, 49.870257 ] } },
{ "type": "Feature", "properties": { "stop_id": "000141203002", "name": "Reisdorf, Bei der Gare" }, "geometry": { "type": "Point", "coordinates": [ 6.263679, 49.867986 ] } },
{ "type": "Feature", "properties": { "stop_id": "000141203003", "name": "Reisdorf, Beim Goberhaff" }, "geometry": { "type": "Point", "coordinates": [ 6.271168, 49.861307 ] } },
{ "type": "Feature", "properties": { "stop_id": "000141203004", "name": "Reisdorf, Cité J. Hientgen" }, "geometry": { "type": "Point", "coordinates": [ 6.260877, 49.868841 ] } },
{ "type": "Feature", "properties": { "stop_id": "000141203005", "name": "Reisdorf, Duddwee" }, "geometry": { "type": "Point", "coordinates": [ 6.273539, 49.858931 ] } },
{ "type": "Feature", "properties": { "stop_id": "000141203006", "name": "Reisdorf, Hermeswis" }, "geometry": { "type": "Point", "coordinates": [ 6.313227, 49.863556 ] } },
{ "type": "Feature", "properties": { "stop_id": "000141204001", "name": "Wallendorf-Pont, Bei der Bréck" }, "geometry": { "type": "Point", "coordinates": [ 6.290407, 49.873364 ] } },
{ "type": "Feature", "properties": { "stop_id": "000141204002", "name": "Wallendorf-Pont, Aalt Zollhaus" }, "geometry": { "type": "Point", "coordinates": [ 6.279472, 49.869655 ] } },
{ "type": "Feature", "properties": { "stop_id": "000141301001", "name": "Schieren, Centre sportif" }, "geometry": { "type": "Point", "coordinates": [ 6.101555, 49.830172 ] } },
{ "type": "Feature", "properties": { "stop_id": "000141301002", "name": "Schieren, Faubourg" }, "geometry": { "type": "Point", "coordinates": [ 6.097488, 49.833759 ] } },
{ "type": "Feature", "properties": { "stop_id": "000141301003", "name": "Schieren, Gare" }, "geometry": { "type": "Point", "coordinates": [ 6.095222, 49.829798 ] } },
{ "type": "Feature", "properties": { "stop_id": "000141301004", "name": "Schieren, Neie Wee" }, "geometry": { "type": "Point", "coordinates": [ 6.096311, 49.828098 ] } },
{ "type": "Feature", "properties": { "stop_id": "000141301005", "name": "Schieren, Uewerschieren" }, "geometry": { "type": "Point", "coordinates": [ 6.096131, 49.827859 ] } },
{ "type": "Feature", "properties": { "stop_id": "000141301006", "name": "Schieren, Vali's Plaz" }, "geometry": { "type": "Point", "coordinates": [ 6.097617, 49.832997 ] } },
{ "type": "Feature", "properties": { "stop_id": "000141301007", "name": "Schieren, Porte de Schieren" }, "geometry": { "type": "Point", "coordinates": [ 6.09591, 49.824579 ] } },
{ "type": "Feature", "properties": { "stop_id": "000141301008", "name": "Schieren, rue de la Gare" }, "geometry": { "type": "Point", "coordinates": [ 6.095513, 49.833071 ] } },
{ "type": "Feature", "properties": { "stop_id": "000141301009", "name": "Schieren, Alen Atelier" }, "geometry": { "type": "Point", "coordinates": [ 6.095654, 49.830015 ] } },
{ "type": "Feature", "properties": { "stop_id": "000141302004", "name": "Colmar-Berg, Gare" }, "geometry": { "type": "Point", "coordinates": [ 6.101071, 49.815019 ] } },
{ "type": "Feature", "properties": { "stop_id": "000141302019", "name": "Colmar-Berg, Gare routière" }, "geometry": { "type": "Point", "coordinates": [ 6.101219, 49.815338 ] } },
{ "type": "Feature", "properties": { "stop_id": "000150101001", "name": "Beckerich, Bei Schmatten" }, "geometry": { "type": "Point", "coordinates": [ 5.883553, 49.730186 ] } },
{ "type": "Feature", "properties": { "stop_id": "000150101002", "name": "Beckerich, Fraiheetsbam" }, "geometry": { "type": "Point", "coordinates": [ 5.891044, 49.728013 ] } },
{ "type": "Feature", "properties": { "stop_id": "000150101003", "name": "Beckerich, Kiircheplaz" }, "geometry": { "type": "Point", "coordinates": [ 5.88489, 49.732165 ] } },
{ "type": "Feature", "properties": { "stop_id": "000150102001", "name": "Elvange (Beckerich), Gesanksbau" }, "geometry": { "type": "Point", "coordinates": [ 5.919549, 49.724488 ] } },
{ "type": "Feature", "properties": { "stop_id": "000150102002", "name": "Elvange (Beckerich), Bei der Schoul" }, "geometry": { "type": "Point", "coordinates": [ 5.917042, 49.724374 ] } },
{ "type": "Feature", "properties": { "stop_id": "000150103001", "name": "Hovelange, Bei Bitzesch" }, "geometry": { "type": "Point", "coordinates": [ 5.910567, 49.7227 ] } },
{ "type": "Feature", "properties": { "stop_id": "000150103002", "name": "Hovelange, Op der Halt" }, "geometry": { "type": "Point", "coordinates": [ 5.900066, 49.725002 ] } },
{ "type": "Feature", "properties": { "stop_id": "000150104001", "name": "Huttange, Hitten" }, "geometry": { "type": "Point", "coordinates": [ 5.897733, 49.735474 ] } },
{ "type": "Feature", "properties": { "stop_id": "000150105001", "name": "Levelange, Ellerstrooss" }, "geometry": { "type": "Point", "coordinates": [ 5.852115, 49.743068 ] } },
{ "type": "Feature", "properties": { "stop_id": "000150105002", "name": "Levelange, Kalek" }, "geometry": { "type": "Point", "coordinates": [ 5.87049, 49.731727 ] } },
{ "type": "Feature", "properties": { "stop_id": "000150105003", "name": "Levelange, Kapell" }, "geometry": { "type": "Point", "coordinates": [ 5.856, 49.739074 ] } },
{ "type": "Feature", "properties": { "stop_id": "000150106001", "name": "Noerdange, Ale Pompjesbau" }, "geometry": { "type": "Point", "coordinates": [ 5.928349, 49.742712 ] } },
{ "type": "Feature", "properties": { "stop_id": "000150106002", "name": "Noerdange, A Batzent" }, "geometry": { "type": "Point", "coordinates": [ 5.919367, 49.744113 ] } },
{ "type": "Feature", "properties": { "stop_id": "000150106003", "name": "Noerdange, Beim Kiirfecht" }, "geometry": { "type": "Point", "coordinates": [ 5.924457, 49.740902 ] } },
{ "type": "Feature", "properties": { "stop_id": "000150106004", "name": "Noerdange, Bei der Post" }, "geometry": { "type": "Point", "coordinates": [ 5.922404, 49.74154 ] } },
{ "type": "Feature", "properties": { "stop_id": "000150106005", "name": "Noerdange, Scheiweswies" }, "geometry": { "type": "Point", "coordinates": [ 5.922959, 49.738037 ] } },
{ "type": "Feature", "properties": { "stop_id": "000150107001", "name": "Oberpallen, Op der Breck" }, "geometry": { "type": "Point", "coordinates": [ 5.842396, 49.730037 ] } },
{ "type": "Feature", "properties": { "stop_id": "000150107002", "name": "Oberpallen, Schnuddelbierg" }, "geometry": { "type": "Point", "coordinates": [ 5.843497, 49.729752 ] } },
{ "type": "Feature", "properties": { "stop_id": "000150108002", "name": "Schweich, Peiffer" }, "geometry": { "type": "Point", "coordinates": [ 5.921421, 49.720885 ] } },
{ "type": "Feature", "properties": { "stop_id": "000150108003", "name": "Schweich, An Thinnessen" }, "geometry": { "type": "Point", "coordinates": [ 5.92334, 49.721269 ] } },
{ "type": "Feature", "properties": { "stop_id": "000150202001", "name": "Platen, Kinnebësch" }, "geometry": { "type": "Point", "coordinates": [ 5.937, 49.790994 ] } },
{ "type": "Feature", "properties": { "stop_id": "000150202002", "name": "Platen, Platen" }, "geometry": { "type": "Point", "coordinates": [ 5.936139, 49.786806 ] } },
{ "type": "Feature", "properties": { "stop_id": "000150203001", "name": "Pratz, Biebergriescht" }, "geometry": { "type": "Point", "coordinates": [ 5.938495, 49.799553 ] } },
{ "type": "Feature", "properties": { "stop_id": "000150203002", "name": "Pratz, Bousserpad" }, "geometry": { "type": "Point", "coordinates": [ 5.939682, 49.805821 ] } },
{ "type": "Feature", "properties": { "stop_id": "000150203003", "name": "Pratz, Brakegaertchen" }, "geometry": { "type": "Point", "coordinates": [ 5.931986, 49.805839 ] } },
{ "type": "Feature", "properties": { "stop_id": "000150203004", "name": "Pratz, Folschterstrooss" }, "geometry": { "type": "Point", "coordinates": [ 5.933464, 49.802758 ] } },
{ "type": "Feature", "properties": { "stop_id": "000150203005", "name": "Pratz, Haaptstrooss" }, "geometry": { "type": "Point", "coordinates": [ 5.93847, 49.802504 ] } },
{ "type": "Feature", "properties": { "stop_id": "000150203006", "name": "Pratz, Zentrum" }, "geometry": { "type": "Point", "coordinates": [ 5.937775, 49.802728 ] } },
{ "type": "Feature", "properties": { "stop_id": "000150203007", "name": "Pratz, Horass" }, "geometry": { "type": "Point", "coordinates": [ 5.920976, 49.809285 ] } },
{ "type": "Feature", "properties": { "stop_id": "000150203008", "name": "Pratz, Horass Millen" }, "geometry": { "type": "Point", "coordinates": [ 5.917139, 49.809897 ] } },
{ "type": "Feature", "properties": { "stop_id": "000150204001", "name": "Bettborn, Michel Lucius" }, "geometry": { "type": "Point", "coordinates": [ 5.946736, 49.79472 ] } },
{ "type": "Feature", "properties": { "stop_id": "000150204002", "name": "Reimberg, Reimberg" }, "geometry": { "type": "Point", "coordinates": [ 5.951208, 49.795769 ] } },
{ "type": "Feature", "properties": { "stop_id": "000150205001", "name": "Platen, Roudbach" }, "geometry": { "type": "Point", "coordinates": [ 5.933924, 49.778975 ] } },
{ "type": "Feature", "properties": { "stop_id": "000150206001", "name": "Bettborn, Gemenge Plaz" }, "geometry": { "type": "Point", "coordinates": [ 5.937502, 49.793639 ] } },
{ "type": "Feature", "properties": { "stop_id": "000150206002", "name": "Bettborn, Néckel Koob" }, "geometry": { "type": "Point", "coordinates": [ 5.937921, 49.793961 ] } },
{ "type": "Feature", "properties": { "stop_id": "000150301001", "name": "Colpach-Bas, Schlass" }, "geometry": { "type": "Point", "coordinates": [ 5.826406, 49.75783 ] } },
{ "type": "Feature", "properties": { "stop_id": "000150302001", "name": "Colpach-Haut, Pompjeesbau" }, "geometry": { "type": "Point", "coordinates": [ 5.819479, 49.767505 ] } },
{ "type": "Feature", "properties": { "stop_id": "000150303001", "name": "Ell, Arelerstrooss" }, "geometry": { "type": "Point", "coordinates": [ 5.858991, 49.761028 ] } },
{ "type": "Feature", "properties": { "stop_id": "000150303002", "name": "Ell, Beim Musikssaul" }, "geometry": { "type": "Point", "coordinates": [ 5.853915, 49.762967 ] } },
{ "type": "Feature", "properties": { "stop_id": "000150303003", "name": "Ell, Beim Schreider" }, "geometry": { "type": "Point", "coordinates": [ 5.859575, 49.763406 ] } },
{ "type": "Feature", "properties": { "stop_id": "000150304001", "name": "Petit-Nobressart, Am Pesch" }, "geometry": { "type": "Point", "coordinates": [ 5.81064, 49.7789 ] } },
{ "type": "Feature", "properties": { "stop_id": "000150305001", "name": "Roodt (Redange), Schoul" }, "geometry": { "type": "Point", "coordinates": [ 5.820606, 49.794094 ] } },
{ "type": "Feature", "properties": { "stop_id": "000150305002", "name": "Roodt (Redange), Beim Pull" }, "geometry": { "type": "Point", "coordinates": [ 5.820859, 49.797679 ] } },
{ "type": "Feature", "properties": { "stop_id": "000150501001", "name": "Arsdorf, Am Duerf" }, "geometry": { "type": "Point", "coordinates": [ 5.842797, 49.860393 ] } },
{ "type": "Feature", "properties": { "stop_id": "000150501002", "name": "Arsdorf, Am Gronn" }, "geometry": { "type": "Point", "coordinates": [ 5.849868, 49.859131 ] } },
{ "type": "Feature", "properties": { "stop_id": "000150501003", "name": "Arsdorf, An der Gaass" }, "geometry": { "type": "Point", "coordinates": [ 5.842355, 49.859 ] } },
{ "type": "Feature", "properties": { "stop_id": "000150501004", "name": "Arsdorf, Um Knupp" }, "geometry": { "type": "Point", "coordinates": [ 5.844813, 49.86256 ] } },
{ "type": "Feature", "properties": { "stop_id": "000150501005", "name": "Arsdorf, Misärshaff" }, "geometry": { "type": "Point", "coordinates": [ 5.829749, 49.866194 ] } },
{ "type": "Feature", "properties": { "stop_id": "000150501006", "name": "Arsdorf, Bei der Kapell" }, "geometry": { "type": "Point", "coordinates": [ 5.844741, 49.861772 ] } },
{ "type": "Feature", "properties": { "stop_id": "000150501007", "name": "Arsdorf, Op der Lee" }, "geometry": { "type": "Point", "coordinates": [ 5.846969, 49.858666 ] } },
{ "type": "Feature", "properties": { "stop_id": "000150502001", "name": "Bigonville, Huelgaass" }, "geometry": { "type": "Point", "coordinates": [ 5.793493, 49.851048 ] } },
{ "type": "Feature", "properties": { "stop_id": "000150502002", "name": "Bigonville, Kéismaart" }, "geometry": { "type": "Point", "coordinates": [ 5.79233, 49.848651 ] } },
{ "type": "Feature", "properties": { "stop_id": "000150502004", "name": "Bigonville, Um Knupp" }, "geometry": { "type": "Point", "coordinates": [ 5.790229, 49.853629 ] } },
{ "type": "Feature", "properties": { "stop_id": "000150502005", "name": "Bigonville, Réimerwee" }, "geometry": { "type": "Point", "coordinates": [ 5.791647, 49.84543 ] } },
{ "type": "Feature", "properties": { "stop_id": "000150502006", "name": "Bigonville, Am Duerf" }, "geometry": { "type": "Point", "coordinates": [ 5.792979, 49.848456 ] } },
{ "type": "Feature", "properties": { "stop_id": "000150502007", "name": "Bigonville, Haaptstrooss" }, "geometry": { "type": "Point", "coordinates": [ 5.79166, 49.851411 ] } },
{ "type": "Feature", "properties": { "stop_id": "000150503001", "name": "Bilsdorf, Riesenhafferwee" }, "geometry": { "type": "Point", "coordinates": [ 5.827339, 49.85763 ] } },
{ "type": "Feature", "properties": { "stop_id": "000150504001", "name": "Eschette, Duerf" }, "geometry": { "type": "Point", "coordinates": [ 5.88679, 49.822981 ] } },
{ "type": "Feature", "properties": { "stop_id": "000150505001", "name": "Flatzbour, Flatzbour" }, "geometry": { "type": "Point", "coordinates": [ 5.787488, 49.835434 ] } },
{ "type": "Feature", "properties": { "stop_id": "000150506001", "name": "Folschette, An der Gaass" }, "geometry": { "type": "Point", "coordinates": [ 5.877785, 49.813087 ] } },
{ "type": "Feature", "properties": { "stop_id": "000150506002", "name": "Folschette, Belle-vue" }, "geometry": { "type": "Point", "coordinates": [ 5.862312, 49.818983 ] } },
{ "type": "Feature", "properties": { "stop_id": "000150506003", "name": "Folschette, Centre Culturel" }, "geometry": { "type": "Point", "coordinates": [ 5.872507, 49.814677 ] } },
{ "type": "Feature", "properties": { "stop_id": "000150506004", "name": "Folschette, Op der Plaz" }, "geometry": { "type": "Point", "coordinates": [ 5.874742, 49.813315 ] } },
{ "type": "Feature", "properties": { "stop_id": "000150506005", "name": "Folschette, Rammericherwee" }, "geometry": { "type": "Point", "coordinates": [ 5.868946, 49.816538 ] } },
{ "type": "Feature", "properties": { "stop_id": "000150506006", "name": "Folschette, Carrières" }, "geometry": { "type": "Point", "coordinates": [ 5.895662, 49.808933 ] } },
{ "type": "Feature", "properties": { "stop_id": "000150506008", "name": "Folschette, Hueschterbaach" }, "geometry": { "type": "Point", "coordinates": [ 5.89192, 49.809231 ] } },
{ "type": "Feature", "properties": { "stop_id": "000150507001", "name": "Holtz, Molkerei" }, "geometry": { "type": "Point", "coordinates": [ 5.7909, 49.806389 ] } },
{ "type": "Feature", "properties": { "stop_id": "000150507002", "name": "Holtz, Um Bur" }, "geometry": { "type": "Point", "coordinates": [ 5.79487, 49.809521 ] } },
{ "type": "Feature", "properties": { "stop_id": "000150507003", "name": "Holtz, Héiltzerstee" }, "geometry": { "type": "Point", "coordinates": [ 5.783893, 49.809103 ] } },
{ "type": "Feature", "properties": { "stop_id": "000150508001", "name": "Hostert (Rambrouch), Folschterwee" }, "geometry": { "type": "Point", "coordinates": [ 5.866462, 49.81021 ] } },
{ "type": "Feature", "properties": { "stop_id": "000150508002", "name": "Hostert (Rambrouch), Wäschbur" }, "geometry": { "type": "Point", "coordinates": [ 5.866503, 49.808683 ] } },
{ "type": "Feature", "properties": { "stop_id": "000150508003", "name": "Hostert (Rambrouch), Brisenhaff" }, "geometry": { "type": "Point", "coordinates": [ 5.870841, 49.798276 ] } },
{ "type": "Feature", "properties": { "stop_id": "000150509001", "name": "Koetschette, Rond-Point" }, "geometry": { "type": "Point", "coordinates": [ 5.83864, 49.838442 ] } },
{ "type": "Feature", "properties": { "stop_id": "000150510001", "name": "Haut-Martelange, Gare" }, "geometry": { "type": "Point", "coordinates": [ 5.742422, 49.832732 ] } },
{ "type": "Feature", "properties": { "stop_id": "000150510002", "name": "Haut-Martelange, Leekoll" }, "geometry": { "type": "Point", "coordinates": [ 5.752765, 49.825168 ] } },
{ "type": "Feature", "properties": { "stop_id": "000150511001", "name": "Perlé, An der Huel" }, "geometry": { "type": "Point", "coordinates": [ 5.755766, 49.8098 ] } },
{ "type": "Feature", "properties": { "stop_id": "000150511002", "name": "Perlé, Gare" }, "geometry": { "type": "Point", "coordinates": [ 5.764507, 49.815272 ] } },
{ "type": "Feature", "properties": { "stop_id": "000150511003", "name": "Perlé, Héiltzerwee" }, "geometry": { "type": "Point", "coordinates": [ 5.768428, 49.809416 ] } },
{ "type": "Feature", "properties": { "stop_id": "000150511005", "name": "Perlé, Schoul" }, "geometry": { "type": "Point", "coordinates": [ 5.763942, 49.810213 ] } },
{ "type": "Feature", "properties": { "stop_id": "000150511006", "name": "Perlé, Kuelewee" }, "geometry": { "type": "Point", "coordinates": [ 5.761107, 49.813613 ] } },
{ "type": "Feature", "properties": { "stop_id": "000150512004", "name": "Rambrouch, Riesenknäppchen" }, "geometry": { "type": "Point", "coordinates": [ 5.852888, 49.824946 ] } },
{ "type": "Feature", "properties": { "stop_id": "000150512005", "name": "Rambrouch, Schlass" }, "geometry": { "type": "Point", "coordinates": [ 5.84275, 49.830422 ] } },
{ "type": "Feature", "properties": { "stop_id": "000150512006", "name": "Rambrouch, Gare" }, "geometry": { "type": "Point", "coordinates": [ 5.848982, 49.830305 ] } },
{ "type": "Feature", "properties": { "stop_id": "000150513001", "name": "Riesenhof, Riesenhof" }, "geometry": { "type": "Point", "coordinates": [ 5.815677, 49.840249 ] } },
{ "type": "Feature", "properties": { "stop_id": "000150515001", "name": "Wolwelange, Ennescht Duerf" }, "geometry": { "type": "Point", "coordinates": [ 5.757796, 49.827247 ] } },
{ "type": "Feature", "properties": { "stop_id": "000150515002", "name": "Wolwelange, Kiosk" }, "geometry": { "type": "Point", "coordinates": [ 5.761157, 49.827493 ] } },
{ "type": "Feature", "properties": { "stop_id": "000150515003", "name": "Wolwelange, Spëtzt" }, "geometry": { "type": "Point", "coordinates": [ 5.767552, 49.827979 ] } },
{ "type": "Feature", "properties": { "stop_id": "000150515004", "name": "Wolwelange, Halt" }, "geometry": { "type": "Point", "coordinates": [ 5.773284, 49.827224 ] } },
{ "type": "Feature", "properties": { "stop_id": "000150515006", "name": "Wolwelange, Ermitage 2" }, "geometry": { "type": "Point", "coordinates": [ 5.776819, 49.830423 ] } },
{ "type": "Feature", "properties": { "stop_id": "000150517003", "name": "Bigonville-Poteau, Um Kimm" }, "geometry": { "type": "Point", "coordinates": [ 5.783604, 49.838093 ] } },
{ "type": "Feature", "properties": { "stop_id": "000150517004", "name": "Bigonville-Poteau, Kimm" }, "geometry": { "type": "Point", "coordinates": [ 5.784, 49.838419 ] } },
{ "type": "Feature", "properties": { "stop_id": "000150601001", "name": "Eltz, Elz" }, "geometry": { "type": "Point", "coordinates": [ 5.893396, 49.777477 ] } },
{ "type": "Feature", "properties": { "stop_id": "000150602001", "name": "Lannen, Schoul" }, "geometry": { "type": "Point", "coordinates": [ 5.838889, 49.788083 ] } },
{ "type": "Feature", "properties": { "stop_id": "000150603002", "name": "Nagem, Centre Culturel" }, "geometry": { "type": "Point", "coordinates": [ 5.857817, 49.789132 ] } },
{ "type": "Feature", "properties": { "stop_id": "000150603003", "name": "Nagem, Pompstatioun" }, "geometry": { "type": "Point", "coordinates": [ 5.854733, 49.78627 ] } },
{ "type": "Feature", "properties": { "stop_id": "000150604001", "name": "Niederpallen, Ditzebierg" }, "geometry": { "type": "Point", "coordinates": [ 5.908217, 49.755558 ] } },
{ "type": "Feature", "properties": { "stop_id": "000150604002", "name": "Niederpallen, Veräinsbau" }, "geometry": { "type": "Point", "coordinates": [ 5.911532, 49.754612 ] } },
{ "type": "Feature", "properties": { "stop_id": "000150605001", "name": "Ospern, Kiirch" }, "geometry": { "type": "Point", "coordinates": [ 5.909737, 49.780707 ] } },
{ "type": "Feature", "properties": { "stop_id": "000150605002", "name": "Ospern, Wäschbur" }, "geometry": { "type": "Point", "coordinates": [ 5.901108, 49.783553 ] } },
{ "type": "Feature", "properties": { "stop_id": "000150606001", "name": "Redange/Attert, Bian" }, "geometry": { "type": "Point", "coordinates": [ 5.88823, 49.764003 ] } },
{ "type": "Feature", "properties": { "stop_id": "000150606003", "name": "Redange/Attert, Gare" }, "geometry": { "type": "Point", "coordinates": [ 5.882178, 49.76461 ] } },
{ "type": "Feature", "properties": { "stop_id": "000150606004", "name": "Redange/Attert, Gemeng" }, "geometry": { "type": "Point", "coordinates": [ 5.888655, 49.764317 ] } },
{ "type": "Feature", "properties": { "stop_id": "000150606005", "name": "Redange/Attert, Lycée Atert" }, "geometry": { "type": "Point", "coordinates": [ 5.898489, 49.769529 ] } },
{ "type": "Feature", "properties": { "stop_id": "000150606006", "name": "Redange/Attert, Noojhemerstrooss" }, "geometry": { "type": "Point", "coordinates": [ 5.878064, 49.767891 ] } },
{ "type": "Feature", "properties": { "stop_id": "000150606007", "name": "Redange/Attert, Osperstrooss" }, "geometry": { "type": "Point", "coordinates": [ 5.8895, 49.764996 ] } },
{ "type": "Feature", "properties": { "stop_id": "000150606008", "name": "Redange/Attert, Schleisschen" }, "geometry": { "type": "Point", "coordinates": [ 5.894927, 49.762937 ] } },
{ "type": "Feature", "properties": { "stop_id": "000150606009", "name": "Redange/Attert, Schock" }, "geometry": { "type": "Point", "coordinates": [ 5.895402, 49.765893 ] } },
{ "type": "Feature", "properties": { "stop_id": "000150606010", "name": "Redange/Attert, Solupla" }, "geometry": { "type": "Point", "coordinates": [ 5.894384, 49.759862 ] } },
{ "type": "Feature", "properties": { "stop_id": "000150607001", "name": "Reichlange, Hostellerie" }, "geometry": { "type": "Point", "coordinates": [ 5.92553, 49.7756 ] } },
{ "type": "Feature", "properties": { "stop_id": "000150607002", "name": "Reichlange, Molkerei" }, "geometry": { "type": "Point", "coordinates": [ 5.925605, 49.772348 ] } },
{ "type": "Feature", "properties": { "stop_id": "000150607003", "name": "Reichlange, Seif" }, "geometry": { "type": "Point", "coordinates": [ 5.92477, 49.77554 ] } },
{ "type": "Feature", "properties": { "stop_id": "000150607004", "name": "Reichlange, Distillerie" }, "geometry": { "type": "Point", "coordinates": [ 5.92486, 49.77501 ] } },
{ "type": "Feature", "properties": { "stop_id": "000150607005", "name": "Reichlange, Bréck" }, "geometry": { "type": "Point", "coordinates": [ 5.92541, 49.77484 ] } },
{ "type": "Feature", "properties": { "stop_id": "000150701001", "name": "Calmus, Lannekneppchen" }, "geometry": { "type": "Point", "coordinates": [ 5.960935, 49.72159 ] } },
{ "type": "Feature", "properties": { "stop_id": "000150701003", "name": "Calmus, Wäschbur" }, "geometry": { "type": "Point", "coordinates": [ 5.963016, 49.724957 ] } },
{ "type": "Feature", "properties": { "stop_id": "000150701004", "name": "Calmus, Titzebierg" }, "geometry": { "type": "Point", "coordinates": [ 5.966244, 49.727992 ] } },
{ "type": "Feature", "properties": { "stop_id": "000150702001", "name": "Ehner, Kapell" }, "geometry": { "type": "Point", "coordinates": [ 5.948158, 49.717187 ] } },
{ "type": "Feature", "properties": { "stop_id": "000150702002", "name": "Ehner, Krier" }, "geometry": { "type": "Point", "coordinates": [ 5.95041, 49.717462 ] } },
{ "type": "Feature", "properties": { "stop_id": "000150703001", "name": "Kapweiler, Kapell" }, "geometry": { "type": "Point", "coordinates": [ 5.968617, 49.739107 ] } },
{ "type": "Feature", "properties": { "stop_id": "000150703002", "name": "Kapweiler, Lavandier" }, "geometry": { "type": "Point", "coordinates": [ 5.964507, 49.740466 ] } },
{ "type": "Feature", "properties": { "stop_id": "000150704002", "name": "Saeul, Kiëm" }, "geometry": { "type": "Point", "coordinates": [ 5.986972, 49.726514 ] } },
{ "type": "Feature", "properties": { "stop_id": "000150704003", "name": "Saeul, Gemeng" }, "geometry": { "type": "Point", "coordinates": [ 5.98598, 49.726614 ] } },
{ "type": "Feature", "properties": { "stop_id": "000150705001", "name": "Schwebach, Am Duerf" }, "geometry": { "type": "Point", "coordinates": [ 5.970703, 49.745586 ] } },
{ "type": "Feature", "properties": { "stop_id": "000150705002", "name": "Schwebach, Pont P&R" }, "geometry": { "type": "Point", "coordinates": [ 5.973976, 49.747578 ] } },
{ "type": "Feature", "properties": { "stop_id": "000150802001", "name": "Rippweiler, Beim Nössert" }, "geometry": { "type": "Point", "coordinates": [ 5.95572, 49.751103 ] } },
{ "type": "Feature", "properties": { "stop_id": "000150803001", "name": "Schandel, Kiirch" }, "geometry": { "type": "Point", "coordinates": [ 5.974985, 49.791864 ] } },
{ "type": "Feature", "properties": { "stop_id": "000150803002", "name": "Schandel, Kreizung" }, "geometry": { "type": "Point", "coordinates": [ 5.971505, 49.790328 ] } },
{ "type": "Feature", "properties": { "stop_id": "000150803003", "name": "Schandel, Viichtenerstrooss" }, "geometry": { "type": "Point", "coordinates": [ 5.977925, 49.792199 ] } },
{ "type": "Feature", "properties": { "stop_id": "000150804001", "name": "Useldange, Beim Gärdner" }, "geometry": { "type": "Point", "coordinates": [ 5.977436, 49.764774 ] } },
{ "type": "Feature", "properties": { "stop_id": "000150804002", "name": "Useldange, Beim Priorat" }, "geometry": { "type": "Point", "coordinates": [ 5.981864, 49.770974 ] } },
{ "type": "Feature", "properties": { "stop_id": "000150804003", "name": "Useldange, Bei der Buerg" }, "geometry": { "type": "Point", "coordinates": [ 5.980595, 49.770144 ] } },
{ "type": "Feature", "properties": { "stop_id": "000150805002", "name": "Everlange, Everléngermillen" }, "geometry": { "type": "Point", "coordinates": [ 5.938053, 49.777256 ] } },
{ "type": "Feature", "properties": { "stop_id": "000150805003", "name": "Everlange, Beim Engel" }, "geometry": { "type": "Point", "coordinates": [ 5.953282, 49.77549 ] } },
{ "type": "Feature", "properties": { "stop_id": "000150901001", "name": "Michelbouch, Michelbouch" }, "geometry": { "type": "Point", "coordinates": [ 6.018715, 49.818749 ] } },
{ "type": "Feature", "properties": { "stop_id": "000150902003", "name": "Vichten, Bäerig" }, "geometry": { "type": "Point", "coordinates": [ 5.997628, 49.800421 ] } },
{ "type": "Feature", "properties": { "stop_id": "000150902004", "name": "Vichten, Gemeng" }, "geometry": { "type": "Point", "coordinates": [ 5.994247, 49.804133 ] } },
{ "type": "Feature", "properties": { "stop_id": "000150902005", "name": "Vichten, Hemeschbaach" }, "geometry": { "type": "Point", "coordinates": [ 6.007228, 49.801467 ] } },
{ "type": "Feature", "properties": { "stop_id": "000150902006", "name": "Vichten, Ohligsfeld" }, "geometry": { "type": "Point", "coordinates": [ 6.001975, 49.802546 ] } },
{ "type": "Feature", "properties": { "stop_id": "000150902007", "name": "Vichten, Schoul" }, "geometry": { "type": "Point", "coordinates": [ 5.999644, 49.802815 ] } },
{ "type": "Feature", "properties": { "stop_id": "000150902008", "name": "Vichten, Useldengerstrooss" }, "geometry": { "type": "Point", "coordinates": [ 5.998017, 49.801148 ] } },
{ "type": "Feature", "properties": { "stop_id": "000151002001", "name": "Buschrodt, Buschrodt" }, "geometry": { "type": "Point", "coordinates": [ 5.934515, 49.826036 ] } },
{ "type": "Feature", "properties": { "stop_id": "000151002002", "name": "Buschrodt, Schoul" }, "geometry": { "type": "Point", "coordinates": [ 5.932955, 49.826534 ] } },
{ "type": "Feature", "properties": { "stop_id": "000151003001", "name": "Grevels, Eneschten Eck" }, "geometry": { "type": "Point", "coordinates": [ 5.919065, 49.857405 ] } },
{ "type": "Feature", "properties": { "stop_id": "000151003002", "name": "Grevels, Ieweschten Eck" }, "geometry": { "type": "Point", "coordinates": [ 5.909777, 49.849652 ] } },
{ "type": "Feature", "properties": { "stop_id": "000151003003", "name": "Grevels, Zentrum" }, "geometry": { "type": "Point", "coordinates": [ 5.917236, 49.85414 ] } },
{ "type": "Feature", "properties": { "stop_id": "000151004001", "name": "Heispelt, Heeschpelt" }, "geometry": { "type": "Point", "coordinates": [ 5.882064, 49.854771 ] } },
{ "type": "Feature", "properties": { "stop_id": "000151005001", "name": "Kuborn, Kuborn" }, "geometry": { "type": "Point", "coordinates": [ 5.901645, 49.869979 ] } },
{ "type": "Feature", "properties": { "stop_id": "000151006001", "name": "Wahl, Gemeng" }, "geometry": { "type": "Point", "coordinates": [ 5.904061, 49.835479 ] } },
{ "type": "Feature", "properties": { "stop_id": "000151006002", "name": "Wahl, Kinnikshaff" }, "geometry": { "type": "Point", "coordinates": [ 5.910564, 49.840124 ] } },
{ "type": "Feature", "properties": { "stop_id": "000151009001", "name": "Dellen, Am Duerf" }, "geometry": { "type": "Point", "coordinates": [ 5.958648, 49.858648 ] } },
{ "type": "Feature", "properties": { "stop_id": "000151010001", "name": "Grosbous, Beim Iwwerlaf" }, "geometry": { "type": "Point", "coordinates": [ 5.960909, 49.829435 ] } },
{ "type": "Feature", "properties": { "stop_id": "000151010002", "name": "Grosbous, Kiircheplaz" }, "geometry": { "type": "Point", "coordinates": [ 5.965243, 49.826234 ] } },
{ "type": "Feature", "properties": { "stop_id": "000151010003", "name": "Grosbous, Kiirfënt" }, "geometry": { "type": "Point", "coordinates": [ 5.968109, 49.825247 ] } },
{ "type": "Feature", "properties": { "stop_id": "000151010004", "name": "Grosbous, Op der Baach" }, "geometry": { "type": "Point", "coordinates": [ 5.965947, 49.82817 ] } },
{ "type": "Feature", "properties": { "stop_id": "000151010005", "name": "Grosbous, Police" }, "geometry": { "type": "Point", "coordinates": [ 5.967888, 49.829887 ] } },
{ "type": "Feature", "properties": { "stop_id": "000151010006", "name": "Grosbous, Sprëtzenhaus" }, "geometry": { "type": "Point", "coordinates": [ 5.966237, 49.826624 ] } },
{ "type": "Feature", "properties": { "stop_id": "000151011001", "name": "Lehrhof, Mieswee" }, "geometry": { "type": "Point", "coordinates": [ 5.946183, 49.855715 ] } },
{ "type": "Feature", "properties": { "stop_id": "000160101002", "name": "Bissen, Kräizung" }, "geometry": { "type": "Point", "coordinates": [ 6.063262, 49.789098 ] } },
{ "type": "Feature", "properties": { "stop_id": "000160101003", "name": "Bissen, Geiwels" }, "geometry": { "type": "Point", "coordinates": [ 6.071752, 49.791841 ] } },
{ "type": "Feature", "properties": { "stop_id": "000160101004", "name": "Bissen, Kiirch" }, "geometry": { "type": "Point", "coordinates": [ 6.066613, 49.787693 ] } },
{ "type": "Feature", "properties": { "stop_id": "000160101005", "name": "Bissen, Op der Millen" }, "geometry": { "type": "Point", "coordinates": [ 6.074624, 49.79503 ] } },
{ "type": "Feature", "properties": { "stop_id": "000160101006", "name": "Bissen, Henckels" }, "geometry": { "type": "Point", "coordinates": [ 6.064609, 49.789649 ] } },
{ "type": "Feature", "properties": { "stop_id": "000160101008", "name": "Bissen, Um Sand" }, "geometry": { "type": "Point", "coordinates": [ 6.059602, 49.787479 ] } },
{ "type": "Feature", "properties": { "stop_id": "000160101009", "name": "Bissen, Z.A.C. Klengbousbierg" }, "geometry": { "type": "Point", "coordinates": [ 6.086842, 49.788451 ] } },
{ "type": "Feature", "properties": { "stop_id": "000160101010", "name": "Bissen, Innovation Campus" }, "geometry": { "type": "Point", "coordinates": [ 6.083223, 49.78629 ] } },
{ "type": "Feature", "properties": { "stop_id": "000160101011", "name": "Bissen, Beim Maes" }, "geometry": { "type": "Point", "coordinates": [ 6.071448, 49.787424 ] } },
{ "type": "Feature", "properties": { "stop_id": "000160101012", "name": "Bissen, Beim Steekräiz" }, "geometry": { "type": "Point", "coordinates": [ 6.077465, 49.785443 ] } },
{ "type": "Feature", "properties": { "stop_id": "000160102001", "name": "Roost (Bissen), Mold Plant" }, "geometry": { "type": "Point", "coordinates": [ 6.098836, 49.794208 ] } },
{ "type": "Feature", "properties": { "stop_id": "000160102002", "name": "Roost (Bissen), Rouscht" }, "geometry": { "type": "Point", "coordinates": [ 6.092926, 49.786459 ] } },
{ "type": "Feature", "properties": { "stop_id": "000160102003", "name": "Roost (Bissen), Am Seif" }, "geometry": { "type": "Point", "coordinates": [ 6.088602, 49.779964 ] } },
{ "type": "Feature", "properties": { "stop_id": "000160201002", "name": "Boevange-sur-Attert, Millen" }, "geometry": { "type": "Point", "coordinates": [ 6.01457, 49.777175 ] } },
{ "type": "Feature", "properties": { "stop_id": "000160201003", "name": "Boevange-sur-Attert, Gare" }, "geometry": { "type": "Point", "coordinates": [ 6.008181, 49.774801 ] } },
{ "type": "Feature", "properties": { "stop_id": "000160201004", "name": "Boevange-sur-Attert, Helpert" }, "geometry": { "type": "Point", "coordinates": [ 6.011026, 49.774869 ] } },
{ "type": "Feature", "properties": { "stop_id": "000160201005", "name": "Boevange-sur-Attert, Lëtschert" }, "geometry": { "type": "Point", "coordinates": [ 6.017791, 49.773193 ] } },
{ "type": "Feature", "properties": { "stop_id": "000160201006", "name": "Boevange-sur-Attert, Uerbelt" }, "geometry": { "type": "Point", "coordinates": [ 6.008852, 49.774646 ] } },
{ "type": "Feature", "properties": { "stop_id": "000160201007", "name": "Boevange-sur-Attert, Beim Wald" }, "geometry": { "type": "Point", "coordinates": [ 6.022237, 49.770545 ] } },
{ "type": "Feature", "properties": { "stop_id": "000160202001", "name": "Brouch (Mersch), Kiercheplaz" }, "geometry": { "type": "Point", "coordinates": [ 6.020308, 49.735197 ] } },
{ "type": "Feature", "properties": { "stop_id": "000160202002", "name": "Brouch (Mersch), Kloeppel" }, "geometry": { "type": "Point", "coordinates": [ 6.030603, 49.738797 ] } },
{ "type": "Feature", "properties": { "stop_id": "000160202003", "name": "Brouch (Mersch), Kneppchen" }, "geometry": { "type": "Point", "coordinates": [ 6.017061, 49.741881 ] } },
{ "type": "Feature", "properties": { "stop_id": "000160203001", "name": "Buschdorf, Belle Vue" }, "geometry": { "type": "Point", "coordinates": [ 6.010174, 49.74672 ] } },
{ "type": "Feature", "properties": { "stop_id": "000160203002", "name": "Buschdorf, Helpërtwee" }, "geometry": { "type": "Point", "coordinates": [ 6.012172, 49.751154 ] } },
{ "type": "Feature", "properties": { "stop_id": "000160203003", "name": "Buschdorf, Määschhaff" }, "geometry": { "type": "Point", "coordinates": [ 6.00688, 49.750219 ] } },
{ "type": "Feature", "properties": { "stop_id": "000160204001", "name": "Openthalt, Finsterthal" }, "geometry": { "type": "Point", "coordinates": [ 6.035626, 49.75401 ] } },
{ "type": "Feature", "properties": { "stop_id": "000160204002", "name": "Openthalt, Openthalt" }, "geometry": { "type": "Point", "coordinates": [ 6.035469, 49.751066 ] } },
{ "type": "Feature", "properties": { "stop_id": "000160205002", "name": "Grevenknapp, Riesenhaff" }, "geometry": { "type": "Point", "coordinates": [ 6.031765, 49.762896 ] } },
{ "type": "Feature", "properties": { "stop_id": "000160205003", "name": "Grevenknapp, Um ënnschte Knapp" }, "geometry": { "type": "Point", "coordinates": [ 6.028416, 49.76546 ] } },
{ "type": "Feature", "properties": { "stop_id": "000160206001", "name": "Tuntange, Duerf" }, "geometry": { "type": "Point", "coordinates": [ 6.00968, 49.716728 ] } },
{ "type": "Feature", "properties": { "stop_id": "000160206002", "name": "Tuntange, Kiirch" }, "geometry": { "type": "Point", "coordinates": [ 6.009318, 49.718143 ] } },
{ "type": "Feature", "properties": { "stop_id": "000160206003", "name": "Tuntange, Knupp" }, "geometry": { "type": "Point", "coordinates": [ 6.01604, 49.716433 ] } },
{ "type": "Feature", "properties": { "stop_id": "000160206004", "name": "Tuntange, Sëllerstrooss" }, "geometry": { "type": "Point", "coordinates": [ 6.004507, 49.719661 ] } },
{ "type": "Feature", "properties": { "stop_id": "000160206005", "name": "Tuntange, Weisserchen" }, "geometry": { "type": "Point", "coordinates": [ 6.012724, 49.713157 ] } },
{ "type": "Feature", "properties": { "stop_id": "000160206006", "name": "Tuntange, Al Schoul" }, "geometry": { "type": "Point", "coordinates": [ 6.008828, 49.718418 ] } },
{ "type": "Feature", "properties": { "stop_id": "000160206008", "name": "Tuntange, Gemeng" }, "geometry": { "type": "Point", "coordinates": [ 6.010571, 49.718049 ] } },
{ "type": "Feature", "properties": { "stop_id": "000160207001", "name": "Marienthal, Marienthal" }, "geometry": { "type": "Point", "coordinates": [ 6.059283, 49.710318 ] } },
{ "type": "Feature", "properties": { "stop_id": "000160208001", "name": "Ansembourg, Kapell" }, "geometry": { "type": "Point", "coordinates": [ 6.040834, 49.702331 ] } },
{ "type": "Feature", "properties": { "stop_id": "000160210001", "name": "Hollenfels, Schoul" }, "geometry": { "type": "Point", "coordinates": [ 6.048169, 49.71274 ] } },
{ "type": "Feature", "properties": { "stop_id": "000160210002", "name": "Hollenfels, Veräinsbau" }, "geometry": { "type": "Point", "coordinates": [ 6.050528, 49.714693 ] } },
{ "type": "Feature", "properties": { "stop_id": "000160211001", "name": "Hollenfels, Kuelbecherhaff" }, "geometry": { "type": "Point", "coordinates": [ 6.062256, 49.71784 ] } },
{ "type": "Feature", "properties": { "stop_id": "000160301001", "name": "Colmar-Berg, C. Administratif" }, "geometry": { "type": "Point", "coordinates": [ 6.091192, 49.803796 ] } },
{ "type": "Feature", "properties": { "stop_id": "000160301002", "name": "Colmar-Berg, Centre" }, "geometry": { "type": "Point", "coordinates": [ 6.097169, 49.811917 ] } },
{ "type": "Feature", "properties": { "stop_id": "000160301003", "name": "Colmar-Berg, Faubourg" }, "geometry": { "type": "Point", "coordinates": [ 6.095122, 49.805932 ] } },
{ "type": "Feature", "properties": { "stop_id": "000160301005", "name": "Colmar-Berg, Goldbierg" }, "geometry": { "type": "Point", "coordinates": [ 6.096215, 49.810114 ] } },
{ "type": "Feature", "properties": { "stop_id": "000160301006", "name": "Colmar-Berg, Raedelsboesch" }, "geometry": { "type": "Point", "coordinates": [ 6.09796, 49.796713 ] } },
{ "type": "Feature", "properties": { "stop_id": "000160301007", "name": "Colmar-Berg, Usines" }, "geometry": { "type": "Point", "coordinates": [ 6.091963, 49.80483 ] } },
{ "type": "Feature", "properties": { "stop_id": "000160301009", "name": "Colmar-Berg, Z.I. Jean Piret" }, "geometry": { "type": "Point", "coordinates": [ 6.103172, 49.804052 ] } },
{ "type": "Feature", "properties": { "stop_id": "000160301011", "name": "Colmar-Berg, rue d'Ettelbruck" }, "geometry": { "type": "Point", "coordinates": [ 6.097829, 49.81282 ] } },
{ "type": "Feature", "properties": { "stop_id": "000160301014", "name": "Colmar-Berg, place Pemmers" }, "geometry": { "type": "Point", "coordinates": [ 6.086954, 49.813936 ] } },
{ "type": "Feature", "properties": { "stop_id": "000160301015", "name": "Colmar-Berg, rue Martzen 1" }, "geometry": { "type": "Point", "coordinates": [ 6.086758, 49.818277 ] } },
{ "type": "Feature", "properties": { "stop_id": "000160301016", "name": "Colmar-Berg, rue Martzen 2" }, "geometry": { "type": "Point", "coordinates": [ 6.086375, 49.816503 ] } },
{ "type": "Feature", "properties": { "stop_id": "000160301017", "name": "Colmar-Berg, Z.I. Rond-Point" }, "geometry": { "type": "Point", "coordinates": [ 6.102094, 49.805806 ] } },
{ "type": "Feature", "properties": { "stop_id": "000160301018", "name": "Colmar-Berg, Piscine" }, "geometry": { "type": "Point", "coordinates": [ 6.093292, 49.811528 ] } },
{ "type": "Feature", "properties": { "stop_id": "000160301020", "name": "Colmar-Berg, rue de l'Alzette" }, "geometry": { "type": "Point", "coordinates": [ 6.098032, 49.812794 ] } },
{ "type": "Feature", "properties": { "stop_id": "000160302013", "name": "Welsdorf, rue des Champs" }, "geometry": { "type": "Point", "coordinates": [ 6.091795, 49.817414 ] } },
{ "type": "Feature", "properties": { "stop_id": "000160401001", "name": "Angelsberg, Paafendall" }, "geometry": { "type": "Point", "coordinates": [ 6.160024, 49.762552 ] } },
{ "type": "Feature", "properties": { "stop_id": "000160402003", "name": "Fischbach (Mersch), Beim Schlass" }, "geometry": { "type": "Point", "coordinates": [ 6.188533, 49.746722 ] } },
{ "type": "Feature", "properties": { "stop_id": "000160403001", "name": "Fischbach (Mersch), Op der Schmët" }, "geometry": { "type": "Point", "coordinates": [ 6.204743, 49.751477 ] } },
{ "type": "Feature", "properties": { "stop_id": "000160404001", "name": "Schoos, Um Hiervel" }, "geometry": { "type": "Point", "coordinates": [ 6.169654, 49.751569 ] } },
{ "type": "Feature", "properties": { "stop_id": "000160405002", "name": "Koedange, Koedange" }, "geometry": { "type": "Point", "coordinates": [ 6.209017, 49.73391 ] } },
{ "type": "Feature", "properties": { "stop_id": "000160501001", "name": "Heffingen, Al Gemeng" }, "geometry": { "type": "Point", "coordinates": [ 6.240312, 49.769529 ] } },
{ "type": "Feature", "properties": { "stop_id": "000160501002", "name": "Heffingen, Centre" }, "geometry": { "type": "Point", "coordinates": [ 6.239935, 49.770426 ] } },
{ "type": "Feature", "properties": { "stop_id": "000160501003", "name": "Heffingen, Rue de Christnach" }, "geometry": { "type": "Point", "coordinates": [ 6.244564, 49.770917 ] } },
{ "type": "Feature", "properties": { "stop_id": "000160501004", "name": "Heffingen, Thommes" }, "geometry": { "type": "Point", "coordinates": [ 6.241554, 49.763186 ] } },
{ "type": "Feature", "properties": { "stop_id": "000160501005", "name": "Heffingen, Soup" }, "geometry": { "type": "Point", "coordinates": [ 6.230006, 49.767192 ] } },
{ "type": "Feature", "properties": { "stop_id": "000160501006", "name": "Heffingen, Abri (Centre)" }, "geometry": { "type": "Point", "coordinates": [ 6.239712, 49.770296 ] } },
{ "type": "Feature", "properties": { "stop_id": "000160502001", "name": "Reuland, Reuland" }, "geometry": { "type": "Point", "coordinates": [ 6.260671, 49.75217 ] } },
{ "type": "Feature", "properties": { "stop_id": "000160601001", "name": "Larochette, Bleech" }, "geometry": { "type": "Point", "coordinates": [ 6.220373, 49.784309 ] } },
{ "type": "Feature", "properties": { "stop_id": "000160601002", "name": "Larochette, Boltgesteen" }, "geometry": { "type": "Point", "coordinates": [ 6.214274, 49.785625 ] } },
{ "type": "Feature", "properties": { "stop_id": "000160601004", "name": "Larochette, Hangelsbour" }, "geometry": { "type": "Point", "coordinates": [ 6.204505, 49.786935 ] } },
{ "type": "Feature", "properties": { "stop_id": "000160601005", "name": "Larochette, Leedebach" }, "geometry": { "type": "Point", "coordinates": [ 6.219342, 49.789244 ] } },
{ "type": "Feature", "properties": { "stop_id": "000160601006", "name": "Larochette, Millewee" }, "geometry": { "type": "Point", "coordinates": [ 6.218651, 49.781508 ] } },
{ "type": "Feature", "properties": { "stop_id": "000160601007", "name": "Larochette, Pompjeesbau" }, "geometry": { "type": "Point", "coordinates": [ 6.218256, 49.7816 ] } },
{ "type": "Feature", "properties": { "stop_id": "000160601008", "name": "Larochette, Spuerkeess" }, "geometry": { "type": "Point", "coordinates": [ 6.219613, 49.784135 ] } },
{ "type": "Feature", "properties": { "stop_id": "000160601009", "name": "Larochette, Goudelt" }, "geometry": { "type": "Point", "coordinates": [ 6.181264, 49.781309 ] } },
{ "type": "Feature", "properties": { "stop_id": "000160602001", "name": "Ernzen, Kapell" }, "geometry": { "type": "Point", "coordinates": [ 6.221182, 49.772272 ] } },
{ "type": "Feature", "properties": { "stop_id": "000160602002", "name": "Ernzen, Manzebach" }, "geometry": { "type": "Point", "coordinates": [ 6.219201, 49.777025 ] } },
{ "type": "Feature", "properties": { "stop_id": "000160603001", "name": "Heffingen, Schierfemillen" }, "geometry": { "type": "Point", "coordinates": [ 6.231437, 49.782222 ] } },
{ "type": "Feature", "properties": { "stop_id": "000160701001", "name": "Gosseldange, Kapell" }, "geometry": { "type": "Point", "coordinates": [ 6.115627, 49.726226 ] } },
{ "type": "Feature", "properties": { "stop_id": "000160701002", "name": "Gosseldange, Route de Schoenfels" }, "geometry": { "type": "Point", "coordinates": [ 6.114567, 49.728069 ] } },
{ "type": "Feature", "properties": { "stop_id": "000160701003", "name": "Gosseldange, Vor Bell" }, "geometry": { "type": "Point", "coordinates": [ 6.116312, 49.722393 ] } },
{ "type": "Feature", "properties": { "stop_id": "000160701004", "name": "Gosseldange, Op der Uelzechtbréck" }, "geometry": { "type": "Point", "coordinates": [ 6.118942, 49.719889 ] } },
{ "type": "Feature", "properties": { "stop_id": "000160702001", "name": "Lintgen, An der Kléck" }, "geometry": { "type": "Point", "coordinates": [ 6.127866, 49.714247 ] } },
{ "type": "Feature", "properties": { "stop_id": "000160702002", "name": "Lintgen, Gare" }, "geometry": { "type": "Point", "coordinates": [ 6.123084, 49.720684 ] } },
{ "type": "Feature", "properties": { "stop_id": "000160702003", "name": "Lintgen, Kräizung" }, "geometry": { "type": "Point", "coordinates": [ 6.125116, 49.720348 ] } },
{ "type": "Feature", "properties": { "stop_id": "000160703011", "name": "Prettingen, Prettingen" }, "geometry": { "type": "Point", "coordinates": [ 6.119762, 49.718094 ] } },
{ "type": "Feature", "properties": { "stop_id": "000160801001", "name": "Asselscheuer, Uesselscheier" }, "geometry": { "type": "Point", "coordinates": [ 6.171944, 49.690961 ] } },
{ "type": "Feature", "properties": { "stop_id": "000160802001", "name": "Blaschette, Op der Kräizung" }, "geometry": { "type": "Point", "coordinates": [ 6.166297, 49.702527 ] } },
{ "type": "Feature", "properties": { "stop_id": "000160802002", "name": "Blaschette, Kräizung" }, "geometry": { "type": "Point", "coordinates": [ 6.16471, 49.702252 ] } },
{ "type": "Feature", "properties": { "stop_id": "000160802003", "name": "Blaschette, Wormeldenger Strooss" }, "geometry": { "type": "Point", "coordinates": [ 6.166595, 49.699436 ] } },
{ "type": "Feature", "properties": { "stop_id": "000160802004", "name": "Blaschette, Fëschbecherstrooss" }, "geometry": { "type": "Point", "coordinates": [ 6.166871, 49.703142 ] } },
{ "type": "Feature", "properties": { "stop_id": "000160803001", "name": "Bofferdange, Maison de Retraite" }, "geometry": { "type": "Point", "coordinates": [ 6.14038, 49.689402 ] } },
{ "type": "Feature", "properties": { "stop_id": "000160803002", "name": "Bofferdange, Bouferknupp" }, "geometry": { "type": "Point", "coordinates": [ 6.138052, 49.682299 ] } },
{ "type": "Feature", "properties": { "stop_id": "000160804001", "name": "Helmdange, Fautelfiels" }, "geometry": { "type": "Point", "coordinates": [ 6.140924, 49.694127 ] } },
{ "type": "Feature", "properties": { "stop_id": "000160805001", "name": "Hunsdorf, Alsbech" }, "geometry": { "type": "Point", "coordinates": [ 6.13148, 49.696386 ] } },
{ "type": "Feature", "properties": { "stop_id": "000160805002", "name": "Hunsdorf, Bei der Kiirch" }, "geometry": { "type": "Point", "coordinates": [ 6.130127, 49.696636 ] } },
{ "type": "Feature", "properties": { "stop_id": "000160806001", "name": "Asselscheuer, Klingelscheuer" }, "geometry": { "type": "Point", "coordinates": [ 6.167418, 49.692895 ] } },
{ "type": "Feature", "properties": { "stop_id": "000160807001", "name": "Lorentzweiler, Am Duerf" }, "geometry": { "type": "Point", "coordinates": [ 6.14289, 49.701633 ] } },
{ "type": "Feature", "properties": { "stop_id": "000160807002", "name": "Lorentzweiler, Kleck" }, "geometry": { "type": "Point", "coordinates": [ 6.140831, 49.702473 ] } },
{ "type": "Feature", "properties": { "stop_id": "000160807003", "name": "Lorentzweiler, Gare routière" }, "geometry": { "type": "Point", "coordinates": [ 6.140937, 49.698348 ] } },
{ "type": "Feature", "properties": { "stop_id": "000160807004", "name": "Lorentzweiler, rue de Blaschette" }, "geometry": { "type": "Point", "coordinates": [ 6.148177, 49.703092 ] } },
{ "type": "Feature", "properties": { "stop_id": "000160807006", "name": "Lorentzweiler, Gare" }, "geometry": { "type": "Point", "coordinates": [ 6.140417, 49.698461 ] } },
{ "type": "Feature", "properties": { "stop_id": "000160901001", "name": "Beringen, Wäschbur" }, "geometry": { "type": "Point", "coordinates": [ 6.114671, 49.758261 ] } },
{ "type": "Feature", "properties": { "stop_id": "000160902001", "name": "Rollingen, Blannenheem" }, "geometry": { "type": "Point", "coordinates": [ 6.112963, 49.744544 ] } },
{ "type": "Feature", "properties": { "stop_id": "000160902002", "name": "Rollingen, Fielserstrooss" }, "geometry": { "type": "Point", "coordinates": [ 6.113249, 49.748275 ] } },
{ "type": "Feature", "properties": { "stop_id": "000160902003", "name": "Rollingen, Lëtzebuergerstrooss" }, "geometry": { "type": "Point", "coordinates": [ 6.116287, 49.735822 ] } },
{ "type": "Feature", "properties": { "stop_id": "000160902004", "name": "Rollingen, Veräinsbau" }, "geometry": { "type": "Point", "coordinates": [ 6.113748, 49.741207 ] } },
{ "type": "Feature", "properties": { "stop_id": "000160904001", "name": "Mersch, Gare routière" }, "geometry": { "type": "Point", "coordinates": [ 6.110115, 49.753054 ] } },
{ "type": "Feature", "properties": { "stop_id": "000160904002", "name": "Mersch, Lankheck" }, "geometry": { "type": "Point", "coordinates": [ 6.096823, 49.744926 ] } },
{ "type": "Feature", "properties": { "stop_id": "000160904003", "name": "Mersch, Maartplaz" }, "geometry": { "type": "Point", "coordinates": [ 6.103822, 49.747596 ] } },
{ "type": "Feature", "properties": { "stop_id": "000160904004", "name": "Mersch, Reckenerstrooss" }, "geometry": { "type": "Point", "coordinates": [ 6.097764, 49.751876 ] } },
{ "type": "Feature", "properties": { "stop_id": "000160904005", "name": "Mersch, Stäereplaz" }, "geometry": { "type": "Point", "coordinates": [ 6.106189, 49.750671 ] } },
{ "type": "Feature", "properties": { "stop_id": "000160904006", "name": "Mersch, Uewermiersch" }, "geometry": { "type": "Point", "coordinates": [ 6.09641, 49.742993 ] } },
{ "type": "Feature", "properties": { "stop_id": "000160904007", "name": "Mersch, Lycée Ermesinde" }, "geometry": { "type": "Point", "coordinates": [ 6.111309, 49.755162 ] } },
{ "type": "Feature", "properties": { "stop_id": "000160904008", "name": "Mersch, Mierscherbierg" }, "geometry": { "type": "Point", "coordinates": [ 6.099572, 49.755625 ] } },
{ "type": "Feature", "properties": { "stop_id": "000160904009", "name": "Mersch, Beim Klouschter" }, "geometry": { "type": "Point", "coordinates": [ 6.10301, 49.753342 ] } },
{ "type": "Feature", "properties": { "stop_id": "000160904010", "name": "Mersch, Nic. Welter" }, "geometry": { "type": "Point", "coordinates": [ 6.099967, 49.744318 ] } },
{ "type": "Feature", "properties": { "stop_id": "000160904011", "name": "Mersch, Gare" }, "geometry": { "type": "Point", "coordinates": [ 6.110298, 49.751844 ] } },
{ "type": "Feature", "properties": { "stop_id": "000160904012", "name": "Mersch, Bënzert" }, "geometry": { "type": "Point", "coordinates": [ 6.139377, 49.753308 ] } },
{ "type": "Feature", "properties": { "stop_id": "000160904013", "name": "Mersch, Hunnebour" }, "geometry": { "type": "Point", "coordinates": [ 6.079833, 49.729456 ] } },
{ "type": "Feature", "properties": { "stop_id": "000160904014", "name": "Mersch, Lohr" }, "geometry": { "type": "Point", "coordinates": [ 6.113216, 49.74931 ] } },
{ "type": "Feature", "properties": { "stop_id": "000160905001", "name": "Moesdorf, Kiirch" }, "geometry": { "type": "Point", "coordinates": [ 6.114765, 49.768468 ] } },
{ "type": "Feature", "properties": { "stop_id": "000160906001", "name": "Pettingen, Barriär" }, "geometry": { "type": "Point", "coordinates": [ 6.110226, 49.7687 ] } },
{ "type": "Feature", "properties": { "stop_id": "000160906002", "name": "Pettingen, Beim Schlass" }, "geometry": { "type": "Point", "coordinates": [ 6.107222, 49.770494 ] } },
{ "type": "Feature", "properties": { "stop_id": "000160907001", "name": "Reckange (Mersch), Barriär" }, "geometry": { "type": "Point", "coordinates": [ 6.052528, 49.748249 ] } },
{ "type": "Feature", "properties": { "stop_id": "000160907002", "name": "Reckange (Mersch), Beim Bur" }, "geometry": { "type": "Point", "coordinates": [ 6.08532, 49.752128 ] } },
{ "type": "Feature", "properties": { "stop_id": "000160907003", "name": "Reckange (Mersch), Hosbich" }, "geometry": { "type": "Point", "coordinates": [ 6.076064, 49.75131 ] } },
{ "type": "Feature", "properties": { "stop_id": "000160907004", "name": "Reckange (Mersch), Hunnebourerstr." }, "geometry": { "type": "Point", "coordinates": [ 6.084103, 49.7456 ] } },
{ "type": "Feature", "properties": { "stop_id": "000160907005", "name": "Reckange (Mersch), bei der Schoul" }, "geometry": { "type": "Point", "coordinates": [ 6.080154, 49.747444 ] } },
{ "type": "Feature", "properties": { "stop_id": "000160907006", "name": "Reckange (Mersch), Um neie Lehm" }, "geometry": { "type": "Point", "coordinates": [ 6.083759, 49.751233 ] } },
{ "type": "Feature", "properties": { "stop_id": "000160909001", "name": "Schoenfels, Duerf" }, "geometry": { "type": "Point", "coordinates": [ 6.090008, 49.717757 ] } },
{ "type": "Feature", "properties": { "stop_id": "000160909002", "name": "Schoenfels, Schlass" }, "geometry": { "type": "Point", "coordinates": [ 6.091592, 49.719214 ] } },
{ "type": "Feature", "properties": { "stop_id": "000160910002", "name": "Essingen, Essen" }, "geometry": { "type": "Point", "coordinates": [ 6.116968, 49.777894 ] } },
{ "type": "Feature", "properties": { "stop_id": "000161001002", "name": "Cruchten, Haaptstrooss" }, "geometry": { "type": "Point", "coordinates": [ 6.129306, 49.798986 ] } },
{ "type": "Feature", "properties": { "stop_id": "000161001003", "name": "Cruchten, Heemeschbaach" }, "geometry": { "type": "Point", "coordinates": [ 6.141742, 49.801358 ] } },
{ "type": "Feature", "properties": { "stop_id": "000161001004", "name": "Cruchten, Neistrooss" }, "geometry": { "type": "Point", "coordinates": [ 6.130145, 49.798993 ] } },
{ "type": "Feature", "properties": { "stop_id": "000161001005", "name": "Cruchten, Schléf" }, "geometry": { "type": "Point", "coordinates": [ 6.124079, 49.796998 ] } },
{ "type": "Feature", "properties": { "stop_id": "000161001006", "name": "Cruchten, Zaneschhaff" }, "geometry": { "type": "Point", "coordinates": [ 6.114241, 49.803977 ] } },
{ "type": "Feature", "properties": { "stop_id": "000161001007", "name": "Cruchten, Schlaederhaff" }, "geometry": { "type": "Point", "coordinates": [ 6.123199, 49.803182 ] } },
{ "type": "Feature", "properties": { "stop_id": "000161001008", "name": "Cruchten, Gare" }, "geometry": { "type": "Point", "coordinates": [ 6.120104, 49.796287 ] } },
{ "type": "Feature", "properties": { "stop_id": "000161002001", "name": "Niederglabach, Peffeschhaff" }, "geometry": { "type": "Point", "coordinates": [ 6.156229, 49.791238 ] } },
{ "type": "Feature", "properties": { "stop_id": "000161003001", "name": "Nommern, Griechten" }, "geometry": { "type": "Point", "coordinates": [ 6.175539, 49.797754 ] } },
{ "type": "Feature", "properties": { "stop_id": "000161003002", "name": "Nommern, Bei der Kirch" }, "geometry": { "type": "Point", "coordinates": [ 6.173677, 49.794517 ] } },
{ "type": "Feature", "properties": { "stop_id": "000161003003", "name": "Nommern, Weierwiss" }, "geometry": { "type": "Point", "coordinates": [ 6.17028, 49.793244 ] } },
{ "type": "Feature", "properties": { "stop_id": "000161003004", "name": "Nommern, Aechelbur" }, "geometry": { "type": "Point", "coordinates": [ 6.185191, 49.801495 ] } },
{ "type": "Feature", "properties": { "stop_id": "000161004001", "name": "Oberglabach, Kapell" }, "geometry": { "type": "Point", "coordinates": [ 6.149322, 49.784576 ] } },
{ "type": "Feature", "properties": { "stop_id": "000161004002", "name": "Oberglabach, Am Duerf" }, "geometry": { "type": "Point", "coordinates": [ 6.150312, 49.785624 ] } },
{ "type": "Feature", "properties": { "stop_id": "000161005001", "name": "Schrondweiler, Bei der Schoul" }, "geometry": { "type": "Point", "coordinates": [ 6.15826, 49.805711 ] } },
{ "type": "Feature", "properties": { "stop_id": "000161005002", "name": "Schrondweiler, Um Woes" }, "geometry": { "type": "Point", "coordinates": [ 6.154747, 49.804286 ] } },
{ "type": "Feature", "properties": { "stop_id": "000161109001", "name": "Bour, Bour" }, "geometry": { "type": "Point", "coordinates": [ 6.017761, 49.701033 ] } },
{ "type": "Feature", "properties": { "stop_id": "000170101001", "name": "Beaufort, Aispist" }, "geometry": { "type": "Point", "coordinates": [ 6.289033, 49.840799 ] } },
{ "type": "Feature", "properties": { "stop_id": "000170101002", "name": "Beaufort, Ennescht Heed" }, "geometry": { "type": "Point", "coordinates": [ 6.277693, 49.844934 ] } },
{ "type": "Feature", "properties": { "stop_id": "000170101003", "name": "Beaufort, Härewiss" }, "geometry": { "type": "Point", "coordinates": [ 6.29246, 49.833538 ] } },
{ "type": "Feature", "properties": { "stop_id": "000170101004", "name": "Beaufort, Huelewee" }, "geometry": { "type": "Point", "coordinates": [ 6.296264, 49.83281 ] } },
{ "type": "Feature", "properties": { "stop_id": "000170101005", "name": "Beaufort, Iewescht Heed" }, "geometry": { "type": "Point", "coordinates": [ 6.277376, 49.848158 ] } },
{ "type": "Feature", "properties": { "stop_id": "000170101006", "name": "Beaufort, Op der Gare" }, "geometry": { "type": "Point", "coordinates": [ 6.290743, 49.837091 ] } },
{ "type": "Feature", "properties": { "stop_id": "000170101007", "name": "Beaufort, Reisduerferstrooss" }, "geometry": { "type": "Point", "coordinates": [ 6.284686, 49.846624 ] } },
{ "type": "Feature", "properties": { "stop_id": "000170101008", "name": "Beaufort, Halerstrooss" }, "geometry": { "type": "Point", "coordinates": [ 6.270149, 49.84351 ] } },
{ "type": "Feature", "properties": { "stop_id": "000170101009", "name": "Beaufort, Um Bierg" }, "geometry": { "type": "Point", "coordinates": [ 6.288722, 49.843294 ] } },
{ "type": "Feature", "properties": { "stop_id": "000170102001", "name": "Dillingen, Déiljen" }, "geometry": { "type": "Point", "coordinates": [ 6.319756, 49.852462 ] } },
{ "type": "Feature", "properties": { "stop_id": "000170102002", "name": "Dillingen, Cloosbierg" }, "geometry": { "type": "Point", "coordinates": [ 6.319428, 49.843426 ] } },
{ "type": "Feature", "properties": { "stop_id": "000170104001", "name": "Grundhof, Grondhaff" }, "geometry": { "type": "Point", "coordinates": [ 6.3291, 49.835729 ] } },
{ "type": "Feature", "properties": { "stop_id": "000170104002", "name": "Grundhof, Bei der Ernz" }, "geometry": { "type": "Point", "coordinates": [ 6.330017, 49.83487 ] } },
{ "type": "Feature", "properties": { "stop_id": "000170104003", "name": "Grundhof, Vugelsmillen" }, "geometry": { "type": "Point", "coordinates": [ 6.325441, 49.824234 ] } },
{ "type": "Feature", "properties": { "stop_id": "000170201001", "name": "Altrier, Beim Bildchen" }, "geometry": { "type": "Point", "coordinates": [ 6.327988, 49.752315 ] } },
{ "type": "Feature", "properties": { "stop_id": "000170201002", "name": "Altrier, Heeschbregerwee" }, "geometry": { "type": "Point", "coordinates": [ 6.328329, 49.751872 ] } },
{ "type": "Feature", "properties": { "stop_id": "000170201004", "name": "Altrier, Op der Schanz" }, "geometry": { "type": "Point", "coordinates": [ 6.328232, 49.750344 ] } },
{ "type": "Feature", "properties": { "stop_id": "000170201005", "name": "Altrier, Kreizenhéicht (RN)" }, "geometry": { "type": "Point", "coordinates": [ 6.320565, 49.748709 ] } },
{ "type": "Feature", "properties": { "stop_id": "000170202001", "name": "Bech, Bei der Gemeng" }, "geometry": { "type": "Point", "coordinates": [ 6.362507, 49.751585 ] } },
{ "type": "Feature", "properties": { "stop_id": "000170202002", "name": "Bech, Beim Weiher" }, "geometry": { "type": "Point", "coordinates": [ 6.362286, 49.752286 ] } },
{ "type": "Feature", "properties": { "stop_id": "000170202003", "name": "Bech, Béiwerwiss" }, "geometry": { "type": "Point", "coordinates": [ 6.363712, 49.748264 ] } },
{ "type": "Feature", "properties": { "stop_id": "000170202004", "name": "Bech, Neidierfchen" }, "geometry": { "type": "Point", "coordinates": [ 6.363585, 49.752573 ] } },
{ "type": "Feature", "properties": { "stop_id": "000170202005", "name": "Bech, Um Faubourg" }, "geometry": { "type": "Point", "coordinates": [ 6.359648, 49.752725 ] } },
{ "type": "Feature", "properties": { "stop_id": "000170203001", "name": "Hemstal, Am Ieweschten Duerf" }, "geometry": { "type": "Point", "coordinates": [ 6.338062, 49.741233 ] } },
{ "type": "Feature", "properties": { "stop_id": "000170203002", "name": "Hemstal, Kierch" }, "geometry": { "type": "Point", "coordinates": [ 6.333549, 49.739357 ] } },
{ "type": "Feature", "properties": { "stop_id": "000170204001", "name": "Hersberg, Heeschbreg" }, "geometry": { "type": "Point", "coordinates": [ 6.327633, 49.755897 ] } },
{ "type": "Feature", "properties": { "stop_id": "000170205001", "name": "Rippig, Rippigerkopp" }, "geometry": { "type": "Point", "coordinates": [ 6.309084, 49.74638 ] } },
{ "type": "Feature", "properties": { "stop_id": "000170205002", "name": "Rippig, Rippig" }, "geometry": { "type": "Point", "coordinates": [ 6.322407, 49.738142 ] } },
{ "type": "Feature", "properties": { "stop_id": "000170206001", "name": "Zittig, Kapell" }, "geometry": { "type": "Point", "coordinates": [ 6.342959, 49.74468 ] } },
{ "type": "Feature", "properties": { "stop_id": "000170206002", "name": "Zittig, Moulin" }, "geometry": { "type": "Point", "coordinates": [ 6.343616, 49.735869 ] } },
{ "type": "Feature", "properties": { "stop_id": "000170207001", "name": "Kobenbour, Kobenbour" }, "geometry": { "type": "Point", "coordinates": [ 6.306784, 49.754567 ] } },
{ "type": "Feature", "properties": { "stop_id": "000170301001", "name": "Berdorf, Bif. Heisbich" }, "geometry": { "type": "Point", "coordinates": [ 6.344796, 49.81717 ] } },
{ "type": "Feature", "properties": { "stop_id": "000170301002", "name": "Berdorf, Hotel Herber" }, "geometry": { "type": "Point", "coordinates": [ 6.3526, 49.823485 ] } },
{ "type": "Feature", "properties": { "stop_id": "000170301003", "name": "Berdorf, Hotel Perekop" }, "geometry": { "type": "Point", "coordinates": [ 6.358798, 49.819863 ] } },
{ "type": "Feature", "properties": { "stop_id": "000170301004", "name": "Berdorf, Duerfplaz" }, "geometry": { "type": "Point", "coordinates": [ 6.349881, 49.821965 ] } },
{ "type": "Feature", "properties": { "stop_id": "000170302001", "name": "Bollendorf-Pont, Gare" }, "geometry": { "type": "Point", "coordinates": [ 6.354129, 49.849563 ] } },
{ "type": "Feature", "properties": { "stop_id": "000170302002", "name": "Bollendorf-Pont, Hamicht" }, "geometry": { "type": "Point", "coordinates": [ 6.367936, 49.846901 ] } },
{ "type": "Feature", "properties": { "stop_id": "000170302003", "name": "Bollendorf-Pont, Pont" }, "geometry": { "type": "Point", "coordinates": [ 6.359117, 49.850229 ] } },
{ "type": "Feature", "properties": { "stop_id": "000170304001", "name": "Weilerbach, Laufenwehr" }, "geometry": { "type": "Point", "coordinates": [ 6.376134, 49.839897 ] } },
{ "type": "Feature", "properties": { "stop_id": "000170304002", "name": "Weilerbach, Weilerbach" }, "geometry": { "type": "Point", "coordinates": [ 6.383477, 49.833106 ] } },
{ "type": "Feature", "properties": { "stop_id": "000170305001", "name": "Berdorf, Bif. Kalkesbach" }, "geometry": { "type": "Point", "coordinates": [ 6.343348, 49.800203 ] } },
{ "type": "Feature", "properties": { "stop_id": "000170401001", "name": "Breidweiler, Präitler" }, "geometry": { "type": "Point", "coordinates": [ 6.302853, 49.777396 ] } },
{ "type": "Feature", "properties": { "stop_id": "000170401002", "name": "Breidweiler, Jemenerhaff" }, "geometry": { "type": "Point", "coordinates": [ 6.29927, 49.773589 ] } },
{ "type": "Feature", "properties": { "stop_id": "000170402001", "name": "Consdorf, Op der Gare" }, "geometry": { "type": "Point", "coordinates": [ 6.341105, 49.773145 ] } },
{ "type": "Feature", "properties": { "stop_id": "000170402002", "name": "Consdorf, Haenricht" }, "geometry": { "type": "Point", "coordinates": [ 6.340784, 49.780852 ] } },
{ "type": "Feature", "properties": { "stop_id": "000170402003", "name": "Consdorf, Kräizstrooss" }, "geometry": { "type": "Point", "coordinates": [ 6.347074, 49.782461 ] } },
{ "type": "Feature", "properties": { "stop_id": "000170402004", "name": "Consdorf, Melicksheck" }, "geometry": { "type": "Point", "coordinates": [ 6.345869, 49.787677 ] } },
{ "type": "Feature", "properties": { "stop_id": "000170402005", "name": "Consdorf, Post" }, "geometry": { "type": "Point", "coordinates": [ 6.336905, 49.778548 ] } },
{ "type": "Feature", "properties": { "stop_id": "000170402006", "name": "Consdorf, Schoul" }, "geometry": { "type": "Point", "coordinates": [ 6.337191, 49.779861 ] } },
{ "type": "Feature", "properties": { "stop_id": "000170402007", "name": "Consdorf, Konstrëfermillen" }, "geometry": { "type": "Point", "coordinates": [ 6.327717, 49.778959 ] } },
{ "type": "Feature", "properties": { "stop_id": "000170403001", "name": "Scheidgen, Biweschland" }, "geometry": { "type": "Point", "coordinates": [ 6.368748, 49.785102 ] } },
{ "type": "Feature", "properties": { "stop_id": "000170403002", "name": "Scheidgen, Hotschent" }, "geometry": { "type": "Point", "coordinates": [ 6.354241, 49.78318 ] } },
{ "type": "Feature", "properties": { "stop_id": "000170403003", "name": "Scheidgen, Veräinsbau" }, "geometry": { "type": "Point", "coordinates": [ 6.359021, 49.781643 ] } },
{ "type": "Feature", "properties": { "stop_id": "000170403004", "name": "Scheidgen, Mechelshaff" }, "geometry": { "type": "Point", "coordinates": [ 6.381795, 49.775125 ] } },
{ "type": "Feature", "properties": { "stop_id": "000170403005", "name": "Scheidgen, Rosswinklerhaff" }, "geometry": { "type": "Point", "coordinates": [ 6.372439, 49.769884 ] } },
{ "type": "Feature", "properties": { "stop_id": "000170404001", "name": "Wolper, Wolpert" }, "geometry": { "type": "Point", "coordinates": [ 6.352086, 49.762826 ] } },
{ "type": "Feature", "properties": { "stop_id": "000170405005", "name": "Colbette, Colbette" }, "geometry": { "type": "Point", "coordinates": [ 6.303923, 49.76884 ] } },
{ "type": "Feature", "properties": { "stop_id": "000170501002", "name": "Echternach, Bel-Air" }, "geometry": { "type": "Point", "coordinates": [ 6.394862, 49.819853 ] } },
{ "type": "Feature", "properties": { "stop_id": "000170501003", "name": "Echternach, Belle Vue" }, "geometry": { "type": "Point", "coordinates": [ 6.415876, 49.810736 ] } },
{ "type": "Feature", "properties": { "stop_id": "000170501004", "name": "Echternach, Centre de secours" }, "geometry": { "type": "Point", "coordinates": [ 6.411135, 49.808285 ] } },
{ "type": "Feature", "properties": { "stop_id": "000170501005", "name": "Echternach, Centre Ville" }, "geometry": { "type": "Point", "coordinates": [ 6.418945, 49.811806 ] } },
{ "type": "Feature", "properties": { "stop_id": "000170501006", "name": "Echternach, Charly's Halt" }, "geometry": { "type": "Point", "coordinates": [ 6.415635, 49.810378 ] } },
{ "type": "Feature", "properties": { "stop_id": "000170501007", "name": "Echternach, Fielsmillen" }, "geometry": { "type": "Point", "coordinates": [ 6.406146, 49.818128 ] } },
{ "type": "Feature", "properties": { "stop_id": "000170501009", "name": "Echternach, Lycée" }, "geometry": { "type": "Point", "coordinates": [ 6.424668, 49.813104 ] } },
{ "type": "Feature", "properties": { "stop_id": "000170501010", "name": "Echternach, Manertchen" }, "geometry": { "type": "Point", "coordinates": [ 6.453078, 49.799318 ] } },
{ "type": "Feature", "properties": { "stop_id": "000170501011", "name": "Echternach, Morgenstern" }, "geometry": { "type": "Point", "coordinates": [ 6.42488, 49.810055 ] } },
{ "type": "Feature", "properties": { "stop_id": "000170501012", "name": "Echternach, Nonnenmillen-Lac" }, "geometry": { "type": "Point", "coordinates": [ 6.405802, 49.805883 ] } },
{ "type": "Feature", "properties": { "stop_id": "000170501014", "name": "Echternach, Route d'Osweiler" }, "geometry": { "type": "Point", "coordinates": [ 6.429626, 49.807531 ] } },
{ "type": "Feature", "properties": { "stop_id": "000170501015", "name": "Echternach, Ste Croix" }, "geometry": { "type": "Point", "coordinates": [ 6.42997, 49.808712 ] } },
{ "type": "Feature", "properties": { "stop_id": "000170501016", "name": "Echternach, Gare Centre" }, "geometry": { "type": "Point", "coordinates": [ 6.417321, 49.81023 ] } },
{ "type": "Feature", "properties": { "stop_id": "000170501018", "name": "Echternach, Ermesinde" }, "geometry": { "type": "Point", "coordinates": [ 6.416112, 49.815245 ] } },
{ "type": "Feature", "properties": { "stop_id": "000170501021", "name": "Echternach, Lauterborn" }, "geometry": { "type": "Point", "coordinates": [ 6.391311, 49.799935 ] } },
{ "type": "Feature", "properties": { "stop_id": "000170501022", "name": "Echternach, Specksmillen" }, "geometry": { "type": "Point", "coordinates": [ 6.396781, 49.802127 ] } },
{ "type": "Feature", "properties": { "stop_id": "000170601001", "name": "Born, Kapell" }, "geometry": { "type": "Point", "coordinates": [ 6.510328, 49.758211 ] } },
{ "type": "Feature", "properties": { "stop_id": "000170601002", "name": "Born, Op der Gare" }, "geometry": { "type": "Point", "coordinates": [ 6.507403, 49.756951 ] } },
{ "type": "Feature", "properties": { "stop_id": "000170601003", "name": "Born, Op Kimmelt" }, "geometry": { "type": "Point", "coordinates": [ 6.514685, 49.767439 ] } },
{ "type": "Feature", "properties": { "stop_id": "000170601004", "name": "Born, Pëtzwee" }, "geometry": { "type": "Point", "coordinates": [ 6.513038, 49.76031 ] } },
{ "type": "Feature", "properties": { "stop_id": "000170601005", "name": "Born, Burer Millen" }, "geometry": { "type": "Point", "coordinates": [ 6.510573, 49.771573 ] } },
{ "type": "Feature", "properties": { "stop_id": "000170602001", "name": "Boursdorf, Am Duerf" }, "geometry": { "type": "Point", "coordinates": [ 6.477856, 49.764078 ] } },
{ "type": "Feature", "properties": { "stop_id": "000170603001", "name": "Givenich, Am Duerf" }, "geometry": { "type": "Point", "coordinates": [ 6.478716, 49.747079 ] } },
{ "type": "Feature", "properties": { "stop_id": "000170603002", "name": "Givenich, Mathias Theisen" }, "geometry": { "type": "Point", "coordinates": [ 6.480208, 49.749401 ] } },
{ "type": "Feature", "properties": { "stop_id": "000170604001", "name": "Herborn, Kiercheplaz" }, "geometry": { "type": "Point", "coordinates": [ 6.427625, 49.747177 ] } },
{ "type": "Feature", "properties": { "stop_id": "000170604002", "name": "Herborn, Hierber Millen" }, "geometry": { "type": "Point", "coordinates": [ 6.424788, 49.740566 ] } },
{ "type": "Feature", "properties": { "stop_id": "000170604004", "name": "Herborn, Haaptstrooss" }, "geometry": { "type": "Point", "coordinates": [ 6.428307, 49.74812 ] } },
{ "type": "Feature", "properties": { "stop_id": "000170605001", "name": "Moersdorf, Duerf" }, "geometry": { "type": "Point", "coordinates": [ 6.501055, 49.74506 ] } },
{ "type": "Feature", "properties": { "stop_id": "000170605002", "name": "Moersdorf, Olek" }, "geometry": { "type": "Point", "coordinates": [ 6.501257, 49.741925 ] } },
{ "type": "Feature", "properties": { "stop_id": "000170605003", "name": "Moersdorf, Iewescht Duerf" }, "geometry": { "type": "Point", "coordinates": [ 6.499524, 49.74421 ] } },
{ "type": "Feature", "properties": { "stop_id": "000170606001", "name": "Osweiler, Duerfplaz" }, "geometry": { "type": "Point", "coordinates": [ 6.440473, 49.785379 ] } },
{ "type": "Feature", "properties": { "stop_id": "000170606002", "name": "Osweiler, Haaptstrooss" }, "geometry": { "type": "Point", "coordinates": [ 6.442835, 49.786681 ] } },
{ "type": "Feature", "properties": { "stop_id": "000170606003", "name": "Osweiler, Pafebierg" }, "geometry": { "type": "Point", "coordinates": [ 6.452579, 49.766611 ] } },
{ "type": "Feature", "properties": { "stop_id": "000170607001", "name": "Mompach, Ieweschtstrooss" }, "geometry": { "type": "Point", "coordinates": [ 6.465878, 49.751951 ] } },
{ "type": "Feature", "properties": { "stop_id": "000170607004", "name": "Mompach, Kléngelbaach" }, "geometry": { "type": "Point", "coordinates": [ 6.462182, 49.753615 ] } },
{ "type": "Feature", "properties": { "stop_id": "000170607005", "name": "Mompach, Buerschdrëferstrooss" }, "geometry": { "type": "Point", "coordinates": [ 6.4629, 49.753415 ] } },
{ "type": "Feature", "properties": { "stop_id": "000170607006", "name": "Mompach, Um Buer" }, "geometry": { "type": "Point", "coordinates": [ 6.464057, 49.752001 ] } },
{ "type": "Feature", "properties": { "stop_id": "000170608001", "name": "Dickweiler, Duerfplaz" }, "geometry": { "type": "Point", "coordinates": [ 6.472484, 49.783115 ] } },
{ "type": "Feature", "properties": { "stop_id": "000170609001", "name": "Girst" }, "geometry": { "type": "Point", "coordinates": [ 6.501725, 49.773348 ] } },
{ "type": "Feature", "properties": { "stop_id": "000170609002", "name": "Girst 2" }, "geometry": { "type": "Point", "coordinates": [ 6.497984, 49.773699 ] } },
{ "type": "Feature", "properties": { "stop_id": "000170610001", "name": "Hinkel, Haaptstrooss" }, "geometry": { "type": "Point", "coordinates": [ 6.514691, 49.782944 ] } },
{ "type": "Feature", "properties": { "stop_id": "000170610002", "name": "Hinkel, Hinkel" }, "geometry": { "type": "Point", "coordinates": [ 6.514187, 49.78388 ] } },
{ "type": "Feature", "properties": { "stop_id": "000170610003", "name": "Hinkel, Schiltzhaus" }, "geometry": { "type": "Point", "coordinates": [ 6.50864, 49.786059 ] } },
{ "type": "Feature", "properties": { "stop_id": "000170611001", "name": "Rosport, Camping" }, "geometry": { "type": "Point", "coordinates": [ 6.502551, 49.808594 ] } },
{ "type": "Feature", "properties": { "stop_id": "000170611002", "name": "Rosport, Centrale Electrique" }, "geometry": { "type": "Point", "coordinates": [ 6.507116, 49.793327 ] } },
{ "type": "Feature", "properties": { "stop_id": "000170611003", "name": "Rosport, Lokal" }, "geometry": { "type": "Point", "coordinates": [ 6.503639, 49.80447 ] } },
{ "type": "Feature", "properties": { "stop_id": "000170611005", "name": "Rosport, Source" }, "geometry": { "type": "Point", "coordinates": [ 6.494152, 49.811345 ] } },
{ "type": "Feature", "properties": { "stop_id": "000170611006", "name": "Rosport, Rue Neuve" }, "geometry": { "type": "Point", "coordinates": [ 6.506439, 49.803541 ] } },
{ "type": "Feature", "properties": { "stop_id": "000170611007", "name": "Rosport, Gemeng" }, "geometry": { "type": "Point", "coordinates": [ 6.498541, 49.804144 ] } },
{ "type": "Feature", "properties": { "stop_id": "000170612001", "name": "Steinheim, An der Uecht" }, "geometry": { "type": "Point", "coordinates": [ 6.476004, 49.818957 ] } },
{ "type": "Feature", "properties": { "stop_id": "000170612002", "name": "Steinheim, Maeleck" }, "geometry": { "type": "Point", "coordinates": [ 6.481992, 49.814221 ] } },
{ "type": "Feature", "properties": { "stop_id": "000170612003", "name": "Steinheim, Spillschoul" }, "geometry": { "type": "Point", "coordinates": [ 6.475182, 49.819524 ] } },
{ "type": "Feature", "properties": { "stop_id": "000170801001", "name": "Christnach, Hierheck" }, "geometry": { "type": "Point", "coordinates": [ 6.269482, 49.787365 ] } },
{ "type": "Feature", "properties": { "stop_id": "000170801002", "name": "Christnach, Schoulstrooss" }, "geometry": { "type": "Point", "coordinates": [ 6.273041, 49.78824 ] } },
{ "type": "Feature", "properties": { "stop_id": "000170801003", "name": "Christnach, Fielserstrooss" }, "geometry": { "type": "Point", "coordinates": [ 6.2665, 49.788127 ] } },
{ "type": "Feature", "properties": { "stop_id": "000170801004", "name": "Christnach, Um Bierg" }, "geometry": { "type": "Point", "coordinates": [ 6.271591, 49.790221 ] } },
{ "type": "Feature", "properties": { "stop_id": "000170802001", "name": "Haller, Beim Basseng" }, "geometry": { "type": "Point", "coordinates": [ 6.284727, 49.817334 ] } },
{ "type": "Feature", "properties": { "stop_id": "000170802002", "name": "Haller, Schoul" }, "geometry": { "type": "Point", "coordinates": [ 6.282711, 49.820122 ] } },
{ "type": "Feature", "properties": { "stop_id": "000170802003", "name": "Haller, Rue des Romains" }, "geometry": { "type": "Point", "coordinates": [ 6.275277, 49.819386 ] } },
{ "type": "Feature", "properties": { "stop_id": "000170802004", "name": "Haller, Beim Park" }, "geometry": { "type": "Point", "coordinates": [ 6.280305, 49.820105 ] } },
{ "type": "Feature", "properties": { "stop_id": "000170803002", "name": "Mullerthal, Mëllerdall" }, "geometry": { "type": "Point", "coordinates": [ 6.306894, 49.790661 ] } },
{ "type": "Feature", "properties": { "stop_id": "000170803003", "name": "Mullerthal, Schiessentümpel (Parking)" }, "geometry": { "type": "Point", "coordinates": [ 6.297304, 49.780713 ] } },
{ "type": "Feature", "properties": { "stop_id": "000170804001", "name": "Waldbillig, Bëlleger Kopp" }, "geometry": { "type": "Point", "coordinates": [ 6.280562, 49.793869 ] } },
{ "type": "Feature", "properties": { "stop_id": "000170804002", "name": "Waldbillig, Gemeng" }, "geometry": { "type": "Point", "coordinates": [ 6.283984, 49.796532 ] } },
{ "type": "Feature", "properties": { "stop_id": "000170804003", "name": "Waldbillig, Michel Rodange" }, "geometry": { "type": "Point", "coordinates": [ 6.285485, 49.796297 ] } },
{ "type": "Feature", "properties": { "stop_id": "000170804004", "name": "Waldbillig, Scheedhaff" }, "geometry": { "type": "Point", "coordinates": [ 6.256601, 49.805719 ] } },
{ "type": "Feature", "properties": { "stop_id": "000170805001", "name": "Freckeisen, Freckeisen" }, "geometry": { "type": "Point", "coordinates": [ 6.25981, 49.801567 ] } },
{ "type": "Feature", "properties": { "stop_id": "000170805002", "name": "Freckeisen, Auf der Kinderdell" }, "geometry": { "type": "Point", "coordinates": [ 6.252559, 49.799202 ] } },
{ "type": "Feature", "properties": { "stop_id": "000180101001", "name": "Betzdorf, Banzelt" }, "geometry": { "type": "Point", "coordinates": [ 6.328692, 49.673254 ] } },
{ "type": "Feature", "properties": { "stop_id": "000180101002", "name": "Betzdorf, Op der Banzelt" }, "geometry": { "type": "Point", "coordinates": [ 6.329338, 49.672904 ] } },
{ "type": "Feature", "properties": { "stop_id": "000180102001", "name": "Berg, Bei der Schmett" }, "geometry": { "type": "Point", "coordinates": [ 6.358296, 49.681716 ] } },
{ "type": "Feature", "properties": { "stop_id": "000180102002", "name": "Berg, Haff Biel" }, "geometry": { "type": "Point", "coordinates": [ 6.351054, 49.679264 ] } },
{ "type": "Feature", "properties": { "stop_id": "000180103001", "name": "Betzdorf, Bei der Schoul" }, "geometry": { "type": "Point", "coordinates": [ 6.348378, 49.687575 ] } },
{ "type": "Feature", "properties": { "stop_id": "000180103002", "name": "Betzdorf, Gare" }, "geometry": { "type": "Point", "coordinates": [ 6.348666, 49.688801 ] } },
{ "type": "Feature", "properties": { "stop_id": "000180104001", "name": "Mensdorf, Ennen am Duerf" }, "geometry": { "type": "Point", "coordinates": [ 6.302446, 49.654584 ] } },
{ "type": "Feature", "properties": { "stop_id": "000180104002", "name": "Mensdorf, Uewen am Duerf" }, "geometry": { "type": "Point", "coordinates": [ 6.30583, 49.653457 ] } },
{ "type": "Feature", "properties": { "stop_id": "000180104003", "name": "Mensdorf, Op den Hoehlerchen" }, "geometry": { "type": "Point", "coordinates": [ 6.303242, 49.658527 ] } },
{ "type": "Feature", "properties": { "stop_id": "000180105001", "name": "Olingen, Am Kéisbierg" }, "geometry": { "type": "Point", "coordinates": [ 6.319829, 49.679296 ] } },
{ "type": "Feature", "properties": { "stop_id": "000180105002", "name": "Olingen, Beim leschte Wollef" }, "geometry": { "type": "Point", "coordinates": [ 6.308473, 49.681834 ] } },
{ "type": "Feature", "properties": { "stop_id": "000180105003", "name": "Olingen, Rue de Rodenbourg" }, "geometry": { "type": "Point", "coordinates": [ 6.314113, 49.6802 ] } },
{ "type": "Feature", "properties": { "stop_id": "000180105004", "name": "Olingen, Centre culturel" }, "geometry": { "type": "Point", "coordinates": [ 6.314862, 49.679959 ] } },
{ "type": "Feature", "properties": { "stop_id": "000180105005", "name": "Olingen, rue de Betzdorf" }, "geometry": { "type": "Point", "coordinates": [ 6.316861, 49.681955 ] } },
{ "type": "Feature", "properties": { "stop_id": "000180106001", "name": "Roodt-sur-Syre, Barriär" }, "geometry": { "type": "Point", "coordinates": [ 6.303655, 49.666072 ] } },
{ "type": "Feature", "properties": { "stop_id": "000180106002", "name": "Roodt-sur-Syre, Campus scolaire" }, "geometry": { "type": "Point", "coordinates": [ 6.298203, 49.663541 ] } },
{ "type": "Feature", "properties": { "stop_id": "000180106003", "name": "Roodt-sur-Syre, Gare routière" }, "geometry": { "type": "Point", "coordinates": [ 6.302724, 49.666148 ] } },
{ "type": "Feature", "properties": { "stop_id": "000180106004", "name": "Roodt-sur-Syre, Hunnemillen" }, "geometry": { "type": "Point", "coordinates": [ 6.305094, 49.666029 ] } },
{ "type": "Feature", "properties": { "stop_id": "000180106005", "name": "Roodt-sur-Syre, Op der Rothoicht" }, "geometry": { "type": "Point", "coordinates": [ 6.28972, 49.660157 ] } },
{ "type": "Feature", "properties": { "stop_id": "000180106006", "name": "Roodt-sur-Syre, Z.I. Rothoicht" }, "geometry": { "type": "Point", "coordinates": [ 6.290944, 49.657796 ] } },
{ "type": "Feature", "properties": { "stop_id": "000180106007", "name": "Roodt-sur-Syre, Bowengsbierg" }, "geometry": { "type": "Point", "coordinates": [ 6.30134, 49.666601 ] } },
{ "type": "Feature", "properties": { "stop_id": "000180106008", "name": "Roodt-sur-Syre, Rue d'Olingen" }, "geometry": { "type": "Point", "coordinates": [ 6.302955, 49.670481 ] } },
{ "type": "Feature", "properties": { "stop_id": "000180106009", "name": "Roodt-sur-Syre, Gare" }, "geometry": { "type": "Point", "coordinates": [ 6.302918, 49.66654 ] } },
{ "type": "Feature", "properties": { "stop_id": "000180201002", "name": "Biwer, Haaptstrooss" }, "geometry": { "type": "Point", "coordinates": [ 6.376147, 49.702423 ] } },
{ "type": "Feature", "properties": { "stop_id": "000180201003", "name": "Biwer, Klosmillen" }, "geometry": { "type": "Point", "coordinates": [ 6.358655, 49.713314 ] } },
{ "type": "Feature", "properties": { "stop_id": "000180201004", "name": "Biwer, Gemeng" }, "geometry": { "type": "Point", "coordinates": [ 6.372676, 49.705604 ] } },
{ "type": "Feature", "properties": { "stop_id": "000180201005", "name": "Biwer, Haaptstrooss 2" }, "geometry": { "type": "Point", "coordinates": [ 6.371513, 49.705971 ] } },
{ "type": "Feature", "properties": { "stop_id": "000180202001", "name": "Boudler, Boudler" }, "geometry": { "type": "Point", "coordinates": [ 6.351271, 49.722109 ] } },
{ "type": "Feature", "properties": { "stop_id": "000180203001", "name": "Boudlerbach, Boudlerbaach" }, "geometry": { "type": "Point", "coordinates": [ 6.352847, 49.71761 ] } },
{ "type": "Feature", "properties": { "stop_id": "000180204001", "name": "Breinert, Breinert" }, "geometry": { "type": "Point", "coordinates": [ 6.342471, 49.711965 ] } },
{ "type": "Feature", "properties": { "stop_id": "000180204002", "name": "Breinert, Breinertknupp" }, "geometry": { "type": "Point", "coordinates": [ 6.335076, 49.71244 ] } },
{ "type": "Feature", "properties": { "stop_id": "000180205001", "name": "Brouch (Wecker), Brouch" }, "geometry": { "type": "Point", "coordinates": [ 6.340877, 49.728613 ] } },
{ "type": "Feature", "properties": { "stop_id": "000180205002", "name": "Brouch (Wecker), Gaerleck" }, "geometry": { "type": "Point", "coordinates": [ 6.347451, 49.731593 ] } },
{ "type": "Feature", "properties": { "stop_id": "000180206001", "name": "Hagelsdorf, Hagelsdorf" }, "geometry": { "type": "Point", "coordinates": [ 6.363542, 49.692103 ] } },
{ "type": "Feature", "properties": { "stop_id": "000180207002", "name": "Wecker, Cobolux" }, "geometry": { "type": "Point", "coordinates": [ 6.383915, 49.694135 ] } },
{ "type": "Feature", "properties": { "stop_id": "000180207003", "name": "Wecker, Eglise" }, "geometry": { "type": "Point", "coordinates": [ 6.387581, 49.695979 ] } },
{ "type": "Feature", "properties": { "stop_id": "000180208001", "name": "Weydig, Weydig" }, "geometry": { "type": "Point", "coordinates": [ 6.330711, 49.717481 ] } },
{ "type": "Feature", "properties": { "stop_id": "000180210001", "name": "Wecker-Gare, An der Schmëtt" }, "geometry": { "type": "Point", "coordinates": [ 6.394557, 49.702941 ] } },
{ "type": "Feature", "properties": { "stop_id": "000180210004", "name": "Wecker-Gare, Gare routière" }, "geometry": { "type": "Point", "coordinates": [ 6.386988, 49.699736 ] } },
{ "type": "Feature", "properties": { "stop_id": "000180210005", "name": "Wecker-Gare, Gare" }, "geometry": { "type": "Point", "coordinates": [ 6.386509, 49.69989 ] } },
{ "type": "Feature", "properties": { "stop_id": "000180210006", "name": "Wecker-Gare, Grousswiss" }, "geometry": { "type": "Point", "coordinates": [ 6.380873, 49.699144 ] } },
{ "type": "Feature", "properties": { "stop_id": "000180301001", "name": "Beyren, An der Fuert" }, "geometry": { "type": "Point", "coordinates": [ 6.33354, 49.632902 ] } },
{ "type": "Feature", "properties": { "stop_id": "000180301002", "name": "Beyren, Op der Bréck" }, "geometry": { "type": "Point", "coordinates": [ 6.335831, 49.629935 ] } },
{ "type": "Feature", "properties": { "stop_id": "000180302001", "name": "Flaxweiler, Buchholz" }, "geometry": { "type": "Point", "coordinates": [ 6.361921, 49.661411 ] } },
{ "type": "Feature", "properties": { "stop_id": "000180302002", "name": "Flaxweiler, Op der Bréck" }, "geometry": { "type": "Point", "coordinates": [ 6.342456, 49.666358 ] } },
{ "type": "Feature", "properties": { "stop_id": "000180302003", "name": "Flaxweiler, Am Faubourg" }, "geometry": { "type": "Point", "coordinates": [ 6.346371, 49.662476 ] } },
{ "type": "Feature", "properties": { "stop_id": "000180302004", "name": "Flaxweiler, Beim Knuppeneck" }, "geometry": { "type": "Point", "coordinates": [ 6.343972, 49.665254 ] } },
{ "type": "Feature", "properties": { "stop_id": "000180304001", "name": "Gostingen, Am Ennerduerf" }, "geometry": { "type": "Point", "coordinates": [ 6.353051, 49.619578 ] } },
{ "type": "Feature", "properties": { "stop_id": "000180304002", "name": "Gostingen, Kiirch" }, "geometry": { "type": "Point", "coordinates": [ 6.353911, 49.622058 ] } },
{ "type": "Feature", "properties": { "stop_id": "000180304003", "name": "Gostingen, Beim Festsall" }, "geometry": { "type": "Point", "coordinates": [ 6.355202, 49.621871 ] } },
{ "type": "Feature", "properties": { "stop_id": "000180305001", "name": "Niederdonven, Beim Festsall" }, "geometry": { "type": "Point", "coordinates": [ 6.404597, 49.636001 ] } },
{ "type": "Feature", "properties": { "stop_id": "000180305002", "name": "Niederdonven, Beim Schmatt" }, "geometry": { "type": "Point", "coordinates": [ 6.409119, 49.635627 ] } },
{ "type": "Feature", "properties": { "stop_id": "000180305003", "name": "Niederdonven, Bei der Kapell" }, "geometry": { "type": "Point", "coordinates": [ 6.402586, 49.634194 ] } },
{ "type": "Feature", "properties": { "stop_id": "000180305004", "name": "Niederdonven, Op der Bréck" }, "geometry": { "type": "Point", "coordinates": [ 6.405591, 49.638446 ] } },
{ "type": "Feature", "properties": { "stop_id": "000180306001", "name": "Oberdonven, Am Duerf" }, "geometry": { "type": "Point", "coordinates": [ 6.399585, 49.649763 ] } },
{ "type": "Feature", "properties": { "stop_id": "000180306002", "name": "Oberdonven, Kierch" }, "geometry": { "type": "Point", "coordinates": [ 6.399466, 49.650885 ] } },
{ "type": "Feature", "properties": { "stop_id": "000180401001", "name": "Grevenmacher, Copal" }, "geometry": { "type": "Point", "coordinates": [ 6.427412, 49.676147 ] } },
{ "type": "Feature", "properties": { "stop_id": "000180401002", "name": "Grevenmacher, Enner der Bréck" }, "geometry": { "type": "Point", "coordinates": [ 6.443593, 49.676782 ] } },
{ "type": "Feature", "properties": { "stop_id": "000180401003", "name": "Grevenmacher, Gare routière" }, "geometry": { "type": "Point", "coordinates": [ 6.446546, 49.680194 ] } },
{ "type": "Feature", "properties": { "stop_id": "000180401004", "name": "Grevenmacher, Jardin des Papillons" }, "geometry": { "type": "Point", "coordinates": [ 6.449081, 49.684053 ] } },
{ "type": "Feature", "properties": { "stop_id": "000180401005", "name": "Grevenmacher, Route de Machtum" }, "geometry": { "type": "Point", "coordinates": [ 6.431293, 49.670522 ] } },
{ "type": "Feature", "properties": { "stop_id": "000180401006", "name": "Grevenmacher, Schoul" }, "geometry": { "type": "Point", "coordinates": [ 6.443551, 49.68264 ] } },
{ "type": "Feature", "properties": { "stop_id": "000180401007", "name": "Grevenmacher, Seidenbroch" }, "geometry": { "type": "Point", "coordinates": [ 6.42117, 49.675042 ] } },
{ "type": "Feature", "properties": { "stop_id": "000180401008", "name": "Grevenmacher, Tanneurs" }, "geometry": { "type": "Point", "coordinates": [ 6.440737, 49.680794 ] } },
{ "type": "Feature", "properties": { "stop_id": "000180401009", "name": "Grevenmacher, Op Flohr" }, "geometry": { "type": "Point", "coordinates": [ 6.447503, 49.6882 ] } },
{ "type": "Feature", "properties": { "stop_id": "000180401010", "name": "Grevenmacher, Schoul 2" }, "geometry": { "type": "Point", "coordinates": [ 6.441686, 49.683065 ] } },
{ "type": "Feature", "properties": { "stop_id": "000180401011", "name": "Grevenmacher, Stadion" }, "geometry": { "type": "Point", "coordinates": [ 6.447668, 49.685842 ] } },
{ "type": "Feature", "properties": { "stop_id": "000180401013", "name": "Grevenmacher, Potaschbierg" }, "geometry": { "type": "Point", "coordinates": [ 6.399521, 49.67756 ] } },
{ "type": "Feature", "properties": { "stop_id": "000180401014", "name": "Grevenmacher, Potaschbierg Z.I." }, "geometry": { "type": "Point", "coordinates": [ 6.394712, 49.679015 ] } },
{ "type": "Feature", "properties": { "stop_id": "000180501001", "name": "Altlinster, Altlinster" }, "geometry": { "type": "Point", "coordinates": [ 6.218125, 49.722116 ] } },
{ "type": "Feature", "properties": { "stop_id": "000180502001", "name": "Beidweiler, Am Duerf" }, "geometry": { "type": "Point", "coordinates": [ 6.301233, 49.728155 ] } },
{ "type": "Feature", "properties": { "stop_id": "000180502002", "name": "Beidweiler, Op der Gare" }, "geometry": { "type": "Point", "coordinates": [ 6.302479, 49.73233 ] } },
{ "type": "Feature", "properties": { "stop_id": "000180503001", "name": "Blumenthal, Blummendall" }, "geometry": { "type": "Point", "coordinates": [ 6.265869, 49.743529 ] } },
{ "type": "Feature", "properties": { "stop_id": "000180504001", "name": "Bourglinster, Am Brill" }, "geometry": { "type": "Point", "coordinates": [ 6.217441, 49.707079 ] } },
{ "type": "Feature", "properties": { "stop_id": "000180504002", "name": "Bourglinster, Am Duerf" }, "geometry": { "type": "Point", "coordinates": [ 6.217713, 49.703394 ] } },
{ "type": "Feature", "properties": { "stop_id": "000180504003", "name": "Bourglinster, Buchholz" }, "geometry": { "type": "Point", "coordinates": [ 6.212067, 49.704007 ] } },
{ "type": "Feature", "properties": { "stop_id": "000180505001", "name": "Eisenborn, Am Duerf" }, "geometry": { "type": "Point", "coordinates": [ 6.184016, 49.69172 ] } },
{ "type": "Feature", "properties": { "stop_id": "000180506001", "name": "Eschweiler (Junglinster), Bei der Kiirch" }, "geometry": { "type": "Point", "coordinates": [ 6.310682, 49.717453 ] } },
{ "type": "Feature", "properties": { "stop_id": "000180507001", "name": "Godbrange, Bei der Kiirch" }, "geometry": { "type": "Point", "coordinates": [ 6.232633, 49.734341 ] } },
{ "type": "Feature", "properties": { "stop_id": "000180507008", "name": "Godbrange, Op der Haerdchen" }, "geometry": { "type": "Point", "coordinates": [ 6.22874, 49.733627 ] } },
{ "type": "Feature", "properties": { "stop_id": "000180508001", "name": "Gonderange, Am Duerf" }, "geometry": { "type": "Point", "coordinates": [ 6.244421, 49.693275 ] } },
{ "type": "Feature", "properties": { "stop_id": "000180508002", "name": "Gonderange, Eeschëlerstrooss" }, "geometry": { "type": "Point", "coordinates": [ 6.25313, 49.692802 ] } },
{ "type": "Feature", "properties": { "stop_id": "000180508003", "name": "Gonderange, Mierchen" }, "geometry": { "type": "Point", "coordinates": [ 6.246811, 49.699653 ] } },
{ "type": "Feature", "properties": { "stop_id": "000180508004", "name": "Gonderange, Op der Bréck" }, "geometry": { "type": "Point", "coordinates": [ 6.242976, 49.69373 ] } },
{ "type": "Feature", "properties": { "stop_id": "000180508005", "name": "Gonderange, Schoul" }, "geometry": { "type": "Point", "coordinates": [ 6.247613, 49.692706 ] } },
{ "type": "Feature", "properties": { "stop_id": "000180508006", "name": "Gonderange, Stohlbour" }, "geometry": { "type": "Point", "coordinates": [ 6.239572, 49.691256 ] } },
{ "type": "Feature", "properties": { "stop_id": "000180508007", "name": "Gonderange, Op der Gare" }, "geometry": { "type": "Point", "coordinates": [ 6.252355, 49.692585 ] } },
{ "type": "Feature", "properties": { "stop_id": "000180509001", "name": "Graulinster, Am Duerf" }, "geometry": { "type": "Point", "coordinates": [ 6.287441, 49.740696 ] } },
{ "type": "Feature", "properties": { "stop_id": "000180509002", "name": "Graulinster, Haaptstrooss" }, "geometry": { "type": "Point", "coordinates": [ 6.287881, 49.739152 ] } },
{ "type": "Feature", "properties": { "stop_id": "000180510001", "name": "Imbringen, Am Duerf" }, "geometry": { "type": "Point", "coordinates": [ 6.19376, 49.701306 ] } },
{ "type": "Feature", "properties": { "stop_id": "000180511001", "name": "Junglinster, Gemeng" }, "geometry": { "type": "Point", "coordinates": [ 6.249707, 49.715241 ] } },
{ "type": "Feature", "properties": { "stop_id": "000180511002", "name": "Junglinster, Op der Gare" }, "geometry": { "type": "Point", "coordinates": [ 6.252455, 49.711341 ] } },
{ "type": "Feature", "properties": { "stop_id": "000180511004", "name": "Junglinster, Rue de la Gare" }, "geometry": { "type": "Point", "coordinates": [ 6.252825, 49.7117 ] } },
{ "type": "Feature", "properties": { "stop_id": "000180511005", "name": "Junglinster, Um Lei" }, "geometry": { "type": "Point", "coordinates": [ 6.249976, 49.70818 ] } },
{ "type": "Feature", "properties": { "stop_id": "000180511006", "name": "Junglinster, Um Radio" }, "geometry": { "type": "Point", "coordinates": [ 6.26649, 49.72004 ] } },
{ "type": "Feature", "properties": { "stop_id": "000180511007", "name": "Junglinster, Um Reiland" }, "geometry": { "type": "Point", "coordinates": [ 6.260976, 49.715277 ] } },
{ "type": "Feature", "properties": { "stop_id": "000180511008", "name": "Junglinster, Lënster Lycée" }, "geometry": { "type": "Point", "coordinates": [ 6.250374, 49.700984 ] } },
{ "type": "Feature", "properties": { "stop_id": "000180511009", "name": "Junglinster, Op de Fréinen" }, "geometry": { "type": "Point", "coordinates": [ 6.248023, 49.703465 ] } },
{ "type": "Feature", "properties": { "stop_id": "000180511010", "name": "Junglinster, P+R" }, "geometry": { "type": "Point", "coordinates": [ 6.269508, 49.718635 ] } },
{ "type": "Feature", "properties": { "stop_id": "000180512001", "name": "Rodenbourg, Am Duerf" }, "geometry": { "type": "Point", "coordinates": [ 6.288037, 49.688852 ] } },
{ "type": "Feature", "properties": { "stop_id": "000180512002", "name": "Rodenbourg, An der Schleed" }, "geometry": { "type": "Point", "coordinates": [ 6.290673, 49.686671 ] } },
{ "type": "Feature", "properties": { "stop_id": "000180601001", "name": "Berbourg, Schoulstrooss" }, "geometry": { "type": "Point", "coordinates": [ 6.39347, 49.734269 ] } },
{ "type": "Feature", "properties": { "stop_id": "000180601002", "name": "Berbourg, Kiirch" }, "geometry": { "type": "Point", "coordinates": [ 6.394358, 49.731357 ] } },
{ "type": "Feature", "properties": { "stop_id": "000180602001", "name": "Lellig, Lellig" }, "geometry": { "type": "Point", "coordinates": [ 6.435008, 49.720037 ] } },
{ "type": "Feature", "properties": { "stop_id": "000180603001", "name": "Manternach, Gare routière" }, "geometry": { "type": "Point", "coordinates": [ 6.423849, 49.706888 ] } },
{ "type": "Feature", "properties": { "stop_id": "000180603002", "name": "Manternach, Gare" }, "geometry": { "type": "Point", "coordinates": [ 6.42326, 49.706507 ] } },
{ "type": "Feature", "properties": { "stop_id": "000180604001", "name": "Münschecker, Munschecker" }, "geometry": { "type": "Point", "coordinates": [ 6.439512, 49.699325 ] } },
{ "type": "Feature", "properties": { "stop_id": "000180701001", "name": "Mertert, Beckius" }, "geometry": { "type": "Point", "coordinates": [ 6.481873, 49.704166 ] } },
{ "type": "Feature", "properties": { "stop_id": "000180701002", "name": "Mertert, Copal" }, "geometry": { "type": "Point", "coordinates": [ 6.486547, 49.707038 ] } },
{ "type": "Feature", "properties": { "stop_id": "000180701003", "name": "Mertert, Eglise" }, "geometry": { "type": "Point", "coordinates": [ 6.480949, 49.700733 ] } },
{ "type": "Feature", "properties": { "stop_id": "000180701004", "name": "Mertert, Gare" }, "geometry": { "type": "Point", "coordinates": [ 6.478889, 49.703198 ] } },
{ "type": "Feature", "properties": { "stop_id": "000180701005", "name": "Mertert, Parc" }, "geometry": { "type": "Point", "coordinates": [ 6.477074, 49.702632 ] } },
{ "type": "Feature", "properties": { "stop_id": "000180701006", "name": "Mertert, route Nationale" }, "geometry": { "type": "Point", "coordinates": [ 6.477942, 49.703826 ] } },
{ "type": "Feature", "properties": { "stop_id": "000180703001", "name": "Wasserbillig, Centre" }, "geometry": { "type": "Point", "coordinates": [ 6.500786, 49.715475 ] } },
{ "type": "Feature", "properties": { "stop_id": "000180703002", "name": "Wasserbillig, Cimetière" }, "geometry": { "type": "Point", "coordinates": [ 6.499711, 49.717692 ] } },
{ "type": "Feature", "properties": { "stop_id": "000180703003", "name": "Wasserbillig, Gare routière" }, "geometry": { "type": "Point", "coordinates": [ 6.499139, 49.713091 ] } },
{ "type": "Feature", "properties": { "stop_id": "000180703004", "name": "Wasserbillig, Marais" }, "geometry": { "type": "Point", "coordinates": [ 6.494077, 49.71135 ] } },
{ "type": "Feature", "properties": { "stop_id": "000180703005", "name": "Wasserbillig, Op der Bréck" }, "geometry": { "type": "Point", "coordinates": [ 6.505826, 49.714352 ] } },
{ "type": "Feature", "properties": { "stop_id": "000180703006", "name": "Wasserbillig, Celtes" }, "geometry": { "type": "Point", "coordinates": [ 6.497753, 49.717843 ] } },
{ "type": "Feature", "properties": { "stop_id": "000180703007", "name": "Wasserbillig, Roses" }, "geometry": { "type": "Point", "coordinates": [ 6.49575, 49.714992 ] } },
{ "type": "Feature", "properties": { "stop_id": "000180703008", "name": "Wasserbillig, Mesenich Frontière" }, "geometry": { "type": "Point", "coordinates": [ 6.490836, 49.725766 ] } },
{ "type": "Feature", "properties": { "stop_id": "000180703009", "name": "Wasserbillig, Gare" }, "geometry": { "type": "Point", "coordinates": [ 6.499305, 49.712952 ] } },
{ "type": "Feature", "properties": { "stop_id": "000180703010", "name": "Wasserbillig, Pont de Langsur" }, "geometry": { "type": "Point", "coordinates": [ 6.495902, 49.726559 ] } },
{ "type": "Feature", "properties": { "stop_id": "000180801001", "name": "Ahn, Alphonse Steinès" }, "geometry": { "type": "Point", "coordinates": [ 6.423771, 49.627791 ] } },
{ "type": "Feature", "properties": { "stop_id": "000180801002", "name": "Ahn, Op der Bréck" }, "geometry": { "type": "Point", "coordinates": [ 6.421201, 49.627772 ] } },
{ "type": "Feature", "properties": { "stop_id": "000180801003", "name": "Ahn, Op der Musel" }, "geometry": { "type": "Point", "coordinates": [ 6.422301, 49.625645 ] } },
{ "type": "Feature", "properties": { "stop_id": "000180802001", "name": "Ehnen, An den Aessen" }, "geometry": { "type": "Point", "coordinates": [ 6.385948, 49.601948 ] } },
{ "type": "Feature", "properties": { "stop_id": "000180802002", "name": "Ehnen, Bromelt" }, "geometry": { "type": "Point", "coordinates": [ 6.380231, 49.597345 ] } },
{ "type": "Feature", "properties": { "stop_id": "000180802003", "name": "Ehnen, Ieselsbreck" }, "geometry": { "type": "Point", "coordinates": [ 6.388279, 49.600887 ] } },
{ "type": "Feature", "properties": { "stop_id": "000180802004", "name": "Ehnen, Lehboesch" }, "geometry": { "type": "Point", "coordinates": [ 6.389746, 49.604815 ] } },
{ "type": "Feature", "properties": { "stop_id": "000180802005", "name": "Ehnen, Neie Wee" }, "geometry": { "type": "Point", "coordinates": [ 6.388135, 49.601742 ] } },
{ "type": "Feature", "properties": { "stop_id": "000180802006", "name": "Ehnen, Lehboesch 2" }, "geometry": { "type": "Point", "coordinates": [ 6.392525, 49.604663 ] } },
{ "type": "Feature", "properties": { "stop_id": "000180802007", "name": "Ehnen, Puddel" }, "geometry": { "type": "Point", "coordinates": [ 6.388351, 49.600761 ] } },
{ "type": "Feature", "properties": { "stop_id": "000180803001", "name": "Machtum, Bei Kallek's" }, "geometry": { "type": "Point", "coordinates": [ 6.436301, 49.65981 ] } },
{ "type": "Feature", "properties": { "stop_id": "000180803002", "name": "Machtum, Deisermillen" }, "geometry": { "type": "Point", "coordinates": [ 6.42504, 49.661678 ] } },
{ "type": "Feature", "properties": { "stop_id": "000180803003", "name": "Machtum, Gellebur" }, "geometry": { "type": "Point", "coordinates": [ 6.431856, 49.659859 ] } },
{ "type": "Feature", "properties": { "stop_id": "000180803004", "name": "Machtum, Ongkaf" }, "geometry": { "type": "Point", "coordinates": [ 6.437564, 49.659482 ] } },
{ "type": "Feature", "properties": { "stop_id": "000180803005", "name": "Machtum, Bei der Schoul" }, "geometry": { "type": "Point", "coordinates": [ 6.436108, 49.659459 ] } },
{ "type": "Feature", "properties": { "stop_id": "000180804001", "name": "Wormeldange, Jumelage" }, "geometry": { "type": "Point", "coordinates": [ 6.406665, 49.610701 ] } },
{ "type": "Feature", "properties": { "stop_id": "000180804002", "name": "Wormeldange, Gemeen" }, "geometry": { "type": "Point", "coordinates": [ 6.403766, 49.608833 ] } },
{ "type": "Feature", "properties": { "stop_id": "000180804003", "name": "Wormeldange, Gewan" }, "geometry": { "type": "Point", "coordinates": [ 6.401655, 49.6058 ] } },
{ "type": "Feature", "properties": { "stop_id": "000180804004", "name": "Wormeldange, Kellerei" }, "geometry": { "type": "Point", "coordinates": [ 6.410914, 49.61425 ] } },
{ "type": "Feature", "properties": { "stop_id": "000180804005", "name": "Wormeldange, Erdkaul" }, "geometry": { "type": "Point", "coordinates": [ 6.406783, 49.612159 ] } },
{ "type": "Feature", "properties": { "stop_id": "000180804006", "name": "Wormeldange, Place Wagner" }, "geometry": { "type": "Point", "coordinates": [ 6.402028, 49.60541 ] } },
{ "type": "Feature", "properties": { "stop_id": "000180804007", "name": "Wormeldange, Muselstrooss" }, "geometry": { "type": "Point", "coordinates": [ 6.404471, 49.608831 ] } },
{ "type": "Feature", "properties": { "stop_id": "000180804008", "name": "Wormeldange-Haut, Kundel" }, "geometry": { "type": "Point", "coordinates": [ 6.396193, 49.61603 ] } },
{ "type": "Feature", "properties": { "stop_id": "000180805006", "name": "Wormeldange-Haut, Hiehl" }, "geometry": { "type": "Point", "coordinates": [ 6.398585, 49.61178 ] } },
{ "type": "Feature", "properties": { "stop_id": "000180805007", "name": "Wormeldange-Haut, Bei der Körch" }, "geometry": { "type": "Point", "coordinates": [ 6.40019, 49.609571 ] } },
{ "type": "Feature", "properties": { "stop_id": "000180806001", "name": "Dreiborn, Billek" }, "geometry": { "type": "Point", "coordinates": [ 6.399539, 49.624285 ] } },
{ "type": "Feature", "properties": { "stop_id": "000190101001", "name": "Bascharage, Arcades" }, "geometry": { "type": "Point", "coordinates": [ 5.908056, 49.565731 ] } },
{ "type": "Feature", "properties": { "stop_id": "000190101002", "name": "Bascharage, Boeltgen" }, "geometry": { "type": "Point", "coordinates": [ 5.913184, 49.566669 ] } },
{ "type": "Feature", "properties": { "stop_id": "000190101003", "name": "Bascharage, Bomicht" }, "geometry": { "type": "Point", "coordinates": [ 5.88873, 49.558708 ] } },
{ "type": "Feature", "properties": { "stop_id": "000190101004", "name": "Bascharage, Bommelscheuer" }, "geometry": { "type": "Point", "coordinates": [ 5.920499, 49.572026 ] } },
{ "type": "Feature", "properties": { "stop_id": "000190101005", "name": "Bascharage, Bommertbesch" }, "geometry": { "type": "Point", "coordinates": [ 5.924034, 49.572959 ] } },
{ "type": "Feature", "properties": { "stop_id": "000190101006", "name": "Bascharage, Brasserie" }, "geometry": { "type": "Point", "coordinates": [ 5.91294, 49.568152 ] } },
{ "type": "Feature", "properties": { "stop_id": "000190101007", "name": "Bascharage, Treff/Op Acker" }, "geometry": { "type": "Point", "coordinates": [ 5.90492, 49.563996 ] } },
{ "type": "Feature", "properties": { "stop_id": "000190101009", "name": "Bascharage, Eglise" }, "geometry": { "type": "Point", "coordinates": [ 5.90691, 49.568231 ] } },
{ "type": "Feature", "properties": { "stop_id": "000190101010", "name": "Bascharage, Continentale Gare" }, "geometry": { "type": "Point", "coordinates": [ 5.926063, 49.559176 ] } },
{ "type": "Feature", "properties": { "stop_id": "000190101011", "name": "Bascharage/Sanem, Gare routière" }, "geometry": { "type": "Point", "coordinates": [ 5.924391, 49.558267 ] } },
{ "type": "Feature", "properties": { "stop_id": "000190101012", "name": "Bascharage, Industriezon" }, "geometry": { "type": "Point", "coordinates": [ 5.929036, 49.573946 ] } },
{ "type": "Feature", "properties": { "stop_id": "000190101013", "name": "Bascharage, Jules Hemmer" }, "geometry": { "type": "Point", "coordinates": [ 5.885793, 49.560194 ] } },
{ "type": "Feature", "properties": { "stop_id": "000190101014", "name": "Bascharage, Op Krattert" }, "geometry": { "type": "Point", "coordinates": [ 5.921805, 49.559575 ] } },
{ "type": "Feature", "properties": { "stop_id": "000190101015", "name": "Bascharage, Pierre Clement" }, "geometry": { "type": "Point", "coordinates": [ 5.917309, 49.562892 ] } },
{ "type": "Feature", "properties": { "stop_id": "000190101016", "name": "Bascharage, Place Schuman" }, "geometry": { "type": "Point", "coordinates": [ 5.907581, 49.565292 ] } },
{ "type": "Feature", "properties": { "stop_id": "000190101017", "name": "Bascharage, Prince Henri" }, "geometry": { "type": "Point", "coordinates": [ 5.918409, 49.571126 ] } },
{ "type": "Feature", "properties": { "stop_id": "000190101018", "name": "Bascharage, Rond-Point André Siebenbour" }, "geometry": { "type": "Point", "coordinates": [ 5.893994, 49.560415 ] } },
{ "type": "Feature", "properties": { "stop_id": "000190101019", "name": "Bascharage, Rue de Schouweiler" }, "geometry": { "type": "Point", "coordinates": [ 5.923066, 49.573176 ] } },
{ "type": "Feature", "properties": { "stop_id": "000190101020", "name": "Bascharage, Sicon" }, "geometry": { "type": "Point", "coordinates": [ 5.899968, 49.562526 ] } },
{ "type": "Feature", "properties": { "stop_id": "000190101021", "name": "Bascharage, Widdems Bierg" }, "geometry": { "type": "Point", "coordinates": [ 5.906302, 49.56978 ] } },
{ "type": "Feature", "properties": { "stop_id": "000190101022", "name": "Bascharage, Théophile Aubart" }, "geometry": { "type": "Point", "coordinates": [ 5.885971, 49.560214 ] } },
{ "type": "Feature", "properties": { "stop_id": "000190101024", "name": "Bascharage, Ecocenter" }, "geometry": { "type": "Point", "coordinates": [ 5.927324, 49.562629 ] } },
{ "type": "Feature", "properties": { "stop_id": "000190101027", "name": "Bascharage/Sanem, Gare" }, "geometry": { "type": "Point", "coordinates": [ 5.924589, 49.558417 ] } },
{ "type": "Feature", "properties": { "stop_id": "000190102001", "name": "Hautcharage, Crèche" }, "geometry": { "type": "Point", "coordinates": [ 5.909598, 49.576929 ] } },
{ "type": "Feature", "properties": { "stop_id": "000190102002", "name": "Bascharage, Scheedwée" }, "geometry": { "type": "Point", "coordinates": [ 5.902062, 49.572827 ] } },
{ "type": "Feature", "properties": { "stop_id": "000190102003", "name": "Hautcharage, Stade" }, "geometry": { "type": "Point", "coordinates": [ 5.919244, 49.573783 ] } },
{ "type": "Feature", "properties": { "stop_id": "000190102004", "name": "Hautcharage, Um Kläppchen" }, "geometry": { "type": "Point", "coordinates": [ 5.909225, 49.57496 ] } },
{ "type": "Feature", "properties": { "stop_id": "000190102005", "name": "Hautcharage, Op der Kapel" }, "geometry": { "type": "Point", "coordinates": [ 5.909983, 49.580366 ] } },
{ "type": "Feature", "properties": { "stop_id": "000190103001", "name": "Linger, Schoul" }, "geometry": { "type": "Point", "coordinates": [ 5.886283, 49.565317 ] } },
{ "type": "Feature", "properties": { "stop_id": "000190103003", "name": "Linger, Velo's Piste" }, "geometry": { "type": "Point", "coordinates": [ 5.880646, 49.562826 ] } },
{ "type": "Feature", "properties": { "stop_id": "000190104001", "name": "Clemency, Breedewee" }, "geometry": { "type": "Point", "coordinates": [ 5.879317, 49.590611 ] } },
{ "type": "Feature", "properties": { "stop_id": "000190104002", "name": "Clemency, Eecherwee" }, "geometry": { "type": "Point", "coordinates": [ 5.875877, 49.602176 ] } },
{ "type": "Feature", "properties": { "stop_id": "000190104003", "name": "Clemency, Féngegerbierg" }, "geometry": { "type": "Point", "coordinates": [ 5.885924, 49.598206 ] } },
{ "type": "Feature", "properties": { "stop_id": "000190104004", "name": "Clemency, Gemeng" }, "geometry": { "type": "Point", "coordinates": [ 5.873537, 49.598582 ] } },
{ "type": "Feature", "properties": { "stop_id": "000190104005", "name": "Clemency, Henn" }, "geometry": { "type": "Point", "coordinates": [ 5.877461, 49.594123 ] } },
{ "type": "Feature", "properties": { "stop_id": "000190104006", "name": "Clemency, Iewescht Gaass" }, "geometry": { "type": "Point", "coordinates": [ 5.874275, 49.594928 ] } },
{ "type": "Feature", "properties": { "stop_id": "000190104007", "name": "Clemency, Schock" }, "geometry": { "type": "Point", "coordinates": [ 5.877895, 49.604821 ] } },
{ "type": "Feature", "properties": { "stop_id": "000190104008", "name": "Clemency, Schwemm" }, "geometry": { "type": "Point", "coordinates": [ 5.880176, 49.594782 ] } },
{ "type": "Feature", "properties": { "stop_id": "000190105002", "name": "Fingig, Dillesbierg" }, "geometry": { "type": "Point", "coordinates": [ 5.901023, 49.600855 ] } },
{ "type": "Feature", "properties": { "stop_id": "000190105003", "name": "Fingig, Maerchen" }, "geometry": { "type": "Point", "coordinates": [ 5.909138, 49.602813 ] } },
{ "type": "Feature", "properties": { "stop_id": "000190300503", "name": "Bettange-sur-Mess, Spillplaz" }, "geometry": { "type": "Point", "coordinates": [ 5.985337, 49.574282 ] } },
{ "type": "Feature", "properties": { "stop_id": "000190301001", "name": "Bettange-sur-Mess, Bei der Barriär" }, "geometry": { "type": "Point", "coordinates": [ 5.996185, 49.572788 ] } },
{ "type": "Feature", "properties": { "stop_id": "000190301003", "name": "Bettange-sur-Mess, Kescht" }, "geometry": { "type": "Point", "coordinates": [ 5.992828, 49.576293 ] } },
{ "type": "Feature", "properties": { "stop_id": "000190301004", "name": "Dippach-Reckange, Gare" }, "geometry": { "type": "Point", "coordinates": [ 5.995253, 49.572519 ] } },
{ "type": "Feature", "properties": { "stop_id": "000190302001", "name": "Dippach, Bei der Crèche" }, "geometry": { "type": "Point", "coordinates": [ 5.983555, 49.587443 ] } },
{ "type": "Feature", "properties": { "stop_id": "000190302002", "name": "Dippach, Bei der Kapell" }, "geometry": { "type": "Point", "coordinates": [ 5.980634, 49.587779 ] } },
{ "type": "Feature", "properties": { "stop_id": "000190302003", "name": "Dippach, Dippëcherbierg" }, "geometry": { "type": "Point", "coordinates": [ 5.993266, 49.588868 ] } },
{ "type": "Feature", "properties": { "stop_id": "000190302004", "name": "Dippach, Op der Haard" }, "geometry": { "type": "Point", "coordinates": [ 5.991221, 49.578972 ] } },
{ "type": "Feature", "properties": { "stop_id": "000190302005", "name": "Dippach, Op der Kopp" }, "geometry": { "type": "Point", "coordinates": [ 5.971785, 49.587358 ] } },
{ "type": "Feature", "properties": { "stop_id": "000190302006", "name": "Dippach, Um Däich" }, "geometry": { "type": "Point", "coordinates": [ 5.988268, 49.587571 ] } },
{ "type": "Feature", "properties": { "stop_id": "000190302007", "name": "Dippach, Um Pull" }, "geometry": { "type": "Point", "coordinates": [ 5.985677, 49.587645 ] } },
{ "type": "Feature", "properties": { "stop_id": "000190302008", "name": "Dippach, Rond-Point" }, "geometry": { "type": "Point", "coordinates": [ 5.971619, 49.586452 ] } },
{ "type": "Feature", "properties": { "stop_id": "000190303001", "name": "Schouweiler, Bei der aler Schoul" }, "geometry": { "type": "Point", "coordinates": [ 5.959752, 49.58146 ] } },
{ "type": "Feature", "properties": { "stop_id": "000190303002", "name": "Schouweiler, Gare" }, "geometry": { "type": "Point", "coordinates": [ 5.960135, 49.573517 ] } },
{ "type": "Feature", "properties": { "stop_id": "000190303003", "name": "Schouweiler, Hiel" }, "geometry": { "type": "Point", "coordinates": [ 5.954338, 49.587432 ] } },
{ "type": "Feature", "properties": { "stop_id": "000190303004", "name": "Schouweiler, Kastill" }, "geometry": { "type": "Point", "coordinates": [ 5.946659, 49.578201 ] } },
{ "type": "Feature", "properties": { "stop_id": "000190303005", "name": "Schouweiler, Kiirch" }, "geometry": { "type": "Point", "coordinates": [ 5.957296, 49.581708 ] } },
{ "type": "Feature", "properties": { "stop_id": "000190303006", "name": "Schouweiler, Schéiferwee" }, "geometry": { "type": "Point", "coordinates": [ 5.9511, 49.581051 ] } },
{ "type": "Feature", "properties": { "stop_id": "000190303007", "name": "Schouweiler, Belair" }, "geometry": { "type": "Point", "coordinates": [ 5.956015, 49.585085 ] } },
{ "type": "Feature", "properties": { "stop_id": "000190303009", "name": "Schouweiler, Bei der Schoul" }, "geometry": { "type": "Point", "coordinates": [ 5.961163, 49.582708 ] } },
{ "type": "Feature", "properties": { "stop_id": "000190303010", "name": "Schouweiler, Kierfecht" }, "geometry": { "type": "Point", "coordinates": [ 5.956354, 49.582978 ] } },
{ "type": "Feature", "properties": { "stop_id": "000190304002", "name": "Sprinkange, Place de l'Eglise" }, "geometry": { "type": "Point", "coordinates": [ 5.96428, 49.580376 ] } },
{ "type": "Feature", "properties": { "stop_id": "000190304003", "name": "Sprinkange, Um Kierker" }, "geometry": { "type": "Point", "coordinates": [ 5.965411, 49.585124 ] } },
{ "type": "Feature", "properties": { "stop_id": "000190305001", "name": "Bettange-sur-Mess, Dippecherstrooss" }, "geometry": { "type": "Point", "coordinates": [ 5.989235, 49.575874 ] } },
{ "type": "Feature", "properties": { "stop_id": "000190401001", "name": "Dahlem, Um Eck" }, "geometry": { "type": "Point", "coordinates": [ 5.946886, 49.598017 ] } },
{ "type": "Feature", "properties": { "stop_id": "000190401002", "name": "Dahlem, Um Pëtz" }, "geometry": { "type": "Point", "coordinates": [ 5.948206, 49.600917 ] } },
{ "type": "Feature", "properties": { "stop_id": "000190401004", "name": "Dahlem, Aal Schoul" }, "geometry": { "type": "Point", "coordinates": [ 5.94575, 49.598496 ] } },
{ "type": "Feature", "properties": { "stop_id": "000190402001", "name": "Garnich, Botterkräiz" }, "geometry": { "type": "Point", "coordinates": [ 5.94974, 49.610924 ] } },
{ "type": "Feature", "properties": { "stop_id": "000190402002", "name": "Garnich, Am Brill" }, "geometry": { "type": "Point", "coordinates": [ 5.950148, 49.613572 ] } },
{ "type": "Feature", "properties": { "stop_id": "000190402004", "name": "Garnich, Rixegoard" }, "geometry": { "type": "Point", "coordinates": [ 5.957819, 49.615025 ] } },
{ "type": "Feature", "properties": { "stop_id": "000190402005", "name": "Garnich, Bei der Schmëtt" }, "geometry": { "type": "Point", "coordinates": [ 5.952207, 49.616614 ] } },
{ "type": "Feature", "properties": { "stop_id": "000190402007", "name": "Garnich, Holzemerstroos" }, "geometry": { "type": "Point", "coordinates": [ 5.952915, 49.611438 ] } },
{ "type": "Feature", "properties": { "stop_id": "000190403001", "name": "Hivange, Areler Strooss" }, "geometry": { "type": "Point", "coordinates": [ 5.92444, 49.60495 ] } },
{ "type": "Feature", "properties": { "stop_id": "000190403003", "name": "Hivange, Kleng Béiwéng" }, "geometry": { "type": "Point", "coordinates": [ 5.926697, 49.603711 ] } },
{ "type": "Feature", "properties": { "stop_id": "000190404001", "name": "Kahler, Gare" }, "geometry": { "type": "Point", "coordinates": [ 5.914804, 49.635494 ] } },
{ "type": "Feature", "properties": { "stop_id": "000190404002", "name": "Kahler, Kiirch" }, "geometry": { "type": "Point", "coordinates": [ 5.916774, 49.631371 ] } },
{ "type": "Feature", "properties": { "stop_id": "000190404003", "name": "Kahler, Schmëtt" }, "geometry": { "type": "Point", "coordinates": [ 5.917873, 49.628552 ] } },
{ "type": "Feature", "properties": { "stop_id": "000190501001", "name": "Eischen, Denn Pont" }, "geometry": { "type": "Point", "coordinates": [ 5.87876, 49.6838 ] } },
{ "type": "Feature", "properties": { "stop_id": "000190501002", "name": "Eischen, rue de Hobscheid" }, "geometry": { "type": "Point", "coordinates": [ 5.88064, 49.68586 ] } },
{ "type": "Feature", "properties": { "stop_id": "000190501003", "name": "Eischen, Denn Mairie" }, "geometry": { "type": "Point", "coordinates": [ 5.878009, 49.683759 ] } },
{ "type": "Feature", "properties": { "stop_id": "000190501004", "name": "Eischen, CIPA HPPA" }, "geometry": { "type": "Point", "coordinates": [ 5.87769, 49.6779 ] } },
{ "type": "Feature", "properties": { "stop_id": "000190502001", "name": "Hobscheid, Ehnerpad" }, "geometry": { "type": "Point", "coordinates": [ 5.918833, 49.696064 ] } },
{ "type": "Feature", "properties": { "stop_id": "000190502002", "name": "Hobscheid, Hiehl" }, "geometry": { "type": "Point", "coordinates": [ 5.916097, 49.684917 ] } },
{ "type": "Feature", "properties": { "stop_id": "000190502003", "name": "Hobscheid, Schoul" }, "geometry": { "type": "Point", "coordinates": [ 5.913529, 49.68779 ] } },
{ "type": "Feature", "properties": { "stop_id": "000190502004", "name": "Hobscheid, Steekaul" }, "geometry": { "type": "Point", "coordinates": [ 5.91791, 49.69354 ] } },
{ "type": "Feature", "properties": { "stop_id": "000190502005", "name": "Hobscheid, Virstad" }, "geometry": { "type": "Point", "coordinates": [ 5.92017, 49.680006 ] } },
{ "type": "Feature", "properties": { "stop_id": "000190502006", "name": "Hobscheid, Ruppert" }, "geometry": { "type": "Point", "coordinates": [ 5.916411, 49.685608 ] } },
{ "type": "Feature", "properties": { "stop_id": "000190502007", "name": "Hobscheid, Laiterie" }, "geometry": { "type": "Point", "coordinates": [ 5.913056, 49.687615 ] } },
{ "type": "Feature", "properties": { "stop_id": "000190502008", "name": "Hobscheid, Kraizerbuch" }, "geometry": { "type": "Point", "coordinates": [ 5.915255, 49.701572 ] } },
{ "type": "Feature", "properties": { "stop_id": "000190504001", "name": "Leesbach, Leesbach" }, "geometry": { "type": "Point", "coordinates": [ 5.985675, 49.701728 ] } },
{ "type": "Feature", "properties": { "stop_id": "000190505001", "name": "Greisch, Op der Quaert" }, "geometry": { "type": "Point", "coordinates": [ 5.986851, 49.709873 ] } },
{ "type": "Feature", "properties": { "stop_id": "000190506001", "name": "Septfontaines, Schoul" }, "geometry": { "type": "Point", "coordinates": [ 5.964795, 49.699319 ] } },
{ "type": "Feature", "properties": { "stop_id": "000190506003", "name": "Septfontaines, Op Lauterbur" }, "geometry": { "type": "Point", "coordinates": [ 5.941816, 49.684953 ] } },
{ "type": "Feature", "properties": { "stop_id": "000190507001", "name": "Roodt (Septfontaines), Bréck" }, "geometry": { "type": "Point", "coordinates": [ 6.000612, 49.694364 ] } },
{ "type": "Feature", "properties": { "stop_id": "000190508002", "name": "Septfontaines, Simmerfarm" }, "geometry": { "type": "Point", "coordinates": [ 5.987324, 49.695556 ] } },
{ "type": "Feature", "properties": { "stop_id": "000190601001", "name": "Dondelange, Dondel" }, "geometry": { "type": "Point", "coordinates": [ 6.029991, 49.688064 ] } },
{ "type": "Feature", "properties": { "stop_id": "000190601002", "name": "Dondelange, Pompstatioun" }, "geometry": { "type": "Point", "coordinates": [ 6.025105, 49.695541 ] } },
{ "type": "Feature", "properties": { "stop_id": "000190602001", "name": "Kehlen, Bei Fiewer" }, "geometry": { "type": "Point", "coordinates": [ 6.034476, 49.66757 ] } },
{ "type": "Feature", "properties": { "stop_id": "000190602002", "name": "Kehlen, Um Ënneschte Buer" }, "geometry": { "type": "Point", "coordinates": [ 6.029611, 49.667699 ] } },
{ "type": "Feature", "properties": { "stop_id": "000190602003", "name": "Kehlen, Op der Héicht" }, "geometry": { "type": "Point", "coordinates": [ 6.035054, 49.666044 ] } },
{ "type": "Feature", "properties": { "stop_id": "000190602004", "name": "Kehlen, Schaarfeneck" }, "geometry": { "type": "Point", "coordinates": [ 6.035923, 49.670754 ] } },
{ "type": "Feature", "properties": { "stop_id": "000190602005", "name": "Kehlen, Um Knapp" }, "geometry": { "type": "Point", "coordinates": [ 6.038544, 49.667381 ] } },
{ "type": "Feature", "properties": { "stop_id": "000190602006", "name": "Kehlen, Zone Industrielle 3" }, "geometry": { "type": "Point", "coordinates": [ 6.012164, 49.664261 ] } },
{ "type": "Feature", "properties": { "stop_id": "000190602009", "name": "Kehlen, Zone Industrielle 1" }, "geometry": { "type": "Point", "coordinates": [ 6.018894, 49.663146 ] } },
{ "type": "Feature", "properties": { "stop_id": "000190602010", "name": "Kehlen, Zone Industrielle 2" }, "geometry": { "type": "Point", "coordinates": [ 6.014363, 49.662384 ] } },
{ "type": "Feature", "properties": { "stop_id": "000190602011", "name": "Kehlen, Katterwang" }, "geometry": { "type": "Point", "coordinates": [ 6.045462, 49.678634 ] } },
{ "type": "Feature", "properties": { "stop_id": "000190603001", "name": "Keispelt, Bei Péickes" }, "geometry": { "type": "Point", "coordinates": [ 6.067616, 49.693415 ] } },
{ "type": "Feature", "properties": { "stop_id": "000190603002", "name": "Keispelt, Spellen Eck" }, "geometry": { "type": "Point", "coordinates": [ 6.066549, 49.694882 ] } },
{ "type": "Feature", "properties": { "stop_id": "000190604001", "name": "Meispelt, Bei Mëllesch" }, "geometry": { "type": "Point", "coordinates": [ 6.055756, 49.689985 ] } },
{ "type": "Feature", "properties": { "stop_id": "000190604002", "name": "Meispelt, Kräizwee" }, "geometry": { "type": "Point", "coordinates": [ 6.058022, 49.685951 ] } },
{ "type": "Feature", "properties": { "stop_id": "000190604003", "name": "Meispelt, Kuesselt" }, "geometry": { "type": "Point", "coordinates": [ 6.060687, 49.692107 ] } },
{ "type": "Feature", "properties": { "stop_id": "000190605001", "name": "Nospelt, Beim Gliesener" }, "geometry": { "type": "Point", "coordinates": [ 6.005196, 49.67371 ] } },
{ "type": "Feature", "properties": { "stop_id": "000190605002", "name": "Nospelt, Kräizhiel" }, "geometry": { "type": "Point", "coordinates": [ 6.011266, 49.672416 ] } },
{ "type": "Feature", "properties": { "stop_id": "000190605003", "name": "Nospelt, Pompjeesbau" }, "geometry": { "type": "Point", "coordinates": [ 6.008909, 49.673293 ] } },
{ "type": "Feature", "properties": { "stop_id": "000190606001", "name": "Olm, Dréischelsfeld" }, "geometry": { "type": "Point", "coordinates": [ 5.997937, 49.64745 ] } },
{ "type": "Feature", "properties": { "stop_id": "000190606002", "name": "Olm, Kräizwee" }, "geometry": { "type": "Point", "coordinates": [ 5.994889, 49.651118 ] } },
{ "type": "Feature", "properties": { "stop_id": "000190606003", "name": "Olm, Kréimerech" }, "geometry": { "type": "Point", "coordinates": [ 5.998004, 49.655034 ] } },
{ "type": "Feature", "properties": { "stop_id": "000190606005", "name": "Olm, Op der Schanz" }, "geometry": { "type": "Point", "coordinates": [ 5.991765, 49.650276 ] } },
{ "type": "Feature", "properties": { "stop_id": "000190607001", "name": "Direndall, Direndall" }, "geometry": { "type": "Point", "coordinates": [ 6.08957, 49.688368 ] } },
{ "type": "Feature", "properties": { "stop_id": "000190701001", "name": "Goeblange, Giewel" }, "geometry": { "type": "Point", "coordinates": [ 5.965076, 49.669559 ] } },
{ "type": "Feature", "properties": { "stop_id": "000190702001", "name": "Goetzingen, Kiirch" }, "geometry": { "type": "Point", "coordinates": [ 5.98098, 49.65979 ] } },
{ "type": "Feature", "properties": { "stop_id": "000190702002", "name": "Goetzingen, Kreiz" }, "geometry": { "type": "Point", "coordinates": [ 5.979046, 49.662172 ] } },
{ "type": "Feature", "properties": { "stop_id": "000190703001", "name": "Koerich, Fuurt" }, "geometry": { "type": "Point", "coordinates": [ 5.942723, 49.670595 ] } },
{ "type": "Feature", "properties": { "stop_id": "000190703002", "name": "Koerich, Gemeng" }, "geometry": { "type": "Point", "coordinates": [ 5.94932, 49.670022 ] } },
{ "type": "Feature", "properties": { "stop_id": "000190703003", "name": "Koerich, Weidewee" }, "geometry": { "type": "Point", "coordinates": [ 5.952582, 49.670068 ] } },
{ "type": "Feature", "properties": { "stop_id": "000190703004", "name": "Koerich, SES" }, "geometry": { "type": "Point", "coordinates": [ 5.945524, 49.679524 ] } },
{ "type": "Feature", "properties": { "stop_id": "000190704001", "name": "Windhof, Wandhaff" }, "geometry": { "type": "Point", "coordinates": [ 5.956837, 49.646718 ] } },
{ "type": "Feature", "properties": { "stop_id": "000190704002", "name": "Windhof, Ecoparc" }, "geometry": { "type": "Point", "coordinates": [ 5.955508, 49.647573 ] } },
{ "type": "Feature", "properties": { "stop_id": "000190801001", "name": "Bridel, Berk" }, "geometry": { "type": "Point", "coordinates": [ 6.078554, 49.65979 ] } },
{ "type": "Feature", "properties": { "stop_id": "000190801002", "name": "Bridel, Flamo" }, "geometry": { "type": "Point", "coordinates": [ 6.081571, 49.65901 ] } },
{ "type": "Feature", "properties": { "stop_id": "000190801003", "name": "Bridel, Schanz" }, "geometry": { "type": "Point", "coordinates": [ 6.084454, 49.648916 ] } },
{ "type": "Feature", "properties": { "stop_id": "000190801004", "name": "Bridel, Stuff" }, "geometry": { "type": "Point", "coordinates": [ 6.083376, 49.652854 ] } },
{ "type": "Feature", "properties": { "stop_id": "000190801005", "name": "Bridel, Taverne" }, "geometry": { "type": "Point", "coordinates": [ 6.082657, 49.657071 ] } },
{ "type": "Feature", "properties": { "stop_id": "000190802001", "name": "Kopstal, Bréck" }, "geometry": { "type": "Point", "coordinates": [ 6.072825, 49.663893 ] } },
{ "type": "Feature", "properties": { "stop_id": "000190802002", "name": "Kopstal, Kapell" }, "geometry": { "type": "Point", "coordinates": [ 6.072479, 49.66137 ] } },
{ "type": "Feature", "properties": { "stop_id": "000190802003", "name": "Kopstal, Saangen" }, "geometry": { "type": "Point", "coordinates": [ 6.072865, 49.668802 ] } },
{ "type": "Feature", "properties": { "stop_id": "000190802004", "name": "Kopstal, Kléipesch" }, "geometry": { "type": "Point", "coordinates": [ 6.072095, 49.660848 ] } },
{ "type": "Feature", "properties": { "stop_id": "000190802005", "name": "Bridel, Biirgerkräiz" }, "geometry": { "type": "Point", "coordinates": [ 6.097913, 49.646437 ] } },
{ "type": "Feature", "properties": { "stop_id": "000190901001", "name": "Capellen, Gare" }, "geometry": { "type": "Point", "coordinates": [ 5.982381, 49.638498 ] } },
{ "type": "Feature", "properties": { "stop_id": "000190901002", "name": "Capellen, Hireknapp" }, "geometry": { "type": "Point", "coordinates": [ 6.00176, 49.641542 ] } },
{ "type": "Feature", "properties": { "stop_id": "000190901003", "name": "Capellen, Klouschter" }, "geometry": { "type": "Point", "coordinates": [ 5.985996, 49.645916 ] } },
{ "type": "Feature", "properties": { "stop_id": "000190901004", "name": "Capellen, Police" }, "geometry": { "type": "Point", "coordinates": [ 5.992218, 49.644283 ] } },
{ "type": "Feature", "properties": { "stop_id": "000190901005", "name": "Capellen, Ponts et Chaussées" }, "geometry": { "type": "Point", "coordinates": [ 5.977164, 49.646152 ] } },
{ "type": "Feature", "properties": { "stop_id": "000190901006", "name": "Capellen, Gewännchen" }, "geometry": { "type": "Point", "coordinates": [ 5.984132, 49.640433 ] } },
{ "type": "Feature", "properties": { "stop_id": "000190901008", "name": "Capellen, Eechterfeld" }, "geometry": { "type": "Point", "coordinates": [ 6.012421, 49.641721 ] } },
{ "type": "Feature", "properties": { "stop_id": "000190901009", "name": "Capellen, Pafebruch" }, "geometry": { "type": "Point", "coordinates": [ 6.013871, 49.640829 ] } },
{ "type": "Feature", "properties": { "stop_id": "000190901010", "name": "Capellen, Hirebesch" }, "geometry": { "type": "Point", "coordinates": [ 6.006462, 49.641745 ] } },
{ "type": "Feature", "properties": { "stop_id": "000190902001", "name": "Holzem, Bei der Bréck" }, "geometry": { "type": "Point", "coordinates": [ 5.990161, 49.614151 ] } },
{ "type": "Feature", "properties": { "stop_id": "000190902002", "name": "Holzem, Festsall" }, "geometry": { "type": "Point", "coordinates": [ 5.993076, 49.615941 ] } },
{ "type": "Feature", "properties": { "stop_id": "000190902003", "name": "Holzem, Mamerstrooss" }, "geometry": { "type": "Point", "coordinates": [ 5.998682, 49.617961 ] } },
{ "type": "Feature", "properties": { "stop_id": "000190902004", "name": "Holzem, Boschebierg" }, "geometry": { "type": "Point", "coordinates": [ 5.986363, 49.616945 ] } },
{ "type": "Feature", "properties": { "stop_id": "000190903001", "name": "Mamer, Arelerstrooss" }, "geometry": { "type": "Point", "coordinates": [ 6.028396, 49.628887 ] } },
{ "type": "Feature", "properties": { "stop_id": "000190903002", "name": "Mamer, Baerendall" }, "geometry": { "type": "Point", "coordinates": [ 6.025693, 49.629969 ] } },
{ "type": "Feature", "properties": { "stop_id": "000190903003", "name": "Mamer, C.I.P.A." }, "geometry": { "type": "Point", "coordinates": [ 6.02605, 49.628269 ] } },
{ "type": "Feature", "properties": { "stop_id": "000190903004", "name": "Mamer, Coq Hardi" }, "geometry": { "type": "Point", "coordinates": [ 6.011312, 49.623286 ] } },
{ "type": "Feature", "properties": { "stop_id": "000190903005", "name": "Mamer, Eglantiers" }, "geometry": { "type": "Point", "coordinates": [ 6.016706, 49.634048 ] } },
{ "type": "Feature", "properties": { "stop_id": "000190903006", "name": "Mamer, Eisebunnsbréck" }, "geometry": { "type": "Point", "coordinates": [ 6.018772, 49.627413 ] } },
{ "type": "Feature", "properties": { "stop_id": "000190903007", "name": "Mamer, Gaaschtbierg" }, "geometry": { "type": "Point", "coordinates": [ 6.032318, 49.627184 ] } },
{ "type": "Feature", "properties": { "stop_id": "000190903008", "name": "Mamer, Gare" }, "geometry": { "type": "Point", "coordinates": [ 6.020215, 49.625768 ] } },
{ "type": "Feature", "properties": { "stop_id": "000190903009", "name": "Mamer, Holzemerstrooss" }, "geometry": { "type": "Point", "coordinates": [ 6.015496, 49.624827 ] } },
{ "type": "Feature", "properties": { "stop_id": "000190903011", "name": "Mamer (Lycée), Gare" }, "geometry": { "type": "Point", "coordinates": [ 6.029763, 49.618394 ] } },
{ "type": "Feature", "properties": { "stop_id": "000190903012", "name": "Mamer, Mambra" }, "geometry": { "type": "Point", "coordinates": [ 6.021866, 49.631568 ] } },
{ "type": "Feature", "properties": { "stop_id": "000190903013", "name": "Mamer, Tossebierg" }, "geometry": { "type": "Point", "coordinates": [ 6.03662, 49.624433 ] } },
{ "type": "Feature", "properties": { "stop_id": "000190903014", "name": "Mamer, Zentrum" }, "geometry": { "type": "Point", "coordinates": [ 6.021108, 49.628924 ] } },
{ "type": "Feature", "properties": { "stop_id": "000190903015", "name": "Mamer (Lycée), Gare routière" }, "geometry": { "type": "Point", "coordinates": [ 6.035556, 49.622029 ] } },
{ "type": "Feature", "properties": { "stop_id": "000190903016", "name": "Mamer, Scoutshome" }, "geometry": { "type": "Point", "coordinates": [ 6.01281, 49.636128 ] } },
{ "type": "Feature", "properties": { "stop_id": "000191101002", "name": "Grass, Um Camping" }, "geometry": { "type": "Point", "coordinates": [ 5.89154, 49.63063 ] } },
{ "type": "Feature", "properties": { "stop_id": "000191101003", "name": "Grass, rue de Kleinbettingen" }, "geometry": { "type": "Point", "coordinates": [ 5.891848, 49.631402 ] } },
{ "type": "Feature", "properties": { "stop_id": "000191102001", "name": "Hagen, 2 Stengëforterstrooss" }, "geometry": { "type": "Point", "coordinates": [ 5.928021, 49.649086 ] } },
{ "type": "Feature", "properties": { "stop_id": "000191102002", "name": "Hagen, Bei der Bréck" }, "geometry": { "type": "Point", "coordinates": [ 5.936707, 49.650214 ] } },
{ "type": "Feature", "properties": { "stop_id": "000191102003", "name": "Hagen, Bei der Kiirch" }, "geometry": { "type": "Point", "coordinates": [ 5.929235, 49.648656 ] } },
{ "type": "Feature", "properties": { "stop_id": "000191102004", "name": "Hagen, An der Laach" }, "geometry": { "type": "Point", "coordinates": [ 5.924014, 49.651102 ] } },
{ "type": "Feature", "properties": { "stop_id": "000191102005", "name": "Hagen, Op Eechelter" }, "geometry": { "type": "Point", "coordinates": [ 5.921322, 49.65357 ] } },
{ "type": "Feature", "properties": { "stop_id": "000191103001", "name": "Kleinbettingen, Am Duerf" }, "geometry": { "type": "Point", "coordinates": [ 5.91811, 49.646286 ] } },
{ "type": "Feature", "properties": { "stop_id": "000191103002", "name": "Kleinbettingen, Gare routière" }, "geometry": { "type": "Point", "coordinates": [ 5.915879, 49.644113 ] } },
{ "type": "Feature", "properties": { "stop_id": "000191103003", "name": "Kleinbettingen, Kiirfecht" }, "geometry": { "type": "Point", "coordinates": [ 5.922773, 49.647801 ] } },
{ "type": "Feature", "properties": { "stop_id": "000191103004", "name": "Kleinbettingen, Gare" }, "geometry": { "type": "Point", "coordinates": [ 5.917135, 49.643957 ] } },
{ "type": "Feature", "properties": { "stop_id": "000191103005", "name": "Kleinbettingen, Op der Barriär" }, "geometry": { "type": "Point", "coordinates": [ 5.916305, 49.650946 ] } },
{ "type": "Feature", "properties": { "stop_id": "000191103006", "name": "Kleinbettingen, Kolerbierg" }, "geometry": { "type": "Point", "coordinates": [ 5.915625, 49.638699 ] } },
{ "type": "Feature", "properties": { "stop_id": "000191104001", "name": "Steinfort, Al Schmelz" }, "geometry": { "type": "Point", "coordinates": [ 5.915137, 49.661312 ] } },
{ "type": "Feature", "properties": { "stop_id": "000191104004", "name": "Steinfort, Gemeng" }, "geometry": { "type": "Point", "coordinates": [ 5.913454, 49.659436 ] } },
{ "type": "Feature", "properties": { "stop_id": "000191104005", "name": "Steinfort, Kolonie" }, "geometry": { "type": "Point", "coordinates": [ 5.919686, 49.666526 ] } },
{ "type": "Feature", "properties": { "stop_id": "000191104007", "name": "Steinfort, Schoul" }, "geometry": { "type": "Point", "coordinates": [ 5.913488, 49.658206 ] } },
{ "type": "Feature", "properties": { "stop_id": "000191104008", "name": "Steinfort, Um Quai" }, "geometry": { "type": "Point", "coordinates": [ 5.911406, 49.658082 ] } },
{ "type": "Feature", "properties": { "stop_id": "000191104009", "name": "Steinfort, Äischzenter" }, "geometry": { "type": "Point", "coordinates": [ 5.920085, 49.659768 ] } },
{ "type": "Feature", "properties": { "stop_id": "000191104010", "name": "Steinfort, Op der Barriär" }, "geometry": { "type": "Point", "coordinates": [ 5.915859, 49.651643 ] } },
{ "type": "Feature", "properties": { "stop_id": "000200101002", "name": "Bertrange, Belle-Etoile" }, "geometry": { "type": "Point", "coordinates": [ 6.049868, 49.621905 ] } },
{ "type": "Feature", "properties": { "stop_id": "000200101004", "name": "Bertrange, Dicks" }, "geometry": { "type": "Point", "coordinates": [ 6.052244, 49.604736 ] } },
{ "type": "Feature", "properties": { "stop_id": "000200101006", "name": "Bertrange, Fleuri" }, "geometry": { "type": "Point", "coordinates": [ 6.076054, 49.605142 ] } },
{ "type": "Feature", "properties": { "stop_id": "000200101007", "name": "Bertrange, Gare routière" }, "geometry": { "type": "Point", "coordinates": [ 6.060798, 49.613042 ] } },
{ "type": "Feature", "properties": { "stop_id": "000200101008", "name": "Bertrange, Gemeng" }, "geometry": { "type": "Point", "coordinates": [ 6.050286, 49.610579 ] } },
{ "type": "Feature", "properties": { "stop_id": "000200101009", "name": "Bertrange, Gaston Thorn / LJBM" }, "geometry": { "type": "Point", "coordinates": [ 6.036786, 49.621132 ] } },
{ "type": "Feature", "properties": { "stop_id": "000200101010", "name": "Bertrange, Kirfecht" }, "geometry": { "type": "Point", "coordinates": [ 6.05826, 49.611925 ] } },
{ "type": "Feature", "properties": { "stop_id": "000200101011", "name": "Bertrange, Millewee" }, "geometry": { "type": "Point", "coordinates": [ 6.048102, 49.617884 ] } },
{ "type": "Feature", "properties": { "stop_id": "000200101012", "name": "Bertrange, Montereale" }, "geometry": { "type": "Point", "coordinates": [ 6.06395, 49.609834 ] } },
{ "type": "Feature", "properties": { "stop_id": "000200101014", "name": "Bertrange, Richterwee" }, "geometry": { "type": "Point", "coordinates": [ 6.07014, 49.607328 ] } },
{ "type": "Feature", "properties": { "stop_id": "000200101015", "name": "Bertrange, rue de Strassen" }, "geometry": { "type": "Point", "coordinates": [ 6.061878, 49.616464 ] } },
{ "type": "Feature", "properties": { "stop_id": "000200101017", "name": "Bertrange, Rue de Mamer" }, "geometry": { "type": "Point", "coordinates": [ 6.04856, 49.615788 ] } },
{ "type": "Feature", "properties": { "stop_id": "000200101019", "name": "Bertrange, Waassertuerm" }, "geometry": { "type": "Point", "coordinates": [ 6.048083, 49.620842 ] } },
{ "type": "Feature", "properties": { "stop_id": "000200101021", "name": "Bertrange, Ecole Européenne II" }, "geometry": { "type": "Point", "coordinates": [ 6.037987, 49.617732 ] } },
{ "type": "Feature", "properties": { "stop_id": "000200101022", "name": "Bertrange, Pesch" }, "geometry": { "type": "Point", "coordinates": [ 6.053386, 49.617656 ] } },
{ "type": "Feature", "properties": { "stop_id": "000200101024", "name": "Bertrange, Gare" }, "geometry": { "type": "Point", "coordinates": [ 6.059369, 49.613095 ] } },
{ "type": "Feature", "properties": { "stop_id": "000200102001", "name": "Bertrange, Automobile Club" }, "geometry": { "type": "Point", "coordinates": [ 6.069208, 49.601296 ] } },
{ "type": "Feature", "properties": { "stop_id": "000200102002", "name": "Bertrange, City Concorde" }, "geometry": { "type": "Point", "coordinates": [ 6.065608, 49.600655 ] } },
{ "type": "Feature", "properties": { "stop_id": "000200102003", "name": "Helfenterbréck, Pletzer" }, "geometry": { "type": "Point", "coordinates": [ 6.075389, 49.603605 ] } },
{ "type": "Feature", "properties": { "stop_id": "000200102004", "name": "Bertrange, Helfenterbrück" }, "geometry": { "type": "Point", "coordinates": [ 6.078089, 49.603661 ] } },
{ "type": "Feature", "properties": { "stop_id": "000200102005", "name": "Bertrange, Spatzwiss" }, "geometry": { "type": "Point", "coordinates": [ 6.068781, 49.610698 ] } },
{ "type": "Feature", "properties": { "stop_id": "000200201001", "name": "Contern, Birewee" }, "geometry": { "type": "Point", "coordinates": [ 6.223398, 49.586492 ] } },
{ "type": "Feature", "properties": { "stop_id": "000200201002", "name": "Contern, I.E.E." }, "geometry": { "type": "Point", "coordinates": [ 6.222059, 49.593471 ] } },
{ "type": "Feature", "properties": { "stop_id": "000200201003", "name": "Contern, Kiircheplaz" }, "geometry": { "type": "Point", "coordinates": [ 6.227565, 49.585243 ] } },
{ "type": "Feature", "properties": { "stop_id": "000200201004", "name": "Contern, Kräizgaass" }, "geometry": { "type": "Point", "coordinates": [ 6.225514, 49.584787 ] } },
{ "type": "Feature", "properties": { "stop_id": "000200201005", "name": "Contern, Kuehne & Nagel" }, "geometry": { "type": "Point", "coordinates": [ 6.21551, 49.596803 ] } },
{ "type": "Feature", "properties": { "stop_id": "000200201006", "name": "Contern, Millewee" }, "geometry": { "type": "Point", "coordinates": [ 6.231175, 49.586915 ] } },
{ "type": "Feature", "properties": { "stop_id": "000200201007", "name": "Contern, Weihergewann" }, "geometry": { "type": "Point", "coordinates": [ 6.213803, 49.596333 ] } },
{ "type": "Feature", "properties": { "stop_id": "000200201008", "name": "Contern, Rond Point Z.I." }, "geometry": { "type": "Point", "coordinates": [ 6.215807, 49.59353 ] } },
{ "type": "Feature", "properties": { "stop_id": "000200201009", "name": "Contern, Läiteschbaach" }, "geometry": { "type": "Point", "coordinates": [ 6.224802, 49.599343 ] } },
{ "type": "Feature", "properties": { "stop_id": "000200201010", "name": "Contern, Paul Rischard" }, "geometry": { "type": "Point", "coordinates": [ 6.221767, 49.601383 ] } },
{ "type": "Feature", "properties": { "stop_id": "000200201011", "name": "Contern, Ieselslach" }, "geometry": { "type": "Point", "coordinates": [ 6.221952, 49.59525 ] } },
{ "type": "Feature", "properties": { "stop_id": "000200202001", "name": "Medingen, Aire de virage" }, "geometry": { "type": "Point", "coordinates": [ 6.253182, 49.573624 ] } },
{ "type": "Feature", "properties": { "stop_id": "000200202002", "name": "Medingen, Medingen" }, "geometry": { "type": "Point", "coordinates": [ 6.248794, 49.575192 ] } },
{ "type": "Feature", "properties": { "stop_id": "000200203001", "name": "Moutfort, Bombasch" }, "geometry": { "type": "Point", "coordinates": [ 6.250226, 49.594777 ] } },
{ "type": "Feature", "properties": { "stop_id": "000200203002", "name": "Moutfort, Juxgaass" }, "geometry": { "type": "Point", "coordinates": [ 6.251691, 49.587996 ] } },
{ "type": "Feature", "properties": { "stop_id": "000200203003", "name": "Moutfort, Kapell" }, "geometry": { "type": "Point", "coordinates": [ 6.258605, 49.587905 ] } },
{ "type": "Feature", "properties": { "stop_id": "000200203004", "name": "Moutfort, Kiem" }, "geometry": { "type": "Point", "coordinates": [ 6.261238, 49.585867 ] } },
{ "type": "Feature", "properties": { "stop_id": "000200203005", "name": "Moutfort, Syrbréck" }, "geometry": { "type": "Point", "coordinates": [ 6.255596, 49.587276 ] } },
{ "type": "Feature", "properties": { "stop_id": "000200204001", "name": "Oetrange, Gare routière" }, "geometry": { "type": "Point", "coordinates": [ 6.259053, 49.602616 ] } },
{ "type": "Feature", "properties": { "stop_id": "000200204002", "name": "Oetrange, Kurzebierg" }, "geometry": { "type": "Point", "coordinates": [ 6.260157, 49.594843 ] } },
{ "type": "Feature", "properties": { "stop_id": "000200204003", "name": "Oetrange, Éiter" }, "geometry": { "type": "Point", "coordinates": [ 6.26034, 49.601387 ] } },
{ "type": "Feature", "properties": { "stop_id": "000200204004", "name": "Oetrange, Prisong" }, "geometry": { "type": "Point", "coordinates": [ 6.241711, 49.607563 ] } },
{ "type": "Feature", "properties": { "stop_id": "000200204005", "name": "Oetrange, Staefeld" }, "geometry": { "type": "Point", "coordinates": [ 6.268002, 49.602674 ] } },
{ "type": "Feature", "properties": { "stop_id": "000200204006", "name": "Oetrange, Trengen Knapp" }, "geometry": { "type": "Point", "coordinates": [ 6.256818, 49.599753 ] } },
{ "type": "Feature", "properties": { "stop_id": "000200204007", "name": "Oetrange, Gare" }, "geometry": { "type": "Point", "coordinates": [ 6.258335, 49.60259 ] } },
{ "type": "Feature", "properties": { "stop_id": "000200205001", "name": "Moutfort, Milbech" }, "geometry": { "type": "Point", "coordinates": [ 6.245885, 49.587843 ] } },
{ "type": "Feature", "properties": { "stop_id": "000200301001", "name": "Alzingen, Gässel" }, "geometry": { "type": "Point", "coordinates": [ 6.163767, 49.567735 ] } },
{ "type": "Feature", "properties": { "stop_id": "000200301002", "name": "Alzingen, Hondsbréck" }, "geometry": { "type": "Point", "coordinates": [ 6.162332, 49.564686 ] } },
{ "type": "Feature", "properties": { "stop_id": "000200301003", "name": "Alzingen, Trapeneck" }, "geometry": { "type": "Point", "coordinates": [ 6.161013, 49.567764 ] } },
{ "type": "Feature", "properties": { "stop_id": "000200302001", "name": "Fentange, Duelemerbaach" }, "geometry": { "type": "Point", "coordinates": [ 6.151222, 49.569935 ] } },
{ "type": "Feature", "properties": { "stop_id": "000200302002", "name": "Fentange, Fuertwee" }, "geometry": { "type": "Point", "coordinates": [ 6.152141, 49.564192 ] } },
{ "type": "Feature", "properties": { "stop_id": "000200302003", "name": "Fentange, An der Hiehl" }, "geometry": { "type": "Point", "coordinates": [ 6.152533, 49.567444 ] } },
{ "type": "Feature", "properties": { "stop_id": "000200302004", "name": "Fentange, Op de Leemen" }, "geometry": { "type": "Point", "coordinates": [ 6.147985, 49.560894 ] } },
{ "type": "Feature", "properties": { "stop_id": "000200303001", "name": "Hesperange, Am Keller" }, "geometry": { "type": "Point", "coordinates": [ 6.156832, 49.573286 ] } },
{ "type": "Feature", "properties": { "stop_id": "000200303002", "name": "Hesperange, Cité Um Schlass" }, "geometry": { "type": "Point", "coordinates": [ 6.143889, 49.573067 ] } },
{ "type": "Feature", "properties": { "stop_id": "000200303003", "name": "Hesperange, Holleschbierg" }, "geometry": { "type": "Point", "coordinates": [ 6.162607, 49.577524 ] } },
{ "type": "Feature", "properties": { "stop_id": "000200303004", "name": "Hesperange, Itziger Eck" }, "geometry": { "type": "Point", "coordinates": [ 6.160125, 49.574468 ] } },
{ "type": "Feature", "properties": { "stop_id": "000200303005", "name": "Hesperange, Sprëtzenhaus" }, "geometry": { "type": "Point", "coordinates": [ 6.153602, 49.571907 ] } },
{ "type": "Feature", "properties": { "stop_id": "000200303006", "name": "Hesperange, Urbengsschlass" }, "geometry": { "type": "Point", "coordinates": [ 6.159998, 49.571501 ] } },
{ "type": "Feature", "properties": { "stop_id": "000200303007", "name": "Hesperange, Wollefsmillen" }, "geometry": { "type": "Point", "coordinates": [ 6.153746, 49.577106 ] } },
{ "type": "Feature", "properties": { "stop_id": "000200303009", "name": "Hesperange, Um Schlass" }, "geometry": { "type": "Point", "coordinates": [ 6.144667, 49.57213 ] } },
{ "type": "Feature", "properties": { "stop_id": "000200304001", "name": "Howald, Am Houwaldsbierg" }, "geometry": { "type": "Point", "coordinates": [ 6.148669, 49.581705 ] } },
{ "type": "Feature", "properties": { "stop_id": "000200304002", "name": "Howald, Bei der Kierch" }, "geometry": { "type": "Point", "coordinates": [ 6.142332, 49.583246 ] } },
{ "type": "Feature", "properties": { "stop_id": "000200304003", "name": "Howald, C.I.P.A." }, "geometry": { "type": "Point", "coordinates": [ 6.147951, 49.58917 ] } },
{ "type": "Feature", "properties": { "stop_id": "000200304004", "name": "Howald, Jhangeli" }, "geometry": { "type": "Point", "coordinates": [ 6.143743, 49.586097 ] } },
{ "type": "Feature", "properties": { "stop_id": "000200304005", "name": "Howald, Minsbësch" }, "geometry": { "type": "Point", "coordinates": [ 6.14599, 49.580323 ] } },
{ "type": "Feature", "properties": { "stop_id": "000200304007", "name": "Howald, Op der Stirzel" }, "geometry": { "type": "Point", "coordinates": [ 6.135392, 49.576768 ] } },
{ "type": "Feature", "properties": { "stop_id": "000200304009", "name": "Howald, Peternelchen" }, "geometry": { "type": "Point", "coordinates": [ 6.137567, 49.577434 ] } },
{ "type": "Feature", "properties": { "stop_id": "000200304011", "name": "Howald, Ronneboesch" }, "geometry": { "type": "Point", "coordinates": [ 6.133598, 49.57882 ] } },
{ "type": "Feature", "properties": { "stop_id": "000200304012", "name": "Howald, P&R Howald" }, "geometry": { "type": "Point", "coordinates": [ 6.128173, 49.579315 ] } },
{ "type": "Feature", "properties": { "stop_id": "000200304013", "name": "Howald, Waassertuerm" }, "geometry": { "type": "Point", "coordinates": [ 6.14765, 49.578187 ] } },
{ "type": "Feature", "properties": { "stop_id": "000200304014", "name": "Howald, Gare" }, "geometry": { "type": "Point", "coordinates": [ 6.132455, 49.581086 ] } },
{ "type": "Feature", "properties": { "stop_id": "000200304015", "name": "Howald, 9 Mai 1944" }, "geometry": { "type": "Point", "coordinates": [ 6.138944, 49.585115 ] } },
{ "type": "Feature", "properties": { "stop_id": "000200304016", "name": "Howald, PE Howald gare routière" }, "geometry": { "type": "Point", "coordinates": [ 6.131427, 49.580457 ] } },
{ "type": "Feature", "properties": { "stop_id": "000200304019", "name": "Howald, Gare (Tram)" }, "geometry": { "type": "Point", "coordinates": [ 6.132316, 49.581228 ] } },
{ "type": "Feature", "properties": { "stop_id": "000200304021", "name": "Howald, Scillas" }, "geometry": { "type": "Point", "coordinates": [ 6.136541, 49.583139 ] } },
{ "type": "Feature", "properties": { "stop_id": "000200305001", "name": "Itzig, Am Horra" }, "geometry": { "type": "Point", "coordinates": [ 6.177999, 49.585445 ] } },
{ "type": "Feature", "properties": { "stop_id": "000200305002", "name": "Itzig, Am Kiemert" }, "geometry": { "type": "Point", "coordinates": [ 6.166869, 49.582078 ] } },
{ "type": "Feature", "properties": { "stop_id": "000200305003", "name": "Itzig, An den Espen" }, "geometry": { "type": "Point", "coordinates": [ 6.167482, 49.586348 ] } },
{ "type": "Feature", "properties": { "stop_id": "000200305004", "name": "Itzig, Dellbierg" }, "geometry": { "type": "Point", "coordinates": [ 6.171086, 49.588982 ] } },
{ "type": "Feature", "properties": { "stop_id": "000200305005", "name": "Itzig, Hubertuspad" }, "geometry": { "type": "Point", "coordinates": [ 6.169763, 49.587239 ] } },
{ "type": "Feature", "properties": { "stop_id": "000200305006", "name": "Itzig, Kapell" }, "geometry": { "type": "Point", "coordinates": [ 6.169924, 49.5845 ] } },
{ "type": "Feature", "properties": { "stop_id": "000200305007", "name": "Itzig, Kierch" }, "geometry": { "type": "Point", "coordinates": [ 6.171802, 49.585955 ] } },
{ "type": "Feature", "properties": { "stop_id": "000200305008", "name": "Itzig, Klouschter" }, "geometry": { "type": "Point", "coordinates": [ 6.173948, 49.585901 ] } },
{ "type": "Feature", "properties": { "stop_id": "000200401001", "name": "Bambësch, Centre Sportif" }, "geometry": { "type": "Point", "coordinates": [ 6.110445, 49.632183 ] } },
{ "type": "Feature", "properties": { "stop_id": "000200402001", "name": "Beggen, Bastogne" }, "geometry": { "type": "Point", "coordinates": [ 6.128271, 49.645927 ] } },
{ "type": "Feature", "properties": { "stop_id": "000200402002", "name": "Beggen, Binnchen" }, "geometry": { "type": "Point", "coordinates": [ 6.130297, 49.641641 ] } },
{ "type": "Feature", "properties": { "stop_id": "000200402003", "name": "Beggen, Cyprien Merjai" }, "geometry": { "type": "Point", "coordinates": [ 6.134779, 49.643399 ] } },
{ "type": "Feature", "properties": { "stop_id": "000200402004", "name": "Beggen, Henri Dunant" }, "geometry": { "type": "Point", "coordinates": [ 6.134546, 49.647594 ] } },
{ "type": "Feature", "properties": { "stop_id": "000200402005", "name": "Beggen, Henri Heymanns" }, "geometry": { "type": "Point", "coordinates": [ 6.132148, 49.637963 ] } },
{ "type": "Feature", "properties": { "stop_id": "000200402006", "name": "Beggen, Kierch" }, "geometry": { "type": "Point", "coordinates": [ 6.129472, 49.64342 ] } },
{ "type": "Feature", "properties": { "stop_id": "000200402007", "name": "Beggen, Rue du Pont" }, "geometry": { "type": "Point", "coordinates": [ 6.127688, 49.649008 ] } },
{ "type": "Feature", "properties": { "stop_id": "000200403001", "name": "Belair, Amsterdam" }, "geometry": { "type": "Point", "coordinates": [ 6.108185, 49.612203 ] } },
{ "type": "Feature", "properties": { "stop_id": "000200403002", "name": "Belair, Archiducs" }, "geometry": { "type": "Point", "coordinates": [ 6.112256, 49.612674 ] } },
{ "type": "Feature", "properties": { "stop_id": "000200403003", "name": "Belair, Aubépines" }, "geometry": { "type": "Point", "coordinates": [ 6.09827, 49.615499 ] } },
{ "type": "Feature", "properties": { "stop_id": "000200403004", "name": "Belair, Bragance" }, "geometry": { "type": "Point", "coordinates": [ 6.114955, 49.607298 ] } },
{ "type": "Feature", "properties": { "stop_id": "000200403005", "name": "Belair, Sacré-Coeur" }, "geometry": { "type": "Point", "coordinates": [ 6.113159, 49.610276 ] } },
{ "type": "Feature", "properties": { "stop_id": "000200403006", "name": "Belair, Crécy" }, "geometry": { "type": "Point", "coordinates": [ 6.116856, 49.608866 ] } },
{ "type": "Feature", "properties": { "stop_id": "000200403007", "name": "Belair, Franciscaines" }, "geometry": { "type": "Point", "coordinates": [ 6.112973, 49.608274 ] } },
{ "type": "Feature", "properties": { "stop_id": "000200403008", "name": "Belair, Guillaume" }, "geometry": { "type": "Point", "coordinates": [ 6.118455, 49.606639 ] } },
{ "type": "Feature", "properties": { "stop_id": "000200403009", "name": "Belair, Kannerklinik/Maternité" }, "geometry": { "type": "Point", "coordinates": [ 6.097544, 49.617937 ] } },
{ "type": "Feature", "properties": { "stop_id": "000200403010", "name": "Belair, Kierch" }, "geometry": { "type": "Point", "coordinates": [ 6.107721, 49.610455 ] } },
{ "type": "Feature", "properties": { "stop_id": "000200403012", "name": "Belair, Oradour" }, "geometry": { "type": "Point", "coordinates": [ 6.103939, 49.60956 ] } },
{ "type": "Feature", "properties": { "stop_id": "000200403013", "name": "Belair, Place de France" }, "geometry": { "type": "Point", "coordinates": [ 6.10637, 49.606391 ] } },
{ "type": "Feature", "properties": { "stop_id": "000200403014", "name": "Belair, Place de Liège" }, "geometry": { "type": "Point", "coordinates": [ 6.107776, 49.608594 ] } },
{ "type": "Feature", "properties": { "stop_id": "000200403015", "name": "Belair, Rheinsheim" }, "geometry": { "type": "Point", "coordinates": [ 6.120829, 49.607454 ] } },
{ "type": "Feature", "properties": { "stop_id": "000200403016", "name": "Belair, Rue de l'Ouest" }, "geometry": { "type": "Point", "coordinates": [ 6.096111, 49.614847 ] } },
{ "type": "Feature", "properties": { "stop_id": "000200403017", "name": "Belair, Nicolas Simmer" }, "geometry": { "type": "Point", "coordinates": [ 6.113534, 49.614244 ] } },
{ "type": "Feature", "properties": { "stop_id": "000200403018", "name": "Belair, Rue d'Ostende" }, "geometry": { "type": "Point", "coordinates": [ 6.108458, 49.614387 ] } },
{ "type": "Feature", "properties": { "stop_id": "000200403019", "name": "Belair, Val Ste Croix" }, "geometry": { "type": "Point", "coordinates": [ 6.097588, 49.612298 ] } },
{ "type": "Feature", "properties": { "stop_id": "000200403020", "name": "Belair, Wampach" }, "geometry": { "type": "Point", "coordinates": [ 6.121087, 49.609889 ] } },
{ "type": "Feature", "properties": { "stop_id": "000200403021", "name": "Belair, Wandmillen" }, "geometry": { "type": "Point", "coordinates": [ 6.102653, 49.615843 ] } },
{ "type": "Feature", "properties": { "stop_id": "000200403022", "name": "Luxembourg, Square New York" }, "geometry": { "type": "Point", "coordinates": [ 6.115948, 49.613216 ] } },
{ "type": "Feature", "properties": { "stop_id": "000200403023", "name": "Belair, Glaesener-Hartmann" }, "geometry": { "type": "Point", "coordinates": [ 6.10188, 49.611595 ] } },
{ "type": "Feature", "properties": { "stop_id": "000200404001", "name": "Verlorenkost, Al Molkerei" }, "geometry": { "type": "Point", "coordinates": [ 6.136862, 49.60553 ] } },
{ "type": "Feature", "properties": { "stop_id": "000200404003", "name": "Bonnevoie, Anatole France" }, "geometry": { "type": "Point", "coordinates": [ 6.149483, 49.598717 ] } },
{ "type": "Feature", "properties": { "stop_id": "000200404004", "name": "Bonnevoie, Baden-Powell" }, "geometry": { "type": "Point", "coordinates": [ 6.150599, 49.599995 ] } },
{ "type": "Feature", "properties": { "stop_id": "000200404006", "name": "Bonnevoie, Chalop" }, "geometry": { "type": "Point", "coordinates": [ 6.149351, 49.600279 ] } },
{ "type": "Feature", "properties": { "stop_id": "000200404007", "name": "Bonnevoie, Demy Schlechter" }, "geometry": { "type": "Point", "coordinates": [ 6.143403, 49.594995 ] } },
{ "type": "Feature", "properties": { "stop_id": "000200404008", "name": "Bonnevoie, Dernier Sol" }, "geometry": { "type": "Point", "coordinates": [ 6.137788, 49.594452 ] } },
{ "type": "Feature", "properties": { "stop_id": "000200404009", "name": "Bonnevoie, Leschte Steiwer / Dernier Sol" }, "geometry": { "type": "Point", "coordinates": [ 6.13633, 49.594299 ] } },
{ "type": "Feature", "properties": { "stop_id": "000200404013", "name": "Bonnevoie, Fraternité" }, "geometry": { "type": "Point", "coordinates": [ 6.140059, 49.599168 ] } },
{ "type": "Feature", "properties": { "stop_id": "000200404014", "name": "Bonnevoie, Gabriel Lippmann" }, "geometry": { "type": "Point", "coordinates": [ 6.142597, 49.599087 ] } },
{ "type": "Feature", "properties": { "stop_id": "000200404016", "name": "Bonnevoie, Hippodrome" }, "geometry": { "type": "Point", "coordinates": [ 6.139059, 49.593314 ] } },
{ "type": "Feature", "properties": { "stop_id": "000200404017", "name": "Bonnevoie, Huese Vic" }, "geometry": { "type": "Point", "coordinates": [ 6.137093, 49.603719 ] } },
{ "type": "Feature", "properties": { "stop_id": "000200404018", "name": "Bonnevoie, Izeger Knupp" }, "geometry": { "type": "Point", "coordinates": [ 6.150171, 49.595945 ] } },
{ "type": "Feature", "properties": { "stop_id": "000200404019", "name": "Bonnevoie, Jean Jacoby" }, "geometry": { "type": "Point", "coordinates": [ 6.146915, 49.598384 ] } },
{ "type": "Feature", "properties": { "stop_id": "000200404020", "name": "Bonnevoie, Jeanne d'Arc" }, "geometry": { "type": "Point", "coordinates": [ 6.147677, 49.596711 ] } },
{ "type": "Feature", "properties": { "stop_id": "000200404021", "name": "Bonnevoie, Jules Fischer" }, "geometry": { "type": "Point", "coordinates": [ 6.146468, 49.592282 ] } },
{ "type": "Feature", "properties": { "stop_id": "000200404022", "name": "Bonnevoie, Kaltreis" }, "geometry": { "type": "Point", "coordinates": [ 6.15083, 49.593658 ] } },
{ "type": "Feature", "properties": { "stop_id": "000200404023", "name": "Bonnevoie, Kofferfabrick" }, "geometry": { "type": "Point", "coordinates": [ 6.145105, 49.60093 ] } },
{ "type": "Feature", "properties": { "stop_id": "000200404025", "name": "Verlorenkost, Lavoisier" }, "geometry": { "type": "Point", "coordinates": [ 6.140895, 49.605216 ] } },
{ "type": "Feature", "properties": { "stop_id": "000200404026", "name": "Bonnevoie, Léon XIII" }, "geometry": { "type": "Point", "coordinates": [ 6.137847, 49.59699 ] } },
{ "type": "Feature", "properties": { "stop_id": "000200404027", "name": "Bonnevoie, Lycée Technique de Bonnevoie/Quais" }, "geometry": { "type": "Point", "coordinates": [ 6.141662, 49.591165 ] } },
{ "type": "Feature", "properties": { "stop_id": "000200404029", "name": "Bonnevoie, Nic Martha" }, "geometry": { "type": "Point", "coordinates": [ 6.148876, 49.592998 ] } },
{ "type": "Feature", "properties": { "stop_id": "000200404030", "name": "Verlorenkost, Général Patton" }, "geometry": { "type": "Point", "coordinates": [ 6.142198, 49.607785 ] } },
{ "type": "Feature", "properties": { "stop_id": "000200404031", "name": "Bonnevoie, Lycée Bouneweg (Tram)" }, "geometry": { "type": "Point", "coordinates": [ 6.138694, 49.590327 ] } },
{ "type": "Feature", "properties": { "stop_id": "000200404032", "name": "Bonnevoie, Lycée Bouneweg PE" }, "geometry": { "type": "Point", "coordinates": [ 6.139519, 49.590662 ] } },
{ "type": "Feature", "properties": { "stop_id": "000200404033", "name": "Bonnevoie, Pont-Remy" }, "geometry": { "type": "Point", "coordinates": [ 6.144398, 49.594543 ] } },
{ "type": "Feature", "properties": { "stop_id": "000200404034", "name": "Bonnevoie, Rotonde" }, "geometry": { "type": "Point", "coordinates": [ 6.137298, 49.599514 ] } },
{ "type": "Feature", "properties": { "stop_id": "000200404035", "name": "Bonnevoie, Vannérus" }, "geometry": { "type": "Point", "coordinates": [ 6.141528, 49.597477 ] } },
{ "type": "Feature", "properties": { "stop_id": "000200404036", "name": "Bonnevoie, Virchow" }, "geometry": { "type": "Point", "coordinates": [ 6.139425, 49.601725 ] } },
{ "type": "Feature", "properties": { "stop_id": "000200404037", "name": "Bonnevoie, Willibrord" }, "geometry": { "type": "Point", "coordinates": [ 6.140896, 49.593854 ] } },
{ "type": "Feature", "properties": { "stop_id": "000200404038", "name": "Bonnevoie, Wisestrooss" }, "geometry": { "type": "Point", "coordinates": [ 6.144451, 49.597909 ] } },
{ "type": "Feature", "properties": { "stop_id": "000200404041", "name": "Kirchberg, Mischekopp" }, "geometry": { "type": "Point", "coordinates": [ 6.151402, 49.630646 ] } },
{ "type": "Feature", "properties": { "stop_id": "000200405001", "name": "Gare, Al Avenue" }, "geometry": { "type": "Point", "coordinates": [ 6.133049, 49.603043 ] } },
{ "type": "Feature", "properties": { "stop_id": "000200405003", "name": "Centre, Alsace" }, "geometry": { "type": "Point", "coordinates": [ 6.130332, 49.596039 ] } },
{ "type": "Feature", "properties": { "stop_id": "000200405005", "name": "Centre, Badanstalt" }, "geometry": { "type": "Point", "coordinates": [ 6.129166, 49.613535 ] } },
{ "type": "Feature", "properties": { "stop_id": "000200405007", "name": "Centre, Cathédrale" }, "geometry": { "type": "Point", "coordinates": [ 6.131145, 49.610004 ] } },
{ "type": "Feature", "properties": { "stop_id": "000200405008", "name": "Luxembourg, Centre Hospitalier" }, "geometry": { "type": "Point", "coordinates": [ 6.099753, 49.618973 ] } },
{ "type": "Feature", "properties": { "stop_id": "000200405012", "name": "Centre, Etats-Unis" }, "geometry": { "type": "Point", "coordinates": [ 6.126663, 49.600302 ] } },
{ "type": "Feature", "properties": { "stop_id": "000200405013", "name": "Centre, F.D. Roosevelt" }, "geometry": { "type": "Point", "coordinates": [ 6.131646, 49.608793 ] } },
{ "type": "Feature", "properties": { "stop_id": "000200405014", "name": "Centre, Fondation Pescatore" }, "geometry": { "type": "Point", "coordinates": [ 6.126753, 49.615707 ] } },
{ "type": "Feature", "properties": { "stop_id": "000200405018", "name": "Centre, Gruef" }, "geometry": { "type": "Point", "coordinates": [ 6.131663, 49.611087 ] } },
{ "type": "Feature", "properties": { "stop_id": "000200405020", "name": "Hamilius (Bus)" }, "geometry": { "type": "Point", "coordinates": [ 6.125976, 49.611504 ] } },
{ "type": "Feature", "properties": { "stop_id": "000200405022", "name": "Centre, Kasinosgaass" }, "geometry": { "type": "Point", "coordinates": [ 6.131519, 49.61237 ] } },
{ "type": "Feature", "properties": { "stop_id": "000200405024", "name": "Luxembourg/Centre, Michel Rodange" }, "geometry": { "type": "Point", "coordinates": [ 6.124741, 49.603089 ] } },
{ "type": "Feature", "properties": { "stop_id": "000200405025", "name": "Luxembourg/Centre, Monterey" }, "geometry": { "type": "Point", "coordinates": [ 6.125013, 49.610454 ] } },
{ "type": "Feature", "properties": { "stop_id": "000200405036", "name": "Luxembourg, Gare Centrale routière" }, "geometry": { "type": "Point", "coordinates": [ 6.133033, 49.599066 ] } },
{ "type": "Feature", "properties": { "stop_id": "000200405037", "name": "Luxembourg, rue Heine" }, "geometry": { "type": "Point", "coordinates": [ 6.130623, 49.605223 ] } },
{ "type": "Feature", "properties": { "stop_id": "000200405038", "name": "Luxembourg, Ste Zithe" }, "geometry": { "type": "Point", "coordinates": [ 6.126191, 49.606678 ] } },
{ "type": "Feature", "properties": { "stop_id": "000200405039", "name": "Luxembourg, Wallis" }, "geometry": { "type": "Point", "coordinates": [ 6.134332, 49.603111 ] } },
{ "type": "Feature", "properties": { "stop_id": "000200405045", "name": "Centre, Stäreplaz / Étoile (Bus)" }, "geometry": { "type": "Point", "coordinates": [ 6.11906, 49.613509 ] } },
{ "type": "Feature", "properties": { "stop_id": "000200405046", "name": "Luxembourg, Gare Rocade" }, "geometry": { "type": "Point", "coordinates": [ 6.136658, 49.600514 ] } },
{ "type": "Feature", "properties": { "stop_id": "000200405049", "name": "Luxembourg, Amélie" }, "geometry": { "type": "Point", "coordinates": [ 6.125036, 49.613604 ] } },
{ "type": "Feature", "properties": { "stop_id": "000200405051", "name": "Luxembourg, Place de Metz" }, "geometry": { "type": "Point", "coordinates": [ 6.128352, 49.606885 ] } },
{ "type": "Feature", "properties": { "stop_id": "000200405057", "name": "Hamilius-Centre (Tram)" }, "geometry": { "type": "Point", "coordinates": [ 6.126139, 49.611094 ] } },
{ "type": "Feature", "properties": { "stop_id": "000200405058", "name": "Luxembourg, Paräisser Plaz" }, "geometry": { "type": "Point", "coordinates": [ 6.130704, 49.604082 ] } },
{ "type": "Feature", "properties": { "stop_id": "000200405059", "name": "Luxembourg, Gare Centrale (Tram)" }, "geometry": { "type": "Point", "coordinates": [ 6.133411, 49.599939 ] } },
{ "type": "Feature", "properties": { "stop_id": "000200405060", "name": "Luxembourg, Gare Centrale" }, "geometry": { "type": "Point", "coordinates": [ 6.13424, 49.599969 ] } },
{ "type": "Feature", "properties": { "stop_id": "000200405061", "name": "Centre, Stäreplaz / Étoile (Tram)" }, "geometry": { "type": "Point", "coordinates": [ 6.119604, 49.613676 ] } },
{ "type": "Feature", "properties": { "stop_id": "000200405062", "name": "Centre, Adolphe Fischer" }, "geometry": { "type": "Point", "coordinates": [ 6.128023, 49.599994 ] } },
{ "type": "Feature", "properties": { "stop_id": "000200406002", "name": "Cents, Arthur Knaff" }, "geometry": { "type": "Point", "coordinates": [ 6.160577, 49.618368 ] } },
{ "type": "Feature", "properties": { "stop_id": "000200406003", "name": "Cents, Camille Polfer" }, "geometry": { "type": "Point", "coordinates": [ 6.176332, 49.619366 ] } },
{ "type": "Feature", "properties": { "stop_id": "000200406004", "name": "Cents, Carmel" }, "geometry": { "type": "Point", "coordinates": [ 6.172432, 49.618326 ] } },
{ "type": "Feature", "properties": { "stop_id": "000200406005", "name": "Cents, Charles de Tornaco" }, "geometry": { "type": "Point", "coordinates": [ 6.163295, 49.619244 ] } },
{ "type": "Feature", "properties": { "stop_id": "000200406006", "name": "Cents, Dinselpuert" }, "geometry": { "type": "Point", "coordinates": [ 6.14089, 49.610749 ] } },
{ "type": "Feature", "properties": { "stop_id": "000200406007", "name": "Cents, Fort Dumoulin" }, "geometry": { "type": "Point", "coordinates": [ 6.147894, 49.612424 ] } },
{ "type": "Feature", "properties": { "stop_id": "000200406008", "name": "Cents, Gabriel de Marie" }, "geometry": { "type": "Point", "coordinates": [ 6.165732, 49.619016 ] } },
{ "type": "Feature", "properties": { "stop_id": "000200406010", "name": "Cents, Jules Salentiny" }, "geometry": { "type": "Point", "coordinates": [ 6.159346, 49.616556 ] } },
{ "type": "Feature", "properties": { "stop_id": "000200406011", "name": "Cents, Kéibierg-I.N.S." }, "geometry": { "type": "Point", "coordinates": [ 6.143219, 49.611157 ] } },
{ "type": "Feature", "properties": { "stop_id": "000200406012", "name": "Cents, Kierch" }, "geometry": { "type": "Point", "coordinates": [ 6.160744, 49.615493 ] } },
{ "type": "Feature", "properties": { "stop_id": "000200406013", "name": "Cents, Nic Rollinger" }, "geometry": { "type": "Point", "coordinates": [ 6.151653, 49.61159 ] } },
{ "type": "Feature", "properties": { "stop_id": "000200406014", "name": "Cents, Paul Albrecht" }, "geometry": { "type": "Point", "coordinates": [ 6.174246, 49.620727 ] } },
{ "type": "Feature", "properties": { "stop_id": "000200406015", "name": "Cents, Pommiers" }, "geometry": { "type": "Point", "coordinates": [ 6.157343, 49.612783 ] } },
{ "type": "Feature", "properties": { "stop_id": "000200406016", "name": "Cents, Robert Bruch" }, "geometry": { "type": "Point", "coordinates": [ 6.166159, 49.616913 ] } },
{ "type": "Feature", "properties": { "stop_id": "000200406017", "name": "Cents, Tawioun" }, "geometry": { "type": "Point", "coordinates": [ 6.154068, 49.613863 ] } },
{ "type": "Feature", "properties": { "stop_id": "000200406018", "name": "Cents, Trèves" }, "geometry": { "type": "Point", "coordinates": [ 6.169565, 49.617635 ] } },
{ "type": "Feature", "properties": { "stop_id": "000200406019", "name": "Cents, Waassertuerm" }, "geometry": { "type": "Point", "coordinates": [ 6.182881, 49.62083 ] } },
{ "type": "Feature", "properties": { "stop_id": "000200406022", "name": "Luxembourg, Ecole Ste Sophie" }, "geometry": { "type": "Point", "coordinates": [ 6.151959, 49.619056 ] } },
{ "type": "Feature", "properties": { "stop_id": "000200406024", "name": "Cents-Hamm, Halte CFL" }, "geometry": { "type": "Point", "coordinates": [ 6.165975, 49.614587 ] } },
{ "type": "Feature", "properties": { "stop_id": "000200406025", "name": "Cents-Hamm, Gare" }, "geometry": { "type": "Point", "coordinates": [ 6.165978, 49.615019 ] } },
{ "type": "Feature", "properties": { "stop_id": "000200407001", "name": "Cessange, Am Eck" }, "geometry": { "type": "Point", "coordinates": [ 6.098446, 49.585292 ] } },
{ "type": "Feature", "properties": { "stop_id": "000200407002", "name": "Cessange, Antoine" }, "geometry": { "type": "Point", "coordinates": [ 6.100305, 49.584018 ] } },
{ "type": "Feature", "properties": { "stop_id": "000200407003", "name": "Cessange, Artisans" }, "geometry": { "type": "Point", "coordinates": [ 6.109927, 49.59447 ] } },
{ "type": "Feature", "properties": { "stop_id": "000200407004", "name": "Cessange, Barrès" }, "geometry": { "type": "Point", "coordinates": [ 6.115754, 49.595866 ] } },
{ "type": "Feature", "properties": { "stop_id": "000200407005", "name": "Cessange, Boy Konen" }, "geometry": { "type": "Point", "coordinates": [ 6.094033, 49.58037 ] } },
{ "type": "Feature", "properties": { "stop_id": "000200407006", "name": "Cessange, Duerf" }, "geometry": { "type": "Point", "coordinates": [ 6.103082, 49.587128 ] } },
{ "type": "Feature", "properties": { "stop_id": "000200407007", "name": "Cessange, Fischerhaff" }, "geometry": { "type": "Point", "coordinates": [ 6.105599, 49.591365 ] } },
{ "type": "Feature", "properties": { "stop_id": "000200407008", "name": "Cessange, Kierch" }, "geometry": { "type": "Point", "coordinates": [ 6.106728, 49.589127 ] } },
{ "type": "Feature", "properties": { "stop_id": "000200407009", "name": "Cessange, Kuelebierg" }, "geometry": { "type": "Point", "coordinates": [ 6.11125, 49.588241 ] } },
{ "type": "Feature", "properties": { "stop_id": "000200407010", "name": "Cessange, Rue de Leudelange" }, "geometry": { "type": "Point", "coordinates": [ 6.097311, 49.582008 ] } },
{ "type": "Feature", "properties": { "stop_id": "000200407011", "name": "Cessange, Rue Verte" }, "geometry": { "type": "Point", "coordinates": [ 6.115234, 49.589672 ] } },
{ "type": "Feature", "properties": { "stop_id": "000200407012", "name": "Cessange, Tubishaff" }, "geometry": { "type": "Point", "coordinates": [ 6.107019, 49.58585 ] } },
{ "type": "Feature", "properties": { "stop_id": "000200407014", "name": "Cessange, Am Brill" }, "geometry": { "type": "Point", "coordinates": [ 6.099146, 49.588172 ] } },
{ "type": "Feature", "properties": { "stop_id": "000200407015", "name": "Cessange, EIGT" }, "geometry": { "type": "Point", "coordinates": [ 6.109688, 49.589682 ] } },
{ "type": "Feature", "properties": { "stop_id": "000200408001", "name": "Clausen, Clausener Bréck" }, "geometry": { "type": "Point", "coordinates": [ 6.143416, 49.613483 ] } },
{ "type": "Feature", "properties": { "stop_id": "000200408002", "name": "Neudorf, Fixmer" }, "geometry": { "type": "Point", "coordinates": [ 6.15676, 49.618994 ] } },
{ "type": "Feature", "properties": { "stop_id": "000200408003", "name": "Clausen, Malakoff" }, "geometry": { "type": "Point", "coordinates": [ 6.146585, 49.615172 ] } },
{ "type": "Feature", "properties": { "stop_id": "000200408004", "name": "Clausen, Melusina" }, "geometry": { "type": "Point", "coordinates": [ 6.141393, 49.611373 ] } },
{ "type": "Feature", "properties": { "stop_id": "000200408005", "name": "Clausen, Plateau Altmunster" }, "geometry": { "type": "Point", "coordinates": [ 6.139859, 49.612748 ] } },
{ "type": "Feature", "properties": { "stop_id": "000200408006", "name": "Clausen, Rumm" }, "geometry": { "type": "Point", "coordinates": [ 6.139171, 49.610778 ] } },
{ "type": "Feature", "properties": { "stop_id": "000200408007", "name": "Clausen, Ste Cunégonde" }, "geometry": { "type": "Point", "coordinates": [ 6.141275, 49.61433 ] } },
{ "type": "Feature", "properties": { "stop_id": "000200408008", "name": "Clausen, Tour Jacob" }, "geometry": { "type": "Point", "coordinates": [ 6.142546, 49.61178 ] } },
{ "type": "Feature", "properties": { "stop_id": "000200409003", "name": "Dommeldange, Château" }, "geometry": { "type": "Point", "coordinates": [ 6.138628, 49.634696 ] } },
{ "type": "Feature", "properties": { "stop_id": "000200409005", "name": "Dommeldange, Contournement" }, "geometry": { "type": "Point", "coordinates": [ 6.139667, 49.633039 ] } },
{ "type": "Feature", "properties": { "stop_id": "000200409006", "name": "Dommeldange, Dauschbuer" }, "geometry": { "type": "Point", "coordinates": [ 6.152959, 49.64009 ] } },
{ "type": "Feature", "properties": { "stop_id": "000200409007", "name": "Dommeldange, Emile Metz" }, "geometry": { "type": "Point", "coordinates": [ 6.134256, 49.635082 ] } },
{ "type": "Feature", "properties": { "stop_id": "000200409008", "name": "Dommeldange, Gare routière" }, "geometry": { "type": "Point", "coordinates": [ 6.137004, 49.633333 ] } },
{ "type": "Feature", "properties": { "stop_id": "000200409009", "name": "Dommeldange, Jean Engling" }, "geometry": { "type": "Point", "coordinates": [ 6.141552, 49.638231 ] } },
{ "type": "Feature", "properties": { "stop_id": "000200409010", "name": "Dommeldange, Parc de l'Europe" }, "geometry": { "type": "Point", "coordinates": [ 6.144247, 49.638811 ] } },
{ "type": "Feature", "properties": { "stop_id": "000200409011", "name": "Dommeldange, Van der Meulen" }, "geometry": { "type": "Point", "coordinates": [ 6.143701, 49.636296 ] } },
{ "type": "Feature", "properties": { "stop_id": "000200409012", "name": "Dommeldange, Sidney Thomas" }, "geometry": { "type": "Point", "coordinates": [ 6.139486, 49.634474 ] } },
{ "type": "Feature", "properties": { "stop_id": "000200409013", "name": "Dommeldange, LAM" }, "geometry": { "type": "Point", "coordinates": [ 6.137202, 49.63702 ] } },
{ "type": "Feature", "properties": { "stop_id": "000200409014", "name": "Dommeldange, Chingiz Aitmatov" }, "geometry": { "type": "Point", "coordinates": [ 6.137641, 49.639241 ] } },
{ "type": "Feature", "properties": { "stop_id": "000200409015", "name": "Dommeldange, Gare" }, "geometry": { "type": "Point", "coordinates": [ 6.136892, 49.633834 ] } },
{ "type": "Feature", "properties": { "stop_id": "000200410001", "name": "Eich, Centre Culturel" }, "geometry": { "type": "Point", "coordinates": [ 6.132373, 49.628936 ] } },
{ "type": "Feature", "properties": { "stop_id": "000200410002", "name": "Eich, Ecole Eich" }, "geometry": { "type": "Point", "coordinates": [ 6.127712, 49.626949 ] } },
{ "type": "Feature", "properties": { "stop_id": "000200410003", "name": "Eich, Eecher Plaz" }, "geometry": { "type": "Point", "coordinates": [ 6.129933, 49.627562 ] } },
{ "type": "Feature", "properties": { "stop_id": "000200410004", "name": "Eich, Eecher Klinick" }, "geometry": { "type": "Point", "coordinates": [ 6.134643, 49.63179 ] } },
{ "type": "Feature", "properties": { "stop_id": "000200410005", "name": "Eich, Octroi" }, "geometry": { "type": "Point", "coordinates": [ 6.130325, 49.622552 ] } },
{ "type": "Feature", "properties": { "stop_id": "000200412001", "name": "Gasperich, Al Gaasperech" }, "geometry": { "type": "Point", "coordinates": [ 6.121311, 49.592234 ] } },
{ "type": "Feature", "properties": { "stop_id": "000200412002", "name": "Gasperich, Beethoven" }, "geometry": { "type": "Point", "coordinates": [ 6.118336, 49.589641 ] } },
{ "type": "Feature", "properties": { "stop_id": "000200412003", "name": "Gasperich, Bei der Auer" }, "geometry": { "type": "Point", "coordinates": [ 6.124758, 49.591277 ] } },
{ "type": "Feature", "properties": { "stop_id": "000200412004", "name": "Gasperich, Émile Bian" }, "geometry": { "type": "Point", "coordinates": [ 6.117796, 49.580254 ] } },
{ "type": "Feature", "properties": { "stop_id": "000200412005", "name": "Gasperich, Clemenceau" }, "geometry": { "type": "Point", "coordinates": [ 6.127856, 49.589887 ] } },
{ "type": "Feature", "properties": { "stop_id": "000200412006", "name": "Gasperich, Cloche d'Or" }, "geometry": { "type": "Point", "coordinates": [ 6.115351, 49.583476 ] } },
{ "type": "Feature", "properties": { "stop_id": "000200412007", "name": "Gasperich, Déportation" }, "geometry": { "type": "Point", "coordinates": [ 6.127986, 49.593795 ] } },
{ "type": "Feature", "properties": { "stop_id": "000200412008", "name": "Gasperich, François Hogenberg" }, "geometry": { "type": "Point", "coordinates": [ 6.120963, 49.587557 ] } },
{ "type": "Feature", "properties": { "stop_id": "000200412009", "name": "Gasperich, Gaasperecher Bierg" }, "geometry": { "type": "Point", "coordinates": [ 6.116975, 49.592774 ] } },
{ "type": "Feature", "properties": { "stop_id": "000200412011", "name": "Gasperich, Klensch" }, "geometry": { "type": "Point", "coordinates": [ 6.119429, 49.593159 ] } },
{ "type": "Feature", "properties": { "stop_id": "000200412012", "name": "Gasperich, Lascombes" }, "geometry": { "type": "Point", "coordinates": [ 6.125662, 49.59425 ] } },
{ "type": "Feature", "properties": { "stop_id": "000200412013", "name": "Gasperich, Louis de Froment" }, "geometry": { "type": "Point", "coordinates": [ 6.11758, 49.590252 ] } },
{ "type": "Feature", "properties": { "stop_id": "000200412016", "name": "Gasperich, Richard Wagner" }, "geometry": { "type": "Point", "coordinates": [ 6.124271, 49.589195 ] } },
{ "type": "Feature", "properties": { "stop_id": "000200412018", "name": "Gasperich, Schaarfen Eck" }, "geometry": { "type": "Point", "coordinates": [ 6.113133, 49.579552 ] } },
{ "type": "Feature", "properties": { "stop_id": "000200412020", "name": "Gasperich, Millewee" }, "geometry": { "type": "Point", "coordinates": [ 6.127036, 49.592062 ] } },
{ "type": "Feature", "properties": { "stop_id": "000200412021", "name": "Gasperich, Gerhard Mercator" }, "geometry": { "type": "Point", "coordinates": [ 6.123886, 49.582564 ] } },
{ "type": "Feature", "properties": { "stop_id": "000200412022", "name": "Gasperich, Jean Piret" }, "geometry": { "type": "Point", "coordinates": [ 6.118166, 49.583142 ] } },
{ "type": "Feature", "properties": { "stop_id": "000200412023", "name": "Gasperich, Waassertuerm" }, "geometry": { "type": "Point", "coordinates": [ 6.120785, 49.580724 ] } },
{ "type": "Feature", "properties": { "stop_id": "000200412024", "name": "Gasperich, Hildegard von Bingen" }, "geometry": { "type": "Point", "coordinates": [ 6.122014, 49.58241 ] } },
{ "type": "Feature", "properties": { "stop_id": "000200412025", "name": "Gasperich, Francophonie" }, "geometry": { "type": "Point", "coordinates": [ 6.127801, 49.584947 ] } },
{ "type": "Feature", "properties": { "stop_id": "000200412026", "name": "Gasperich, Charles Darwin" }, "geometry": { "type": "Point", "coordinates": [ 6.123743, 49.584531 ] } },
{ "type": "Feature", "properties": { "stop_id": "000200412028", "name": "Gasperich, Stengege Wee" }, "geometry": { "type": "Point", "coordinates": [ 6.116219, 49.58823 ] } },
{ "type": "Feature", "properties": { "stop_id": "000200412031", "name": "Gasperich, Stade de Luxembourg" }, "geometry": { "type": "Point", "coordinates": [ 6.111496, 49.576813 ] } },
{ "type": "Feature", "properties": { "stop_id": "000200412032", "name": "Gasperich, Lise Meitner" }, "geometry": { "type": "Point", "coordinates": [ 6.12032, 49.584626 ] } },
{ "type": "Feature", "properties": { "stop_id": "000200413001", "name": "Grund, Stadgronn-Bréck" }, "geometry": { "type": "Point", "coordinates": [ 6.135379, 49.608391 ] } },
{ "type": "Feature", "properties": { "stop_id": "000200414001", "name": "Hamm, Colonie" }, "geometry": { "type": "Point", "coordinates": [ 6.155266, 49.607082 ] } },
{ "type": "Feature", "properties": { "stop_id": "000200414002", "name": "Hamm, Englebert Neveu" }, "geometry": { "type": "Point", "coordinates": [ 6.152678, 49.605651 ] } },
{ "type": "Feature", "properties": { "stop_id": "000200414003", "name": "Hamm, Käschtewee" }, "geometry": { "type": "Point", "coordinates": [ 6.172729, 49.612728 ] } },
{ "type": "Feature", "properties": { "stop_id": "000200414004", "name": "Hamm, Kierch" }, "geometry": { "type": "Point", "coordinates": [ 6.167075, 49.610188 ] } },
{ "type": "Feature", "properties": { "stop_id": "000200414005", "name": "Hamm, Montmédy" }, "geometry": { "type": "Point", "coordinates": [ 6.148453, 49.604035 ] } },
{ "type": "Feature", "properties": { "stop_id": "000200414006", "name": "Hamm, Rue de Bitbourg" }, "geometry": { "type": "Point", "coordinates": [ 6.169781, 49.613187 ] } },
{ "type": "Feature", "properties": { "stop_id": "000200414007", "name": "Hamm, Rue Haute" }, "geometry": { "type": "Point", "coordinates": [ 6.169782, 49.611019 ] } },
{ "type": "Feature", "properties": { "stop_id": "000200414008", "name": "Hamm, Schoul" }, "geometry": { "type": "Point", "coordinates": [ 6.161985, 49.609145 ] } },
{ "type": "Feature", "properties": { "stop_id": "000200414009", "name": "Hamm, Ronndréisch" }, "geometry": { "type": "Point", "coordinates": [ 6.174489, 49.61484 ] } },
{ "type": "Feature", "properties": { "stop_id": "000200414010", "name": "Cents, Fetschebuer" }, "geometry": { "type": "Point", "coordinates": [ 6.162308, 49.614074 ] } },
{ "type": "Feature", "properties": { "stop_id": "000200414011", "name": "Hamm, Peupliers" }, "geometry": { "type": "Point", "coordinates": [ 6.164899, 49.612132 ] } },
{ "type": "Feature", "properties": { "stop_id": "000200414013", "name": "Hamm, Ierzkaulen" }, "geometry": { "type": "Point", "coordinates": [ 6.153886, 49.605114 ] } },
{ "type": "Feature", "properties": { "stop_id": "000200415001", "name": "Hollerich, Alphonse Munchen" }, "geometry": { "type": "Point", "coordinates": [ 6.114815, 49.604515 ] } },
{ "type": "Feature", "properties": { "stop_id": "000200415002", "name": "Hollerich, Aciérie" }, "geometry": { "type": "Point", "coordinates": [ 6.117916, 49.597233 ] } },
{ "type": "Feature", "properties": { "stop_id": "000200415003", "name": "Hollerich, Fonderie" }, "geometry": { "type": "Point", "coordinates": [ 6.126667, 49.598575 ] } },
{ "type": "Feature", "properties": { "stop_id": "000200415004", "name": "Hollerich, Gare routière" }, "geometry": { "type": "Point", "coordinates": [ 6.120957, 49.595176 ] } },
{ "type": "Feature", "properties": { "stop_id": "000200415005", "name": "Hollerich, Heentze Park" }, "geometry": { "type": "Point", "coordinates": [ 6.11994, 49.601404 ] } },
{ "type": "Feature", "properties": { "stop_id": "000200415006", "name": "Hollerich, Jean-Baptiste Merkels" }, "geometry": { "type": "Point", "coordinates": [ 6.121374, 49.599154 ] } },
{ "type": "Feature", "properties": { "stop_id": "000200415008", "name": "Hollerich, Nancy" }, "geometry": { "type": "Point", "coordinates": [ 6.118451, 49.603409 ] } },
{ "type": "Feature", "properties": { "stop_id": "000200415009", "name": "Hollerich, P+R Bouillon" }, "geometry": { "type": "Point", "coordinates": [ 6.106286, 49.6001 ] } },
{ "type": "Feature", "properties": { "stop_id": "000200415011", "name": "Hollerich, Poincaré" }, "geometry": { "type": "Point", "coordinates": [ 6.116608, 49.602274 ] } },
{ "type": "Feature", "properties": { "stop_id": "000200415012", "name": "Hollerich, Salzhaff" }, "geometry": { "type": "Point", "coordinates": [ 6.117862, 49.600029 ] } },
{ "type": "Feature", "properties": { "stop_id": "000200415013", "name": "Hollerich, Schluechthaus" }, "geometry": { "type": "Point", "coordinates": [ 6.117318, 49.600322 ] } },
{ "type": "Feature", "properties": { "stop_id": "000200415014", "name": "Hollerich, Gare" }, "geometry": { "type": "Point", "coordinates": [ 6.120862, 49.59539 ] } },
{ "type": "Feature", "properties": { "stop_id": "000200415015", "name": "Hollerich, Garage AVL" }, "geometry": { "type": "Point", "coordinates": [ 6.105254, 49.598506 ] } },
{ "type": "Feature", "properties": { "stop_id": "000200415016", "name": "Hollerich, AVL Portal" }, "geometry": { "type": "Point", "coordinates": [ 6.105527, 49.599119 ] } },
{ "type": "Feature", "properties": { "stop_id": "000200415017", "name": "Hollerich, Kierfecht" }, "geometry": { "type": "Point", "coordinates": [ 6.111949, 49.599603 ] } },
{ "type": "Feature", "properties": { "stop_id": "000200416002", "name": "Kalchesbréck, Reno" }, "geometry": { "type": "Point", "coordinates": [ 6.187275, 49.621944 ] } },
{ "type": "Feature", "properties": { "stop_id": "000200417001", "name": "Kirchberg, Prince Félix" }, "geometry": { "type": "Point", "coordinates": [ 6.139973, 49.625229 ] } },
{ "type": "Feature", "properties": { "stop_id": "000200417002", "name": "Kirchberg, Albert Borschette" }, "geometry": { "type": "Point", "coordinates": [ 6.162475, 49.628599 ] } },
{ "type": "Feature", "properties": { "stop_id": "000200417004", "name": "Kirchberg, Alphonse Weicker (Bus)" }, "geometry": { "type": "Point", "coordinates": [ 6.169919, 49.632299 ] } },
{ "type": "Feature", "properties": { "stop_id": "000200417005", "name": "Kirchberg, Antoine de St Exupéry" }, "geometry": { "type": "Point", "coordinates": [ 6.151546, 49.627205 ] } },
{ "type": "Feature", "properties": { "stop_id": "000200417007", "name": "Kirchberg, B.E.I." }, "geometry": { "type": "Point", "coordinates": [ 6.139396, 49.620896 ] } },
{ "type": "Feature", "properties": { "stop_id": "000200417008", "name": "Kirchberg, Bricher Gässel" }, "geometry": { "type": "Point", "coordinates": [ 6.166684, 49.626947 ] } },
{ "type": "Feature", "properties": { "stop_id": "000200417012", "name": "Kirchberg, Chambre des Métiers" }, "geometry": { "type": "Point", "coordinates": [ 6.168002, 49.633601 ] } },
{ "type": "Feature", "properties": { "stop_id": "000200417013", "name": "Kirchberg, Coudenhove-Kalergi" }, "geometry": { "type": "Point", "coordinates": [ 6.159205, 49.627907 ] } },
{ "type": "Feature", "properties": { "stop_id": "000200417014", "name": "Kirchberg, Coque" }, "geometry": { "type": "Point", "coordinates": [ 6.154282, 49.622784 ] } },
{ "type": "Feature", "properties": { "stop_id": "000200417015", "name": "Kirchberg, Hôpital" }, "geometry": { "type": "Point", "coordinates": [ 6.175166, 49.632589 ] } },
{ "type": "Feature", "properties": { "stop_id": "000200417016", "name": "Kirchberg, Jean Monnet" }, "geometry": { "type": "Point", "coordinates": [ 6.14587, 49.624799 ] } },
{ "type": "Feature", "properties": { "stop_id": "000200417018", "name": "Kirchberg, Kierch" }, "geometry": { "type": "Point", "coordinates": [ 6.146737, 49.628445 ] } },
{ "type": "Feature", "properties": { "stop_id": "000200417019", "name": "Kirchberg, Konrad Adenauer" }, "geometry": { "type": "Point", "coordinates": [ 6.158028, 49.62995 ] } },
{ "type": "Feature", "properties": { "stop_id": "000200417020", "name": "Kirchberg, Labours" }, "geometry": { "type": "Point", "coordinates": [ 6.167788, 49.629161 ] } },
{ "type": "Feature", "properties": { "stop_id": "000200417021", "name": "Kirchberg, Léon Hengen" }, "geometry": { "type": "Point", "coordinates": [ 6.149442, 49.623861 ] } },
{ "type": "Feature", "properties": { "stop_id": "000200417022", "name": "Kirchberg, Léon Thyes" }, "geometry": { "type": "Point", "coordinates": [ 6.165017, 49.637289 ] } },
{ "type": "Feature", "properties": { "stop_id": "000200417023", "name": "Kirchberg, Luxexpo Entrée Sud" }, "geometry": { "type": "Point", "coordinates": [ 6.169476, 49.634681 ] } },
{ "type": "Feature", "properties": { "stop_id": "000200417024", "name": "Kirchberg, Marguerites" }, "geometry": { "type": "Point", "coordinates": [ 6.160767, 49.623681 ] } },
{ "type": "Feature", "properties": { "stop_id": "000200417025", "name": "Kirchberg, Mathias Tresch" }, "geometry": { "type": "Point", "coordinates": [ 6.169308, 49.637582 ] } },
{ "type": "Feature", "properties": { "stop_id": "000200417026", "name": "Kirchberg, Muguets" }, "geometry": { "type": "Point", "coordinates": [ 6.163827, 49.626545 ] } },
{ "type": "Feature", "properties": { "stop_id": "000200417029", "name": "Kirchberg, Europaparlament / Parlement Européen" }, "geometry": { "type": "Point", "coordinates": [ 6.148305, 49.620801 ] } },
{ "type": "Feature", "properties": { "stop_id": "000200417030", "name": "Kirchberg, Paul Noesen" }, "geometry": { "type": "Point", "coordinates": [ 6.143259, 49.627289 ] } },
{ "type": "Feature", "properties": { "stop_id": "000200417031", "name": "Kirchberg, Philharmonie / Mudam (Tram)" }, "geometry": { "type": "Point", "coordinates": [ 6.142026, 49.619486 ] } },
{ "type": "Feature", "properties": { "stop_id": "000200417032", "name": "Kirchberg, Pierre Werner" }, "geometry": { "type": "Point", "coordinates": [ 6.177656, 49.631678 ] } },
{ "type": "Feature", "properties": { "stop_id": "000200417033", "name": "Kirchberg, Poutty Stein" }, "geometry": { "type": "Point", "coordinates": [ 6.168967, 49.635586 ] } },
{ "type": "Feature", "properties": { "stop_id": "000200417034", "name": "Kirchberg, Rehazenter" }, "geometry": { "type": "Point", "coordinates": [ 6.1743, 49.628879 ] } },
{ "type": "Feature", "properties": { "stop_id": "000200417035", "name": "Kirchberg, Rehazenter Parking" }, "geometry": { "type": "Point", "coordinates": [ 6.171618, 49.627599 ] } },
{ "type": "Feature", "properties": { "stop_id": "000200417036", "name": "Kirchberg, Réimerwee" }, "geometry": { "type": "Point", "coordinates": [ 6.167478, 49.632365 ] } },
{ "type": "Feature", "properties": { "stop_id": "000200417037", "name": "Kirchberg, Schmëdd" }, "geometry": { "type": "Point", "coordinates": [ 6.149234, 49.628363 ] } },
{ "type": "Feature", "properties": { "stop_id": "000200417038", "name": "Kirchberg, Sichegronn" }, "geometry": { "type": "Point", "coordinates": [ 6.151532, 49.628384 ] } },
{ "type": "Feature", "properties": { "stop_id": "000200417039", "name": "Kirchberg, Avalon" }, "geometry": { "type": "Point", "coordinates": [ 6.160721, 49.632316 ] } },
{ "type": "Feature", "properties": { "stop_id": "000200417040", "name": "Kirchberg, Hugo Gernsback" }, "geometry": { "type": "Point", "coordinates": [ 6.174729, 49.635835 ] } },
{ "type": "Feature", "properties": { "stop_id": "000200417045", "name": "Kirchberg, Nationalbibliothéik" }, "geometry": { "type": "Point", "coordinates": [ 6.166025, 49.629243 ] } },
{ "type": "Feature", "properties": { "stop_id": "000200417046", "name": "Kirchberg, Universitéit" }, "geometry": { "type": "Point", "coordinates": [ 6.160756, 49.626011 ] } },
{ "type": "Feature", "properties": { "stop_id": "000200417047", "name": "Kirchberg, Rout Bréck - Pafendall (Bus)" }, "geometry": { "type": "Point", "coordinates": [ 6.13575, 49.618368 ] } },
{ "type": "Feature", "properties": { "stop_id": "000200417049", "name": "Kirchberg, Niedergrünewald" }, "geometry": { "type": "Point", "coordinates": [ 6.144852, 49.621832 ] } },
{ "type": "Feature", "properties": { "stop_id": "000200417050", "name": "Kirchberg, Gare routière Luxexpo" }, "geometry": { "type": "Point", "coordinates": [ 6.174766, 49.636375 ] } },
{ "type": "Feature", "properties": { "stop_id": "000200417051", "name": "Pfaffenthal-Kirchberg, Gare" }, "geometry": { "type": "Point", "coordinates": [ 6.132919, 49.618936 ] } },
{ "type": "Feature", "properties": { "stop_id": "000200417052", "name": "Kirchberg, Luxexpo" }, "geometry": { "type": "Point", "coordinates": [ 6.175902, 49.635423 ] } },
{ "type": "Feature", "properties": { "stop_id": "000200417053", "name": "Kirchberg, École européenne" }, "geometry": { "type": "Point", "coordinates": [ 6.152359, 49.626074 ] } },
{ "type": "Feature", "properties": { "stop_id": "000200417058", "name": "Kirchberg, Rout Bréck - Pafendall (Tram)" }, "geometry": { "type": "Point", "coordinates": [ 6.136686, 49.618697 ] } },
{ "type": "Feature", "properties": { "stop_id": "000200417060", "name": "Kirchberg, Simone de Beauvoir" }, "geometry": { "type": "Point", "coordinates": [ 6.159766, 49.63492 ] } },
{ "type": "Feature", "properties": { "stop_id": "000200417061", "name": "Kirchberg, Philharmonie / Mudam (Bus)" }, "geometry": { "type": "Point", "coordinates": [ 6.141391, 49.619929 ] } },
{ "type": "Feature", "properties": { "stop_id": "000200417066", "name": "Kirchberg, Alphonse Weicker (Tram)" }, "geometry": { "type": "Point", "coordinates": [ 6.170827, 49.632177 ] } },
{ "type": "Feature", "properties": { "stop_id": "000200418001", "name": "Kockelscheuer, Camping" }, "geometry": { "type": "Point", "coordinates": [ 6.113207, 49.573841 ] } },
{ "type": "Feature", "properties": { "stop_id": "000200419001", "name": "Limpertsberg, Alen Eecher Bierg" }, "geometry": { "type": "Point", "coordinates": [ 6.129452, 49.621855 ] } },
{ "type": "Feature", "properties": { "stop_id": "000200419002", "name": "Limpertsberg, Alen Tramsschapp" }, "geometry": { "type": "Point", "coordinates": [ 6.12061, 49.621977 ] } },
{ "type": "Feature", "properties": { "stop_id": "000200419003", "name": "Limpertsberg, Alfred de Musset" }, "geometry": { "type": "Point", "coordinates": [ 6.122008, 49.618935 ] } },
{ "type": "Feature", "properties": { "stop_id": "000200419004", "name": "Limpertsberg, Allée Scheffer" }, "geometry": { "type": "Point", "coordinates": [ 6.124045, 49.618203 ] } },
{ "type": "Feature", "properties": { "stop_id": "000200419005", "name": "Limpertsberg, Arts et Métiers" }, "geometry": { "type": "Point", "coordinates": [ 6.126688, 49.62176 ] } },
{ "type": "Feature", "properties": { "stop_id": "000200419007", "name": "Limpertsberg, Avenir" }, "geometry": { "type": "Point", "coordinates": [ 6.120197, 49.625449 ] } },
{ "type": "Feature", "properties": { "stop_id": "000200419008", "name": "Limpertsberg, Batty Weber" }, "geometry": { "type": "Point", "coordinates": [ 6.116764, 49.622376 ] } },
{ "type": "Feature", "properties": { "stop_id": "000200419009", "name": "Limpertsberg, Bd.P. Eyschen" }, "geometry": { "type": "Point", "coordinates": [ 6.126815, 49.619361 ] } },
{ "type": "Feature", "properties": { "stop_id": "000200419010", "name": "Limpertsberg, Belle-Vue" }, "geometry": { "type": "Point", "coordinates": [ 6.127555, 49.623032 ] } },
{ "type": "Feature", "properties": { "stop_id": "000200419011", "name": "Limpertsberg, Bois" }, "geometry": { "type": "Point", "coordinates": [ 6.122982, 49.622612 ] } },
{ "type": "Feature", "properties": { "stop_id": "000200419012", "name": "Limpertsberg, Jean Soupert" }, "geometry": { "type": "Point", "coordinates": [ 6.112035, 49.622033 ] } },
{ "type": "Feature", "properties": { "stop_id": "000200419013", "name": "Limpertsberg, Crispinus" }, "geometry": { "type": "Point", "coordinates": [ 6.130236, 49.619347 ] } },
{ "type": "Feature", "properties": { "stop_id": "000200419014", "name": "Limpertsberg, Ermesinde" }, "geometry": { "type": "Point", "coordinates": [ 6.117008, 49.61918 ] } },
{ "type": "Feature", "properties": { "stop_id": "000200419015", "name": "Luxembourg, Siggy vu Lëtzebuerg" }, "geometry": { "type": "Point", "coordinates": [ 6.114948, 49.626164 ] } },
{ "type": "Feature", "properties": { "stop_id": "000200419018", "name": "Limpertsberg, Guillaume Schneider" }, "geometry": { "type": "Point", "coordinates": [ 6.12417, 49.620545 ] } },
{ "type": "Feature", "properties": { "stop_id": "000200419019", "name": "Limpertsberg, Henri VII" }, "geometry": { "type": "Point", "coordinates": [ 6.119257, 49.617913 ] } },
{ "type": "Feature", "properties": { "stop_id": "000200419020", "name": "Luxembourg, Uni Campus Limpertsberg" }, "geometry": { "type": "Point", "coordinates": [ 6.114507, 49.620962 ] } },
{ "type": "Feature", "properties": { "stop_id": "000200419021", "name": "Limpertsberg, L.T.C." }, "geometry": { "type": "Point", "coordinates": [ 6.115168, 49.624784 ] } },
{ "type": "Feature", "properties": { "stop_id": "000200419022", "name": "Limpertsberg, Lycée Michel Lucius" }, "geometry": { "type": "Point", "coordinates": [ 6.114803, 49.624397 ] } },
{ "type": "Feature", "properties": { "stop_id": "000200419023", "name": "Limpertsberg, Léandre Lacroix" }, "geometry": { "type": "Point", "coordinates": [ 6.114671, 49.62218 ] } },
{ "type": "Feature", "properties": { "stop_id": "000200419024", "name": "Limpertsberg, Lefèvre" }, "geometry": { "type": "Point", "coordinates": [ 6.108143, 49.622563 ] } },
{ "type": "Feature", "properties": { "stop_id": "000200419025", "name": "Limpertsberg, Lycée de Garçons" }, "geometry": { "type": "Point", "coordinates": [ 6.122828, 49.620062 ] } },
{ "type": "Feature", "properties": { "stop_id": "000200419026", "name": "Limpertsberg, Theater (Bus)" }, "geometry": { "type": "Point", "coordinates": [ 6.125584, 49.617927 ] } },
{ "type": "Feature", "properties": { "stop_id": "000200419028", "name": "Limpertsberg, N.S. Pierret" }, "geometry": { "type": "Point", "coordinates": [ 6.118566, 49.620703 ] } },
{ "type": "Feature", "properties": { "stop_id": "000200419034", "name": "Limpertsberg, Square André" }, "geometry": { "type": "Point", "coordinates": [ 6.11914, 49.623659 ] } },
{ "type": "Feature", "properties": { "stop_id": "000200419035", "name": "Limpertsberg, Waassertuerm" }, "geometry": { "type": "Point", "coordinates": [ 6.122349, 49.623955 ] } },
{ "type": "Feature", "properties": { "stop_id": "000200419036", "name": "Limpertsberg, Faïencerie/INL" }, "geometry": { "type": "Point", "coordinates": [ 6.122077, 49.616121 ] } },
{ "type": "Feature", "properties": { "stop_id": "000200419037", "name": "Limpertsberg, Kiischtewee" }, "geometry": { "type": "Point", "coordinates": [ 6.127712, 49.620831 ] } },
{ "type": "Feature", "properties": { "stop_id": "000200419038", "name": "Limpertsberg, Hall Victor Hugo" }, "geometry": { "type": "Point", "coordinates": [ 6.122802, 49.620736 ] } },
{ "type": "Feature", "properties": { "stop_id": "000200419039", "name": "Limpertsberg, Faïencerie" }, "geometry": { "type": "Point", "coordinates": [ 6.121265, 49.616038 ] } },
{ "type": "Feature", "properties": { "stop_id": "000200419041", "name": "Limpertsberg, Theater (Tram)" }, "geometry": { "type": "Point", "coordinates": [ 6.125338, 49.617642 ] } },
{ "type": "Feature", "properties": { "stop_id": "000200420001", "name": "Merl, Athénée" }, "geometry": { "type": "Point", "coordinates": [ 6.111216, 49.604965 ] } },
{ "type": "Feature", "properties": { "stop_id": "000200420002", "name": "Merl, Barrière" }, "geometry": { "type": "Point", "coordinates": [ 6.097202, 49.602257 ] } },
{ "type": "Feature", "properties": { "stop_id": "000200420003", "name": "Merl, Celtes" }, "geometry": { "type": "Point", "coordinates": [ 6.094608, 49.601643 ] } },
{ "type": "Feature", "properties": { "stop_id": "000200420004", "name": "Merl, Conservatoire" }, "geometry": { "type": "Point", "coordinates": [ 6.105659, 49.602262 ] } },
{ "type": "Feature", "properties": { "stop_id": "000200420005", "name": "Merl, Geesseknäppchen (N)" }, "geometry": { "type": "Point", "coordinates": [ 6.108487, 49.60361 ] } },
{ "type": "Feature", "properties": { "stop_id": "000200420006", "name": "Merl, Geesseknäppchen (S)" }, "geometry": { "type": "Point", "coordinates": [ 6.113485, 49.60172 ] } },
{ "type": "Feature", "properties": { "stop_id": "000200420007", "name": "Merl, Kierfecht" }, "geometry": { "type": "Point", "coordinates": [ 6.099092, 49.609816 ] } },
{ "type": "Feature", "properties": { "stop_id": "000200420008", "name": "Merl, Laang Heck" }, "geometry": { "type": "Point", "coordinates": [ 6.0978, 49.605241 ] } },
{ "type": "Feature", "properties": { "stop_id": "000200420009", "name": "Merl, Marcel Cahen" }, "geometry": { "type": "Point", "coordinates": [ 6.101214, 49.601827 ] } },
{ "type": "Feature", "properties": { "stop_id": "000200420010", "name": "Merl, Op der Millen" }, "geometry": { "type": "Point", "coordinates": [ 6.084963, 49.603451 ] } },
{ "type": "Feature", "properties": { "stop_id": "000200420011", "name": "Merl, Orval" }, "geometry": { "type": "Point", "coordinates": [ 6.102527, 49.605836 ] } },
{ "type": "Feature", "properties": { "stop_id": "000200420012", "name": "Merl, Parc" }, "geometry": { "type": "Point", "coordinates": [ 6.110114, 49.607456 ] } },
{ "type": "Feature", "properties": { "stop_id": "000200420013", "name": "Merl, Plak" }, "geometry": { "type": "Point", "coordinates": [ 6.089251, 49.603038 ] } },
{ "type": "Feature", "properties": { "stop_id": "000200420014", "name": "Merl, St.Hubert" }, "geometry": { "type": "Point", "coordinates": [ 6.093001, 49.603996 ] } },
{ "type": "Feature", "properties": { "stop_id": "000200420015", "name": "Merl, St. Gengoul" }, "geometry": { "type": "Point", "coordinates": [ 6.094756, 49.602654 ] } },
{ "type": "Feature", "properties": { "stop_id": "000200420016", "name": "Merl, Charlemagne" }, "geometry": { "type": "Point", "coordinates": [ 6.098034, 49.607819 ] } },
{ "type": "Feature", "properties": { "stop_id": "000200421003", "name": "Muhlenbach, Eecher Schmelz" }, "geometry": { "type": "Point", "coordinates": [ 6.122277, 49.627992 ] } },
{ "type": "Feature", "properties": { "stop_id": "000200421004", "name": "Muhlenbach, Peiffeschbierg" }, "geometry": { "type": "Point", "coordinates": [ 6.113237, 49.628388 ] } },
{ "type": "Feature", "properties": { "stop_id": "000200421006", "name": "Muhlenbach, Siwemuergen" }, "geometry": { "type": "Point", "coordinates": [ 6.117012, 49.629193 ] } },
{ "type": "Feature", "properties": { "stop_id": "000200422001", "name": "Neudorf, Brasserie" }, "geometry": { "type": "Point", "coordinates": [ 6.164923, 49.622451 ] } },
{ "type": "Feature", "properties": { "stop_id": "000200422002", "name": "Neudorf, Carrières" }, "geometry": { "type": "Point", "coordinates": [ 6.16578, 49.625351 ] } },
{ "type": "Feature", "properties": { "stop_id": "000200422003", "name": "Neudorf/Weimershof, Fierschterhaus" }, "geometry": { "type": "Point", "coordinates": [ 6.177599, 49.623805 ] } },
{ "type": "Feature", "properties": { "stop_id": "000200422004", "name": "Neudorf/Weimershof, Grunewald" }, "geometry": { "type": "Point", "coordinates": [ 6.177207, 49.628419 ] } },
{ "type": "Feature", "properties": { "stop_id": "000200422005", "name": "Neudorf/Weimershof, Hierzekrëpp" }, "geometry": { "type": "Point", "coordinates": [ 6.151708, 49.617071 ] } },
{ "type": "Feature", "properties": { "stop_id": "000200422006", "name": "Neudorf, Huesegrënnchen" }, "geometry": { "type": "Point", "coordinates": [ 6.164274, 49.622903 ] } },
{ "type": "Feature", "properties": { "stop_id": "000200422007", "name": "Neudorf, Kalchesbruck" }, "geometry": { "type": "Point", "coordinates": [ 6.185134, 49.622585 ] } },
{ "type": "Feature", "properties": { "stop_id": "000200422008", "name": "Neudorf, Kapell" }, "geometry": { "type": "Point", "coordinates": [ 6.168447, 49.623527 ] } },
{ "type": "Feature", "properties": { "stop_id": "000200422009", "name": "Neudorf, Kierch" }, "geometry": { "type": "Point", "coordinates": [ 6.161836, 49.621242 ] } },
{ "type": "Feature", "properties": { "stop_id": "000200422010", "name": "Neudorf, Kierfecht" }, "geometry": { "type": "Point", "coordinates": [ 6.17468, 49.626378 ] } },
{ "type": "Feature", "properties": { "stop_id": "000200422011", "name": "Neudorf, Laangegronn" }, "geometry": { "type": "Point", "coordinates": [ 6.173078, 49.624162 ] } },
{ "type": "Feature", "properties": { "stop_id": "000200423001", "name": "Pfaffenthal, Sichenhaff" }, "geometry": { "type": "Point", "coordinates": [ 6.132561, 49.620079 ] } },
{ "type": "Feature", "properties": { "stop_id": "000200423002", "name": "Pfaffenthal, Stade G. Diderich" }, "geometry": { "type": "Point", "coordinates": [ 6.131565, 49.62171 ] } },
{ "type": "Feature", "properties": { "stop_id": "000200423003", "name": "Pfaffenthal, Théiwesbuer" }, "geometry": { "type": "Point", "coordinates": [ 6.132824, 49.615839 ] } },
{ "type": "Feature", "properties": { "stop_id": "000200423004", "name": "Pfaffenthal, Um Bock" }, "geometry": { "type": "Point", "coordinates": [ 6.135091, 49.611658 ] } },
{ "type": "Feature", "properties": { "stop_id": "000200423005", "name": "Pfaffenthal, Vauban" }, "geometry": { "type": "Point", "coordinates": [ 6.135413, 49.61396 ] } },
{ "type": "Feature", "properties": { "stop_id": "000200423006", "name": "Gasperich, Lycée Vauban" }, "geometry": { "type": "Point", "coordinates": [ 6.125341, 49.583707 ] } },
{ "type": "Feature", "properties": { "stop_id": "000200423007", "name": "Pfaffenthal, Halte CFL" }, "geometry": { "type": "Point", "coordinates": [ 6.13239, 49.618986 ] } },
{ "type": "Feature", "properties": { "stop_id": "000200423008", "name": "Gasperich, Waassertuerm (Tram)" }, "geometry": { "type": "Point", "coordinates": [ 6.120625, 49.57991 ] } },
{ "type": "Feature", "properties": { "stop_id": "000200423009", "name": "Gasperich, Stadion" }, "geometry": { "type": "Point", "coordinates": [ 6.110944, 49.576556 ] } },
{ "type": "Feature", "properties": { "stop_id": "000200424001", "name": "Pulvermühl, Hammer Dällchen" }, "geometry": { "type": "Point", "coordinates": [ 6.150735, 49.608824 ] } },
{ "type": "Feature", "properties": { "stop_id": "000200425002", "name": "Reckenthal, Gäertnerei" }, "geometry": { "type": "Point", "coordinates": [ 6.09253, 49.624703 ] } },
{ "type": "Feature", "properties": { "stop_id": "000200425003", "name": "Rollingergrund, Bei der Fiels" }, "geometry": { "type": "Point", "coordinates": [ 6.114076, 49.617253 ] } },
{ "type": "Feature", "properties": { "stop_id": "000200425004", "name": "Rollingergrund, Beim Klomp" }, "geometry": { "type": "Point", "coordinates": [ 6.111096, 49.617998 ] } },
{ "type": "Feature", "properties": { "stop_id": "000200425005", "name": "Rollingergrund, Biischtefabrick" }, "geometry": { "type": "Point", "coordinates": [ 6.116582, 49.615139 ] } },
{ "type": "Feature", "properties": { "stop_id": "000200425006", "name": "Rollingergrund, Roudebierg" }, "geometry": { "type": "Point", "coordinates": [ 6.104699, 49.624774 ] } },
{ "type": "Feature", "properties": { "stop_id": "000200425010", "name": "Rollingergrund, Val Fleuri" }, "geometry": { "type": "Point", "coordinates": [ 6.107749, 49.619101 ] } },
{ "type": "Feature", "properties": { "stop_id": "000200425011", "name": "Rollingergrund, Val St André" }, "geometry": { "type": "Point", "coordinates": [ 6.105779, 49.621976 ] } },
{ "type": "Feature", "properties": { "stop_id": "000200425012", "name": "Rollingergrund, Villeroy & Boch" }, "geometry": { "type": "Point", "coordinates": [ 6.106948, 49.628177 ] } },
{ "type": "Feature", "properties": { "stop_id": "000200426001", "name": "Weimershof, Bleuets" }, "geometry": { "type": "Point", "coordinates": [ 6.153943, 49.620535 ] } },
{ "type": "Feature", "properties": { "stop_id": "000200426002", "name": "Weimershof, Joseph Hackin" }, "geometry": { "type": "Point", "coordinates": [ 6.171356, 49.63022 ] } },
{ "type": "Feature", "properties": { "stop_id": "000200426003", "name": "Weimershof, Pâquerettes" }, "geometry": { "type": "Point", "coordinates": [ 6.158906, 49.622573 ] } },
{ "type": "Feature", "properties": { "stop_id": "000200426004", "name": "Weimerskirch, Biechelchen" }, "geometry": { "type": "Point", "coordinates": [ 6.141756, 49.633567 ] } },
{ "type": "Feature", "properties": { "stop_id": "000200426005", "name": "Weimerskirch, Duerf" }, "geometry": { "type": "Point", "coordinates": [ 6.136063, 49.628371 ] } },
{ "type": "Feature", "properties": { "stop_id": "000200426006", "name": "Weimerskirch, Knupp" }, "geometry": { "type": "Point", "coordinates": [ 6.135607, 49.628818 ] } },
{ "type": "Feature", "properties": { "stop_id": "000200426007", "name": "Weimerskirch, Laval's Park" }, "geometry": { "type": "Point", "coordinates": [ 6.132786, 49.62828 ] } },
{ "type": "Feature", "properties": { "stop_id": "000200426008", "name": "Weimerskirch, Mäertesbuer" }, "geometry": { "type": "Point", "coordinates": [ 6.139231, 49.627954 ] } },
{ "type": "Feature", "properties": { "stop_id": "000200426009", "name": "Weimerskirch, Pierre-Eloi Schoué" }, "geometry": { "type": "Point", "coordinates": [ 6.136937, 49.626458 ] } },
{ "type": "Feature", "properties": { "stop_id": "000200426010", "name": "Weimerskirch, St.Vith" }, "geometry": { "type": "Point", "coordinates": [ 6.138824, 49.626154 ] } },
{ "type": "Feature", "properties": { "stop_id": "000200426011", "name": "Weimerskirch, Tommys Bruch" }, "geometry": { "type": "Point", "coordinates": [ 6.138063, 49.631587 ] } },
{ "type": "Feature", "properties": { "stop_id": "000200501001", "name": "Aéroport Luxembourg/Findel" }, "geometry": { "type": "Point", "coordinates": [ 6.215605, 49.634856 ] } },
{ "type": "Feature", "properties": { "stop_id": "000200501003", "name": "Senningerberg, Cargo Center" }, "geometry": { "type": "Point", "coordinates": [ 6.232241, 49.638278 ] } },
{ "type": "Feature", "properties": { "stop_id": "000200501006", "name": "Findel - Luxembourg Airport" }, "geometry": { "type": "Point", "coordinates": [ 6.217442, 49.635449 ] } },
{ "type": "Feature", "properties": { "stop_id": "000200502001", "name": "Ernster, Duerfplaz" }, "geometry": { "type": "Point", "coordinates": [ 6.248175, 49.679511 ] } },
{ "type": "Feature", "properties": { "stop_id": "000200502002", "name": "Ernster, Engelshaff" }, "geometry": { "type": "Point", "coordinates": [ 6.244028, 49.673924 ] } },
{ "type": "Feature", "properties": { "stop_id": "000200502003", "name": "Ernster, Naasswiss" }, "geometry": { "type": "Point", "coordinates": [ 6.247464, 49.682466 ] } },
{ "type": "Feature", "properties": { "stop_id": "000200503001", "name": "Hostert (Niederanven), Charlys Gare" }, "geometry": { "type": "Point", "coordinates": [ 6.231694, 49.658412 ] } },
{ "type": "Feature", "properties": { "stop_id": "000200503002", "name": "Hostert (Niederanven), Kierfecht" }, "geometry": { "type": "Point", "coordinates": [ 6.232788, 49.655463 ] } },
{ "type": "Feature", "properties": { "stop_id": "000200503003", "name": "Hostert (Niederanven), Am Bruch" }, "geometry": { "type": "Point", "coordinates": [ 6.233965, 49.657426 ] } },
{ "type": "Feature", "properties": { "stop_id": "000200503011", "name": "Hostert (Niederanven), Betzberg" }, "geometry": { "type": "Point", "coordinates": [ 6.239389, 49.652616 ] } },
{ "type": "Feature", "properties": { "stop_id": "000200503012", "name": "Hostert (Niederanven), Binnewee" }, "geometry": { "type": "Point", "coordinates": [ 6.236271, 49.654507 ] } },
{ "type": "Feature", "properties": { "stop_id": "000200503013", "name": "Hostert (Niederanven), Stade Jos Becker" }, "geometry": { "type": "Point", "coordinates": [ 6.228043, 49.658546 ] } },
{ "type": "Feature", "properties": { "stop_id": "000200504001", "name": "Niederanven, Geisfeld" }, "geometry": { "type": "Point", "coordinates": [ 6.262022, 49.652937 ] } },
{ "type": "Feature", "properties": { "stop_id": "000200504002", "name": "Niederanven, Laach" }, "geometry": { "type": "Point", "coordinates": [ 6.254754, 49.651511 ] } },
{ "type": "Feature", "properties": { "stop_id": "000200504003", "name": "Niederanven, Millen" }, "geometry": { "type": "Point", "coordinates": [ 6.259858, 49.649142 ] } },
{ "type": "Feature", "properties": { "stop_id": "000200504004", "name": "Niederanven, Minsbecherstrooss" }, "geometry": { "type": "Point", "coordinates": [ 6.256847, 49.651216 ] } },
{ "type": "Feature", "properties": { "stop_id": "000200504005", "name": "Niederanven, Op de Wolleken" }, "geometry": { "type": "Point", "coordinates": [ 6.250692, 49.655482 ] } },
{ "type": "Feature", "properties": { "stop_id": "000200504006", "name": "Niederanven, Routscheed" }, "geometry": { "type": "Point", "coordinates": [ 6.252141, 49.650462 ] } },
{ "type": "Feature", "properties": { "stop_id": "000200504007", "name": "Niederanven, P.A.S. Aalbaach" }, "geometry": { "type": "Point", "coordinates": [ 6.268681, 49.644473 ] } },
{ "type": "Feature", "properties": { "stop_id": "000200504008", "name": "Niederanven, Bombicht" }, "geometry": { "type": "Point", "coordinates": [ 6.265143, 49.644096 ] } },
{ "type": "Feature", "properties": { "stop_id": "000200504010", "name": "Niederanven, Jacques Lamort" }, "geometry": { "type": "Point", "coordinates": [ 6.263843, 49.643034 ] } },
{ "type": "Feature", "properties": { "stop_id": "000200505001", "name": "Oberanven, Fielsenhaus" }, "geometry": { "type": "Point", "coordinates": [ 6.243908, 49.657562 ] } },
{ "type": "Feature", "properties": { "stop_id": "000200505002", "name": "Oberanven, Gemeng" }, "geometry": { "type": "Point", "coordinates": [ 6.242858, 49.659007 ] } },
{ "type": "Feature", "properties": { "stop_id": "000200505003", "name": "Oberanven, Routstrach" }, "geometry": { "type": "Point", "coordinates": [ 6.248494, 49.658136 ] } },
{ "type": "Feature", "properties": { "stop_id": "000200505004", "name": "Oberanven, rue d'Ernster" }, "geometry": { "type": "Point", "coordinates": [ 6.239377, 49.661676 ] } },
{ "type": "Feature", "properties": { "stop_id": "000200505005", "name": "Oberanven, Rue Schetzel" }, "geometry": { "type": "Point", "coordinates": [ 6.239529, 49.659332 ] } },
{ "type": "Feature", "properties": { "stop_id": "000200506001", "name": "Rameldange, Am Duerf" }, "geometry": { "type": "Point", "coordinates": [ 6.228845, 49.662339 ] } },
{ "type": "Feature", "properties": { "stop_id": "000200506002", "name": "Rameldange, Rëtsch" }, "geometry": { "type": "Point", "coordinates": [ 6.242177, 49.665648 ] } },
{ "type": "Feature", "properties": { "stop_id": "000200506003", "name": "Rameldange, Beiebierg" }, "geometry": { "type": "Point", "coordinates": [ 6.234058, 49.669524 ] } },
{ "type": "Feature", "properties": { "stop_id": "000200506004", "name": "Rameldange, Beim Bësch" }, "geometry": { "type": "Point", "coordinates": [ 6.230134, 49.665886 ] } },
{ "type": "Feature", "properties": { "stop_id": "000200506005", "name": "Rameldange, Bounert" }, "geometry": { "type": "Point", "coordinates": [ 6.239018, 49.664126 ] } },
{ "type": "Feature", "properties": { "stop_id": "000200506006", "name": "Rameldange, Op der Bunn" }, "geometry": { "type": "Point", "coordinates": [ 6.229416, 49.661421 ] } },
{ "type": "Feature", "properties": { "stop_id": "000200507001", "name": "Senningen, Duerfplaz" }, "geometry": { "type": "Point", "coordinates": [ 6.238916, 49.645941 ] } },
{ "type": "Feature", "properties": { "stop_id": "000200507002", "name": "Senningen, Kierch" }, "geometry": { "type": "Point", "coordinates": [ 6.247275, 49.649746 ] } },
{ "type": "Feature", "properties": { "stop_id": "000200507003", "name": "Senningen, Um Kiem" }, "geometry": { "type": "Point", "coordinates": [ 6.243011, 49.649104 ] } },
{ "type": "Feature", "properties": { "stop_id": "000200508002", "name": "Senningerberg, Breedewues" }, "geometry": { "type": "Point", "coordinates": [ 6.224556, 49.655126 ] } },
{ "type": "Feature", "properties": { "stop_id": "000200508003", "name": "Senningerberg, Charlys Statioun" }, "geometry": { "type": "Point", "coordinates": [ 6.226089, 49.649996 ] } },
{ "type": "Feature", "properties": { "stop_id": "000200508004", "name": "Senningerberg, Gromscheed" }, "geometry": { "type": "Point", "coordinates": [ 6.230857, 49.65165 ] } },
{ "type": "Feature", "properties": { "stop_id": "000200508005", "name": "Senningerberg, Héienhaff P+R" }, "geometry": { "type": "Point", "coordinates": [ 6.218337, 49.641606 ] } },
{ "type": "Feature", "properties": { "stop_id": "000200508006", "name": "Senningerberg, Kapell" }, "geometry": { "type": "Point", "coordinates": [ 6.226673, 49.650185 ] } },
{ "type": "Feature", "properties": { "stop_id": "000200508007", "name": "Senningerberg, Laangschib" }, "geometry": { "type": "Point", "coordinates": [ 6.220892, 49.64442 ] } },
{ "type": "Feature", "properties": { "stop_id": "000200508008", "name": "Senningerberg, Mënsterbësch" }, "geometry": { "type": "Point", "coordinates": [ 6.224788, 49.645584 ] } },
{ "type": "Feature", "properties": { "stop_id": "000200508009", "name": "Senningerberg, Rue des Pins" }, "geometry": { "type": "Point", "coordinates": [ 6.237934, 49.648221 ] } },
{ "type": "Feature", "properties": { "stop_id": "000200508010", "name": "Senningerberg, Rue des Résidences" }, "geometry": { "type": "Point", "coordinates": [ 6.234767, 49.649848 ] } },
{ "type": "Feature", "properties": { "stop_id": "000200508011", "name": "Senningerberg, Rue du Golf" }, "geometry": { "type": "Point", "coordinates": [ 6.221297, 49.645095 ] } },
{ "type": "Feature", "properties": { "stop_id": "000200508012", "name": "Senningerberg, Lou Hemmer" }, "geometry": { "type": "Point", "coordinates": [ 6.210461, 49.633013 ] } },
{ "type": "Feature", "properties": { "stop_id": "000200508014", "name": "Senningerberg, Martinus" }, "geometry": { "type": "Point", "coordinates": [ 6.240888, 49.649253 ] } },
{ "type": "Feature", "properties": { "stop_id": "000200508015", "name": "Senningerberg, Parishaff" }, "geometry": { "type": "Point", "coordinates": [ 6.218995, 49.638255 ] } },
{ "type": "Feature", "properties": { "stop_id": "000200508016", "name": "Senningerberg, Héienhaff" }, "geometry": { "type": "Point", "coordinates": [ 6.21723, 49.6416 ] } },
{ "type": "Feature", "properties": { "stop_id": "000200601001", "name": "Sandweiler, Am Eck" }, "geometry": { "type": "Point", "coordinates": [ 6.212146, 49.613203 ] } },
{ "type": "Feature", "properties": { "stop_id": "000200601002", "name": "Sandweiler, Apdikt" }, "geometry": { "type": "Point", "coordinates": [ 6.222923, 49.615312 ] } },
{ "type": "Feature", "properties": { "stop_id": "000200601004", "name": "Sandweiler, Hiel" }, "geometry": { "type": "Point", "coordinates": [ 6.215848, 49.617004 ] } },
{ "type": "Feature", "properties": { "stop_id": "000200601005", "name": "Sandweiler, Kiirch" }, "geometry": { "type": "Point", "coordinates": [ 6.219137, 49.616307 ] } },
{ "type": "Feature", "properties": { "stop_id": "000200601006", "name": "Sandweiler, Kontrollstatioun" }, "geometry": { "type": "Point", "coordinates": [ 6.209413, 49.615729 ] } },
{ "type": "Feature", "properties": { "stop_id": "000200601007", "name": "Sandweiler, Koschterjanshaff" }, "geometry": { "type": "Point", "coordinates": [ 6.226719, 49.613195 ] } },
{ "type": "Feature", "properties": { "stop_id": "000200601009", "name": "Sandweiler, Schaedhaff" }, "geometry": { "type": "Point", "coordinates": [ 6.203877, 49.606815 ] } },
{ "type": "Feature", "properties": { "stop_id": "000200601010", "name": "Sandweiler, Schiltzperdgen" }, "geometry": { "type": "Point", "coordinates": [ 6.221854, 49.615707 ] } },
{ "type": "Feature", "properties": { "stop_id": "000200601012", "name": "Sandweiler, rue d'Itzig" }, "geometry": { "type": "Point", "coordinates": [ 6.216273, 49.614507 ] } },
{ "type": "Feature", "properties": { "stop_id": "000200601013", "name": "Sandweiler-Contern, Gare routière" }, "geometry": { "type": "Point", "coordinates": [ 6.212505, 49.59965 ] } },
{ "type": "Feature", "properties": { "stop_id": "000200601014", "name": "Sandweiler, Kapellebierg" }, "geometry": { "type": "Point", "coordinates": [ 6.213416, 49.61717 ] } },
{ "type": "Feature", "properties": { "stop_id": "000200601015", "name": "Sandweiler, Scheedbësch" }, "geometry": { "type": "Point", "coordinates": [ 6.202961, 49.613979 ] } },
{ "type": "Feature", "properties": { "stop_id": "000200601016", "name": "Sandweiler-Contern, Gare" }, "geometry": { "type": "Point", "coordinates": [ 6.211775, 49.599093 ] } },
{ "type": "Feature", "properties": { "stop_id": "000200602001", "name": "Findel, Findel" }, "geometry": { "type": "Point", "coordinates": [ 6.204565, 49.629158 ] } },
{ "type": "Feature", "properties": { "stop_id": "000200602002", "name": "Findel, Business Center" }, "geometry": { "type": "Point", "coordinates": [ 6.193738, 49.624052 ] } },
{ "type": "Feature", "properties": { "stop_id": "000200602003", "name": "Findel, Gréiwelscheierhaff" }, "geometry": { "type": "Point", "coordinates": [ 6.19813, 49.625821 ] } },
{ "type": "Feature", "properties": { "stop_id": "000200701001", "name": "Munsbach, Gare" }, "geometry": { "type": "Point", "coordinates": [ 6.268481, 49.630556 ] } },
{ "type": "Feature", "properties": { "stop_id": "000200701002", "name": "Munsbach, Kulturzentrum" }, "geometry": { "type": "Point", "coordinates": [ 6.267783, 49.630414 ] } },
{ "type": "Feature", "properties": { "stop_id": "000200701003", "name": "Munsbach, Minsber Baach" }, "geometry": { "type": "Point", "coordinates": [ 6.267086, 49.634073 ] } },
{ "type": "Feature", "properties": { "stop_id": "000200701004", "name": "Munsbach, Gare routière" }, "geometry": { "type": "Point", "coordinates": [ 6.269065, 49.630768 ] } },
{ "type": "Feature", "properties": { "stop_id": "000200701005", "name": "Munsbach, Parc d'Activité Syrdall" }, "geometry": { "type": "Point", "coordinates": [ 6.267987, 49.638411 ] } },
{ "type": "Feature", "properties": { "stop_id": "000200701006", "name": "Munsbach, Aisvull" }, "geometry": { "type": "Point", "coordinates": [ 6.273878, 49.640962 ] } },
{ "type": "Feature", "properties": { "stop_id": "000200701007", "name": "Munsbach, Schlass Minsbech" }, "geometry": { "type": "Point", "coordinates": [ 6.260658, 49.631078 ] } },
{ "type": "Feature", "properties": { "stop_id": "000200702001", "name": "Neuhaeusgen, Ennescht Neihaischen" }, "geometry": { "type": "Point", "coordinates": [ 6.231581, 49.623096 ] } },
{ "type": "Feature", "properties": { "stop_id": "000200702002", "name": "Neuhaeusgen, Iewescht Neihaischen" }, "geometry": { "type": "Point", "coordinates": [ 6.242788, 49.6227 ] } },
{ "type": "Feature", "properties": { "stop_id": "000200702003", "name": "Neuhaeusgen, Kiischtewee" }, "geometry": { "type": "Point", "coordinates": [ 6.234564, 49.623611 ] } },
{ "type": "Feature", "properties": { "stop_id": "000200703003", "name": "Munsbach, Bekassin" }, "geometry": { "type": "Point", "coordinates": [ 6.273638, 49.643328 ] } },
{ "type": "Feature", "properties": { "stop_id": "000200703005", "name": "Munsbach, Stackint" }, "geometry": { "type": "Point", "coordinates": [ 6.270422, 49.638997 ] } },
{ "type": "Feature", "properties": { "stop_id": "000200704001", "name": "Schrassig, Bastenhaff" }, "geometry": { "type": "Point", "coordinates": [ 6.258704, 49.609846 ] } },
{ "type": "Feature", "properties": { "stop_id": "000200704002", "name": "Schrassig, Schlassgewan" }, "geometry": { "type": "Point", "coordinates": [ 6.255914, 49.614555 ] } },
{ "type": "Feature", "properties": { "stop_id": "000200704003", "name": "Schrassig, Schwaarz Kaz" }, "geometry": { "type": "Point", "coordinates": [ 6.259009, 49.613071 ] } },
{ "type": "Feature", "properties": { "stop_id": "000200705001", "name": "Schuttrange, Al-Schëtter Mëtt" }, "geometry": { "type": "Point", "coordinates": [ 6.27337, 49.621845 ] } },
{ "type": "Feature", "properties": { "stop_id": "000200705003", "name": "Schuttrange, Kanecherstrooss" }, "geometry": { "type": "Point", "coordinates": [ 6.270251, 49.619641 ] } },
{ "type": "Feature", "properties": { "stop_id": "000200705004", "name": "Schuttrange, Kiercheplaz" }, "geometry": { "type": "Point", "coordinates": [ 6.267808, 49.623731 ] } },
{ "type": "Feature", "properties": { "stop_id": "000200705005", "name": "Schuttrange, Kreizung" }, "geometry": { "type": "Point", "coordinates": [ 6.266085, 49.62104 ] } },
{ "type": "Feature", "properties": { "stop_id": "000200705007", "name": "Schuttrange, Um Grousbuer" }, "geometry": { "type": "Point", "coordinates": [ 6.262418, 49.618038 ] } },
{ "type": "Feature", "properties": { "stop_id": "000200706001", "name": "Uebersyren, Kreizgaass" }, "geometry": { "type": "Point", "coordinates": [ 6.276027, 49.631449 ] } },
{ "type": "Feature", "properties": { "stop_id": "000200801001", "name": "Mullendorf, Mëlleref" }, "geometry": { "type": "Point", "coordinates": [ 6.129674, 49.67906 ] } },
{ "type": "Feature", "properties": { "stop_id": "000200801002", "name": "Steinsel, Bourgaass" }, "geometry": { "type": "Point", "coordinates": [ 6.12182, 49.677533 ] } },
{ "type": "Feature", "properties": { "stop_id": "000200801003", "name": "Steinsel, Gonneschhaff" }, "geometry": { "type": "Point", "coordinates": [ 6.120269, 49.671629 ] } },
{ "type": "Feature", "properties": { "stop_id": "000200801004", "name": "Steinsel, Laval" }, "geometry": { "type": "Point", "coordinates": [ 6.119685, 49.669554 ] } },
{ "type": "Feature", "properties": { "stop_id": "000200801005", "name": "Steinsel, Michel Rodange Plaz" }, "geometry": { "type": "Point", "coordinates": [ 6.124559, 49.676942 ] } },
{ "type": "Feature", "properties": { "stop_id": "000200801006", "name": "Steinsel, Industriezon" }, "geometry": { "type": "Point", "coordinates": [ 6.125433, 49.669109 ] } },
{ "type": "Feature", "properties": { "stop_id": "000200801007", "name": "Steinsel, Schoul" }, "geometry": { "type": "Point", "coordinates": [ 6.12394, 49.678018 ] } },
{ "type": "Feature", "properties": { "stop_id": "000200801008", "name": "Steinsel, Um Gruef" }, "geometry": { "type": "Point", "coordinates": [ 6.122299, 49.675287 ] } },
{ "type": "Feature", "properties": { "stop_id": "000200801009", "name": "Steinsel, Zone Industrielle" }, "geometry": { "type": "Point", "coordinates": [ 6.127309, 49.66984 ] } },
{ "type": "Feature", "properties": { "stop_id": "000200801011", "name": "Steinsel, Kennedy" }, "geometry": { "type": "Point", "coordinates": [ 6.12491, 49.670512 ] } },
{ "type": "Feature", "properties": { "stop_id": "000200802001", "name": "Heisdorf, Altersheem" }, "geometry": { "type": "Point", "coordinates": [ 6.134938, 49.675995 ] } },
{ "type": "Feature", "properties": { "stop_id": "000200802002", "name": "Heisdorf, Bei der Parkmauer" }, "geometry": { "type": "Point", "coordinates": [ 6.13589, 49.671169 ] } },
{ "type": "Feature", "properties": { "stop_id": "000200802003", "name": "Heisdorf, Gare" }, "geometry": { "type": "Point", "coordinates": [ 6.139417, 49.6751 ] } },
{ "type": "Feature", "properties": { "stop_id": "000200802004", "name": "Heisdorf, Klouster" }, "geometry": { "type": "Point", "coordinates": [ 6.137322, 49.674494 ] } },
{ "type": "Feature", "properties": { "stop_id": "000200802005", "name": "Heisdorf, Millewee" }, "geometry": { "type": "Point", "coordinates": [ 6.135143, 49.668773 ] } },
{ "type": "Feature", "properties": { "stop_id": "000200803012", "name": "Mullendorf, Op der Muschel" }, "geometry": { "type": "Point", "coordinates": [ 6.129595, 49.682738 ] } },
{ "type": "Feature", "properties": { "stop_id": "000200901002", "name": "Strassen, Atrium" }, "geometry": { "type": "Point", "coordinates": [ 6.079068, 49.608512 ] } },
{ "type": "Feature", "properties": { "stop_id": "000200901003", "name": "Strassen, Aurélia" }, "geometry": { "type": "Point", "coordinates": [ 6.080656, 49.619006 ] } },
{ "type": "Feature", "properties": { "stop_id": "000200901004", "name": "Strassen, Barblé" }, "geometry": { "type": "Point", "coordinates": [ 6.070585, 49.620451 ] } },
{ "type": "Feature", "properties": { "stop_id": "000200901006", "name": "Strassen, Kaltacht" }, "geometry": { "type": "Point", "coordinates": [ 6.091377, 49.619879 ] } },
{ "type": "Feature", "properties": { "stop_id": "000200901007", "name": "Strassen, Bourmicht" }, "geometry": { "type": "Point", "coordinates": [ 6.079916, 49.610764 ] } },
{ "type": "Feature", "properties": { "stop_id": "000200901008", "name": "Strassen, Chapelle" }, "geometry": { "type": "Point", "coordinates": [ 6.064019, 49.618647 ] } },
{ "type": "Feature", "properties": { "stop_id": "000200901009", "name": "Strassen, Oricher-Hoehl" }, "geometry": { "type": "Point", "coordinates": [ 6.080982, 49.621607 ] } },
{ "type": "Feature", "properties": { "stop_id": "000200901010", "name": "Strassen, Follereau" }, "geometry": { "type": "Point", "coordinates": [ 6.058218, 49.618538 ] } },
{ "type": "Feature", "properties": { "stop_id": "000200901011", "name": "Strassen, Schoenacht" }, "geometry": { "type": "Point", "coordinates": [ 6.057716, 49.62214 ] } },
{ "type": "Feature", "properties": { "stop_id": "000200901012", "name": "Strassen, Steekaul" }, "geometry": { "type": "Point", "coordinates": [ 6.098439, 49.624166 ] } },
{ "type": "Feature", "properties": { "stop_id": "000200901013", "name": "Strassen, Grande-Duchesse Charlotte" }, "geometry": { "type": "Point", "coordinates": [ 6.072188, 49.619124 ] } },
{ "type": "Feature", "properties": { "stop_id": "000200901014", "name": "Strassen, Hondseck" }, "geometry": { "type": "Point", "coordinates": [ 6.087555, 49.618019 ] } },
{ "type": "Feature", "properties": { "stop_id": "000200901015", "name": "Strassen, Huorgarten" }, "geometry": { "type": "Point", "coordinates": [ 6.091941, 49.617383 ] } },
{ "type": "Feature", "properties": { "stop_id": "000200901016", "name": "Strassen, Geesseneck" }, "geometry": { "type": "Point", "coordinates": [ 6.062012, 49.621637 ] } },
{ "type": "Feature", "properties": { "stop_id": "000200901017", "name": "Strassen, Kesseler" }, "geometry": { "type": "Point", "coordinates": [ 6.066453, 49.621012 ] } },
{ "type": "Feature", "properties": { "stop_id": "000200901018", "name": "Strassen, Kiem" }, "geometry": { "type": "Point", "coordinates": [ 6.078065, 49.618571 ] } },
{ "type": "Feature", "properties": { "stop_id": "000200901019", "name": "Strassen, Les Aubépines" }, "geometry": { "type": "Point", "coordinates": [ 6.090333, 49.616029 ] } },
{ "type": "Feature", "properties": { "stop_id": "000200901020", "name": "Strassen, Benelux" }, "geometry": { "type": "Point", "coordinates": [ 6.076326, 49.619625 ] } },
{ "type": "Feature", "properties": { "stop_id": "000200901021", "name": "Strassen, Potagers" }, "geometry": { "type": "Point", "coordinates": [ 6.092664, 49.621859 ] } },
{ "type": "Feature", "properties": { "stop_id": "000200901022", "name": "Strassen, Michel Angelo" }, "geometry": { "type": "Point", "coordinates": [ 6.086915, 49.61668 ] } },
{ "type": "Feature", "properties": { "stop_id": "000200901023", "name": "Strassen, Pl. Thomas Edison ENSA" }, "geometry": { "type": "Point", "coordinates": [ 6.097266, 49.620724 ] } },
{ "type": "Feature", "properties": { "stop_id": "000200901024", "name": "Strassen, Primeurs" }, "geometry": { "type": "Point", "coordinates": [ 6.093982, 49.620079 ] } },
{ "type": "Feature", "properties": { "stop_id": "000200901025", "name": "Strassen, Réimerwee" }, "geometry": { "type": "Point", "coordinates": [ 6.082195, 49.617812 ] } },
{ "type": "Feature", "properties": { "stop_id": "000200901026", "name": "Strassen, Riedgen" }, "geometry": { "type": "Point", "coordinates": [ 6.057402, 49.618156 ] } },
{ "type": "Feature", "properties": { "stop_id": "000200901029", "name": "Strassen, Terminus" }, "geometry": { "type": "Point", "coordinates": [ 6.058437, 49.621808 ] } },
{ "type": "Feature", "properties": { "stop_id": "000200901033", "name": "Strassen, Les Thermes" }, "geometry": { "type": "Point", "coordinates": [ 6.076309, 49.612274 ] } },
{ "type": "Feature", "properties": { "stop_id": "000200901034", "name": "Strassen, Schafsstrachen" }, "geometry": { "type": "Point", "coordinates": [ 6.088437, 49.620668 ] } },
{ "type": "Feature", "properties": { "stop_id": "000200901035", "name": "Strassen, Cité Pescher" }, "geometry": { "type": "Point", "coordinates": [ 6.078464, 49.621154 ] } },
{ "type": "Feature", "properties": { "stop_id": "000200901038", "name": "Strassen, Cité Pescher Lilas" }, "geometry": { "type": "Point", "coordinates": [ 6.077352, 49.622237 ] } },
{ "type": "Feature", "properties": { "stop_id": "000200901039", "name": "Strassen, Cité Pescher Lavandes" }, "geometry": { "type": "Point", "coordinates": [ 6.077897, 49.623506 ] } },
{ "type": "Feature", "properties": { "stop_id": "000201001001", "name": "Bereldange, Elterstrachen" }, "geometry": { "type": "Point", "coordinates": [ 6.125964, 49.660952 ] } },
{ "type": "Feature", "properties": { "stop_id": "000201001002", "name": "Bereldange, Police" }, "geometry": { "type": "Point", "coordinates": [ 6.127247, 49.656736 ] } },
{ "type": "Feature", "properties": { "stop_id": "000201001003", "name": "Bereldange, Schoul" }, "geometry": { "type": "Point", "coordinates": [ 6.127402, 49.653309 ] } },
{ "type": "Feature", "properties": { "stop_id": "000201001004", "name": "Bereldange, Rue du Pont" }, "geometry": { "type": "Point", "coordinates": [ 6.12782, 49.649587 ] } },
{ "type": "Feature", "properties": { "stop_id": "000201003001", "name": "Helmsange, Barriär" }, "geometry": { "type": "Point", "coordinates": [ 6.135629, 49.659933 ] } },
{ "type": "Feature", "properties": { "stop_id": "000201003002", "name": "Helmsange, Mercatoris" }, "geometry": { "type": "Point", "coordinates": [ 6.134256, 49.665751 ] } },
{ "type": "Feature", "properties": { "stop_id": "000201003004", "name": "Helmsange, Tricentenaire" }, "geometry": { "type": "Point", "coordinates": [ 6.133253, 49.662331 ] } },
{ "type": "Feature", "properties": { "stop_id": "000201004001", "name": "Walferdange, Gare" }, "geometry": { "type": "Point", "coordinates": [ 6.136207, 49.66203 ] } },
{ "type": "Feature", "properties": { "stop_id": "000201004002", "name": "Walferdange, Gemenge Plaz" }, "geometry": { "type": "Point", "coordinates": [ 6.13075, 49.659142 ] } },
{ "type": "Feature", "properties": { "stop_id": "000201004003", "name": "Walferdange, Gare routière" }, "geometry": { "type": "Point", "coordinates": [ 6.135961, 49.661484 ] } },
{ "type": "Feature", "properties": { "stop_id": "000201005001", "name": "Stafelter" }, "geometry": { "type": "Point", "coordinates": [ 6.174671, 49.658971 ] } },
{ "type": "Feature", "properties": { "stop_id": "000201101001", "name": "Hassel, Dielchen" }, "geometry": { "type": "Point", "coordinates": [ 6.20483, 49.550846 ] } },
{ "type": "Feature", "properties": { "stop_id": "000201101002", "name": "Hassel, Karmesch" }, "geometry": { "type": "Point", "coordinates": [ 6.208887, 49.550004 ] } },
{ "type": "Feature", "properties": { "stop_id": "000201101003", "name": "Hassel, Küneftchen" }, "geometry": { "type": "Point", "coordinates": [ 6.212579, 49.548738 ] } },
{ "type": "Feature", "properties": { "stop_id": "000201102001", "name": "Syren, Klappsbréck" }, "geometry": { "type": "Point", "coordinates": [ 6.222025, 49.562936 ] } },
{ "type": "Feature", "properties": { "stop_id": "000201102002", "name": "Syren, Nidderbaach" }, "geometry": { "type": "Point", "coordinates": [ 6.219909, 49.565324 ] } },
{ "type": "Feature", "properties": { "stop_id": "000201102003", "name": "Syren, Troudelermillen" }, "geometry": { "type": "Point", "coordinates": [ 6.214965, 49.565129 ] } },
{ "type": "Feature", "properties": { "stop_id": "000201103001", "name": "Weiler-la-Tour, Camping" }, "geometry": { "type": "Point", "coordinates": [ 6.173952, 49.547584 ] } },
{ "type": "Feature", "properties": { "stop_id": "000201103002", "name": "Weiler-la-Tour, Gëltz" }, "geometry": { "type": "Point", "coordinates": [ 6.199412, 49.541993 ] } },
{ "type": "Feature", "properties": { "stop_id": "000201103003", "name": "Weiler-la-Tour, Huehlgaass" }, "geometry": { "type": "Point", "coordinates": [ 6.194318, 49.539468 ] } },
{ "type": "Feature", "properties": { "stop_id": "000201103004", "name": "Weiler-la-Tour, Schlammestee" }, "geometry": { "type": "Point", "coordinates": [ 6.180142, 49.533758 ] } },
{ "type": "Feature", "properties": { "stop_id": "000201103005", "name": "Weiler-la-Tour, Pekebierg" }, "geometry": { "type": "Point", "coordinates": [ 6.203179, 49.546264 ] } },
{ "type": "Feature", "properties": { "stop_id": "000210101001", "name": "Assel, Assel" }, "geometry": { "type": "Point", "coordinates": [ 6.313571, 49.554485 ] } },
{ "type": "Feature", "properties": { "stop_id": "000210102001", "name": "Bous, Enner dem Pavé" }, "geometry": { "type": "Point", "coordinates": [ 6.333791, 49.555665 ] } },
{ "type": "Feature", "properties": { "stop_id": "000210102002", "name": "Bous, Herdermillen" }, "geometry": { "type": "Point", "coordinates": [ 6.338162, 49.556088 ] } },
{ "type": "Feature", "properties": { "stop_id": "000210102003", "name": "Bous, Kapell" }, "geometry": { "type": "Point", "coordinates": [ 6.325684, 49.554453 ] } },
{ "type": "Feature", "properties": { "stop_id": "000210102004", "name": "Bous, Kiirch" }, "geometry": { "type": "Point", "coordinates": [ 6.32932, 49.555349 ] } },
{ "type": "Feature", "properties": { "stop_id": "000210103001", "name": "Erpeldange (Bous), Kräizgaass" }, "geometry": { "type": "Point", "coordinates": [ 6.327284, 49.546038 ] } },
{ "type": "Feature", "properties": { "stop_id": "000210103002", "name": "Erpeldange (Bous), Rollengerstrooss" }, "geometry": { "type": "Point", "coordinates": [ 6.324922, 49.546772 ] } },
{ "type": "Feature", "properties": { "stop_id": "000210103003", "name": "Erpeldange (Bous), Scheierbierg" }, "geometry": { "type": "Point", "coordinates": [ 6.324773, 49.542507 ] } },
{ "type": "Feature", "properties": { "stop_id": "000210104001", "name": "Rolling, Rolling" }, "geometry": { "type": "Point", "coordinates": [ 6.316449, 49.550156 ] } },
{ "type": "Feature", "properties": { "stop_id": "000210105001", "name": "Erpeldange (Bous), Emeringerhaff" }, "geometry": { "type": "Point", "coordinates": [ 6.323211, 49.539419 ] } },
{ "type": "Feature", "properties": { "stop_id": "000210106001", "name": "Ersange, Ierséng" }, "geometry": { "type": "Point", "coordinates": [ 6.275701, 49.576227 ] } },
{ "type": "Feature", "properties": { "stop_id": "000210107001", "name": "Roedt, Réid" }, "geometry": { "type": "Point", "coordinates": [ 6.284058, 49.569538 ] } },
{ "type": "Feature", "properties": { "stop_id": "000210108001", "name": "Trintange, Trenteng" }, "geometry": { "type": "Point", "coordinates": [ 6.281136, 49.572349 ] } },
{ "type": "Feature", "properties": { "stop_id": "000210109001", "name": "Waldbredimus, Hanner Lautesch" }, "geometry": { "type": "Point", "coordinates": [ 6.293295, 49.557285 ] } },
{ "type": "Feature", "properties": { "stop_id": "000210109002", "name": "Waldbredimus, Kiirch" }, "geometry": { "type": "Point", "coordinates": [ 6.287662, 49.556837 ] } },
{ "type": "Feature", "properties": { "stop_id": "000210109003", "name": "Waldbredimus, beim Kierfecht" }, "geometry": { "type": "Point", "coordinates": [ 6.283859, 49.555337 ] } },
{ "type": "Feature", "properties": { "stop_id": "000210109004", "name": "Waldbredimus, Gondeléngermillen" }, "geometry": { "type": "Point", "coordinates": [ 6.277037, 49.548762 ] } },
{ "type": "Feature", "properties": { "stop_id": "000210301001", "name": "Dalheim, Hossegaass" }, "geometry": { "type": "Point", "coordinates": [ 6.26164, 49.540648 ] } },
{ "type": "Feature", "properties": { "stop_id": "000210301002", "name": "Dalheim, Poste" }, "geometry": { "type": "Point", "coordinates": [ 6.256676, 49.542753 ] } },
{ "type": "Feature", "properties": { "stop_id": "000210301003", "name": "Dalheim, Waasserklapp" }, "geometry": { "type": "Point", "coordinates": [ 6.25547, 49.546861 ] } },
{ "type": "Feature", "properties": { "stop_id": "000210301004", "name": "Dalheim, Gemeng" }, "geometry": { "type": "Point", "coordinates": [ 6.258982, 49.543166 ] } },
{ "type": "Feature", "properties": { "stop_id": "000210302001", "name": "Filsdorf, Op der Plaz" }, "geometry": { "type": "Point", "coordinates": [ 6.247761, 49.534257 ] } },
{ "type": "Feature", "properties": { "stop_id": "000210302002", "name": "Filsdorf, Beim Wäschbour" }, "geometry": { "type": "Point", "coordinates": [ 6.245631, 49.533089 ] } },
{ "type": "Feature", "properties": { "stop_id": "000210303001", "name": "Welfrange, Op der Plaz" }, "geometry": { "type": "Point", "coordinates": [ 6.283899, 49.539607 ] } },
{ "type": "Feature", "properties": { "stop_id": "000210401001", "name": "Canach, Am Stee" }, "geometry": { "type": "Point", "coordinates": [ 6.331935, 49.612247 ] } },
{ "type": "Feature", "properties": { "stop_id": "000210401002", "name": "Canach, Huehlgaass" }, "geometry": { "type": "Point", "coordinates": [ 6.315898, 49.608044 ] } },
{ "type": "Feature", "properties": { "stop_id": "000210401003", "name": "Canach, Op der Bréck" }, "geometry": { "type": "Point", "coordinates": [ 6.32673, 49.61173 ] } },
{ "type": "Feature", "properties": { "stop_id": "000210401004", "name": "Canach, Post" }, "geometry": { "type": "Point", "coordinates": [ 6.32453, 49.609367 ] } },
{ "type": "Feature", "properties": { "stop_id": "000210401006", "name": "Canach, Weber" }, "geometry": { "type": "Point", "coordinates": [ 6.322626, 49.609038 ] } },
{ "type": "Feature", "properties": { "stop_id": "000210401007", "name": "Canach, Z.A. Rëckschleed" }, "geometry": { "type": "Point", "coordinates": [ 6.306555, 49.605769 ] } },
{ "type": "Feature", "properties": { "stop_id": "000210401008", "name": "Canach, Am Bruch" }, "geometry": { "type": "Point", "coordinates": [ 6.32891, 49.609485 ] } },
{ "type": "Feature", "properties": { "stop_id": "000210402001", "name": "Lenningen, Am Aker" }, "geometry": { "type": "Point", "coordinates": [ 6.366702, 49.600322 ] } },
{ "type": "Feature", "properties": { "stop_id": "000210402002", "name": "Lenningen, Basilika" }, "geometry": { "type": "Point", "coordinates": [ 6.367474, 49.600888 ] } },
{ "type": "Feature", "properties": { "stop_id": "000210402003", "name": "Lenningen, Hakenhaff" }, "geometry": { "type": "Point", "coordinates": [ 6.280874, 49.604269 ] } },
{ "type": "Feature", "properties": { "stop_id": "000210402004", "name": "Lenningen, Kaul" }, "geometry": { "type": "Point", "coordinates": [ 6.361369, 49.601398 ] } },
{ "type": "Feature", "properties": { "stop_id": "000210501001", "name": "Altwies, An der Kaatz" }, "geometry": { "type": "Point", "coordinates": [ 6.257602, 49.509007 ] } },
{ "type": "Feature", "properties": { "stop_id": "000210501002", "name": "Altwies, Beckeschmillen" }, "geometry": { "type": "Point", "coordinates": [ 6.250079, 49.50933 ] } },
{ "type": "Feature", "properties": { "stop_id": "000210501003", "name": "Altwies, Bourgässel" }, "geometry": { "type": "Point", "coordinates": [ 6.255343, 49.510054 ] } },
{ "type": "Feature", "properties": { "stop_id": "000210501004", "name": "Altwies, Millbaach" }, "geometry": { "type": "Point", "coordinates": [ 6.26071, 49.507723 ] } },
{ "type": "Feature", "properties": { "stop_id": "000210502001", "name": "Ellange, Ellenger Gare" }, "geometry": { "type": "Point", "coordinates": [ 6.304688, 49.515382 ] } },
{ "type": "Feature", "properties": { "stop_id": "000210502002", "name": "Ellange, Martialis" }, "geometry": { "type": "Point", "coordinates": [ 6.297506, 49.520264 ] } },
{ "type": "Feature", "properties": { "stop_id": "000210502003", "name": "Ellange, rue de la Gare" }, "geometry": { "type": "Point", "coordinates": [ 6.303918, 49.516347 ] } },
{ "type": "Feature", "properties": { "stop_id": "000210503001", "name": "Mondorf-les-Bains, Bei der Douane" }, "geometry": { "type": "Point", "coordinates": [ 6.270312, 49.504588 ] } },
{ "type": "Feature", "properties": { "stop_id": "000210503002", "name": "Mondorf-les-Bains, Casino 2000" }, "geometry": { "type": "Point", "coordinates": [ 6.281589, 49.506248 ] } },
{ "type": "Feature", "properties": { "stop_id": "000210503003", "name": "Mondorf-les-Bains, Christophorus" }, "geometry": { "type": "Point", "coordinates": [ 6.274508, 49.504642 ] } },
{ "type": "Feature", "properties": { "stop_id": "000210503004", "name": "Mondorf-les-Bains, Daundorf" }, "geometry": { "type": "Point", "coordinates": [ 6.285056, 49.507256 ] } },
{ "type": "Feature", "properties": { "stop_id": "000210503005", "name": "Mondorf-les-Bains, Kleng Gare" }, "geometry": { "type": "Point", "coordinates": [ 6.266162, 49.504184 ] } },
{ "type": "Feature", "properties": { "stop_id": "000210503006", "name": "Mondorf-les-Bains, Réimecherstrooss" }, "geometry": { "type": "Point", "coordinates": [ 6.284231, 49.508251 ] } },
{ "type": "Feature", "properties": { "stop_id": "000210503007", "name": "Mondorf-les-Bains, Stade John Grün" }, "geometry": { "type": "Point", "coordinates": [ 6.287453, 49.510042 ] } },
{ "type": "Feature", "properties": { "stop_id": "000210503009", "name": "Mondorf-les-Bains, Vor Howent" }, "geometry": { "type": "Point", "coordinates": [ 6.278833, 49.508855 ] } },
{ "type": "Feature", "properties": { "stop_id": "000210503010", "name": "Mondorf-les-Bains, Av. Gr.D. Charlotte" }, "geometry": { "type": "Point", "coordinates": [ 6.282606, 49.509583 ] } },
{ "type": "Feature", "properties": { "stop_id": "000210503011", "name": "Mondorf-les-Bains, Rue J. Dolibois" }, "geometry": { "type": "Point", "coordinates": [ 6.281723, 49.512528 ] } },
{ "type": "Feature", "properties": { "stop_id": "000210503012", "name": "Mondorf-les-Bains, Ecole Internationale" }, "geometry": { "type": "Point", "coordinates": [ 6.284187, 49.500463 ] } },
{ "type": "Feature", "properties": { "stop_id": "000210503013", "name": "Mondorf-les-Bains, Place des Villes Jumelées" }, "geometry": { "type": "Point", "coordinates": [ 6.275581, 49.505972 ] } },
{ "type": "Feature", "properties": { "stop_id": "000210503014", "name": "Mondorf-les-Bains, Ellengerstrooss" }, "geometry": { "type": "Point", "coordinates": [ 6.280425, 49.511791 ] } },
{ "type": "Feature", "properties": { "stop_id": "000210601001", "name": "Remerschen, Al Schoul" }, "geometry": { "type": "Point", "coordinates": [ 6.352143, 49.491125 ] } },
{ "type": "Feature", "properties": { "stop_id": "000210601002", "name": "Remerschen, Ennen am Doref" }, "geometry": { "type": "Point", "coordinates": [ 6.354513, 49.486349 ] } },
{ "type": "Feature", "properties": { "stop_id": "000210601003", "name": "Remerschen, Kiosk" }, "geometry": { "type": "Point", "coordinates": [ 6.351114, 49.488187 ] } },
{ "type": "Feature", "properties": { "stop_id": "000210602001", "name": "Schengen, Ennen am Doref" }, "geometry": { "type": "Point", "coordinates": [ 6.365881, 49.473177 ] } },
{ "type": "Feature", "properties": { "stop_id": "000210602002", "name": "Schengen, Koerech" }, "geometry": { "type": "Point", "coordinates": [ 6.364464, 49.470691 ] } },
{ "type": "Feature", "properties": { "stop_id": "000210602003", "name": "Schengen, Schoul" }, "geometry": { "type": "Point", "coordinates": [ 6.361818, 49.469597 ] } },
{ "type": "Feature", "properties": { "stop_id": "000210602004", "name": "Schengen, Séckerbaach" }, "geometry": { "type": "Point", "coordinates": [ 6.366062, 49.475466 ] } },
{ "type": "Feature", "properties": { "stop_id": "000210602005", "name": "Schengen, Um Haff" }, "geometry": { "type": "Point", "coordinates": [ 6.358006, 49.469443 ] } },
{ "type": "Feature", "properties": { "stop_id": "000210603001", "name": "Wintrange, Dorefplaz" }, "geometry": { "type": "Point", "coordinates": [ 6.351756, 49.501354 ] } },
{ "type": "Feature", "properties": { "stop_id": "000210604001", "name": "Burmerange, Bei der Kiirch" }, "geometry": { "type": "Point", "coordinates": [ 6.322165, 49.486176 ] } },
{ "type": "Feature", "properties": { "stop_id": "000210604002", "name": "Burmerange, Résidence Stoffels" }, "geometry": { "type": "Point", "coordinates": [ 6.324071, 49.484653 ] } },
{ "type": "Feature", "properties": { "stop_id": "000210604003", "name": "Burmerange, Um Schotz" }, "geometry": { "type": "Point", "coordinates": [ 6.319984, 49.487618 ] } },
{ "type": "Feature", "properties": { "stop_id": "000210605001", "name": "Elvange (Mondorf), Bei Tubes" }, "geometry": { "type": "Point", "coordinates": [ 6.315503, 49.505202 ] } },
{ "type": "Feature", "properties": { "stop_id": "000210605002", "name": "Elvange (Mondorf), Kallekskaul" }, "geometry": { "type": "Point", "coordinates": [ 6.314, 49.502101 ] } },
{ "type": "Feature", "properties": { "stop_id": "000210605003", "name": "Elvange (Mondorf), Villette" }, "geometry": { "type": "Point", "coordinates": [ 6.314707, 49.507035 ] } },
{ "type": "Feature", "properties": { "stop_id": "000210605004", "name": "Elvange (Mondorf), Wëntrengerstrooss" }, "geometry": { "type": "Point", "coordinates": [ 6.318289, 49.504348 ] } },
{ "type": "Feature", "properties": { "stop_id": "000210606001", "name": "Emerange, Centre Culturel" }, "geometry": { "type": "Point", "coordinates": [ 6.291279, 49.487463 ] } },
{ "type": "Feature", "properties": { "stop_id": "000210607002", "name": "Bech-Kleinmacher, Centre" }, "geometry": { "type": "Point", "coordinates": [ 6.354697, 49.531839 ] } },
{ "type": "Feature", "properties": { "stop_id": "000210607003", "name": "Bech-Kleinmacher, Furwee" }, "geometry": { "type": "Point", "coordinates": [ 6.354535, 49.527687 ] } },
{ "type": "Feature", "properties": { "stop_id": "000210607005", "name": "Bech-Kleinmacher, Esplanade" }, "geometry": { "type": "Point", "coordinates": [ 6.35576, 49.531913 ] } },
{ "type": "Feature", "properties": { "stop_id": "000210608001", "name": "Schwebsingen, Centre" }, "geometry": { "type": "Point", "coordinates": [ 6.35658, 49.511786 ] } },
{ "type": "Feature", "properties": { "stop_id": "000210608002", "name": "Schwebsingen, Op der Hoh" }, "geometry": { "type": "Point", "coordinates": [ 6.356064, 49.508329 ] } },
{ "type": "Feature", "properties": { "stop_id": "000210609001", "name": "Wellenstein, Centre" }, "geometry": { "type": "Point", "coordinates": [ 6.34183, 49.524803 ] } },
{ "type": "Feature", "properties": { "stop_id": "000210609002", "name": "Wellenstein, rte de Mondorf" }, "geometry": { "type": "Point", "coordinates": [ 6.338105, 49.523583 ] } },
{ "type": "Feature", "properties": { "stop_id": "000210609003", "name": "Wellenstein, Caves coop." }, "geometry": { "type": "Point", "coordinates": [ 6.347831, 49.527894 ] } },
{ "type": "Feature", "properties": { "stop_id": "000210701001", "name": "Remich, Belvédère" }, "geometry": { "type": "Point", "coordinates": [ 6.376395, 49.550739 ] } },
{ "type": "Feature", "properties": { "stop_id": "000210701003", "name": "Remich, Caves St. Martin" }, "geometry": { "type": "Point", "coordinates": [ 6.380472, 49.55335 ] } },
{ "type": "Feature", "properties": { "stop_id": "000210701006", "name": "Remich, Gare routière" }, "geometry": { "type": "Point", "coordinates": [ 6.368293, 49.542737 ] } },
{ "type": "Feature", "properties": { "stop_id": "000210701008", "name": "Remich, Maatebierg" }, "geometry": { "type": "Point", "coordinates": [ 6.375821, 49.548801 ] } },
{ "type": "Feature", "properties": { "stop_id": "000210701011", "name": "Remich, Piscine" }, "geometry": { "type": "Point", "coordinates": [ 6.364329, 49.539588 ] } },
{ "type": "Feature", "properties": { "stop_id": "000210701012", "name": "Remich, Pl. Nico Klopp" }, "geometry": { "type": "Point", "coordinates": [ 6.361626, 49.546651 ] } },
{ "type": "Feature", "properties": { "stop_id": "000210701014", "name": "Remich, Route de Luxembourg" }, "geometry": { "type": "Point", "coordinates": [ 6.357228, 49.546425 ] } },
{ "type": "Feature", "properties": { "stop_id": "000210701015", "name": "Remich, rue de la Corniche" }, "geometry": { "type": "Point", "coordinates": [ 6.377371, 49.553676 ] } },
{ "type": "Feature", "properties": { "stop_id": "000210701016", "name": "Remich, Station Viti-Vinicole" }, "geometry": { "type": "Point", "coordinates": [ 6.357051, 49.543619 ] } },
{ "type": "Feature", "properties": { "stop_id": "000210701017", "name": "Remich, Op der Kopp" }, "geometry": { "type": "Point", "coordinates": [ 6.355633, 49.547279 ] } },
{ "type": "Feature", "properties": { "stop_id": "000210701024", "name": "Remich, Schoul" }, "geometry": { "type": "Point", "coordinates": [ 6.365122, 49.546434 ] } },
{ "type": "Feature", "properties": { "stop_id": "000210801001", "name": "Greiveldange, Kellerei" }, "geometry": { "type": "Point", "coordinates": [ 6.363487, 49.58717 ] } },
{ "type": "Feature", "properties": { "stop_id": "000210801002", "name": "Greiveldange, Gemengebréck" }, "geometry": { "type": "Point", "coordinates": [ 6.358809, 49.58654 ] } },
{ "type": "Feature", "properties": { "stop_id": "000210801003", "name": "Greiveldange, Neie Wee" }, "geometry": { "type": "Point", "coordinates": [ 6.361055, 49.587035 ] } },
{ "type": "Feature", "properties": { "stop_id": "000210801005", "name": "Greiveldange, Schoul" }, "geometry": { "type": "Point", "coordinates": [ 6.35825, 49.58667 ] } },
{ "type": "Feature", "properties": { "stop_id": "000210802001", "name": "Huettermuehle, Hëttermillen" }, "geometry": { "type": "Point", "coordinates": [ 6.373066, 49.588192 ] } },
{ "type": "Feature", "properties": { "stop_id": "000210803001", "name": "Stadtbredimus, Dicksstrooss" }, "geometry": { "type": "Point", "coordinates": [ 6.358941, 49.562334 ] } },
{ "type": "Feature", "properties": { "stop_id": "000210803002", "name": "Stadtbredimus, Kreizgaass" }, "geometry": { "type": "Point", "coordinates": [ 6.364467, 49.563737 ] } },
{ "type": "Feature", "properties": { "stop_id": "000210803003", "name": "Stadtbredimus, Schleis" }, "geometry": { "type": "Point", "coordinates": [ 6.362586, 49.566816 ] } },
{ "type": "Feature", "properties": { "stop_id": "000210803004", "name": "Stadtbredimus, Schoul" }, "geometry": { "type": "Point", "coordinates": [ 6.363225, 49.563691 ] } },
{ "type": "Feature", "properties": { "stop_id": "000210803005", "name": "Stadtbredimus, Vinsmoselle" }, "geometry": { "type": "Point", "coordinates": [ 6.368401, 49.564442 ] } },
{ "type": "Feature", "properties": { "stop_id": "000210803006", "name": "Stadtbredimus, Wandmillen" }, "geometry": { "type": "Point", "coordinates": [ 6.372422, 49.562668 ] } },
{ "type": "Feature", "properties": { "stop_id": "000220101001", "name": "Abweiler, Abweiler" }, "geometry": { "type": "Point", "coordinates": [ 6.081799, 49.533804 ] } },
{ "type": "Feature", "properties": { "stop_id": "000220101003", "name": "Abweiler, Cité" }, "geometry": { "type": "Point", "coordinates": [ 6.077035, 49.532637 ] } },
{ "type": "Feature", "properties": { "stop_id": "000220102001", "name": "Bettembourg, 12 Gargullen" }, "geometry": { "type": "Point", "coordinates": [ 6.100813, 49.525682 ] } },
{ "type": "Feature", "properties": { "stop_id": "000220102002", "name": "Bettembourg, Al Gemeng" }, "geometry": { "type": "Point", "coordinates": [ 6.099889, 49.520095 ] } },
{ "type": "Feature", "properties": { "stop_id": "000220102003", "name": "Bettembourg, Am Dräieck" }, "geometry": { "type": "Point", "coordinates": [ 6.109641, 49.519588 ] } },
{ "type": "Feature", "properties": { "stop_id": "000220102004", "name": "Bettembourg, Café du Stadion" }, "geometry": { "type": "Point", "coordinates": [ 6.110184, 49.513187 ] } },
{ "type": "Feature", "properties": { "stop_id": "000220102005", "name": "Bettembourg, Gare routière" }, "geometry": { "type": "Point", "coordinates": [ 6.101996, 49.516606 ] } },
{ "type": "Feature", "properties": { "stop_id": "000220102006", "name": "Bettembourg, Kiercheplaz" }, "geometry": { "type": "Point", "coordinates": [ 6.097597, 49.518346 ] } },
{ "type": "Feature", "properties": { "stop_id": "000220102007", "name": "Bettembourg, Mosselter" }, "geometry": { "type": "Point", "coordinates": [ 6.126026, 49.50614 ] } },
{ "type": "Feature", "properties": { "stop_id": "000220102008", "name": "Bettembourg, Parc Merveilleux" }, "geometry": { "type": "Point", "coordinates": [ 6.118727, 49.509351 ] } },
{ "type": "Feature", "properties": { "stop_id": "000220102009", "name": "Bettembourg, Peppingerschleid" }, "geometry": { "type": "Point", "coordinates": [ 6.11438, 49.520045 ] } },
{ "type": "Feature", "properties": { "stop_id": "000220102010", "name": "Bettembourg, Place de la Paix" }, "geometry": { "type": "Point", "coordinates": [ 6.095018, 49.519739 ] } },
{ "type": "Feature", "properties": { "stop_id": "000220102011", "name": "Bettembourg, Rousegärtchen" }, "geometry": { "type": "Point", "coordinates": [ 6.091693, 49.519929 ] } },
{ "type": "Feature", "properties": { "stop_id": "000220102012", "name": "Bettembourg, Route d'Abweiler" }, "geometry": { "type": "Point", "coordinates": [ 6.087298, 49.525581 ] } },
{ "type": "Feature", "properties": { "stop_id": "000220102013", "name": "Bettembourg, Fankenacker" }, "geometry": { "type": "Point", "coordinates": [ 6.101755, 49.528704 ] } },
{ "type": "Feature", "properties": { "stop_id": "000220102015", "name": "Bettembourg, Krackelshaff-IFSB" }, "geometry": { "type": "Point", "coordinates": [ 6.103272, 49.508224 ] } },
{ "type": "Feature", "properties": { "stop_id": "000220102016", "name": "Bettembourg, Krackelshaff-MOOG" }, "geometry": { "type": "Point", "coordinates": [ 6.107056, 49.507302 ] } },
{ "type": "Feature", "properties": { "stop_id": "000220102017", "name": "Bettembourg, Krackelshaff-P&T" }, "geometry": { "type": "Point", "coordinates": [ 6.109289, 49.504107 ] } },
{ "type": "Feature", "properties": { "stop_id": "000220102018", "name": "Bettembourg, Gare" }, "geometry": { "type": "Point", "coordinates": [ 6.101676, 49.516515 ] } },
{ "type": "Feature", "properties": { "stop_id": "000220102032", "name": "Bettembourg, Scheleck" }, "geometry": { "type": "Point", "coordinates": [ 6.093331, 49.50905 ] } },
{ "type": "Feature", "properties": { "stop_id": "000220102033", "name": "Bettembourg, Cactus" }, "geometry": { "type": "Point", "coordinates": [ 6.093041, 49.512858 ] } },
{ "type": "Feature", "properties": { "stop_id": "000220103001", "name": "Fennange, Am Duerf" }, "geometry": { "type": "Point", "coordinates": [ 6.075958, 49.518982 ] } },
{ "type": "Feature", "properties": { "stop_id": "000220103002", "name": "Fennange, Rue des Champs" }, "geometry": { "type": "Point", "coordinates": [ 6.083043, 49.519688 ] } },
{ "type": "Feature", "properties": { "stop_id": "000220104001", "name": "Huncherange, Kiirch" }, "geometry": { "type": "Point", "coordinates": [ 6.064315, 49.516247 ] } },
{ "type": "Feature", "properties": { "stop_id": "000220104002", "name": "Huncherange, Kreizung" }, "geometry": { "type": "Point", "coordinates": [ 6.064522, 49.51769 ] } },
{ "type": "Feature", "properties": { "stop_id": "000220104003", "name": "Huncherange, R. Résistance" }, "geometry": { "type": "Point", "coordinates": [ 6.058743, 49.51767 ] } },
{ "type": "Feature", "properties": { "stop_id": "000220104004", "name": "Huncherange, Rue d'Esch 1" }, "geometry": { "type": "Point", "coordinates": [ 6.069499, 49.518267 ] } },
{ "type": "Feature", "properties": { "stop_id": "000220105001", "name": "Noertzange, Am Duerf" }, "geometry": { "type": "Point", "coordinates": [ 6.056565, 49.508276 ] } },
{ "type": "Feature", "properties": { "stop_id": "000220105002", "name": "Noertzange, Gare routière" }, "geometry": { "type": "Point", "coordinates": [ 6.050471, 49.507941 ] } },
{ "type": "Feature", "properties": { "stop_id": "000220105003", "name": "Noertzange, Route de Kayl" }, "geometry": { "type": "Point", "coordinates": [ 6.058957, 49.507888 ] } },
{ "type": "Feature", "properties": { "stop_id": "000220105004", "name": "Noertzange, Lohrwies" }, "geometry": { "type": "Point", "coordinates": [ 6.051049, 49.509809 ] } },
{ "type": "Feature", "properties": { "stop_id": "000220105005", "name": "Noertzange, Rue Principale" }, "geometry": { "type": "Point", "coordinates": [ 6.060847, 49.509848 ] } },
{ "type": "Feature", "properties": { "stop_id": "000220105006", "name": "Noertzange, Gare" }, "geometry": { "type": "Point", "coordinates": [ 6.050881, 49.508006 ] } },
{ "type": "Feature", "properties": { "stop_id": "000220201001", "name": "Niederkorn, Al Gare" }, "geometry": { "type": "Point", "coordinates": [ 5.890835, 49.52786 ] } },
{ "type": "Feature", "properties": { "stop_id": "000220201003", "name": "Differdange, Arbed" }, "geometry": { "type": "Point", "coordinates": [ 5.8945, 49.52288 ] } },
{ "type": "Feature", "properties": { "stop_id": "000220201004", "name": "Differdange, Béckleck" }, "geometry": { "type": "Point", "coordinates": [ 5.872013, 49.51256 ] } },
{ "type": "Feature", "properties": { "stop_id": "000220201005", "name": "Differdange, Lidl" }, "geometry": { "type": "Point", "coordinates": [ 5.909998, 49.521073 ] } },
{ "type": "Feature", "properties": { "stop_id": "000220201006", "name": "Differdange, Centre" }, "geometry": { "type": "Point", "coordinates": [ 5.889336, 49.524257 ] } },
{ "type": "Feature", "properties": { "stop_id": "000220201011", "name": "Differdange, Cité Breitfeld" }, "geometry": { "type": "Point", "coordinates": [ 5.912888, 49.521137 ] } },
{ "type": "Feature", "properties": { "stop_id": "000220201012", "name": "Differdange, Douane" }, "geometry": { "type": "Point", "coordinates": [ 5.872037, 49.510547 ] } },
{ "type": "Feature", "properties": { "stop_id": "000220201018", "name": "Differdange, Groussstrooss" }, "geometry": { "type": "Point", "coordinates": [ 5.885186, 49.523228 ] } },
{ "type": "Feature", "properties": { "stop_id": "000220201019", "name": "Differdange, Fousbann" }, "geometry": { "type": "Point", "coordinates": [ 5.898245, 49.521764 ] } },
{ "type": "Feature", "properties": { "stop_id": "000220201021", "name": "Differdange, Gare" }, "geometry": { "type": "Point", "coordinates": [ 5.891656, 49.522547 ] } },
{ "type": "Feature", "properties": { "stop_id": "000220201022", "name": "Differdange, Gemeng" }, "geometry": { "type": "Point", "coordinates": [ 5.888015, 49.520763 ] } },
{ "type": "Feature", "properties": { "stop_id": "000220201023", "name": "Differdange, Gewännchen" }, "geometry": { "type": "Point", "coordinates": [ 5.914998, 49.521369 ] } },
{ "type": "Feature", "properties": { "stop_id": "000220201025", "name": "Differdange, Grillplaz" }, "geometry": { "type": "Point", "coordinates": [ 5.869106, 49.513877 ] } },
{ "type": "Feature", "properties": { "stop_id": "000220201026", "name": "Differdange, Henri Grey" }, "geometry": { "type": "Point", "coordinates": [ 5.905937, 49.520865 ] } },
{ "type": "Feature", "properties": { "stop_id": "000220201027", "name": "Differdange, Aalt Stadhaus" }, "geometry": { "type": "Point", "coordinates": [ 5.886939, 49.520984 ] } },
{ "type": "Feature", "properties": { "stop_id": "000220201028", "name": "Niederkorn, CHEM 2" }, "geometry": { "type": "Point", "coordinates": [ 5.888902, 49.533692 ] } },
{ "type": "Feature", "properties": { "stop_id": "000220201032", "name": "Oberkorn, Gare" }, "geometry": { "type": "Point", "coordinates": [ 5.890928, 49.510715 ] } },
{ "type": "Feature", "properties": { "stop_id": "000220201034", "name": "Differdange, Parc Gerlache" }, "geometry": { "type": "Point", "coordinates": [ 5.890814, 49.52427 ] } },
{ "type": "Feature", "properties": { "stop_id": "000220201036", "name": "Differdange, Place de France" }, "geometry": { "type": "Point", "coordinates": [ 5.882874, 49.52133 ] } },
{ "type": "Feature", "properties": { "stop_id": "000220201039", "name": "Differdange, Jugendfabrik" }, "geometry": { "type": "Point", "coordinates": [ 5.904208, 49.520968 ] } },
{ "type": "Feature", "properties": { "stop_id": "000220201041", "name": "Differdange, Roudenhaff" }, "geometry": { "type": "Point", "coordinates": [ 5.845952, 49.529947 ] } },
{ "type": "Feature", "properties": { "stop_id": "000220201044", "name": "Differdange, Rue de Hussigny" }, "geometry": { "type": "Point", "coordinates": [ 5.880106, 49.517694 ] } },
{ "type": "Feature", "properties": { "stop_id": "000220201045", "name": "Differdange, Rue de la Montagne" }, "geometry": { "type": "Point", "coordinates": [ 5.882889, 49.520523 ] } },
{ "type": "Feature", "properties": { "stop_id": "000220201053", "name": "Differdange, Schoul" }, "geometry": { "type": "Point", "coordinates": [ 5.889898, 49.522722 ] } },
{ "type": "Feature", "properties": { "stop_id": "000220201054", "name": "Differdange, Seelebunn" }, "geometry": { "type": "Point", "coordinates": [ 5.897215, 49.518783 ] } },
{ "type": "Feature", "properties": { "stop_id": "000220201057", "name": "Niederkorn, Honsbësch" }, "geometry": { "type": "Point", "coordinates": [ 5.891447, 49.531184 ] } },
{ "type": "Feature", "properties": { "stop_id": "000220201065", "name": "Differdange, Avenue Charlotte" }, "geometry": { "type": "Point", "coordinates": [ 5.889571, 49.51814 ] } },
{ "type": "Feature", "properties": { "stop_id": "000220201066", "name": "Differdange, Maartplaz" }, "geometry": { "type": "Point", "coordinates": [ 5.887587, 49.522618 ] } },
{ "type": "Feature", "properties": { "stop_id": "000220201067", "name": "Differdange, Vesquenhaff" }, "geometry": { "type": "Point", "coordinates": [ 5.872058, 49.509691 ] } },
{ "type": "Feature", "properties": { "stop_id": "000220201068", "name": "Differdange, Opkorn" }, "geometry": { "type": "Point", "coordinates": [ 5.891567, 49.521545 ] } },
{ "type": "Feature", "properties": { "stop_id": "000220202001", "name": "Lasauvage, Kajibi" }, "geometry": { "type": "Point", "coordinates": [ 5.838209, 49.526244 ] } },
{ "type": "Feature", "properties": { "stop_id": "000220202002", "name": "Lasauvage, Kierch" }, "geometry": { "type": "Point", "coordinates": [ 5.836218, 49.521979 ] } },
{ "type": "Feature", "properties": { "stop_id": "000220202003", "name": "Lasauvage, Schoul" }, "geometry": { "type": "Point", "coordinates": [ 5.835229, 49.523805 ] } },
{ "type": "Feature", "properties": { "stop_id": "000220203001", "name": "Niederkorn, Ale Stadion" }, "geometry": { "type": "Point", "coordinates": [ 5.904133, 49.538761 ] } },
{ "type": "Feature", "properties": { "stop_id": "000220203003", "name": "Niederkorn, Gare routière" }, "geometry": { "type": "Point", "coordinates": [ 5.893935, 49.536077 ] } },
{ "type": "Feature", "properties": { "stop_id": "000220203004", "name": "Niederkorn, Cité de la Chiers" }, "geometry": { "type": "Point", "coordinates": [ 5.889707, 49.543655 ] } },
{ "type": "Feature", "properties": { "stop_id": "000220203006", "name": "Niederkorn, Gare" }, "geometry": { "type": "Point", "coordinates": [ 5.893985, 49.536807 ] } },
{ "type": "Feature", "properties": { "stop_id": "000220203007", "name": "Niederkorn, Maison de Retraite" }, "geometry": { "type": "Point", "coordinates": [ 5.889069, 49.546665 ] } },
{ "type": "Feature", "properties": { "stop_id": "000220203008", "name": "Niederkorn, Rue de Pétange" }, "geometry": { "type": "Point", "coordinates": [ 5.890601, 49.540036 ] } },
{ "type": "Feature", "properties": { "stop_id": "000220203009", "name": "Niederkorn, Maartplaz Niederkuer" }, "geometry": { "type": "Point", "coordinates": [ 5.891259, 49.534889 ] } },
{ "type": "Feature", "properties": { "stop_id": "000220203011", "name": "Niederkorn, Schoul" }, "geometry": { "type": "Point", "coordinates": [ 5.891472, 49.535453 ] } },
{ "type": "Feature", "properties": { "stop_id": "000220203012", "name": "Niederkorn, Suessemerwee" }, "geometry": { "type": "Point", "coordinates": [ 5.899333, 49.537499 ] } },
{ "type": "Feature", "properties": { "stop_id": "000220203013", "name": "Niederkorn, Franzousekräiz" }, "geometry": { "type": "Point", "coordinates": [ 5.860837, 49.528138 ] } },
{ "type": "Feature", "properties": { "stop_id": "000220203014", "name": "Niederkorn, Hondsterrain" }, "geometry": { "type": "Point", "coordinates": [ 5.874869, 49.530489 ] } },
{ "type": "Feature", "properties": { "stop_id": "000220203016", "name": "Niederkorn, CHEM 1" }, "geometry": { "type": "Point", "coordinates": [ 5.88639, 49.533426 ] } },
{ "type": "Feature", "properties": { "stop_id": "000220203017", "name": "Niederkorn, Spillplaz" }, "geometry": { "type": "Point", "coordinates": [ 5.874572, 49.530373 ] } },
{ "type": "Feature", "properties": { "stop_id": "000220203023", "name": "Niederkorn, Mathendahl" }, "geometry": { "type": "Point", "coordinates": [ 5.892448, 49.542737 ] } },
{ "type": "Feature", "properties": { "stop_id": "000220203028", "name": "Niederkorn, Hahneboesch" }, "geometry": { "type": "Point", "coordinates": [ 5.901719, 49.544365 ] } },
{ "type": "Feature", "properties": { "stop_id": "000220203029", "name": "Niederkorn, Route de Bascharage" }, "geometry": { "type": "Point", "coordinates": [ 5.89169, 49.540157 ] } },
{ "type": "Feature", "properties": { "stop_id": "000220204001", "name": "Oberkorn, LMA Annexe Jenker" }, "geometry": { "type": "Point", "coordinates": [ 5.902035, 49.517518 ] } },
{ "type": "Feature", "properties": { "stop_id": "000220204002", "name": "Oberkorn, Chiers" }, "geometry": { "type": "Point", "coordinates": [ 5.891928, 49.516407 ] } },
{ "type": "Feature", "properties": { "stop_id": "000220204003", "name": "Oberkorn, Neiduerf" }, "geometry": { "type": "Point", "coordinates": [ 5.902388, 49.514549 ] } },
{ "type": "Feature", "properties": { "stop_id": "000220204004", "name": "Oberkorn, Place Prince Jean" }, "geometry": { "type": "Point", "coordinates": [ 5.896977, 49.515564 ] } },
{ "type": "Feature", "properties": { "stop_id": "000220204005", "name": "Oberkorn, Post" }, "geometry": { "type": "Point", "coordinates": [ 5.896639, 49.514782 ] } },
{ "type": "Feature", "properties": { "stop_id": "000220204006", "name": "Oberkorn, Rousegäertchen" }, "geometry": { "type": "Point", "coordinates": [ 5.894688, 49.516574 ] } },
{ "type": "Feature", "properties": { "stop_id": "000220204008", "name": "Oberkorn, Aquasud" }, "geometry": { "type": "Point", "coordinates": [ 5.890704, 49.513147 ] } },
{ "type": "Feature", "properties": { "stop_id": "000220204010", "name": "Oberkorn, Centre Sportif" }, "geometry": { "type": "Point", "coordinates": [ 5.891893, 49.514672 ] } },
{ "type": "Feature", "properties": { "stop_id": "000220301002", "name": "Dudelange, Angeldall" }, "geometry": { "type": "Point", "coordinates": [ 6.069959, 49.488857 ] } },
{ "type": "Feature", "properties": { "stop_id": "000220301003", "name": "Dudelange, Rue de Hellange" }, "geometry": { "type": "Point", "coordinates": [ 6.094083, 49.493112 ] } },
{ "type": "Feature", "properties": { "stop_id": "000220301004", "name": "Dudelange, Belair" }, "geometry": { "type": "Point", "coordinates": [ 6.093214, 49.478512 ] } },
{ "type": "Feature", "properties": { "stop_id": "000220301005", "name": "Dudelange, Biereng" }, "geometry": { "type": "Point", "coordinates": [ 6.089223, 49.492798 ] } },
{ "type": "Feature", "properties": { "stop_id": "000220301006", "name": "Dudelange, Birenger Barrière" }, "geometry": { "type": "Point", "coordinates": [ 6.085798, 49.49322 ] } },
{ "type": "Feature", "properties": { "stop_id": "000220301009", "name": "Dudelange, Breiningerbierg" }, "geometry": { "type": "Point", "coordinates": [ 6.090194, 49.481636 ] } },
{ "type": "Feature", "properties": { "stop_id": "000220301012", "name": "Dudelange, Gare-Burange" }, "geometry": { "type": "Point", "coordinates": [ 6.086196, 49.492411 ] } },
{ "type": "Feature", "properties": { "stop_id": "000220301013", "name": "Dudelange, Butschebuerg" }, "geometry": { "type": "Point", "coordinates": [ 6.068033, 49.491315 ] } },
{ "type": "Feature", "properties": { "stop_id": "000220301014", "name": "Dudelange, Casino" }, "geometry": { "type": "Point", "coordinates": [ 6.083546, 49.472133 ] } },
{ "type": "Feature", "properties": { "stop_id": "000220301015", "name": "Dudelange (Centre), Gare" }, "geometry": { "type": "Point", "coordinates": [ 6.08215, 49.478696 ] } },
{ "type": "Feature", "properties": { "stop_id": "000220301016", "name": "Dudelange, Centre Sportif" }, "geometry": { "type": "Point", "coordinates": [ 6.088911, 49.485758 ] } },
{ "type": "Feature", "properties": { "stop_id": "000220301017", "name": "Dudelange, Jugendhaus" }, "geometry": { "type": "Point", "coordinates": [ 6.086568, 49.48279 ] } },
{ "type": "Feature", "properties": { "stop_id": "000220301018", "name": "Dudelange, Dennewald" }, "geometry": { "type": "Point", "coordinates": [ 6.0881, 49.491982 ] } },
{ "type": "Feature", "properties": { "stop_id": "000220301019", "name": "Dudelange, Route de Kayl" }, "geometry": { "type": "Point", "coordinates": [ 6.072715, 49.48657 ] } },
{ "type": "Feature", "properties": { "stop_id": "000220301020", "name": "Dudelange, Gaffelt" }, "geometry": { "type": "Point", "coordinates": [ 6.080158, 49.481732 ] } },
{ "type": "Feature", "properties": { "stop_id": "000220301021", "name": "Dudelange, Rue des Modeleurs" }, "geometry": { "type": "Point", "coordinates": [ 6.081346, 49.494826 ] } },
{ "type": "Feature", "properties": { "stop_id": "000220301022", "name": "Dudelange, Gare" }, "geometry": { "type": "Point", "coordinates": [ 6.083205, 49.482676 ] } },
{ "type": "Feature", "properties": { "stop_id": "000220301024", "name": "Dudelange, Gemeng" }, "geometry": { "type": "Point", "coordinates": [ 6.084448, 49.478134 ] } },
{ "type": "Feature", "properties": { "stop_id": "000220301026", "name": "Dudelange, Rue Ribeschpont" }, "geometry": { "type": "Point", "coordinates": [ 6.084444, 49.493006 ] } },
{ "type": "Feature", "properties": { "stop_id": "000220301027", "name": "Dudelange, Greisendall" }, "geometry": { "type": "Point", "coordinates": [ 6.081955, 49.463196 ] } },
{ "type": "Feature", "properties": { "stop_id": "000220301029", "name": "Dudelange, Commerce" }, "geometry": { "type": "Point", "coordinates": [ 6.086093, 49.47881 ] } },
{ "type": "Feature", "properties": { "stop_id": "000220301030", "name": "Dudelange, Kierfecht" }, "geometry": { "type": "Point", "coordinates": [ 6.08032, 49.483352 ] } },
{ "type": "Feature", "properties": { "stop_id": "000220301031", "name": "Dudelange, Rue Aloyse Kayser" }, "geometry": { "type": "Point", "coordinates": [ 6.075146, 49.484723 ] } },
{ "type": "Feature", "properties": { "stop_id": "000220301032", "name": "Dudelange, Kräizbierg" }, "geometry": { "type": "Point", "coordinates": [ 6.099191, 49.478978 ] } },
{ "type": "Feature", "properties": { "stop_id": "000220301033", "name": "Dudelange, Rue Antoine Zinnen" }, "geometry": { "type": "Point", "coordinates": [ 6.088111, 49.478525 ] } },
{ "type": "Feature", "properties": { "stop_id": "000220301034", "name": "Dudelange, Lycée Nic Biever" }, "geometry": { "type": "Point", "coordinates": [ 6.090839, 49.483279 ] } },
{ "type": "Feature", "properties": { "stop_id": "000220301035", "name": "Dudelange, A Bëlleg" }, "geometry": { "type": "Point", "coordinates": [ 6.084476, 49.492558 ] } },
{ "type": "Feature", "properties": { "stop_id": "000220301037", "name": "Dudelange, Nuddelsfabrik" }, "geometry": { "type": "Point", "coordinates": [ 6.081989, 49.485439 ] } },
{ "type": "Feature", "properties": { "stop_id": "000220301038", "name": "Dudelange, Rue de la Rivière" }, "geometry": { "type": "Point", "coordinates": [ 6.084438, 49.476443 ] } },
{ "type": "Feature", "properties": { "stop_id": "000220301040", "name": "Dudelange, Pullewee" }, "geometry": { "type": "Point", "coordinates": [ 6.091282, 49.486295 ] } },
{ "type": "Feature", "properties": { "stop_id": "000220301041", "name": "Dudelange (Usines), Gare" }, "geometry": { "type": "Point", "coordinates": [ 6.079433, 49.472609 ] } },
{ "type": "Feature", "properties": { "stop_id": "000220301042", "name": "Dudelange, Route de Luxembourg" }, "geometry": { "type": "Point", "coordinates": [ 6.082614, 49.489063 ] } },
{ "type": "Feature", "properties": { "stop_id": "000220301043", "name": "Dudelange, Rue Louis Rech" }, "geometry": { "type": "Point", "coordinates": [ 6.08504, 49.499256 ] } },
{ "type": "Feature", "properties": { "stop_id": "000220301044", "name": "Dudelange, Rue des Lamineurs" }, "geometry": { "type": "Point", "coordinates": [ 6.081727, 49.496067 ] } },
{ "type": "Feature", "properties": { "stop_id": "000220301045", "name": "Dudelange, Rue des Mouleurs" }, "geometry": { "type": "Point", "coordinates": [ 6.077298, 49.495168 ] } },
{ "type": "Feature", "properties": { "stop_id": "000220301046", "name": "Dudelange, Rue Alexandre Fleming" }, "geometry": { "type": "Point", "coordinates": [ 6.089998, 49.490525 ] } },
{ "type": "Feature", "properties": { "stop_id": "000220301047", "name": "Dudelange, Rue Pasteur" }, "geometry": { "type": "Point", "coordinates": [ 6.093448, 49.490438 ] } },
{ "type": "Feature", "properties": { "stop_id": "000220301048", "name": "Dudelange, Scherr" }, "geometry": { "type": "Point", "coordinates": [ 6.062929, 49.488115 ] } },
{ "type": "Feature", "properties": { "stop_id": "000220301049", "name": "Dudelange, Schlakemillen" }, "geometry": { "type": "Point", "coordinates": [ 6.081622, 49.465336 ] } },
{ "type": "Feature", "properties": { "stop_id": "000220301050", "name": "Dudelange, Schmelz" }, "geometry": { "type": "Point", "coordinates": [ 6.08202, 49.468497 ] } },
{ "type": "Feature", "properties": { "stop_id": "000220301054", "name": "Dudelange, An der Soibelkaul" }, "geometry": { "type": "Point", "coordinates": [ 6.0852, 49.495197 ] } },
{ "type": "Feature", "properties": { "stop_id": "000220301056", "name": "Dudelange, Centre Culturel / CNA" }, "geometry": { "type": "Point", "coordinates": [ 6.083978, 49.474094 ] } },
{ "type": "Feature", "properties": { "stop_id": "000220301057", "name": "Dudelange, Waldschoul" }, "geometry": { "type": "Point", "coordinates": [ 6.102484, 49.483576 ] } },
{ "type": "Feature", "properties": { "stop_id": "000220301058", "name": "Dudelange, Schnauzelach" }, "geometry": { "type": "Point", "coordinates": [ 6.082858, 49.474777 ] } },
{ "type": "Feature", "properties": { "stop_id": "000220301061", "name": "Dudelange, Rue du Parc" }, "geometry": { "type": "Point", "coordinates": [ 6.090825, 49.486786 ] } },
{ "type": "Feature", "properties": { "stop_id": "000220301062", "name": "Dudelange, L.N.B. Annexe Alliance" }, "geometry": { "type": "Point", "coordinates": [ 6.073637, 49.472218 ] } },
{ "type": "Feature", "properties": { "stop_id": "000220301063", "name": "Dudelange, Lenkeschléi" }, "geometry": { "type": "Point", "coordinates": [ 6.101818, 49.481162 ] } },
{ "type": "Feature", "properties": { "stop_id": "000220301064", "name": "Dudelange, Route de Burange" }, "geometry": { "type": "Point", "coordinates": [ 6.084951, 49.486489 ] } },
{ "type": "Feature", "properties": { "stop_id": "000220301065", "name": "Dudelange, Rue de la Fontaine" }, "geometry": { "type": "Point", "coordinates": [ 6.080976, 49.479802 ] } },
{ "type": "Feature", "properties": { "stop_id": "000220301066", "name": "Dudelange, Rue des Bobineurs" }, "geometry": { "type": "Point", "coordinates": [ 6.075509, 49.495291 ] } },
{ "type": "Feature", "properties": { "stop_id": "000220301069", "name": "Dudelange, Rue Fany Schumacher" }, "geometry": { "type": "Point", "coordinates": [ 6.09182, 49.48783 ] } },
{ "type": "Feature", "properties": { "stop_id": "000220301070", "name": "Dudelange, Rue Grand-Duc Adolphe" }, "geometry": { "type": "Point", "coordinates": [ 6.084096, 49.470836 ] } },
{ "type": "Feature", "properties": { "stop_id": "000220301072", "name": "Dudelange, Mayrisch Saint-Hubert" }, "geometry": { "type": "Point", "coordinates": [ 6.10039, 49.479623 ] } },
{ "type": "Feature", "properties": { "stop_id": "000220301073", "name": "Dudelange, Rue Schortgen" }, "geometry": { "type": "Point", "coordinates": [ 6.070324, 49.486234 ] } },
{ "type": "Feature", "properties": { "stop_id": "000220301074", "name": "Dudelange, Scherrwee" }, "geometry": { "type": "Point", "coordinates": [ 6.066595, 49.48596 ] } },
{ "type": "Feature", "properties": { "stop_id": "000220301075", "name": "Dudelange, Rue de la Vallée" }, "geometry": { "type": "Point", "coordinates": [ 6.080021, 49.482686 ] } },
{ "type": "Feature", "properties": { "stop_id": "000220301078", "name": "Dudelange, Square Mayrisch" }, "geometry": { "type": "Point", "coordinates": [ 6.085576, 49.482403 ] } },
{ "type": "Feature", "properties": { "stop_id": "000220301082", "name": "Dudelange (Ville), Gare" }, "geometry": { "type": "Point", "coordinates": [ 6.083183, 49.483383 ] } },
{ "type": "Feature", "properties": { "stop_id": "000220301084", "name": "Dudelange, Schoul Ribeschpont" }, "geometry": { "type": "Point", "coordinates": [ 6.081759, 49.493223 ] } },
{ "type": "Feature", "properties": { "stop_id": "000220301087", "name": "Dudelange, Eurohub" }, "geometry": { "type": "Point", "coordinates": [ 6.113446, 49.496968 ] } },
{ "type": "Feature", "properties": { "stop_id": "000220301088", "name": "Dudelange, Rue Nic Biever" }, "geometry": { "type": "Point", "coordinates": [ 6.096755, 49.484386 ] } },
{ "type": "Feature", "properties": { "stop_id": "000220301089", "name": "Dudelange, Rue Léon Weyrich" }, "geometry": { "type": "Point", "coordinates": [ 6.093448, 49.484365 ] } },
{ "type": "Feature", "properties": { "stop_id": "000220301091", "name": "Dudelange, Riedgen 1" }, "geometry": { "type": "Point", "coordinates": [ 6.11139, 49.485402 ] } },
{ "type": "Feature", "properties": { "stop_id": "000220301092", "name": "Dudelange, Riedgen 2" }, "geometry": { "type": "Point", "coordinates": [ 6.112046, 49.489896 ] } },
{ "type": "Feature", "properties": { "stop_id": "000220301093", "name": "Dudelange, Riedgen 3" }, "geometry": { "type": "Point", "coordinates": [ 6.110599, 49.493515 ] } },
{ "type": "Feature", "properties": { "stop_id": "000220301094", "name": "Dudelange, CFL Multimodal" }, "geometry": { "type": "Point", "coordinates": [ 6.097691, 49.498052 ] } },
{ "type": "Feature", "properties": { "stop_id": "000220301095", "name": "Dudelange, LNS" }, "geometry": { "type": "Point", "coordinates": [ 6.087163, 49.497826 ] } },
{ "type": "Feature", "properties": { "stop_id": "000220401001", "name": "Belval (Université), Gare routière" }, "geometry": { "type": "Point", "coordinates": [ 5.946548, 49.499159 ] } },
{ "type": "Feature", "properties": { "stop_id": "000220401002", "name": "Belval (Université), Gare" }, "geometry": { "type": "Point", "coordinates": [ 5.946283, 49.49955 ] } },
{ "type": "Feature", "properties": { "stop_id": "000220402002", "name": "Esch-sur-Alzette, Villa Mousset" }, "geometry": { "type": "Point", "coordinates": [ 5.987516, 49.505322 ] } },
{ "type": "Feature", "properties": { "stop_id": "000220402004", "name": "Esch-sur-Alzette, Auszéibréck" }, "geometry": { "type": "Point", "coordinates": [ 5.970818, 49.49874 ] } },
{ "type": "Feature", "properties": { "stop_id": "000220402005", "name": "Esch-sur-Alzette, Avenue de la Paix" }, "geometry": { "type": "Point", "coordinates": [ 5.983664, 49.508484 ] } },
{ "type": "Feature", "properties": { "stop_id": "000220402007", "name": "Esch-sur-Alzette, Avenue du Rock'n'Roll" }, "geometry": { "type": "Point", "coordinates": [ 5.947804, 49.500514 ] } },
{ "type": "Feature", "properties": { "stop_id": "000220402008", "name": "Esch-sur-Alzette, rue Marcelle Dauphin" }, "geometry": { "type": "Point", "coordinates": [ 5.969392, 49.508147 ] } },
{ "type": "Feature", "properties": { "stop_id": "000220402009", "name": "Esch-sur-Alzette, Belval" }, "geometry": { "type": "Point", "coordinates": [ 5.954795, 49.494944 ] } },
{ "type": "Feature", "properties": { "stop_id": "000220402012", "name": "Esch-sur-Alzette, Bd. Hubert Clement" }, "geometry": { "type": "Point", "coordinates": [ 5.985858, 49.510306 ] } },
{ "type": "Feature", "properties": { "stop_id": "000220402013", "name": "Esch-sur-Alzette, Bd. Pierre Dupong" }, "geometry": { "type": "Point", "coordinates": [ 5.994569, 49.510507 ] } },
{ "type": "Feature", "properties": { "stop_id": "000220402014", "name": "Esch-sur-Alzette, Bd Prince Henri" }, "geometry": { "type": "Point", "coordinates": [ 5.974805, 49.491762 ] } },
{ "type": "Feature", "properties": { "stop_id": "000220402018", "name": "Esch-sur-Alzette, Rue Large" }, "geometry": { "type": "Point", "coordinates": [ 5.980312, 49.497422 ] } },
{ "type": "Feature", "properties": { "stop_id": "000220402019", "name": "Esch-sur-Alzette, Rue Nelson Mandela" }, "geometry": { "type": "Point", "coordinates": [ 5.978755, 49.490225 ] } },
{ "type": "Feature", "properties": { "stop_id": "000220402020", "name": "Esch-sur-Alzette, Cinquantenaire" }, "geometry": { "type": "Point", "coordinates": [ 5.98366, 49.507342 ] } },
{ "type": "Feature", "properties": { "stop_id": "000220402021", "name": "Esch-sur-Alzette, rue Large provisoire" }, "geometry": { "type": "Point", "coordinates": [ 5.981977, 49.496637 ] } },
{ "type": "Feature", "properties": { "stop_id": "000220402022", "name": "Esch-sur-Alzette, Cité Verte" }, "geometry": { "type": "Point", "coordinates": [ 5.96867, 49.50981 ] } },
{ "type": "Feature", "properties": { "stop_id": "000220402024", "name": "Esch-sur-Alzette, rue d'Ehlerange" }, "geometry": { "type": "Point", "coordinates": [ 5.968705, 49.507836 ] } },
{ "type": "Feature", "properties": { "stop_id": "000220402026", "name": "Esch-sur-Alzette, Bibliothèque municipale" }, "geometry": { "type": "Point", "coordinates": [ 5.984855, 49.499231 ] } },
{ "type": "Feature", "properties": { "stop_id": "000220402027", "name": "Esch-sur-Alzette, Dellhéicht" }, "geometry": { "type": "Point", "coordinates": [ 5.982279, 49.500492 ] } },
{ "type": "Feature", "properties": { "stop_id": "000220402032", "name": "Esch-sur-Alzette, Ennescht Homescht" }, "geometry": { "type": "Point", "coordinates": [ 5.959171, 49.494722 ] } },
{ "type": "Feature", "properties": { "stop_id": "000220402033", "name": "Esch-sur-Alzette, Fettmeth" }, "geometry": { "type": "Point", "coordinates": [ 5.975494, 49.504763 ] } },
{ "type": "Feature", "properties": { "stop_id": "000220402034", "name": "Esch-sur-Alzette, Gare routière" }, "geometry": { "type": "Point", "coordinates": [ 5.986205, 49.494813 ] } },
{ "type": "Feature", "properties": { "stop_id": "000220402035", "name": "Esch-sur-Alzette, Place de la Paix" }, "geometry": { "type": "Point", "coordinates": [ 5.984114, 49.504557 ] } },
{ "type": "Feature", "properties": { "stop_id": "000220402036", "name": "Esch-sur-Alzette, Place de l'Hôtel de Ville" }, "geometry": { "type": "Point", "coordinates": [ 5.985334, 49.496257 ] } },
{ "type": "Feature", "properties": { "stop_id": "000220402044", "name": "Esch-sur-Alzette, Rue de l'Hôpital" }, "geometry": { "type": "Point", "coordinates": [ 5.980015, 49.502022 ] } },
{ "type": "Feature", "properties": { "stop_id": "000220402045", "name": "Esch-sur-Alzette, Passerelle Gaalgebierg" }, "geometry": { "type": "Point", "coordinates": [ 5.983566, 49.492754 ] } },
{ "type": "Feature", "properties": { "stop_id": "000220402046", "name": "Esch-sur-Alzette, Gare" }, "geometry": { "type": "Point", "coordinates": [ 5.985087, 49.493911 ] } },
{ "type": "Feature", "properties": { "stop_id": "000220402048", "name": "Esch-sur-Alzette, Kierfecht Lalleng" }, "geometry": { "type": "Point", "coordinates": [ 5.987764, 49.511029 ] } },
{ "type": "Feature", "properties": { "stop_id": "000220402049", "name": "Esch-sur-Alzette, Clinique Ste Marie" }, "geometry": { "type": "Point", "coordinates": [ 5.986721, 49.500922 ] } },
{ "type": "Feature", "properties": { "stop_id": "000220402050", "name": "Esch-sur-Alzette, Grand-rue" }, "geometry": { "type": "Point", "coordinates": [ 5.98282, 49.496882 ] } },
{ "type": "Feature", "properties": { "stop_id": "000220402052", "name": "Esch-sur-Alzette, Lallenger Kiirch" }, "geometry": { "type": "Point", "coordinates": [ 5.989908, 49.507099 ] } },
{ "type": "Feature", "properties": { "stop_id": "000220402053", "name": "Esch-sur-Alzette, Lallenger Schoul" }, "geometry": { "type": "Point", "coordinates": [ 5.990384, 49.51041 ] } },
{ "type": "Feature", "properties": { "stop_id": "000220402054", "name": "Esch-sur-Alzette, Leesbierg" }, "geometry": { "type": "Point", "coordinates": [ 5.993443, 49.499894 ] } },
{ "type": "Feature", "properties": { "stop_id": "000220402055", "name": "Esch-sur-Alzette, Lycée des Garçons" }, "geometry": { "type": "Point", "coordinates": [ 5.981774, 49.499857 ] } },
{ "type": "Feature", "properties": { "stop_id": "000220402059", "name": "Esch-sur-Alzette, Lycée Hubert Clement" }, "geometry": { "type": "Point", "coordinates": [ 5.977428, 49.502129 ] } },
{ "type": "Feature", "properties": { "stop_id": "000220402060", "name": "Esch-sur-Alzette, Lycée Technique Lallange" }, "geometry": { "type": "Point", "coordinates": [ 5.984472, 49.510805 ] } },
{ "type": "Feature", "properties": { "stop_id": "000220402061", "name": "Esch-sur-Alzette, EIDE" }, "geometry": { "type": "Point", "coordinates": [ 5.974865, 49.496195 ] } },
{ "type": "Feature", "properties": { "stop_id": "000220402062", "name": "Esch-sur-Alzette, Lycée Guillaume Kroll" }, "geometry": { "type": "Point", "coordinates": [ 5.965014, 49.509285 ] } },
{ "type": "Feature", "properties": { "stop_id": "000220402063", "name": "Esch-sur-Alzette, rue Guillaume Capus" }, "geometry": { "type": "Point", "coordinates": [ 5.976901, 49.508386 ] } },
{ "type": "Feature", "properties": { "stop_id": "000220402064", "name": "Esch-sur-Alzette, Neiduerf" }, "geometry": { "type": "Point", "coordinates": [ 5.9901, 49.495972 ] } },
{ "type": "Feature", "properties": { "stop_id": "000220402065", "name": "Esch-sur-Alzette, Nossbierg" }, "geometry": { "type": "Point", "coordinates": [ 5.995416, 49.491849 ] } },
{ "type": "Feature", "properties": { "stop_id": "000220402066", "name": "Esch-sur-Alzette, Op der Leier" }, "geometry": { "type": "Point", "coordinates": [ 5.984842, 49.504183 ] } },
{ "type": "Feature", "properties": { "stop_id": "000220402067", "name": "Esch-sur-Alzette, Op Zaepert" }, "geometry": { "type": "Point", "coordinates": [ 5.96901, 49.506756 ] } },
{ "type": "Feature", "properties": { "stop_id": "000220402068", "name": "Esch-sur-Alzette, Käler Poteau" }, "geometry": { "type": "Point", "coordinates": [ 6.004235, 49.485275 ] } },
{ "type": "Feature", "properties": { "stop_id": "000220402070", "name": "Esch-sur-Alzette, Peckeschhaff" }, "geometry": { "type": "Point", "coordinates": [ 5.968599, 49.494367 ] } },
{ "type": "Feature", "properties": { "stop_id": "000220402071", "name": "Esch-sur-Alzette, Place Benelux" }, "geometry": { "type": "Point", "coordinates": [ 5.971368, 49.502819 ] } },
{ "type": "Feature", "properties": { "stop_id": "000220402072", "name": "Esch-sur-Alzette, Place Norbert Metz" }, "geometry": { "type": "Point", "coordinates": [ 5.986669, 49.496459 ] } },
{ "type": "Feature", "properties": { "stop_id": "000220402076", "name": "Esch-sur-Alzette, Bd Aloyse Meyer" }, "geometry": { "type": "Point", "coordinates": [ 5.9912, 49.507468 ] } },
{ "type": "Feature", "properties": { "stop_id": "000220402077", "name": "Esch-sur-Alzette, Porte de France" }, "geometry": { "type": "Point", "coordinates": [ 5.945299, 49.502986 ] } },
{ "type": "Feature", "properties": { "stop_id": "000220402079", "name": "Esch-sur-Alzette, Raemerich" }, "geometry": { "type": "Point", "coordinates": [ 5.955406, 49.508992 ] } },
{ "type": "Feature", "properties": { "stop_id": "000220402080", "name": "Esch-sur-Alzette, Rue Général Patton" }, "geometry": { "type": "Point", "coordinates": [ 5.976949, 49.501707 ] } },
{ "type": "Feature", "properties": { "stop_id": "000220402086", "name": "Esch-sur-Alzette, Rue de Schifflange" }, "geometry": { "type": "Point", "coordinates": [ 5.989455, 49.496462 ] } },
{ "type": "Feature", "properties": { "stop_id": "000220402092", "name": "Esch-sur-Alzette, Rue Henri Dunant" }, "geometry": { "type": "Point", "coordinates": [ 5.981154, 49.503266 ] } },
{ "type": "Feature", "properties": { "stop_id": "000220402096", "name": "Esch-sur-Alzette, Rue Victor Hugo" }, "geometry": { "type": "Point", "coordinates": [ 5.976785, 49.496792 ] } },
{ "type": "Feature", "properties": { "stop_id": "000220402097", "name": "Esch-sur-Alzette, Bd. Berwart" }, "geometry": { "type": "Point", "coordinates": [ 5.98793, 49.497262 ] } },
{ "type": "Feature", "properties": { "stop_id": "000220402098", "name": "Esch-sur-Alzette, Schluechthaus" }, "geometry": { "type": "Point", "coordinates": [ 5.97604, 49.509968 ] } },
{ "type": "Feature", "properties": { "stop_id": "000220402100", "name": "Esch-sur-Alzette, Piscine Bains du Parc" }, "geometry": { "type": "Point", "coordinates": [ 5.977472, 49.500109 ] } },
{ "type": "Feature", "properties": { "stop_id": "000220402104", "name": "Esch-sur-Alzette, Place de Stalingrad" }, "geometry": { "type": "Point", "coordinates": [ 5.972105, 49.49537 ] } },
{ "type": "Feature", "properties": { "stop_id": "000220402105", "name": "Esch-sur-Alzette, Rue du Tramway" }, "geometry": { "type": "Point", "coordinates": [ 5.965612, 49.504061 ] } },
{ "type": "Feature", "properties": { "stop_id": "000220402106", "name": "Esch-sur-Alzette, Tramschapp" }, "geometry": { "type": "Point", "coordinates": [ 5.958915, 49.506455 ] } },
{ "type": "Feature", "properties": { "stop_id": "000220402108", "name": "Esch-sur-Alzette, Burgronn" }, "geometry": { "type": "Point", "coordinates": [ 5.993366, 49.492617 ] } },
{ "type": "Feature", "properties": { "stop_id": "000220402109", "name": "Esch-sur-Alzette, Iewescht Homescht" }, "geometry": { "type": "Point", "coordinates": [ 5.947599, 49.497502 ] } },
{ "type": "Feature", "properties": { "stop_id": "000220402112", "name": "Esch-sur-Alzette, Wobrécken" }, "geometry": { "type": "Point", "coordinates": [ 5.976196, 49.503532 ] } },
{ "type": "Feature", "properties": { "stop_id": "000220402116", "name": "Esch-sur-Alzette, Centre hospitalier E. Mayrisch" }, "geometry": { "type": "Point", "coordinates": [ 5.98255, 49.502105 ] } },
{ "type": "Feature", "properties": { "stop_id": "000220402117", "name": "Esch-sur-Alzette, Rue A. Useldinger" }, "geometry": { "type": "Point", "coordinates": [ 5.972486, 49.505209 ] } },
{ "type": "Feature", "properties": { "stop_id": "000220402119", "name": "Esch-sur-Alzette, Place de Lodève" }, "geometry": { "type": "Point", "coordinates": [ 5.979947, 49.502616 ] } },
{ "type": "Feature", "properties": { "stop_id": "000220402123", "name": "Esch-sur-Alzette, Auberge de Jeunesse" }, "geometry": { "type": "Point", "coordinates": [ 5.984207, 49.493732 ] } },
{ "type": "Feature", "properties": { "stop_id": "000220402125", "name": "Esch-sur-Alzette, Bd Pierre Krier" }, "geometry": { "type": "Point", "coordinates": [ 5.971162, 49.501661 ] } },
{ "type": "Feature", "properties": { "stop_id": "000220402126", "name": "Esch-sur-Alzette, Cité Jos Brebsom" }, "geometry": { "type": "Point", "coordinates": [ 5.965038, 49.502251 ] } },
{ "type": "Feature", "properties": { "stop_id": "000220402129", "name": "Esch-sur-Alzette, Porte des Sciences" }, "geometry": { "type": "Point", "coordinates": [ 5.947317, 49.503915 ] } },
{ "type": "Feature", "properties": { "stop_id": "000220402132", "name": "Esch-sur-Alzette, Nonnewisen" }, "geometry": { "type": "Point", "coordinates": [ 5.97884, 49.506701 ] } },
{ "type": "Feature", "properties": { "stop_id": "000220402137", "name": "Esch-sur-Alzette, Rue Henri Koch" }, "geometry": { "type": "Point", "coordinates": [ 5.964031, 49.50901 ] } },
{ "type": "Feature", "properties": { "stop_id": "000220402221", "name": "Esch-sur-Alzette, Terres Rouges" }, "geometry": { "type": "Point", "coordinates": [ 5.974498, 49.49154 ] } },
{ "type": "Feature", "properties": { "stop_id": "000220501001", "name": "Aspelt, Am Grëndchen" }, "geometry": { "type": "Point", "coordinates": [ 6.233064, 49.517894 ] } },
{ "type": "Feature", "properties": { "stop_id": "000220501002", "name": "Aspelt, Op der Gare" }, "geometry": { "type": "Point", "coordinates": [ 6.225998, 49.520283 ] } },
{ "type": "Feature", "properties": { "stop_id": "000220502001", "name": "Frisange, Al Gemeng" }, "geometry": { "type": "Point", "coordinates": [ 6.187735, 49.516605 ] } },
{ "type": "Feature", "properties": { "stop_id": "000220502002", "name": "Frisange, Ennescht Duerf" }, "geometry": { "type": "Point", "coordinates": [ 6.198109, 49.516656 ] } },
{ "type": "Feature", "properties": { "stop_id": "000220502003", "name": "Frisange, Um Hau" }, "geometry": { "type": "Point", "coordinates": [ 6.185411, 49.522578 ] } },
{ "type": "Feature", "properties": { "stop_id": "000220502004", "name": "Frisange, Op der Kräizong" }, "geometry": { "type": "Point", "coordinates": [ 6.18877, 49.515892 ] } },
{ "type": "Feature", "properties": { "stop_id": "000220502005", "name": "Frisange, Park & Ride" }, "geometry": { "type": "Point", "coordinates": [ 6.193864, 49.506851 ] } },
{ "type": "Feature", "properties": { "stop_id": "000220502006", "name": "Frisange, Cité Aaluecht" }, "geometry": { "type": "Point", "coordinates": [ 6.189842, 49.512763 ] } },
{ "type": "Feature", "properties": { "stop_id": "000220503001", "name": "Hellange, Beeteburgerstrooss" }, "geometry": { "type": "Point", "coordinates": [ 6.142069, 49.506158 ] } },
{ "type": "Feature", "properties": { "stop_id": "000220503002", "name": "Hellange, Hoëner Halt" }, "geometry": { "type": "Point", "coordinates": [ 6.158291, 49.510494 ] } },
{ "type": "Feature", "properties": { "stop_id": "000220503003", "name": "Hellange, Kierch" }, "geometry": { "type": "Point", "coordinates": [ 6.148425, 49.507551 ] } },
{ "type": "Feature", "properties": { "stop_id": "000220601001", "name": "Kayl, abri P.&Ch." }, "geometry": { "type": "Point", "coordinates": [ 6.046733, 49.491778 ] } },
{ "type": "Feature", "properties": { "stop_id": "000220601002", "name": "Kayl, Am Pull" }, "geometry": { "type": "Point", "coordinates": [ 6.038838, 49.489183 ] } },
{ "type": "Feature", "properties": { "stop_id": "000220601004", "name": "Kayl, Arbed's Haff" }, "geometry": { "type": "Point", "coordinates": [ 6.006592, 49.47626 ] } },
{ "type": "Feature", "properties": { "stop_id": "000220601005", "name": "Kayl, Barrière" }, "geometry": { "type": "Point", "coordinates": [ 6.036879, 49.492803 ] } },
{ "type": "Feature", "properties": { "stop_id": "000220601007", "name": "Kayl, Post" }, "geometry": { "type": "Point", "coordinates": [ 6.041461, 49.486686 ] } },
{ "type": "Feature", "properties": { "stop_id": "000220601009", "name": "Kayl, Stellwierk" }, "geometry": { "type": "Point", "coordinates": [ 6.036759, 49.498216 ] } },
{ "type": "Feature", "properties": { "stop_id": "000220601010", "name": "Kayl, Bréck" }, "geometry": { "type": "Point", "coordinates": [ 6.034924, 49.48722 ] } },
{ "type": "Feature", "properties": { "stop_id": "000220601011", "name": "Kayl, Broucherbierg" }, "geometry": { "type": "Point", "coordinates": [ 6.035977, 49.495614 ] } },
{ "type": "Feature", "properties": { "stop_id": "000220601012", "name": "Kayl, Cité Berens" }, "geometry": { "type": "Point", "coordinates": [ 6.042905, 49.481289 ] } },
{ "type": "Feature", "properties": { "stop_id": "000220601013", "name": "Kayl, Diddelengerstrooss" }, "geometry": { "type": "Point", "coordinates": [ 6.050841, 49.485018 ] } },
{ "type": "Feature", "properties": { "stop_id": "000220601014", "name": "Kayl, Eecherwee" }, "geometry": { "type": "Point", "coordinates": [ 6.043015, 49.482218 ] } },
{ "type": "Feature", "properties": { "stop_id": "000220601015", "name": "Kayl, Gare" }, "geometry": { "type": "Point", "coordinates": [ 6.035331, 49.485737 ] } },
{ "type": "Feature", "properties": { "stop_id": "000220601016", "name": "Kayl, Cimetière Kayl" }, "geometry": { "type": "Point", "coordinates": [ 6.028587, 49.486733 ] } },
{ "type": "Feature", "properties": { "stop_id": "000220601017", "name": "Kayl, Police" }, "geometry": { "type": "Point", "coordinates": [ 6.036235, 49.487461 ] } },
{ "type": "Feature", "properties": { "stop_id": "000220601018", "name": "Kayl, Rue de Noertzange" }, "geometry": { "type": "Point", "coordinates": [ 6.049426, 49.495946 ] } },
{ "type": "Feature", "properties": { "stop_id": "000220601019", "name": "Kayl, route d'Esch" }, "geometry": { "type": "Point", "coordinates": [ 6.034311, 49.487078 ] } },
{ "type": "Feature", "properties": { "stop_id": "000220601020", "name": "Kayl, Sportshal" }, "geometry": { "type": "Point", "coordinates": [ 6.037428, 49.480962 ] } },
{ "type": "Feature", "properties": { "stop_id": "000220601021", "name": "Kayl, Um Brill" }, "geometry": { "type": "Point", "coordinates": [ 6.044405, 49.485216 ] } },
{ "type": "Feature", "properties": { "stop_id": "000220602001", "name": "Tétange, Duerf" }, "geometry": { "type": "Point", "coordinates": [ 6.040363, 49.47444 ] } },
{ "type": "Feature", "properties": { "stop_id": "000220602002", "name": "Tétange, Gare" }, "geometry": { "type": "Point", "coordinates": [ 6.03498, 49.477379 ] } },
{ "type": "Feature", "properties": { "stop_id": "000220602004", "name": "Tétange, Kiirfecht" }, "geometry": { "type": "Point", "coordinates": [ 6.043003, 49.479312 ] } },
{ "type": "Feature", "properties": { "stop_id": "000220602005", "name": "Tétange, Lorei" }, "geometry": { "type": "Point", "coordinates": [ 6.038036, 49.468847 ] } },
{ "type": "Feature", "properties": { "stop_id": "000220602007", "name": "Tétange, Schungfabrik" }, "geometry": { "type": "Point", "coordinates": [ 6.035868, 49.477537 ] } },
{ "type": "Feature", "properties": { "stop_id": "000220602008", "name": "Tétange, Um Haff" }, "geometry": { "type": "Point", "coordinates": [ 6.038747, 49.471925 ] } },
{ "type": "Feature", "properties": { "stop_id": "000220602009", "name": "Tétange, Bréck" }, "geometry": { "type": "Point", "coordinates": [ 6.03469, 49.47487 ] } },
{ "type": "Feature", "properties": { "stop_id": "000220602010", "name": "Tétange, Schoul" }, "geometry": { "type": "Point", "coordinates": [ 6.038584, 49.473945 ] } },
{ "type": "Feature", "properties": { "stop_id": "000220701001", "name": "Leudelange, Beetebuergerwee" }, "geometry": { "type": "Point", "coordinates": [ 6.066116, 49.562089 ] } },
{ "type": "Feature", "properties": { "stop_id": "000220701002", "name": "Leudelange, Bowent" }, "geometry": { "type": "Point", "coordinates": [ 6.061646, 49.580281 ] } },
{ "type": "Feature", "properties": { "stop_id": "000220701003", "name": "Leudelange, Edeleck" }, "geometry": { "type": "Point", "coordinates": [ 6.079761, 49.565652 ] } },
{ "type": "Feature", "properties": { "stop_id": "000220701004", "name": "Leudelange, Galgebësch" }, "geometry": { "type": "Point", "coordinates": [ 6.059082, 49.569554 ] } },
{ "type": "Feature", "properties": { "stop_id": "000220701005", "name": "Leudelange, Gare routière" }, "geometry": { "type": "Point", "coordinates": [ 6.059626, 49.586733 ] } },
{ "type": "Feature", "properties": { "stop_id": "000220701006", "name": "Leudelange, Gemeng" }, "geometry": { "type": "Point", "coordinates": [ 6.062746, 49.567524 ] } },
{ "type": "Feature", "properties": { "stop_id": "000220701007", "name": "Leudelange, Grasbësch" }, "geometry": { "type": "Point", "coordinates": [ 6.091352, 49.577054 ] } },
{ "type": "Feature", "properties": { "stop_id": "000220701008", "name": "Leudelange, Gruef" }, "geometry": { "type": "Point", "coordinates": [ 6.065665, 49.562893 ] } },
{ "type": "Feature", "properties": { "stop_id": "000220701009", "name": "Leudelange, Kamellebierg" }, "geometry": { "type": "Point", "coordinates": [ 6.063063, 49.570537 ] } },
{ "type": "Feature", "properties": { "stop_id": "000220701010", "name": "Leudelange, Ketzelach" }, "geometry": { "type": "Point", "coordinates": [ 6.057314, 49.579639 ] } },
{ "type": "Feature", "properties": { "stop_id": "000220701011", "name": "Leudelange, Op der Strooss" }, "geometry": { "type": "Point", "coordinates": [ 6.069746, 49.563347 ] } },
{ "type": "Feature", "properties": { "stop_id": "000220701012", "name": "Leudelange, Ehlbett I" }, "geometry": { "type": "Point", "coordinates": [ 6.058372, 49.577275 ] } },
{ "type": "Feature", "properties": { "stop_id": "000220701013", "name": "Leudelange, Queesche Wee" }, "geometry": { "type": "Point", "coordinates": [ 6.062365, 49.570411 ] } },
{ "type": "Feature", "properties": { "stop_id": "000220701014", "name": "Leudelange, Ehlbett II" }, "geometry": { "type": "Point", "coordinates": [ 6.060553, 49.579658 ] } },
{ "type": "Feature", "properties": { "stop_id": "000220701015", "name": "Leudelange, Stiédswee" }, "geometry": { "type": "Point", "coordinates": [ 6.069011, 49.568924 ] } },
{ "type": "Feature", "properties": { "stop_id": "000220701016", "name": "Leudelange, Wäschbur" }, "geometry": { "type": "Point", "coordinates": [ 6.064411, 49.566972 ] } },
{ "type": "Feature", "properties": { "stop_id": "000220701017", "name": "Leudelange, Pëssendall" }, "geometry": { "type": "Point", "coordinates": [ 6.060471, 49.572234 ] } },
{ "type": "Feature", "properties": { "stop_id": "000220701018", "name": "Leudelange, Foyer" }, "geometry": { "type": "Point", "coordinates": [ 6.081338, 49.569587 ] } },
{ "type": "Feature", "properties": { "stop_id": "000220701019", "name": "Leudelange, Schaefert" }, "geometry": { "type": "Point", "coordinates": [ 6.079624, 49.572351 ] } },
{ "type": "Feature", "properties": { "stop_id": "000220701020", "name": "Leudelange, LaLux" }, "geometry": { "type": "Point", "coordinates": [ 6.076718, 49.566318 ] } },
{ "type": "Feature", "properties": { "stop_id": "000220701021", "name": "Leudelange, Gare" }, "geometry": { "type": "Point", "coordinates": [ 6.059345, 49.58705 ] } },
{ "type": "Feature", "properties": { "stop_id": "000220702001", "name": "Leudelange, Schléiwenhaff" }, "geometry": { "type": "Point", "coordinates": [ 6.057716, 49.578003 ] } },
{ "type": "Feature", "properties": { "stop_id": "000220702002", "name": "Leudelange, Ackerheek" }, "geometry": { "type": "Point", "coordinates": [ 6.05899, 49.583748 ] } },
{ "type": "Feature", "properties": { "stop_id": "000220801002", "name": "Bergem, Blummestrooss" }, "geometry": { "type": "Point", "coordinates": [ 6.045639, 49.519343 ] } },
{ "type": "Feature", "properties": { "stop_id": "000220801004", "name": "Bergem, Centre" }, "geometry": { "type": "Point", "coordinates": [ 6.041502, 49.524169 ] } },
{ "type": "Feature", "properties": { "stop_id": "000220801007", "name": "Bergem, Naerzengerstrooss" }, "geometry": { "type": "Point", "coordinates": [ 6.045519, 49.517946 ] } },
{ "type": "Feature", "properties": { "stop_id": "000220801008", "name": "Bergem, Raedelsboesch" }, "geometry": { "type": "Point", "coordinates": [ 6.04697, 49.521701 ] } },
{ "type": "Feature", "properties": { "stop_id": "000220801009", "name": "Bergem, Steebréckerwee" }, "geometry": { "type": "Point", "coordinates": [ 6.036405, 49.527307 ] } },
{ "type": "Feature", "properties": { "stop_id": "000220801010", "name": "Bergem, Am Haff" }, "geometry": { "type": "Point", "coordinates": [ 6.042924, 49.522328 ] } },
{ "type": "Feature", "properties": { "stop_id": "000220801011", "name": "Bergem, Beim Nëssert" }, "geometry": { "type": "Point", "coordinates": [ 6.040004, 49.523634 ] } },
{ "type": "Feature", "properties": { "stop_id": "000220802003", "name": "Foetz, Am Brill" }, "geometry": { "type": "Point", "coordinates": [ 6.010636, 49.521142 ] } },
{ "type": "Feature", "properties": { "stop_id": "000220802004", "name": "Foetz, Am Butterbrill" }, "geometry": { "type": "Point", "coordinates": [ 6.009481, 49.522092 ] } },
{ "type": "Feature", "properties": { "stop_id": "000220802005", "name": "Foetz, Feitzerhaff" }, "geometry": { "type": "Point", "coordinates": [ 6.010361, 49.52834 ] } },
{ "type": "Feature", "properties": { "stop_id": "000220802008", "name": "Foetz, Armschlag" }, "geometry": { "type": "Point", "coordinates": [ 6.016512, 49.532347 ] } },
{ "type": "Feature", "properties": { "stop_id": "000220802009", "name": "Foetz, Wacquant" }, "geometry": { "type": "Point", "coordinates": [ 6.005601, 49.525124 ] } },
{ "type": "Feature", "properties": { "stop_id": "000220802010", "name": "Foetz, Rond Point" }, "geometry": { "type": "Point", "coordinates": [ 6.004441, 49.525375 ] } },
{ "type": "Feature", "properties": { "stop_id": "000220803001", "name": "Mondercange, A.Thinnes" }, "geometry": { "type": "Point", "coordinates": [ 5.987434, 49.531012 ] } },
{ "type": "Feature", "properties": { "stop_id": "000220803003", "name": "Mondercange, Blach" }, "geometry": { "type": "Point", "coordinates": [ 5.98605, 49.538762 ] } },
{ "type": "Feature", "properties": { "stop_id": "000220803005", "name": "Mondercange, Centre" }, "geometry": { "type": "Point", "coordinates": [ 5.987829, 49.531112 ] } },
{ "type": "Feature", "properties": { "stop_id": "000220803006", "name": "Mondercange, Cité Steichen" }, "geometry": { "type": "Point", "coordinates": [ 5.986325, 49.520052 ] } },
{ "type": "Feature", "properties": { "stop_id": "000220803007", "name": "Mondercange, Dirbett" }, "geometry": { "type": "Point", "coordinates": [ 5.988675, 49.524563 ] } },
{ "type": "Feature", "properties": { "stop_id": "000220803010", "name": "Mondercange, J.Bleser Plaz" }, "geometry": { "type": "Point", "coordinates": [ 5.985532, 49.531601 ] } },
{ "type": "Feature", "properties": { "stop_id": "000220803011", "name": "Mondercange, Kazebach" }, "geometry": { "type": "Point", "coordinates": [ 5.989657, 49.536034 ] } },
{ "type": "Feature", "properties": { "stop_id": "000220803013", "name": "Mondercange, Krombach" }, "geometry": { "type": "Point", "coordinates": [ 5.997051, 49.528745 ] } },
{ "type": "Feature", "properties": { "stop_id": "000220803015", "name": "Mondercange, Mausereck" }, "geometry": { "type": "Point", "coordinates": [ 5.986704, 49.538993 ] } },
{ "type": "Feature", "properties": { "stop_id": "000220803016", "name": "Mondercange, Kierfecht" }, "geometry": { "type": "Point", "coordinates": [ 5.983632, 49.535362 ] } },
{ "type": "Feature", "properties": { "stop_id": "000220803017", "name": "Mondercange, Musekssall" }, "geometry": { "type": "Point", "coordinates": [ 5.987826, 49.528908 ] } },
{ "type": "Feature", "properties": { "stop_id": "000220803021", "name": "Mondercange, Pafenheck" }, "geometry": { "type": "Point", "coordinates": [ 5.991121, 49.531063 ] } },
{ "type": "Feature", "properties": { "stop_id": "000220803022", "name": "Mondercange, Police" }, "geometry": { "type": "Point", "coordinates": [ 5.988681, 49.533212 ] } },
{ "type": "Feature", "properties": { "stop_id": "000220803023", "name": "Mondercange, Rommelterhiel" }, "geometry": { "type": "Point", "coordinates": [ 5.987263, 49.5285 ] } },
{ "type": "Feature", "properties": { "stop_id": "000220803025", "name": "Mondercange, Schwämm" }, "geometry": { "type": "Point", "coordinates": [ 5.983156, 49.529326 ] } },
{ "type": "Feature", "properties": { "stop_id": "000220803027", "name": "Mondercange, Kummerhéicht" }, "geometry": { "type": "Point", "coordinates": [ 5.995705, 49.533404 ] } },
{ "type": "Feature", "properties": { "stop_id": "000220803028", "name": "Mondercange, Steebréckenerstrooss" }, "geometry": { "type": "Point", "coordinates": [ 5.993254, 49.532439 ] } },
{ "type": "Feature", "properties": { "stop_id": "000220803030", "name": "Mondercange, Dokter" }, "geometry": { "type": "Point", "coordinates": [ 5.990604, 49.531116 ] } },
{ "type": "Feature", "properties": { "stop_id": "000220803031", "name": "Mondercange, A Bosselesch" }, "geometry": { "type": "Point", "coordinates": [ 5.987157, 49.532633 ] } },
{ "type": "Feature", "properties": { "stop_id": "000220803033", "name": "Mondercange, Ecole" }, "geometry": { "type": "Point", "coordinates": [ 5.986124, 49.529095 ] } },
{ "type": "Feature", "properties": { "stop_id": "000220804001", "name": "Pontpierre, Beim Kueb" }, "geometry": { "type": "Point", "coordinates": [ 6.030763, 49.537491 ] } },
{ "type": "Feature", "properties": { "stop_id": "000220804002", "name": "Pontpierre, Leideleng" }, "geometry": { "type": "Point", "coordinates": [ 6.035864, 49.540995 ] } },
{ "type": "Feature", "properties": { "stop_id": "000220804003", "name": "Pontpierre, Pompjeesbau" }, "geometry": { "type": "Point", "coordinates": [ 6.026111, 49.536617 ] } },
{ "type": "Feature", "properties": { "stop_id": "000220804007", "name": "Pontpierre, Bei der Kierch" }, "geometry": { "type": "Point", "coordinates": [ 6.028828, 49.533706 ] } },
{ "type": "Feature", "properties": { "stop_id": "000220804008", "name": "Pontpierre, Koppbierg" }, "geometry": { "type": "Point", "coordinates": [ 6.028032, 49.536301 ] } },
{ "type": "Feature", "properties": { "stop_id": "000220804009", "name": "Pontpierre, Op der Bréck" }, "geometry": { "type": "Point", "coordinates": [ 6.026183, 49.535488 ] } },
{ "type": "Feature", "properties": { "stop_id": "000220804013", "name": "Pontpierre, Lëtzebuergerstr." }, "geometry": { "type": "Point", "coordinates": [ 6.034081, 49.539746 ] } },
{ "type": "Feature", "properties": { "stop_id": "000220804014", "name": "Pontpierre, Steewee" }, "geometry": { "type": "Point", "coordinates": [ 6.032593, 49.53101 ] } },
{ "type": "Feature", "properties": { "stop_id": "000220804015", "name": "Pontpierre, Europastrooss" }, "geometry": { "type": "Point", "coordinates": [ 6.033635, 49.540416 ] } },
{ "type": "Feature", "properties": { "stop_id": "000220804016", "name": "Pontpierre, Pafenheck" }, "geometry": { "type": "Point", "coordinates": [ 6.017374, 49.534935 ] } },
{ "type": "Feature", "properties": { "stop_id": "000220901001", "name": "Lamadelaine, Avenue de la Gare" }, "geometry": { "type": "Point", "coordinates": [ 5.848646, 49.551411 ] } },
{ "type": "Feature", "properties": { "stop_id": "000220901002", "name": "Lamadelaine, Gare routière" }, "geometry": { "type": "Point", "coordinates": [ 5.862145, 49.553239 ] } },
{ "type": "Feature", "properties": { "stop_id": "000220901003", "name": "Lamadelaine, Kierch" }, "geometry": { "type": "Point", "coordinates": [ 5.853372, 49.545255 ] } },
{ "type": "Feature", "properties": { "stop_id": "000220901004", "name": "Lamadelaine, LMA Centre de Lamadelaine" }, "geometry": { "type": "Point", "coordinates": [ 5.860642, 49.554301 ] } },
{ "type": "Feature", "properties": { "stop_id": "000220901005", "name": "Lamadelaine, Maragole" }, "geometry": { "type": "Point", "coordinates": [ 5.849838, 49.54819 ] } },
{ "type": "Feature", "properties": { "stop_id": "000220901006", "name": "Lamadelaine, Op Gehren" }, "geometry": { "type": "Point", "coordinates": [ 5.851531, 49.547425 ] } },
{ "type": "Feature", "properties": { "stop_id": "000220901007", "name": "Lamadelaine, Route de Luxembourg" }, "geometry": { "type": "Point", "coordinates": [ 5.85451, 49.55256 ] } },
{ "type": "Feature", "properties": { "stop_id": "000220901008", "name": "Lamadelaine, Schoul" }, "geometry": { "type": "Point", "coordinates": [ 5.85608, 49.546832 ] } },
{ "type": "Feature", "properties": { "stop_id": "000220901009", "name": "Lamadelaine, Spuerkeess" }, "geometry": { "type": "Point", "coordinates": [ 5.850337, 49.549073 ] } },
{ "type": "Feature", "properties": { "stop_id": "000220901010", "name": "Lamadelaine, Tëtelbierg" }, "geometry": { "type": "Point", "coordinates": [ 5.849164, 49.544643 ] } },
{ "type": "Feature", "properties": { "stop_id": "000220901011", "name": "Lamadelaine, Gare" }, "geometry": { "type": "Point", "coordinates": [ 5.860878, 49.553384 ] } },
{ "type": "Feature", "properties": { "stop_id": "000220901012", "name": "Lamadelaine, Bei der Millen" }, "geometry": { "type": "Point", "coordinates": [ 5.858859, 49.551421 ] } },
{ "type": "Feature", "properties": { "stop_id": "000220901013", "name": "Lamadelaine, Wisestrooss" }, "geometry": { "type": "Point", "coordinates": [ 5.85577, 49.550152 ] } },
{ "type": "Feature", "properties": { "stop_id": "000220902001", "name": "Pétange, A Rousen" }, "geometry": { "type": "Point", "coordinates": [ 5.875427, 49.555296 ] } },
{ "type": "Feature", "properties": { "stop_id": "000220902002", "name": "Pétange, Athuserstrooss" }, "geometry": { "type": "Point", "coordinates": [ 5.865288, 49.559505 ] } },
{ "type": "Feature", "properties": { "stop_id": "000220902003", "name": "Pétange, Bei der Gemeng" }, "geometry": { "type": "Point", "coordinates": [ 5.877367, 49.556508 ] } },
{ "type": "Feature", "properties": { "stop_id": "000220902004", "name": "Pétange, Beim Cactus" }, "geometry": { "type": "Point", "coordinates": [ 5.867815, 49.554724 ] } },
{ "type": "Feature", "properties": { "stop_id": "000220902005", "name": "Pétange, Cité CFL" }, "geometry": { "type": "Point", "coordinates": [ 5.885221, 49.557994 ] } },
{ "type": "Feature", "properties": { "stop_id": "000220902006", "name": "Pétange, Gare routière" }, "geometry": { "type": "Point", "coordinates": [ 5.878892, 49.554547 ] } },
{ "type": "Feature", "properties": { "stop_id": "000220902007", "name": "Pétange, Gare" }, "geometry": { "type": "Point", "coordinates": [ 5.879221, 49.554376 ] } },
{ "type": "Feature", "properties": { "stop_id": "000220902008", "name": "Pétange, Rue Gillardin" }, "geometry": { "type": "Point", "coordinates": [ 5.872741, 49.559003 ] } },
{ "type": "Feature", "properties": { "stop_id": "000220902009", "name": "Pétange, Beim Kierfecht" }, "geometry": { "type": "Point", "coordinates": [ 5.877903, 49.553144 ] } },
{ "type": "Feature", "properties": { "stop_id": "000220902010", "name": "Pétange, Op der Kräizheck" }, "geometry": { "type": "Point", "coordinates": [ 5.861422, 49.558698 ] } },
{ "type": "Feature", "properties": { "stop_id": "000220902011", "name": "Pétange, Lëtzebuergerstrooss" }, "geometry": { "type": "Point", "coordinates": [ 5.880801, 49.557128 ] } },
{ "type": "Feature", "properties": { "stop_id": "000220902013", "name": "Pétange, Maartplaz" }, "geometry": { "type": "Point", "coordinates": [ 5.875845, 49.556057 ] } },
{ "type": "Feature", "properties": { "stop_id": "000220902014", "name": "Pétange, Maison des Jeunes" }, "geometry": { "type": "Point", "coordinates": [ 5.873732, 49.559317 ] } },
{ "type": "Feature", "properties": { "stop_id": "000220902015", "name": "Pétange, Oberst Dässent" }, "geometry": { "type": "Point", "coordinates": [ 5.881452, 49.553275 ] } },
{ "type": "Feature", "properties": { "stop_id": "000220902016", "name": "Pétange, Op der Millen" }, "geometry": { "type": "Point", "coordinates": [ 5.871951, 49.560742 ] } },
{ "type": "Feature", "properties": { "stop_id": "000220902017", "name": "Pétange, Paschtoueschhaus" }, "geometry": { "type": "Point", "coordinates": [ 5.875752, 49.556513 ] } },
{ "type": "Feature", "properties": { "stop_id": "000220902018", "name": "Pétange, Prënzebierg" }, "geometry": { "type": "Point", "coordinates": [ 5.884905, 49.552697 ] } },
{ "type": "Feature", "properties": { "stop_id": "000220902019", "name": "Pétange, Porte Lamadelaine" }, "geometry": { "type": "Point", "coordinates": [ 5.864189, 49.554158 ] } },
{ "type": "Feature", "properties": { "stop_id": "000220902021", "name": "Pétange, Rue des Romains" }, "geometry": { "type": "Point", "coordinates": [ 5.873961, 49.555693 ] } },
{ "type": "Feature", "properties": { "stop_id": "000220903002", "name": "Rodange, Cité à la Wissi" }, "geometry": { "type": "Point", "coordinates": [ 5.827828, 49.547008 ] } },
{ "type": "Feature", "properties": { "stop_id": "000220903003", "name": "Rodange, Croix St. Pierre" }, "geometry": { "type": "Point", "coordinates": [ 5.828513, 49.543397 ] } },
{ "type": "Feature", "properties": { "stop_id": "000220903004", "name": "Rodange, Fonderie" }, "geometry": { "type": "Point", "coordinates": [ 5.824462, 49.545703 ] } },
{ "type": "Feature", "properties": { "stop_id": "000220903005", "name": "Rodange, Fontaine d'Olière" }, "geometry": { "type": "Point", "coordinates": [ 5.822576, 49.542433 ] } },
{ "type": "Feature", "properties": { "stop_id": "000220903006", "name": "Rodange, Frontière" }, "geometry": { "type": "Point", "coordinates": [ 5.815116, 49.541141 ] } },
{ "type": "Feature", "properties": { "stop_id": "000220903007", "name": "Rodange, Klopp" }, "geometry": { "type": "Point", "coordinates": [ 5.837708, 49.544948 ] } },
{ "type": "Feature", "properties": { "stop_id": "000220903008", "name": "Rodange, Gare routière" }, "geometry": { "type": "Point", "coordinates": [ 5.844238, 49.551069 ] } },
{ "type": "Feature", "properties": { "stop_id": "000220903009", "name": "Rodange, Gendarmerie" }, "geometry": { "type": "Point", "coordinates": [ 5.838317, 49.549948 ] } },
{ "type": "Feature", "properties": { "stop_id": "000220903011", "name": "Rodange, Gare" }, "geometry": { "type": "Point", "coordinates": [ 5.843499, 49.550959 ] } },
{ "type": "Feature", "properties": { "stop_id": "000220903013", "name": "Rodange, Op der Gare" }, "geometry": { "type": "Point", "coordinates": [ 5.844249, 49.550898 ] } },
{ "type": "Feature", "properties": { "stop_id": "000220903014", "name": "Rodange, Am Duerf" }, "geometry": { "type": "Point", "coordinates": [ 5.83927, 49.545464 ] } },
{ "type": "Feature", "properties": { "stop_id": "000220903015", "name": "Rodange, Niederredingen" }, "geometry": { "type": "Point", "coordinates": [ 5.843384, 49.541661 ] } },
{ "type": "Feature", "properties": { "stop_id": "000220903017", "name": "Rodange, Philippartstrooss" }, "geometry": { "type": "Point", "coordinates": [ 5.840935, 49.543836 ] } },
{ "type": "Feature", "properties": { "stop_id": "000220903018", "name": "Rodange, Raths" }, "geometry": { "type": "Point", "coordinates": [ 5.847563, 49.551454 ] } },
{ "type": "Feature", "properties": { "stop_id": "000220903020", "name": "Rodange, Schlaakemillen Wissi" }, "geometry": { "type": "Point", "coordinates": [ 5.831955, 49.548625 ] } },
{ "type": "Feature", "properties": { "stop_id": "000220903021", "name": "Rodange, Schwemm" }, "geometry": { "type": "Point", "coordinates": [ 5.844699, 49.540081 ] } },
{ "type": "Feature", "properties": { "stop_id": "000220903022", "name": "Rodange, Siole" }, "geometry": { "type": "Point", "coordinates": [ 5.824842, 49.542237 ] } },
{ "type": "Feature", "properties": { "stop_id": "000220903023", "name": "Rodange, Bei der Schwemm" }, "geometry": { "type": "Point", "coordinates": [ 5.845056, 49.541632 ] } },
{ "type": "Feature", "properties": { "stop_id": "000220903024", "name": "Rodange, Vullesang" }, "geometry": { "type": "Point", "coordinates": [ 5.844309, 49.547266 ] } },
{ "type": "Feature", "properties": { "stop_id": "000220903025", "name": "Rodange, Waeschbuer" }, "geometry": { "type": "Point", "coordinates": [ 5.832307, 49.544464 ] } },
{ "type": "Feature", "properties": { "stop_id": "000220903026", "name": "Rodange, Rue Joseph Moscardo" }, "geometry": { "type": "Point", "coordinates": [ 5.83708, 49.546699 ] } },
{ "type": "Feature", "properties": { "stop_id": "000220903027", "name": "Rodange, Wissi" }, "geometry": { "type": "Point", "coordinates": [ 5.832894, 49.548926 ] } },
{ "type": "Feature", "properties": { "stop_id": "000220903028", "name": "Rodange, Beim Casino" }, "geometry": { "type": "Point", "coordinates": [ 5.838659, 49.549666 ] } },
{ "type": "Feature", "properties": { "stop_id": "000220903029", "name": "Rodange, Brouckerwee" }, "geometry": { "type": "Point", "coordinates": [ 5.834728, 49.546954 ] } },
{ "type": "Feature", "properties": { "stop_id": "000221001001", "name": "Ehlange, Am Brill" }, "geometry": { "type": "Point", "coordinates": [ 6.015421, 49.545869 ] } },
{ "type": "Feature", "properties": { "stop_id": "000221001002", "name": "Ehlange, Am Pull" }, "geometry": { "type": "Point", "coordinates": [ 6.012969, 49.548317 ] } },
{ "type": "Feature", "properties": { "stop_id": "000221002001", "name": "Limpach, Kiirch" }, "geometry": { "type": "Point", "coordinates": [ 5.979575, 49.557921 ] } },
{ "type": "Feature", "properties": { "stop_id": "000221002002", "name": "Limpach, Uecht" }, "geometry": { "type": "Point", "coordinates": [ 5.979864, 49.555961 ] } },
{ "type": "Feature", "properties": { "stop_id": "000221003001", "name": "Pissange, Wäschbur" }, "geometry": { "type": "Point", "coordinates": [ 6.001244, 49.548913 ] } },
{ "type": "Feature", "properties": { "stop_id": "000221004001", "name": "Reckange-sur-Mess, Am Duerf" }, "geometry": { "type": "Point", "coordinates": [ 6.007258, 49.562156 ] } },
{ "type": "Feature", "properties": { "stop_id": "000221004002", "name": "Reckange-sur-Mess, Findel" }, "geometry": { "type": "Point", "coordinates": [ 6.007342, 49.564383 ] } },
{ "type": "Feature", "properties": { "stop_id": "000221004003", "name": "Reckange-sur-Mess, Wollefskaul" }, "geometry": { "type": "Point", "coordinates": [ 6.018126, 49.562692 ] } },
{ "type": "Feature", "properties": { "stop_id": "000221004004", "name": "Reckange-sur-Mess, Kierfecht" }, "geometry": { "type": "Point", "coordinates": [ 6.008606, 49.558814 ] } },
{ "type": "Feature", "properties": { "stop_id": "000221005001", "name": "Roedgen, Laangwis" }, "geometry": { "type": "Point", "coordinates": [ 6.032884, 49.573401 ] } },
{ "type": "Feature", "properties": { "stop_id": "000221006002", "name": "Wickrange, Op dem Pad" }, "geometry": { "type": "Point", "coordinates": [ 6.022291, 49.539318 ] } },
{ "type": "Feature", "properties": { "stop_id": "000221101001", "name": "Berchem, Gare" }, "geometry": { "type": "Point", "coordinates": [ 6.133752, 49.542667 ] } },
{ "type": "Feature", "properties": { "stop_id": "000221101002", "name": "Berchem, Gare routière" }, "geometry": { "type": "Point", "coordinates": [ 6.133995, 49.542548 ] } },
{ "type": "Feature", "properties": { "stop_id": "000221102001", "name": "Bivange, Edward Steichen" }, "geometry": { "type": "Point", "coordinates": [ 6.137884, 49.545809 ] } },
{ "type": "Feature", "properties": { "stop_id": "000221102002", "name": "Bivange, Schoul" }, "geometry": { "type": "Point", "coordinates": [ 6.13617, 49.54139 ] } },
{ "type": "Feature", "properties": { "stop_id": "000221103001", "name": "Crauthem, Am Gruef" }, "geometry": { "type": "Point", "coordinates": [ 6.144854, 49.537054 ] } },
{ "type": "Feature", "properties": { "stop_id": "000221103002", "name": "Crauthem, Beim Schlass" }, "geometry": { "type": "Point", "coordinates": [ 6.14471, 49.534713 ] } },
{ "type": "Feature", "properties": { "stop_id": "000221104001", "name": "Livange, Am Duerf" }, "geometry": { "type": "Point", "coordinates": [ 6.119954, 49.529845 ] } },
{ "type": "Feature", "properties": { "stop_id": "000221104002", "name": "Livange, Geespelt" }, "geometry": { "type": "Point", "coordinates": [ 6.124819, 49.533278 ] } },
{ "type": "Feature", "properties": { "stop_id": "000221105001", "name": "Peppange, Duerfplaz" }, "geometry": { "type": "Point", "coordinates": [ 6.126872, 49.523495 ] } },
{ "type": "Feature", "properties": { "stop_id": "000221105002", "name": "Peppange, Kirchwois" }, "geometry": { "type": "Point", "coordinates": [ 6.132803, 49.52726 ] } },
{ "type": "Feature", "properties": { "stop_id": "000221105003", "name": "Peppange, Musée" }, "geometry": { "type": "Point", "coordinates": [ 6.129723, 49.524002 ] } },
{ "type": "Feature", "properties": { "stop_id": "000221106001", "name": "Roeser, Bei der Uelzecht" }, "geometry": { "type": "Point", "coordinates": [ 6.143451, 49.540173 ] } },
{ "type": "Feature", "properties": { "stop_id": "000221106002", "name": "Roeser, Gemeng" }, "geometry": { "type": "Point", "coordinates": [ 6.145206, 49.54089 ] } },
{ "type": "Feature", "properties": { "stop_id": "000221106003", "name": "Roeser, Kiirfecht" }, "geometry": { "type": "Point", "coordinates": [ 6.150159, 49.547382 ] } },
{ "type": "Feature", "properties": { "stop_id": "000221106004", "name": "Roeser, Op der Hoehl" }, "geometry": { "type": "Point", "coordinates": [ 6.15112, 49.548314 ] } },
{ "type": "Feature", "properties": { "stop_id": "000221106005", "name": "Roeser, Oradour" }, "geometry": { "type": "Point", "coordinates": [ 6.149585, 49.544784 ] } },
{ "type": "Feature", "properties": { "stop_id": "000221107002", "name": "Kockelscheuer, Kräizhaff" }, "geometry": { "type": "Point", "coordinates": [ 6.108089, 49.562378 ] } },
{ "type": "Feature", "properties": { "stop_id": "000221107003", "name": "Kockelscheuer, Patinoire" }, "geometry": { "type": "Point", "coordinates": [ 6.108472, 49.565248 ] } },
{ "type": "Feature", "properties": { "stop_id": "000221107004", "name": "Kockelscheuer, Plateau" }, "geometry": { "type": "Point", "coordinates": [ 6.108192, 49.560158 ] } },
{ "type": "Feature", "properties": { "stop_id": "000221107005", "name": "Kockelscheuer, Poudrerie" }, "geometry": { "type": "Point", "coordinates": [ 6.106166, 49.55483 ] } },
{ "type": "Feature", "properties": { "stop_id": "000221107006", "name": "Kockelscheuer, Louis Ackermann" }, "geometry": { "type": "Point", "coordinates": [ 6.101334, 49.558372 ] } },
{ "type": "Feature", "properties": { "stop_id": "000221107007", "name": "Kockelscheuer, Parc Luxite" }, "geometry": { "type": "Point", "coordinates": [ 6.096955, 49.557015 ] } },
{ "type": "Feature", "properties": { "stop_id": "000221201002", "name": "Rumelange, Aale Kierfecht" }, "geometry": { "type": "Point", "coordinates": [ 6.024687, 49.462376 ] } },
{ "type": "Feature", "properties": { "stop_id": "000221201003", "name": "Rumelange, Atelier Kihn" }, "geometry": { "type": "Point", "coordinates": [ 6.036807, 49.465203 ] } },
{ "type": "Feature", "properties": { "stop_id": "000221201004", "name": "Rumelange, Centre Culturel" }, "geometry": { "type": "Point", "coordinates": [ 6.026044, 49.462161 ] } },
{ "type": "Feature", "properties": { "stop_id": "000221201005", "name": "Rumelange, Gare routière" }, "geometry": { "type": "Point", "coordinates": [ 6.033041, 49.460127 ] } },
{ "type": "Feature", "properties": { "stop_id": "000221201006", "name": "Rumelange, Intermoselle" }, "geometry": { "type": "Point", "coordinates": [ 6.014309, 49.464196 ] } },
{ "type": "Feature", "properties": { "stop_id": "000221201007", "name": "Rumelange, Laangegronn" }, "geometry": { "type": "Point", "coordinates": [ 6.021511, 49.462022 ] } },
{ "type": "Feature", "properties": { "stop_id": "000221201008", "name": "Rumelange, Märtyrerstrooss" }, "geometry": { "type": "Point", "coordinates": [ 6.029926, 49.455954 ] } },
{ "type": "Feature", "properties": { "stop_id": "000221201009", "name": "Rumelange, Moartplaz" }, "geometry": { "type": "Point", "coordinates": [ 6.030234, 49.460865 ] } },
{ "type": "Feature", "properties": { "stop_id": "000221201010", "name": "Rumelange, Pl. de France" }, "geometry": { "type": "Point", "coordinates": [ 6.028273, 49.454356 ] } },
{ "type": "Feature", "properties": { "stop_id": "000221201011", "name": "Rumelange, Rembour" }, "geometry": { "type": "Point", "coordinates": [ 6.016475, 49.463239 ] } },
{ "type": "Feature", "properties": { "stop_id": "000221201012", "name": "Rumelange, Schmelz" }, "geometry": { "type": "Point", "coordinates": [ 6.034659, 49.461902 ] } },
{ "type": "Feature", "properties": { "stop_id": "000221201013", "name": "Rumelange, Cité St. Paul" }, "geometry": { "type": "Point", "coordinates": [ 6.026772, 49.453111 ] } },
{ "type": "Feature", "properties": { "stop_id": "000221201014", "name": "Rumelange, Gare" }, "geometry": { "type": "Point", "coordinates": [ 6.032396, 49.460057 ] } },
{ "type": "Feature", "properties": { "stop_id": "000221201017", "name": "Rumelange, A Wiendelen" }, "geometry": { "type": "Point", "coordinates": [ 6.025948, 49.450993 ] } },
{ "type": "Feature", "properties": { "stop_id": "000221301002", "name": "Belval-Rédange, Gare" }, "geometry": { "type": "Point", "coordinates": [ 5.923706, 49.503162 ] } },
{ "type": "Feature", "properties": { "stop_id": "000221301003", "name": "Belvaux, Batting" }, "geometry": { "type": "Point", "coordinates": [ 5.9231, 49.507752 ] } },
{ "type": "Feature", "properties": { "stop_id": "000221301004", "name": "Belvaux, Belval" }, "geometry": { "type": "Point", "coordinates": [ 5.937191, 49.501352 ] } },
{ "type": "Feature", "properties": { "stop_id": "000221301005", "name": "Belvaux, Brill" }, "geometry": { "type": "Point", "coordinates": [ 5.943808, 49.508801 ] } },
{ "type": "Feature", "properties": { "stop_id": "000221301006", "name": "Belvaux-Soleuvre, Gare routière" }, "geometry": { "type": "Point", "coordinates": [ 5.925494, 49.514412 ] } },
{ "type": "Feature", "properties": { "stop_id": "000221301007", "name": "Belvaux, Mairie" }, "geometry": { "type": "Point", "coordinates": [ 5.930079, 49.511219 ] } },
{ "type": "Feature", "properties": { "stop_id": "000221301008", "name": "Belvaux, Grenz" }, "geometry": { "type": "Point", "coordinates": [ 5.920729, 49.501292 ] } },
{ "type": "Feature", "properties": { "stop_id": "000221301009", "name": "Belvaux, Henri Tudor" }, "geometry": { "type": "Point", "coordinates": [ 5.934846, 49.510798 ] } },
{ "type": "Feature", "properties": { "stop_id": "000221301010", "name": "Belvaux-Soleuvre, Gare" }, "geometry": { "type": "Point", "coordinates": [ 5.926076, 49.515145 ] } },
{ "type": "Feature", "properties": { "stop_id": "000221301011", "name": "Belvaux, Boulodrome" }, "geometry": { "type": "Point", "coordinates": [ 5.947021, 49.513546 ] } },
{ "type": "Feature", "properties": { "stop_id": "000221301012", "name": "Belvaux, Milliounelach" }, "geometry": { "type": "Point", "coordinates": [ 5.930863, 49.504505 ] } },
{ "type": "Feature", "properties": { "stop_id": "000221301013", "name": "Belvaux, Pakebierg" }, "geometry": { "type": "Point", "coordinates": [ 5.935167, 49.515864 ] } },
{ "type": "Feature", "properties": { "stop_id": "000221301014", "name": "Belvaux, Mairie/Poste" }, "geometry": { "type": "Point", "coordinates": [ 5.928478, 49.510293 ] } },
{ "type": "Feature", "properties": { "stop_id": "000221301015", "name": "Belvaux, Postschoul" }, "geometry": { "type": "Point", "coordinates": [ 5.925198, 49.508425 ] } },
{ "type": "Feature", "properties": { "stop_id": "000221301016", "name": "Belvaux, Roudewee" }, "geometry": { "type": "Point", "coordinates": [ 5.939093, 49.510253 ] } },
{ "type": "Feature", "properties": { "stop_id": "000221301017", "name": "Belvaux, Metzerlach" }, "geometry": { "type": "Point", "coordinates": [ 5.947831, 49.513734 ] } },
{ "type": "Feature", "properties": { "stop_id": "000221301018", "name": "Belvaux, Roudewee Schoul" }, "geometry": { "type": "Point", "coordinates": [ 5.941733, 49.512627 ] } },
{ "type": "Feature", "properties": { "stop_id": "000221301019", "name": "Belval (Lycée), Gare routière" }, "geometry": { "type": "Point", "coordinates": [ 5.934131, 49.501769 ] } },
{ "type": "Feature", "properties": { "stop_id": "000221301020", "name": "Belvaux, Stade" }, "geometry": { "type": "Point", "coordinates": [ 5.928634, 49.506822 ] } },
{ "type": "Feature", "properties": { "stop_id": "000221301022", "name": "Belvaux, Uewerkuerer Stroos" }, "geometry": { "type": "Point", "coordinates": [ 5.921369, 49.514378 ] } },
{ "type": "Feature", "properties": { "stop_id": "000221301023", "name": "Belval (Lycée), Gare" }, "geometry": { "type": "Point", "coordinates": [ 5.934709, 49.501502 ] } },
{ "type": "Feature", "properties": { "stop_id": "000221301024", "name": "Belvaux, Wenschel" }, "geometry": { "type": "Point", "coordinates": [ 5.921917, 49.504814 ] } },
{ "type": "Feature", "properties": { "stop_id": "000221301026", "name": "Belvaux, Belval Lycée" }, "geometry": { "type": "Point", "coordinates": [ 5.937562, 49.503137 ] } },
{ "type": "Feature", "properties": { "stop_id": "000221301027", "name": "Belvaux, Um Bedding" }, "geometry": { "type": "Point", "coordinates": [ 5.943146, 49.502881 ] } },
{ "type": "Feature", "properties": { "stop_id": "000221301028", "name": "Belvaux, Ënnert Zolwerwee" }, "geometry": { "type": "Point", "coordinates": [ 5.93141, 49.512997 ] } },
{ "type": "Feature", "properties": { "stop_id": "000221302001", "name": "Ehlerange, Centre" }, "geometry": { "type": "Point", "coordinates": [ 5.96482, 49.522938 ] } },
{ "type": "Feature", "properties": { "stop_id": "000221302002", "name": "Ehlerange, Dännebësch" }, "geometry": { "type": "Point", "coordinates": [ 5.950808, 49.529179 ] } },
{ "type": "Feature", "properties": { "stop_id": "000221302003", "name": "Ehlerange, rue d'Esch" }, "geometry": { "type": "Point", "coordinates": [ 5.965829, 49.517724 ] } },
{ "type": "Feature", "properties": { "stop_id": "000221302005", "name": "Ehlerange, Keupewee" }, "geometry": { "type": "Point", "coordinates": [ 5.961886, 49.52589 ] } },
{ "type": "Feature", "properties": { "stop_id": "000221302006", "name": "Ehlerange, rue de Mondercange" }, "geometry": { "type": "Point", "coordinates": [ 5.974347, 49.52558 ] } },
{ "type": "Feature", "properties": { "stop_id": "000221302007", "name": "Ehlerange, Rousebësch" }, "geometry": { "type": "Point", "coordinates": [ 5.957132, 49.527924 ] } },
{ "type": "Feature", "properties": { "stop_id": "000221302008", "name": "Ehlerange, Ecole" }, "geometry": { "type": "Point", "coordinates": [ 5.966375, 49.523465 ] } },
{ "type": "Feature", "properties": { "stop_id": "000221302009", "name": "Ehlerange, ZARE ouest" }, "geometry": { "type": "Point", "coordinates": [ 5.966696, 49.514444 ] } },
{ "type": "Feature", "properties": { "stop_id": "000221302010", "name": "Ehlerange, ZARE 2" }, "geometry": { "type": "Point", "coordinates": [ 5.973179, 49.520113 ] } },
{ "type": "Feature", "properties": { "stop_id": "000221303001", "name": "Sanem, Cité Tornaco" }, "geometry": { "type": "Point", "coordinates": [ 5.922102, 49.544882 ] } },
{ "type": "Feature", "properties": { "stop_id": "000221303002", "name": "Sanem, Kierch" }, "geometry": { "type": "Point", "coordinates": [ 5.927743, 49.547614 ] } },
{ "type": "Feature", "properties": { "stop_id": "000221303003", "name": "Sanem, rue de Niederkorn" }, "geometry": { "type": "Point", "coordinates": [ 5.913733, 49.541098 ] } },
{ "type": "Feature", "properties": { "stop_id": "000221303004", "name": "Sanem, Op Lohr" }, "geometry": { "type": "Point", "coordinates": [ 5.927724, 49.552318 ] } },
{ "type": "Feature", "properties": { "stop_id": "000221303005", "name": "Sanem, Place Tornaco" }, "geometry": { "type": "Point", "coordinates": [ 5.926137, 49.546937 ] } },
{ "type": "Feature", "properties": { "stop_id": "000221303007", "name": "Sanem, Château" }, "geometry": { "type": "Point", "coordinates": [ 5.93149, 49.543949 ] } },
{ "type": "Feature", "properties": { "stop_id": "000221303009", "name": "Sanem, Zentrum" }, "geometry": { "type": "Point", "coordinates": [ 5.929691, 49.548238 ] } },
{ "type": "Feature", "properties": { "stop_id": "000221303010", "name": "Sanem, W.S.A." }, "geometry": { "type": "Point", "coordinates": [ 5.953828, 49.540357 ] } },
{ "type": "Feature", "properties": { "stop_id": "000221303011", "name": "Sanem, Uerschterhaff" }, "geometry": { "type": "Point", "coordinates": [ 5.943151, 49.539693 ] } },
{ "type": "Feature", "properties": { "stop_id": "000221304001", "name": "Soleuvre, Aessen" }, "geometry": { "type": "Point", "coordinates": [ 5.942205, 49.532474 ] } },
{ "type": "Feature", "properties": { "stop_id": "000221304003", "name": "Soleuvre, Cité 2000" }, "geometry": { "type": "Point", "coordinates": [ 5.943686, 49.519786 ] } },
{ "type": "Feature", "properties": { "stop_id": "000221304004", "name": "Soleuvre, Cité Kauffmann" }, "geometry": { "type": "Point", "coordinates": [ 5.916418, 49.52151 ] } },
{ "type": "Feature", "properties": { "stop_id": "000221304005", "name": "Soleuvre, Cité Scheierhaff" }, "geometry": { "type": "Point", "coordinates": [ 5.92595, 49.523498 ] } },
{ "type": "Feature", "properties": { "stop_id": "000221304006", "name": "Soleuvre, Collectrice" }, "geometry": { "type": "Point", "coordinates": [ 5.941325, 49.531094 ] } },
{ "type": "Feature", "properties": { "stop_id": "000221304007", "name": "Soleuvre, rue de Differdange" }, "geometry": { "type": "Point", "coordinates": [ 5.92104, 49.522707 ] } },
{ "type": "Feature", "properties": { "stop_id": "000221304008", "name": "Soleuvre, Ecole 2000" }, "geometry": { "type": "Point", "coordinates": [ 5.937453, 49.520507 ] } },
{ "type": "Feature", "properties": { "stop_id": "000221304009", "name": "Soleuvre, Emile Mayrisch" }, "geometry": { "type": "Point", "coordinates": [ 5.932171, 49.523491 ] } },
{ "type": "Feature", "properties": { "stop_id": "000221304010", "name": "Soleuvre, Huuschtewee" }, "geometry": { "type": "Point", "coordinates": [ 5.945626, 49.51653 ] } },
{ "type": "Feature", "properties": { "stop_id": "000221304011", "name": "Soleuvre, Jugendhaus" }, "geometry": { "type": "Point", "coordinates": [ 5.936539, 49.518357 ] } },
{ "type": "Feature", "properties": { "stop_id": "000221304012", "name": "Soleuvre, Place de l'Indépendance" }, "geometry": { "type": "Point", "coordinates": [ 5.936175, 49.522133 ] } },
{ "type": "Feature", "properties": { "stop_id": "000221304013", "name": "Soleuvre, Reitschoul" }, "geometry": { "type": "Point", "coordinates": [ 5.938824, 49.537142 ] } },
{ "type": "Feature", "properties": { "stop_id": "000221304014", "name": "Soleuvre, Um Bur" }, "geometry": { "type": "Point", "coordinates": [ 5.939532, 49.526729 ] } },
{ "type": "Feature", "properties": { "stop_id": "000221304015", "name": "Soleuvre, Kuss" }, "geometry": { "type": "Point", "coordinates": [ 5.926612, 49.51981 ] } },
{ "type": "Feature", "properties": { "stop_id": "000221304016", "name": "Soleuvre, Dickskopp" }, "geometry": { "type": "Point", "coordinates": [ 5.933184, 49.517993 ] } },
{ "type": "Feature", "properties": { "stop_id": "000221304017", "name": "Soleuvre, Zolwerknapp" }, "geometry": { "type": "Point", "coordinates": [ 5.936973, 49.522583 ] } },
{ "type": "Feature", "properties": { "stop_id": "000221401002", "name": "Schifflange, Gare" }, "geometry": { "type": "Point", "coordinates": [ 6.009786, 49.506302 ] } },
{ "type": "Feature", "properties": { "stop_id": "000221401003", "name": "Schifflange, Stadhaus" }, "geometry": { "type": "Point", "coordinates": [ 6.011168, 49.505743 ] } },
{ "type": "Feature", "properties": { "stop_id": "000221401004", "name": "Schifflange, Gringe Wee" }, "geometry": { "type": "Point", "coordinates": [ 6.021323, 49.507506 ] } },
{ "type": "Feature", "properties": { "stop_id": "000221401005", "name": "Schifflange, Huele Wee" }, "geometry": { "type": "Point", "coordinates": [ 6.006677, 49.505391 ] } },
{ "type": "Feature", "properties": { "stop_id": "000221401006", "name": "Schifflange, Millchen" }, "geometry": { "type": "Point", "coordinates": [ 6.00036, 49.503466 ] } },
{ "type": "Feature", "properties": { "stop_id": "000221401007", "name": "Schifflange, Niddeschgaass" }, "geometry": { "type": "Point", "coordinates": [ 6.016492, 49.506335 ] } },
{ "type": "Feature", "properties": { "stop_id": "000221401008", "name": "Schifflange, Poto" }, "geometry": { "type": "Point", "coordinates": [ 6.027255, 49.507478 ] } },
{ "type": "Feature", "properties": { "stop_id": "000221401010", "name": "Schifflange, Cité Emile Mayrisch" }, "geometry": { "type": "Point", "coordinates": [ 6.004395, 49.507418 ] } },
{ "type": "Feature", "properties": { "stop_id": "000221401011", "name": "Schifflange, Ecole Nelly Stein" }, "geometry": { "type": "Point", "coordinates": [ 6.007508, 49.507422 ] } },
{ "type": "Feature", "properties": { "stop_id": "000221401012", "name": "Schifflange, Paerchen" }, "geometry": { "type": "Point", "coordinates": [ 6.014558, 49.510204 ] } },
{ "type": "Feature", "properties": { "stop_id": "000221401013", "name": "Schifflange, Cité Benn" }, "geometry": { "type": "Point", "coordinates": [ 6.001725, 49.506947 ] } },
{ "type": "Feature", "properties": { "stop_id": "000221401014", "name": "Schifflange, Z.A. \"op Herbett\"" }, "geometry": { "type": "Point", "coordinates": [ 6.010095, 49.517097 ] } },
{ "type": "Feature", "properties": { "stop_id": "000221401016", "name": "Schifflange, Am Wapp" }, "geometry": { "type": "Point", "coordinates": [ 6.014637, 49.517138 ] } },
{ "type": "Feature", "properties": { "stop_id": "000300000001", "name": "Arlon, Square Astrid" }, "geometry": { "type": "Point", "coordinates": [ 5.810372, 49.685867 ] } },
{ "type": "Feature", "properties": { "stop_id": "000300000002", "name": "Arlon, Cimetière" }, "geometry": { "type": "Point", "coordinates": [ 5.817819, 49.69138 ] } },
{ "type": "Feature", "properties": { "stop_id": "000300000003", "name": "Arlon, Gare routière" }, "geometry": { "type": "Point", "coordinates": [ 5.808321, 49.680772 ] } },
{ "type": "Feature", "properties": { "stop_id": "000300000004", "name": "Arlon, Institut notre Dame (INDA)" }, "geometry": { "type": "Point", "coordinates": [ 5.8146, 49.682294 ] } },
{ "type": "Feature", "properties": { "stop_id": "000300000005", "name": "Arlon, Pl.des Chasseurs Ard." }, "geometry": { "type": "Point", "coordinates": [ 5.817727, 49.685358 ] } },
{ "type": "Feature", "properties": { "stop_id": "000300000006", "name": "Arlon, rue Léon Castilhon" }, "geometry": { "type": "Point", "coordinates": [ 5.80645, 49.682672 ] } },
{ "type": "Feature", "properties": { "stop_id": "000300000007", "name": "Athus, Centre (Grand Rue)" }, "geometry": { "type": "Point", "coordinates": [ 5.834111, 49.562902 ] } },
{ "type": "Feature", "properties": { "stop_id": "000300000008", "name": "Athus, Croisement Gare" }, "geometry": { "type": "Point", "coordinates": [ 5.826913, 49.563208 ] } },
{ "type": "Feature", "properties": { "stop_id": "000300000009", "name": "Athus, Douane" }, "geometry": { "type": "Point", "coordinates": [ 5.84302, 49.560743 ] } },
{ "type": "Feature", "properties": { "stop_id": "000300000010", "name": "Athus, Garage Peugeot" }, "geometry": { "type": "Point", "coordinates": [ 5.837335, 49.562666 ] } },
{ "type": "Feature", "properties": { "stop_id": "000300000011", "name": "Athus, Gare routière" }, "geometry": { "type": "Point", "coordinates": [ 5.829005, 49.564004 ] } },
{ "type": "Feature", "properties": { "stop_id": "000300000012", "name": "Arlon, Inst. St. Marie (ISMA)" }, "geometry": { "type": "Point", "coordinates": [ 5.810142, 49.687264 ] } },
{ "type": "Feature", "properties": { "stop_id": "000300000013", "name": "Arlon, Institut Itela (ISI)" }, "geometry": { "type": "Point", "coordinates": [ 5.815487, 49.672755 ] } },
{ "type": "Feature", "properties": { "stop_id": "000300000014", "name": "Athus, rue du Commerce" }, "geometry": { "type": "Point", "coordinates": [ 5.84078, 49.559234 ] } },
{ "type": "Feature", "properties": { "stop_id": "000300000015", "name": "Arlon, Gare" }, "geometry": { "type": "Point", "coordinates": [ 5.809569, 49.680347 ] } },
{ "type": "Feature", "properties": { "stop_id": "000300000017", "name": "Athus, Gare" }, "geometry": { "type": "Point", "coordinates": [ 5.82912, 49.563935 ] } },
{ "type": "Feature", "properties": { "stop_id": "000300000018", "name": "Aubange, Place" }, "geometry": { "type": "Point", "coordinates": [ 5.805526, 49.568962 ] } },
{ "type": "Feature", "properties": { "stop_id": "000300000019", "name": "Aubange, Village" }, "geometry": { "type": "Point", "coordinates": [ 5.809706, 49.566802 ] } },
{ "type": "Feature", "properties": { "stop_id": "000300000020", "name": "Bastogne, Centre Sportif" }, "geometry": { "type": "Point", "coordinates": [ 5.724055, 50.006214 ] } },
{ "type": "Feature", "properties": { "stop_id": "000300000021", "name": "Bastogne, Gare Sud Athénée Royal" }, "geometry": { "type": "Point", "coordinates": [ 5.710148, 49.999927 ] } },
{ "type": "Feature", "properties": { "stop_id": "000300000022", "name": "Arlon, Clairefontaine" }, "geometry": { "type": "Point", "coordinates": [ 5.824178, 49.67787 ] } },
{ "type": "Feature", "properties": { "stop_id": "000300000023", "name": "Bastogne, Place Merceny" }, "geometry": { "type": "Point", "coordinates": [ 5.716878, 49.998255 ] } },
{ "type": "Feature", "properties": { "stop_id": "000300000027", "name": "Bastogne, Home Market" }, "geometry": { "type": "Point", "coordinates": [ 5.724794, 49.995349 ] } },
{ "type": "Feature", "properties": { "stop_id": "000300000029", "name": "Bras, Carrefour" }, "geometry": { "type": "Point", "coordinates": [ 5.818823, 49.98593 ] } },
{ "type": "Feature", "properties": { "stop_id": "000300000030", "name": "Bastogne, Pépinère" }, "geometry": { "type": "Point", "coordinates": [ 5.719461, 50.006021 ] } },
{ "type": "Feature", "properties": { "stop_id": "000300000031", "name": "Frassem, Carrefour" }, "geometry": { "type": "Point", "coordinates": [ 5.824093, 49.699379 ] } },
{ "type": "Feature", "properties": { "stop_id": "000300000032", "name": "Gouvy, Gare routière" }, "geometry": { "type": "Point", "coordinates": [ 5.953978, 50.189905 ] } },
{ "type": "Feature", "properties": { "stop_id": "000300000033", "name": "Troisvierges-Frontière" }, "geometry": { "type": "Point", "coordinates": [ 5.965391, 50.173003 ] } },
{ "type": "Feature", "properties": { "stop_id": "000300000034", "name": "Rodange-Frontière (Athus)" }, "geometry": { "type": "Point", "coordinates": [ 5.824972, 49.551765 ] } },
{ "type": "Feature", "properties": { "stop_id": "000300000035", "name": "Gouvy, Gare" }, "geometry": { "type": "Point", "coordinates": [ 5.953846, 50.189785 ] } },
{ "type": "Feature", "properties": { "stop_id": "000300000042", "name": "Bastogne, Route de Wiltz 180" }, "geometry": { "type": "Point", "coordinates": [ 5.738495, 49.992514 ] } },
{ "type": "Feature", "properties": { "stop_id": "000300000043", "name": "Messancy, Gare" }, "geometry": { "type": "Point", "coordinates": [ 5.818298, 49.592922 ] } },
{ "type": "Feature", "properties": { "stop_id": "000300000045", "name": "Sélange, Eglise" }, "geometry": { "type": "Point", "coordinates": [ 5.850253, 49.609929 ] } },
{ "type": "Feature", "properties": { "stop_id": "000300000050", "name": "Sterpenich, Église" }, "geometry": { "type": "Point", "coordinates": [ 5.889106, 49.647885 ] } },
{ "type": "Feature", "properties": { "stop_id": "000300000051", "name": "Barnich-Autelbas, Eglise" }, "geometry": { "type": "Point", "coordinates": [ 5.869818, 49.649839 ] } },
{ "type": "Feature", "properties": { "stop_id": "000300000052", "name": "Autelhaut, Eglise" }, "geometry": { "type": "Point", "coordinates": [ 5.843397, 49.651298 ] } },
{ "type": "Feature", "properties": { "stop_id": "000300000053", "name": "Hondelange, Chemin des Mines" }, "geometry": { "type": "Point", "coordinates": [ 5.840794, 49.64142 ] } },
{ "type": "Feature", "properties": { "stop_id": "000300000054", "name": "Hondelange, rue de la Biff" }, "geometry": { "type": "Point", "coordinates": [ 5.839445, 49.638082 ] } },
{ "type": "Feature", "properties": { "stop_id": "000300000055", "name": "Hondelange, Centre (aire de jeux)" }, "geometry": { "type": "Point", "coordinates": [ 5.832218, 49.632468 ] } },
{ "type": "Feature", "properties": { "stop_id": "000300000056", "name": "Hondelange, rue du Pont" }, "geometry": { "type": "Point", "coordinates": [ 5.83709, 49.630595 ] } },
{ "type": "Feature", "properties": { "stop_id": "000300000057", "name": "Sélange, rue du Bois" }, "geometry": { "type": "Point", "coordinates": [ 5.848148, 49.611869 ] } },
{ "type": "Feature", "properties": { "stop_id": "000300000059", "name": "Sélange, rue de Clemency" }, "geometry": { "type": "Point", "coordinates": [ 5.850602, 49.6058 ] } },
{ "type": "Feature", "properties": { "stop_id": "000300000060", "name": "Messancy, rue de Luxembourg 69" }, "geometry": { "type": "Point", "coordinates": [ 5.833222, 49.593719 ] } },
{ "type": "Feature", "properties": { "stop_id": "000300000061", "name": "Messancy, rue du Château" }, "geometry": { "type": "Point", "coordinates": [ 5.820716, 49.594689 ] } },
{ "type": "Feature", "properties": { "stop_id": "000300000062", "name": "Messancy, Cités" }, "geometry": { "type": "Point", "coordinates": [ 5.822615, 49.593374 ] } },
{ "type": "Feature", "properties": { "stop_id": "000300000069", "name": "Beho, rue de l'Eglise" }, "geometry": { "type": "Point", "coordinates": [ 5.997516, 50.219566 ] } },
{ "type": "Feature", "properties": { "stop_id": "000300000070", "name": "Grüfflingen, Houffalizerstrasse" }, "geometry": { "type": "Point", "coordinates": [ 6.083259, 50.230261 ] } },
{ "type": "Feature", "properties": { "stop_id": "000300000071", "name": "St. Vith, Mailust" }, "geometry": { "type": "Point", "coordinates": [ 6.110735, 50.261732 ] } },
{ "type": "Feature", "properties": { "stop_id": "000300000072", "name": "St. Vith, Geschäftskomplex" }, "geometry": { "type": "Point", "coordinates": [ 6.118833, 50.273106 ] } },
{ "type": "Feature", "properties": { "stop_id": "000300000073", "name": "St. Vith, Maria Goretti" }, "geometry": { "type": "Point", "coordinates": [ 6.129895, 50.279146 ] } },
{ "type": "Feature", "properties": { "stop_id": "000300000074", "name": "St. Vith, Triangel" }, "geometry": { "type": "Point", "coordinates": [ 6.131192, 50.281391 ] } },
{ "type": "Feature", "properties": { "stop_id": "000300000075", "name": "St. Vith, Bischhöfliche Schule" }, "geometry": { "type": "Point", "coordinates": [ 6.125893, 50.274738 ] } },
{ "type": "Feature", "properties": { "stop_id": "000300000076", "name": "St. Vith, An den Linden" }, "geometry": { "type": "Point", "coordinates": [ 6.126803, 50.278736 ] } },
{ "type": "Feature", "properties": { "stop_id": "000300000086", "name": "Deiffelt, Carrefour" }, "geometry": { "type": "Point", "coordinates": [ 6.007069, 50.195739 ] } },
{ "type": "Feature", "properties": { "stop_id": "000300000087", "name": "Barnich, Ecole" }, "geometry": { "type": "Point", "coordinates": [ 5.87601, 49.648999 ] } },
{ "type": "Feature", "properties": { "stop_id": "000300000088", "name": "Autelbas, Centre" }, "geometry": { "type": "Point", "coordinates": [ 5.866615, 49.648582 ] } },
{ "type": "Feature", "properties": { "stop_id": "000300000089", "name": "Autelbas, rue d'Autelhaut" }, "geometry": { "type": "Point", "coordinates": [ 5.862395, 49.648063 ] } },
{ "type": "Feature", "properties": { "stop_id": "000300000090", "name": "Messancy, rue de Luxembourg 43" }, "geometry": { "type": "Point", "coordinates": [ 5.828112, 49.593552 ] } },
{ "type": "Feature", "properties": { "stop_id": "000300000091", "name": "Messancy, Promenade" }, "geometry": { "type": "Point", "coordinates": [ 5.819594, 49.595774 ] } },
{ "type": "Feature", "properties": { "stop_id": "000300000097", "name": "Athus, Clinique" }, "geometry": { "type": "Point", "coordinates": [ 5.821924, 49.563557 ] } },
{ "type": "Feature", "properties": { "stop_id": "000300000098", "name": "Aubange, rue d'Athus" }, "geometry": { "type": "Point", "coordinates": [ 5.814741, 49.564259 ] } },
{ "type": "Feature", "properties": { "stop_id": "000300000099", "name": "Aubange, Ecole" }, "geometry": { "type": "Point", "coordinates": [ 5.801852, 49.566333 ] } },
{ "type": "Feature", "properties": { "stop_id": "000300000107", "name": "Wardin, rue de Bastogne 22" }, "geometry": { "type": "Point", "coordinates": [ 5.780372, 49.98629 ] } },
{ "type": "Feature", "properties": { "stop_id": "000300000108", "name": "Wardin, rue de Bastogne 46" }, "geometry": { "type": "Point", "coordinates": [ 5.782154, 49.989056 ] } },
{ "type": "Feature", "properties": { "stop_id": "000300000109", "name": "Wardin, École" }, "geometry": { "type": "Point", "coordinates": [ 5.790428, 49.990545 ] } },
{ "type": "Feature", "properties": { "stop_id": "000300000110", "name": "Bastogne, Hôtel de Ville" }, "geometry": { "type": "Point", "coordinates": [ 5.717507, 50.002331 ] } },
{ "type": "Feature", "properties": { "stop_id": "000300000111", "name": "Marvie, A la Boule (Glacier)" }, "geometry": { "type": "Point", "coordinates": [ 5.747563, 49.990907 ] } },
{ "type": "Feature", "properties": { "stop_id": "000300000112", "name": "Wardin, rue de Wiltz" }, "geometry": { "type": "Point", "coordinates": [ 5.789891, 49.982676 ] } },
{ "type": "Feature", "properties": { "stop_id": "000300000131", "name": "Arlon, Sterpenich-Frontière" }, "geometry": { "type": "Point", "coordinates": [ 5.904264, 49.643748 ] } },
{ "type": "Feature", "properties": { "stop_id": "000300000132", "name": "Aubange, Gare routière" }, "geometry": { "type": "Point", "coordinates": [ 5.799114, 49.564215 ] } },
{ "type": "Feature", "properties": { "stop_id": "000300000133", "name": "Sterpenich, rue de Grass" }, "geometry": { "type": "Point", "coordinates": [ 5.886967, 49.638642 ] } },
{ "type": "Feature", "properties": { "stop_id": "000300000135", "name": "Arlon, Callemeyn" }, "geometry": { "type": "Point", "coordinates": [ 5.823275, 49.689586 ] } },
{ "type": "Feature", "properties": { "stop_id": "000300000136", "name": "Arlon, Athénée Royale" }, "geometry": { "type": "Point", "coordinates": [ 5.810051, 49.6749 ] } },
{ "type": "Feature", "properties": { "stop_id": "000300000137", "name": "Arlon, Clinique" }, "geometry": { "type": "Point", "coordinates": [ 5.821528, 49.678544 ] } },
{ "type": "Feature", "properties": { "stop_id": "000300000138", "name": "Differt, Institut Cardijn" }, "geometry": { "type": "Point", "coordinates": [ 5.808559, 49.61341 ] } },
{ "type": "Feature", "properties": { "stop_id": "000300000139", "name": "Attert, Voie de la Liberté 84" }, "geometry": { "type": "Point", "coordinates": [ 5.786444, 49.750476 ] } },
{ "type": "Feature", "properties": { "stop_id": "000300000140", "name": "Attert, Maison communale" }, "geometry": { "type": "Point", "coordinates": [ 5.784788, 49.751996 ] } },
{ "type": "Feature", "properties": { "stop_id": "000300000141", "name": "Arlon, Bon coin" }, "geometry": { "type": "Point", "coordinates": [ 5.806279, 49.689496 ] } },
{ "type": "Feature", "properties": { "stop_id": "000400000002", "name": "Audun-le-Tiche, Gare" }, "geometry": { "type": "Point", "coordinates": [ 5.95873, 49.478591 ] } },
{ "type": "Feature", "properties": { "stop_id": "000400000007", "name": "Cattenom, Gendarmerie CD" }, "geometry": { "type": "Point", "coordinates": [ 6.24014, 49.407348 ] } },
{ "type": "Feature", "properties": { "stop_id": "000400000011", "name": "Garche, Route de Mondorf" }, "geometry": { "type": "Point", "coordinates": [ 6.202494, 49.398022 ] } },
{ "type": "Feature", "properties": { "stop_id": "000400000014", "name": "Elange-Veymerange, Stade" }, "geometry": { "type": "Point", "coordinates": [ 6.11117, 49.35904 ] } },
{ "type": "Feature", "properties": { "stop_id": "000400000015", "name": "Hayange, Esplanade" }, "geometry": { "type": "Point", "coordinates": [ 6.066027, 49.329059 ] } },
{ "type": "Feature", "properties": { "stop_id": "000400000016", "name": "Herserange, Concorde" }, "geometry": { "type": "Point", "coordinates": [ 5.798763, 49.523494 ] } },
{ "type": "Feature", "properties": { "stop_id": "000400000017", "name": "Herserange, La Folie" }, "geometry": { "type": "Point", "coordinates": [ 5.789713, 49.520282 ] } },
{ "type": "Feature", "properties": { "stop_id": "000400000019", "name": "Herserange, Mairie" }, "geometry": { "type": "Point", "coordinates": [ 5.785027, 49.518614 ] } },
{ "type": "Feature", "properties": { "stop_id": "000400000020", "name": "Herserange, Quatre Vents" }, "geometry": { "type": "Point", "coordinates": [ 5.80194, 49.523932 ] } },
{ "type": "Feature", "properties": { "stop_id": "000400000021", "name": "Herserange, St. Eloi" }, "geometry": { "type": "Point", "coordinates": [ 5.779987, 49.517079 ] } },
{ "type": "Feature", "properties": { "stop_id": "000400000023", "name": "Audun-le-Roman, Eglise" }, "geometry": { "type": "Point", "coordinates": [ 5.895141, 49.369477 ] } },
{ "type": "Feature", "properties": { "stop_id": "000400000024", "name": "Hettange-Grande, Gare SNCF" }, "geometry": { "type": "Point", "coordinates": [ 6.157018, 49.407573 ] } },
{ "type": "Feature", "properties": { "stop_id": "000400000025", "name": "Longlaville, Elsa Triolet" }, "geometry": { "type": "Point", "coordinates": [ 5.80178, 49.535273 ] } },
{ "type": "Feature", "properties": { "stop_id": "000400000026", "name": "Longlaville, Mairie" }, "geometry": { "type": "Point", "coordinates": [ 5.795328, 49.532467 ] } },
{ "type": "Feature", "properties": { "stop_id": "000400000027", "name": "Longlaville, Maison du Peuple" }, "geometry": { "type": "Point", "coordinates": [ 5.798948, 49.534403 ] } },
{ "type": "Feature", "properties": { "stop_id": "000400000028", "name": "Longlaville, Rue des Fleurs" }, "geometry": { "type": "Point", "coordinates": [ 5.807865, 49.537367 ] } },
{ "type": "Feature", "properties": { "stop_id": "000400000029", "name": "Longwy, 11 Novembre 1918" }, "geometry": { "type": "Point", "coordinates": [ 5.763766, 49.520396 ] } },
{ "type": "Feature", "properties": { "stop_id": "000400000030", "name": "Longwy, Bas/Espace Bus" }, "geometry": { "type": "Point", "coordinates": [ 5.768368, 49.513687 ] } },
{ "type": "Feature", "properties": { "stop_id": "000400000031", "name": "Longwy, Espace Saintignon Lidl" }, "geometry": { "type": "Point", "coordinates": [ 5.771077, 49.518711 ] } },
{ "type": "Feature", "properties": { "stop_id": "000400000032", "name": "Longwy, Home City" }, "geometry": { "type": "Point", "coordinates": [ 5.75995, 49.514153 ] } },
{ "type": "Feature", "properties": { "stop_id": "000400000033", "name": "Longwy, Lafontaine" }, "geometry": { "type": "Point", "coordinates": [ 5.773572, 49.512087 ] } },
{ "type": "Feature", "properties": { "stop_id": "000400000034", "name": "Longwy, Lebrun Bessemer" }, "geometry": { "type": "Point", "coordinates": [ 5.776371, 49.526461 ] } },
{ "type": "Feature", "properties": { "stop_id": "000400000035", "name": "Longwy, Gare routière" }, "geometry": { "type": "Point", "coordinates": [ 5.768786, 49.513644 ] } },
{ "type": "Feature", "properties": { "stop_id": "000400000036", "name": "Longwy, Merlin" }, "geometry": { "type": "Point", "coordinates": [ 5.77054, 49.510715 ] } },
{ "type": "Feature", "properties": { "stop_id": "000400000037", "name": "Longwy, Place Darche" }, "geometry": { "type": "Point", "coordinates": [ 5.764483, 49.523979 ] } },
{ "type": "Feature", "properties": { "stop_id": "000400000038", "name": "Longwy, Récollets" }, "geometry": { "type": "Point", "coordinates": [ 5.769388, 49.517296 ] } },
{ "type": "Feature", "properties": { "stop_id": "000400000039", "name": "Longwy, République" }, "geometry": { "type": "Point", "coordinates": [ 5.762924, 49.51662 ] } },
{ "type": "Feature", "properties": { "stop_id": "000400000040", "name": "Longwy, rue de Metz" }, "geometry": { "type": "Point", "coordinates": [ 5.762484, 49.511974 ] } },
{ "type": "Feature", "properties": { "stop_id": "000400000041", "name": "Longwy, St. Louis" }, "geometry": { "type": "Point", "coordinates": [ 5.774107, 49.515718 ] } },
{ "type": "Feature", "properties": { "stop_id": "000400000042", "name": "Longwy, 8 mai 45" }, "geometry": { "type": "Point", "coordinates": [ 5.764639, 49.52643 ] } },
{ "type": "Feature", "properties": { "stop_id": "000400000045", "name": "Audun-Le-Roman, Brassens" }, "geometry": { "type": "Point", "coordinates": [ 5.902952, 49.368832 ] } },
{ "type": "Feature", "properties": { "stop_id": "000400000048", "name": "Hettange Grande, Place Schuman" }, "geometry": { "type": "Point", "coordinates": [ 6.157669, 49.403468 ] } },
{ "type": "Feature", "properties": { "stop_id": "000400000049", "name": "Mexy, Condé" }, "geometry": { "type": "Point", "coordinates": [ 5.78372, 49.501051 ] } },
{ "type": "Feature", "properties": { "stop_id": "000400000050", "name": "Mexy, Ecole" }, "geometry": { "type": "Point", "coordinates": [ 5.778907, 49.501133 ] } },
{ "type": "Feature", "properties": { "stop_id": "000400000051", "name": "Mexy, La Forchette" }, "geometry": { "type": "Point", "coordinates": [ 5.786849, 49.499888 ] } },
{ "type": "Feature", "properties": { "stop_id": "000400000052", "name": "Mexy, Lorraine" }, "geometry": { "type": "Point", "coordinates": [ 5.778261, 49.49919 ] } },
{ "type": "Feature", "properties": { "stop_id": "000400000053", "name": "Rodange-Gr." }, "geometry": { "type": "Point", "coordinates": [ 5.810469, 49.543224 ] } },
{ "type": "Feature", "properties": { "stop_id": "000400000054", "name": "Mt.St.Martin, Auchan PED" }, "geometry": { "type": "Point", "coordinates": [ 5.794916, 49.542784 ] } },
{ "type": "Feature", "properties": { "stop_id": "000400000064", "name": "Bettembourg-frontière" }, "geometry": { "type": "Point", "coordinates": [ 6.107772, 49.472215 ] } },
{ "type": "Feature", "properties": { "stop_id": "000400000065", "name": "Hettange Grande, Cité des Jardins" }, "geometry": { "type": "Point", "coordinates": [ 6.160457, 49.400307 ] } },
{ "type": "Feature", "properties": { "stop_id": "000400000066", "name": "Ottange, Pl. de Montcontour" }, "geometry": { "type": "Point", "coordinates": [ 6.021494, 49.442053 ] } },
{ "type": "Feature", "properties": { "stop_id": "000400000067", "name": "Ottange, Transformateur" }, "geometry": { "type": "Point", "coordinates": [ 6.024706, 49.448487 ] } },
{ "type": "Feature", "properties": { "stop_id": "000400000069", "name": "Manom, Centre Commercial" }, "geometry": { "type": "Point", "coordinates": [ 6.170436, 49.378987 ] } },
{ "type": "Feature", "properties": { "stop_id": "000400000070", "name": "Longwy, Gare" }, "geometry": { "type": "Point", "coordinates": [ 5.769383, 49.512968 ] } },
{ "type": "Feature", "properties": { "stop_id": "000400000071", "name": "Metz-Ville, Gare" }, "geometry": { "type": "Point", "coordinates": [ 6.17705, 49.109459 ] } },
{ "type": "Feature", "properties": { "stop_id": "000400000073", "name": "Rédange, Douane" }, "geometry": { "type": "Point", "coordinates": [ 5.917902, 49.498796 ] } },
{ "type": "Feature", "properties": { "stop_id": "000400000074", "name": "Rédange, Mairie" }, "geometry": { "type": "Point", "coordinates": [ 5.919358, 49.492987 ] } },
{ "type": "Feature", "properties": { "stop_id": "000400000075", "name": "Rédange, rue de Belvaux" }, "geometry": { "type": "Point", "coordinates": [ 5.918444, 49.495221 ] } },
{ "type": "Feature", "properties": { "stop_id": "000400000077", "name": "Metzange, P+R Metzange" }, "geometry": { "type": "Point", "coordinates": [ 6.103565, 49.363051 ] } },
{ "type": "Feature", "properties": { "stop_id": "000400000078", "name": "Saulnes, Allée des Roses" }, "geometry": { "type": "Point", "coordinates": [ 5.807665, 49.524954 ] } },
{ "type": "Feature", "properties": { "stop_id": "000400000079", "name": "Saulnes, Auguste Rase" }, "geometry": { "type": "Point", "coordinates": [ 5.817847, 49.529473 ] } },
{ "type": "Feature", "properties": { "stop_id": "000400000080", "name": "Saulnes, Place" }, "geometry": { "type": "Point", "coordinates": [ 5.82256, 49.531186 ] } },
{ "type": "Feature", "properties": { "stop_id": "000400000081", "name": "Saulnes, Les Pierrettes" }, "geometry": { "type": "Point", "coordinates": [ 5.810963, 49.526296 ] } },
{ "type": "Feature", "properties": { "stop_id": "000400000082", "name": "Saulnes, Salvador Allende" }, "geometry": { "type": "Point", "coordinates": [ 5.814449, 49.527526 ] } },
{ "type": "Feature", "properties": { "stop_id": "000400000083", "name": "Sentzich, Cimetière" }, "geometry": { "type": "Point", "coordinates": [ 6.258188, 49.419203 ] } },
{ "type": "Feature", "properties": { "stop_id": "000400000086", "name": "St. Charles, Château d'Eau" }, "geometry": { "type": "Point", "coordinates": [ 5.804157, 49.509446 ] } },
{ "type": "Feature", "properties": { "stop_id": "000400000087", "name": "St. Charles, Eglise" }, "geometry": { "type": "Point", "coordinates": [ 5.805927, 49.5107 ] } },
{ "type": "Feature", "properties": { "stop_id": "000400000088", "name": "St. Charles, Rhin" }, "geometry": { "type": "Point", "coordinates": [ 5.801362, 49.510358 ] } },
{ "type": "Feature", "properties": { "stop_id": "000400000090", "name": "Thionville, Porte Saarlouis" }, "geometry": { "type": "Point", "coordinates": [ 6.176388, 49.353033 ] } },
{ "type": "Feature", "properties": { "stop_id": "000400000092", "name": "Thionville, Foch Kiosque" }, "geometry": { "type": "Point", "coordinates": [ 6.162442, 49.359412 ] } },
{ "type": "Feature", "properties": { "stop_id": "000400000095", "name": "Volmerange-les-Mines, Gare routière" }, "geometry": { "type": "Point", "coordinates": [ 6.079101, 49.456155 ] } },
{ "type": "Feature", "properties": { "stop_id": "000400000096", "name": "Beyren-lès-Sierck, Église" }, "geometry": { "type": "Point", "coordinates": [ 6.28745, 49.469977 ] } },
{ "type": "Feature", "properties": { "stop_id": "000400000098", "name": "Thionville, Gare" }, "geometry": { "type": "Point", "coordinates": [ 6.169669, 49.353975 ] } },
{ "type": "Feature", "properties": { "stop_id": "000400000099", "name": "Audun-le-Tiche, Mairie" }, "geometry": { "type": "Point", "coordinates": [ 5.957122, 49.472467 ] } },
{ "type": "Feature", "properties": { "stop_id": "000400000100", "name": "Audun-le-Tiche, Place du Château" }, "geometry": { "type": "Point", "coordinates": [ 5.954207, 49.46827 ] } },
{ "type": "Feature", "properties": { "stop_id": "000400000101", "name": "Audun-le-Tiche, Résidence Vian" }, "geometry": { "type": "Point", "coordinates": [ 5.944148, 49.475292 ] } },
{ "type": "Feature", "properties": { "stop_id": "000400000102", "name": "Villerupt, Barbusse (Église)" }, "geometry": { "type": "Point", "coordinates": [ 5.929944, 49.470597 ] } },
{ "type": "Feature", "properties": { "stop_id": "000400000103", "name": "Audun-le-Tiche, Saint Nicolas" }, "geometry": { "type": "Point", "coordinates": [ 5.937913, 49.474533 ] } },
{ "type": "Feature", "properties": { "stop_id": "000400000106", "name": "Volmerange-les-Mines, Gare" }, "geometry": { "type": "Point", "coordinates": [ 6.07897, 49.456736 ] } },
{ "type": "Feature", "properties": { "stop_id": "000400000112", "name": "Hussigny, Place de l'Eglise" }, "geometry": { "type": "Point", "coordinates": [ 5.870651, 49.493739 ] } },
{ "type": "Feature", "properties": { "stop_id": "000400000113", "name": "Hussigny, Mines" }, "geometry": { "type": "Point", "coordinates": [ 5.869947, 49.497832 ] } },
{ "type": "Feature", "properties": { "stop_id": "000400000114", "name": "Hussigny, Godbrange" }, "geometry": { "type": "Point", "coordinates": [ 5.862337, 49.495341 ] } },
{ "type": "Feature", "properties": { "stop_id": "000400000115", "name": "Thionville, Arlon" }, "geometry": { "type": "Point", "coordinates": [ 6.13446, 49.358109 ] } },
{ "type": "Feature", "properties": { "stop_id": "000400000116", "name": "Thionville, Esch" }, "geometry": { "type": "Point", "coordinates": [ 6.138346, 49.357369 ] } },
{ "type": "Feature", "properties": { "stop_id": "000400000117", "name": "Aumetz, Poste" }, "geometry": { "type": "Point", "coordinates": [ 5.941366, 49.41601 ] } },
{ "type": "Feature", "properties": { "stop_id": "000400000118", "name": "Ludelange, Carrefour" }, "geometry": { "type": "Point", "coordinates": [ 5.973257, 49.398172 ] } },
{ "type": "Feature", "properties": { "stop_id": "000400000119", "name": "Hussigny, Mairie Hussigny" }, "geometry": { "type": "Point", "coordinates": [ 5.872826, 49.492045 ] } },
{ "type": "Feature", "properties": { "stop_id": "000400000120", "name": "Hussigny, Pasteur" }, "geometry": { "type": "Point", "coordinates": [ 5.866941, 49.491869 ] } },
{ "type": "Feature", "properties": { "stop_id": "000400000123", "name": "Beuvillers, Centre" }, "geometry": { "type": "Point", "coordinates": [ 5.915071, 49.384739 ] } },
{ "type": "Feature", "properties": { "stop_id": "000400000124", "name": "Garche, Chênaie" }, "geometry": { "type": "Point", "coordinates": [ 6.210241, 49.401907 ] } },
{ "type": "Feature", "properties": { "stop_id": "000400000126", "name": "Louvigny (F), Gare routière TGV Lorraine" }, "geometry": { "type": "Point", "coordinates": [ 6.169894, 48.948002 ] } },
{ "type": "Feature", "properties": { "stop_id": "000400000128", "name": "Ottange, A Wiendelen" }, "geometry": { "type": "Point", "coordinates": [ 6.025738, 49.450583 ] } },
{ "type": "Feature", "properties": { "stop_id": "000400000129", "name": "Malavillers, Mairie" }, "geometry": { "type": "Point", "coordinates": [ 5.870055, 49.356213 ] } },
{ "type": "Feature", "properties": { "stop_id": "000400000130", "name": "Landres, Gare" }, "geometry": { "type": "Point", "coordinates": [ 5.805798, 49.325032 ] } },
{ "type": "Feature", "properties": { "stop_id": "000400000131", "name": "Landres, Intermarché" }, "geometry": { "type": "Point", "coordinates": [ 5.79979, 49.320025 ] } },
{ "type": "Feature", "properties": { "stop_id": "000400000132", "name": "Landres, Croisette" }, "geometry": { "type": "Point", "coordinates": [ 5.792213, 49.315271 ] } },
{ "type": "Feature", "properties": { "stop_id": "000400000133", "name": "Ottange, Cité St. Paul" }, "geometry": { "type": "Point", "coordinates": [ 6.026545, 49.452988 ] } },
{ "type": "Feature", "properties": { "stop_id": "000400000134", "name": "Piennes, Place" }, "geometry": { "type": "Point", "coordinates": [ 5.780953, 49.311719 ] } },
{ "type": "Feature", "properties": { "stop_id": "000400000135", "name": "Piennes, Zone d'activités" }, "geometry": { "type": "Point", "coordinates": [ 5.767328, 49.308387 ] } },
{ "type": "Feature", "properties": { "stop_id": "000400000136", "name": "Yutz, Roosevelt" }, "geometry": { "type": "Point", "coordinates": [ 6.185795, 49.351094 ] } },
{ "type": "Feature", "properties": { "stop_id": "000400000137", "name": "Yutz, Arc en Ciel" }, "geometry": { "type": "Point", "coordinates": [ 6.198372, 49.35346 ] } },
{ "type": "Feature", "properties": { "stop_id": "000400000138", "name": "Yutz, Foyer AMLI" }, "geometry": { "type": "Point", "coordinates": [ 6.210876, 49.352737 ] } },
{ "type": "Feature", "properties": { "stop_id": "000400000139", "name": "Yutz, AéroPark P&R" }, "geometry": { "type": "Point", "coordinates": [ 6.207988, 49.362159 ] } },
{ "type": "Feature", "properties": { "stop_id": "000400000140", "name": "Audun-le-Tiche, Cimetière" }, "geometry": { "type": "Point", "coordinates": [ 5.95029, 49.472647 ] } },
{ "type": "Feature", "properties": { "stop_id": "000400000144", "name": "Longwy, Labro" }, "geometry": { "type": "Point", "coordinates": [ 5.766674, 49.512137 ] } },
{ "type": "Feature", "properties": { "stop_id": "000400000145", "name": "Mexy, La Grotte" }, "geometry": { "type": "Point", "coordinates": [ 5.781151, 49.498937 ] } },
{ "type": "Feature", "properties": { "stop_id": "000400000146", "name": "Longwy, Kinépolis Cabinet Médical" }, "geometry": { "type": "Point", "coordinates": [ 5.775173, 49.524925 ] } },
{ "type": "Feature", "properties": { "stop_id": "000400000147", "name": "Longwy, Saintignon Peugeot" }, "geometry": { "type": "Point", "coordinates": [ 5.773753, 49.521512 ] } },
{ "type": "Feature", "properties": { "stop_id": "000400000148", "name": "Herserange, Paris" }, "geometry": { "type": "Point", "coordinates": [ 5.792207, 49.521665 ] } },
{ "type": "Feature", "properties": { "stop_id": "000400000149", "name": "Herserange, Godfroy" }, "geometry": { "type": "Point", "coordinates": [ 5.794112, 49.522753 ] } },
{ "type": "Feature", "properties": { "stop_id": "000400000150", "name": "Hettange Grande, Tilleuls" }, "geometry": { "type": "Point", "coordinates": [ 6.165695, 49.394318 ] } },
{ "type": "Feature", "properties": { "stop_id": "000400000160", "name": "Audun-le-Roman, Parking transfrontalier" }, "geometry": { "type": "Point", "coordinates": [ 5.902337, 49.374888 ] } },
{ "type": "Feature", "properties": { "stop_id": "000400000161", "name": "Audun-le-Tiche, Gare routière" }, "geometry": { "type": "Point", "coordinates": [ 5.959902, 49.478622 ] } },
{ "type": "Feature", "properties": { "stop_id": "000400000162", "name": "Villerupt, Barbusse" }, "geometry": { "type": "Point", "coordinates": [ 5.930294, 49.470966 ] } },
{ "type": "Feature", "properties": { "stop_id": "000400000163", "name": "Roussy-le-Village, P&R" }, "geometry": { "type": "Point", "coordinates": [ 6.17943, 49.464171 ] } },
{ "type": "Feature", "properties": { "stop_id": "000400000164", "name": "Cantebonne, Libération" }, "geometry": { "type": "Point", "coordinates": [ 5.927405, 49.459121 ] } },
{ "type": "Feature", "properties": { "stop_id": "000400000165", "name": "Trieux, Mairie" }, "geometry": { "type": "Point", "coordinates": [ 5.930263, 49.324522 ] } },
{ "type": "Feature", "properties": { "stop_id": "000400000166", "name": "Avril, Libération" }, "geometry": { "type": "Point", "coordinates": [ 5.967718, 49.288651 ] } },
{ "type": "Feature", "properties": { "stop_id": "000400000168", "name": "Val de Briey, Albert 1er" }, "geometry": { "type": "Point", "coordinates": [ 5.945325, 49.252171 ] } },
{ "type": "Feature", "properties": { "stop_id": "000400000169", "name": "Villerupt, Piscine" }, "geometry": { "type": "Point", "coordinates": [ 5.933398, 49.464485 ] } },
{ "type": "Feature", "properties": { "stop_id": "000500000005", "name": "Bilzingen Ort, Wincheringen" }, "geometry": { "type": "Point", "coordinates": [ 6.451546, 49.598255 ] } },
{ "type": "Feature", "properties": { "stop_id": "000500000009", "name": "Bitburg, ZOB" }, "geometry": { "type": "Point", "coordinates": [ 6.527101, 49.976053 ] } },
{ "type": "Feature", "properties": { "stop_id": "000500000010", "name": "Dillingen (Saar), Eissporthalle" }, "geometry": { "type": "Point", "coordinates": [ 6.711075, 49.346701 ] } },
{ "type": "Feature", "properties": { "stop_id": "000500000011", "name": "Geichlingen, B50 Abzw. Lahr" }, "geometry": { "type": "Point", "coordinates": [ 6.271144, 49.953992 ] } },
{ "type": "Feature", "properties": { "stop_id": "000500000013", "name": "Niedergeckler, Kapelle" }, "geometry": { "type": "Point", "coordinates": [ 6.304519, 49.969787 ] } },
{ "type": "Feature", "properties": { "stop_id": "000500000014", "name": "Sinspelt, GH Pax" }, "geometry": { "type": "Point", "coordinates": [ 6.320433, 49.972306 ] } },
{ "type": "Feature", "properties": { "stop_id": "000500000017", "name": "Oberweis, GH Wirtz" }, "geometry": { "type": "Point", "coordinates": [ 6.423056, 49.961445 ] } },
{ "type": "Feature", "properties": { "stop_id": "000500000018", "name": "Saarburg, Heckingplatz" }, "geometry": { "type": "Point", "coordinates": [ 6.542404, 49.604682 ] } },
{ "type": "Feature", "properties": { "stop_id": "000500000019", "name": "Igel" }, "geometry": { "type": "Point", "coordinates": [ 6.550666, 49.707375 ] } },
{ "type": "Feature", "properties": { "stop_id": "000500000021", "name": "Saarburg, Kahren" }, "geometry": { "type": "Point", "coordinates": [ 6.509001, 49.596852 ] } },
{ "type": "Feature", "properties": { "stop_id": "000500000023", "name": "Bitburg, Steinebrück Kreuzung" }, "geometry": { "type": "Point", "coordinates": [ 6.503518, 49.97516 ] } },
{ "type": "Feature", "properties": { "stop_id": "000500000024", "name": "Oberweis, Buchbind. Ollinger" }, "geometry": { "type": "Point", "coordinates": [ 6.431051, 49.962405 ] } },
{ "type": "Feature", "properties": { "stop_id": "000500000027", "name": "Konz, Konz Mitte" }, "geometry": { "type": "Point", "coordinates": [ 6.573201, 49.699987 ] } },
{ "type": "Feature", "properties": { "stop_id": "000500000028", "name": "Kreuz-Konz" }, "geometry": { "type": "Point", "coordinates": [ 6.577287, 49.703707 ] } },
{ "type": "Feature", "properties": { "stop_id": "000500000029", "name": "Longuich, Parkplatz" }, "geometry": { "type": "Point", "coordinates": [ 6.764534, 49.808198 ] } },
{ "type": "Feature", "properties": { "stop_id": "000500000030", "name": "Losheim, Bahnhof" }, "geometry": { "type": "Point", "coordinates": [ 6.745452, 49.506568 ] } },
{ "type": "Feature", "properties": { "stop_id": "000500000031", "name": "Losheim, Heimlingen" }, "geometry": { "type": "Point", "coordinates": [ 6.732628, 49.506662 ] } },
{ "type": "Feature", "properties": { "stop_id": "000500000032", "name": "Losheim, Merziger Str." }, "geometry": { "type": "Point", "coordinates": [ 6.740856, 49.50676 ] } },
{ "type": "Feature", "properties": { "stop_id": "000500000033", "name": "Merzig, Bahnhof" }, "geometry": { "type": "Point", "coordinates": [ 6.63444, 49.436936 ] } },
{ "type": "Feature", "properties": { "stop_id": "000500000034", "name": "Merzig, Stadthalle" }, "geometry": { "type": "Point", "coordinates": [ 6.63395, 49.441667 ] } },
{ "type": "Feature", "properties": { "stop_id": "000500000035", "name": "Merzkirchen, Abzw." }, "geometry": { "type": "Point", "coordinates": [ 6.477099, 49.579158 ] } },
{ "type": "Feature", "properties": { "stop_id": "000500000036", "name": "Oberweis, Schule" }, "geometry": { "type": "Point", "coordinates": [ 6.418996, 49.961489 ] } },
{ "type": "Feature", "properties": { "stop_id": "000500000037", "name": "Mettlach, Geissert" }, "geometry": { "type": "Point", "coordinates": [ 6.607518, 49.493498 ] } },
{ "type": "Feature", "properties": { "stop_id": "000500000039", "name": "Mettlach, Park" }, "geometry": { "type": "Point", "coordinates": [ 6.593422, 49.491695 ] } },
{ "type": "Feature", "properties": { "stop_id": "000500000042", "name": "Brimingen, Abzw." }, "geometry": { "type": "Point", "coordinates": [ 6.359763, 49.96701 ] } },
{ "type": "Feature", "properties": { "stop_id": "000500000044", "name": "Konz, Dammstraße" }, "geometry": { "type": "Point", "coordinates": [ 6.579557, 49.70353 ] } },
{ "type": "Feature", "properties": { "stop_id": "000500000045", "name": "Konz, Brunostraße" }, "geometry": { "type": "Point", "coordinates": [ 6.591684, 49.710845 ] } },
{ "type": "Feature", "properties": { "stop_id": "000500000046", "name": "Trier-Zewen" }, "geometry": { "type": "Point", "coordinates": [ 6.580974, 49.720045 ] } },
{ "type": "Feature", "properties": { "stop_id": "000500000047", "name": "Trier-Euren" }, "geometry": { "type": "Point", "coordinates": [ 6.612272, 49.738068 ] } },
{ "type": "Feature", "properties": { "stop_id": "000500000050", "name": "Nittel, Bahnhof" }, "geometry": { "type": "Point", "coordinates": [ 6.441822, 49.653915 ] } },
{ "type": "Feature", "properties": { "stop_id": "000500000051", "name": "Nittel, Rochusstrasse" }, "geometry": { "type": "Point", "coordinates": [ 6.451903, 49.651375 ] } },
{ "type": "Feature", "properties": { "stop_id": "000500000053", "name": "Oberbillig, Kirche" }, "geometry": { "type": "Point", "coordinates": [ 6.505074, 49.710288 ] } },
{ "type": "Feature", "properties": { "stop_id": "000500000055", "name": "Orscholz, Cloef" }, "geometry": { "type": "Point", "coordinates": [ 6.531826, 49.506013 ] } },
{ "type": "Feature", "properties": { "stop_id": "000500000056", "name": "Orscholz, Sportplatz" }, "geometry": { "type": "Point", "coordinates": [ 6.518579, 49.505172 ] } },
{ "type": "Feature", "properties": { "stop_id": "000500000058", "name": "Orscholz, Rehaklinik" }, "geometry": { "type": "Point", "coordinates": [ 6.538767, 49.507808 ] } },
{ "type": "Feature", "properties": { "stop_id": "000500000059", "name": "Orscholz, Post" }, "geometry": { "type": "Point", "coordinates": [ 6.523843, 49.50488 ] } },
{ "type": "Feature", "properties": { "stop_id": "000500000068", "name": "Körperich, Obersgegen" }, "geometry": { "type": "Point", "coordinates": [ 6.251514, 49.932181 ] } },
{ "type": "Feature", "properties": { "stop_id": "000500000070", "name": "Saarbrücken, Hauptbahnhof (Bus)" }, "geometry": { "type": "Point", "coordinates": [ 6.990367, 49.24023 ] } },
{ "type": "Feature", "properties": { "stop_id": "000500000072", "name": "Saarburg, Bahnhof-Brückenstr." }, "geometry": { "type": "Point", "coordinates": [ 6.55534, 49.607026 ] } },
{ "type": "Feature", "properties": { "stop_id": "000500000073", "name": "Saarlouis, Kleiner Markt" }, "geometry": { "type": "Point", "coordinates": [ 6.752801, 49.312435 ] } },
{ "type": "Feature", "properties": { "stop_id": "000500000074", "name": "Sirzenich, P&R B51" }, "geometry": { "type": "Point", "coordinates": [ 6.594208, 49.773597 ] } },
{ "type": "Feature", "properties": { "stop_id": "000500000075", "name": "Temmels, Kirchstrasse" }, "geometry": { "type": "Point", "coordinates": [ 6.46192, 49.689729 ] } },
{ "type": "Feature", "properties": { "stop_id": "000500000077", "name": "Trier, Bei der Römerbrücke" }, "geometry": { "type": "Point", "coordinates": [ 6.628239, 49.752539 ] } },
{ "type": "Feature", "properties": { "stop_id": "000500000078", "name": "Trier, Christophstr." }, "geometry": { "type": "Point", "coordinates": [ 6.645455, 49.759151 ] } },
{ "type": "Feature", "properties": { "stop_id": "000500000079", "name": "Trier, Hauptbahnhof" }, "geometry": { "type": "Point", "coordinates": [ 6.65199, 49.756972 ] } },
{ "type": "Feature", "properties": { "stop_id": "000500000080", "name": "Trier, Nordallee" }, "geometry": { "type": "Point", "coordinates": [ 6.638462, 49.761608 ] } },
{ "type": "Feature", "properties": { "stop_id": "000500000081", "name": "Wasserbillig-Frontière" }, "geometry": { "type": "Point", "coordinates": [ 6.506572, 49.713801 ] } },
{ "type": "Feature", "properties": { "stop_id": "000500000082", "name": "Trier, Pacelliufer" }, "geometry": { "type": "Point", "coordinates": [ 6.628198, 49.744847 ] } },
{ "type": "Feature", "properties": { "stop_id": "000500000083", "name": "Trier, Theodor-Heuss-Allee" }, "geometry": { "type": "Point", "coordinates": [ 6.646138, 49.75939 ] } },
{ "type": "Feature", "properties": { "stop_id": "000500000084", "name": "Trier, Süd" }, "geometry": { "type": "Point", "coordinates": [ 6.636803, 49.744609 ] } },
{ "type": "Feature", "properties": { "stop_id": "000500000085", "name": "Saarburg, Bahnhof-Güterstrasse" }, "geometry": { "type": "Point", "coordinates": [ 6.556371, 49.606355 ] } },
{ "type": "Feature", "properties": { "stop_id": "000500000086", "name": "Wasserliesch, Reiniger Kreuz" }, "geometry": { "type": "Point", "coordinates": [ 6.544814, 49.704588 ] } },
{ "type": "Feature", "properties": { "stop_id": "000500000087", "name": "Trier-Pallien, Bitburger Straße" }, "geometry": { "type": "Point", "coordinates": [ 6.630595, 49.764764 ] } },
{ "type": "Feature", "properties": { "stop_id": "000500000088", "name": "Wellen, Parking (Mosel)" }, "geometry": { "type": "Point", "coordinates": [ 6.444218, 49.674829 ] } },
{ "type": "Feature", "properties": { "stop_id": "000500000089", "name": "Wincheringen, Moselbrücke" }, "geometry": { "type": "Point", "coordinates": [ 6.404972, 49.606863 ] } },
{ "type": "Feature", "properties": { "stop_id": "000500000090", "name": "Wincheringen, Wincheringen Ort" }, "geometry": { "type": "Point", "coordinates": [ 6.426249, 49.609479 ] } },
{ "type": "Feature", "properties": { "stop_id": "000500000093", "name": "Schweich, P&R" }, "geometry": { "type": "Point", "coordinates": [ 6.758812, 49.816822 ] } },
{ "type": "Feature", "properties": { "stop_id": "000500000094", "name": "Trier, SWT Stadtwerke" }, "geometry": { "type": "Point", "coordinates": [ 6.648762, 49.755944 ] } },
{ "type": "Feature", "properties": { "stop_id": "000500000095", "name": "Trier, Hochschule" }, "geometry": { "type": "Point", "coordinates": [ 6.626635, 49.767475 ] } },
{ "type": "Feature", "properties": { "stop_id": "000500000096", "name": "Trier, Zurlaubener Ufer" }, "geometry": { "type": "Point", "coordinates": [ 6.633876, 49.763377 ] } },
{ "type": "Feature", "properties": { "stop_id": "000500000106", "name": "Zewen, Kantstraße" }, "geometry": { "type": "Point", "coordinates": [ 6.582505, 49.719586 ] } },
{ "type": "Feature", "properties": { "stop_id": "000500000112", "name": "Schweich, B53" }, "geometry": { "type": "Point", "coordinates": [ 6.753809, 49.81587 ] } },
{ "type": "Feature", "properties": { "stop_id": "000500000113", "name": "Merzig, Hilbringer Brücke" }, "geometry": { "type": "Point", "coordinates": [ 6.627153, 49.44187 ] } },
{ "type": "Feature", "properties": { "stop_id": "000500000114", "name": "Maldingen, Kirche" }, "geometry": { "type": "Point", "coordinates": [ 6.030448, 50.232917 ] } },
{ "type": "Feature", "properties": { "stop_id": "000500000115", "name": "Igel, Kirche" }, "geometry": { "type": "Point", "coordinates": [ 6.552619, 49.709081 ] } },
{ "type": "Feature", "properties": { "stop_id": "000500000118", "name": "Saarburg, Im Fichtenhain" }, "geometry": { "type": "Point", "coordinates": [ 6.531452, 49.600914 ] } },
{ "type": "Feature", "properties": { "stop_id": "000500000138", "name": "Trier, Messepark P+R" }, "geometry": { "type": "Point", "coordinates": [ 6.622754, 49.739778 ] } },
{ "type": "Feature", "properties": { "stop_id": "000500000139", "name": "Trier, St. Matthias Rodestr." }, "geometry": { "type": "Point", "coordinates": [ 6.631849, 49.739722 ] } },
{ "type": "Feature", "properties": { "stop_id": "000500000140", "name": "Trier, Südbahnhof" }, "geometry": { "type": "Point", "coordinates": [ 6.63467, 49.744781 ] } },
{ "type": "Feature", "properties": { "stop_id": "000500000148", "name": "Trier, Konstantin Basilika" }, "geometry": { "type": "Point", "coordinates": [ 6.642548, 49.753803 ] } },
{ "type": "Feature", "properties": { "stop_id": "000500000150", "name": "Konz, Karthaus" }, "geometry": { "type": "Point", "coordinates": [ 6.596642, 49.710624 ] } },
{ "type": "Feature", "properties": { "stop_id": "000500000155", "name": "Trier, Gilbertstraße" }, "geometry": { "type": "Point", "coordinates": [ 6.636019, 49.747588 ] } },
{ "type": "Feature", "properties": { "stop_id": "000500000156", "name": "Euren, Eisenbahnstraße" }, "geometry": { "type": "Point", "coordinates": [ 6.613519, 49.737043 ] } },
{ "type": "Feature", "properties": { "stop_id": "000500000159", "name": "Losheim, Abzweig im Haag" }, "geometry": { "type": "Point", "coordinates": [ 6.761213, 49.507794 ] } },
{ "type": "Feature", "properties": { "stop_id": "000500000160", "name": "Losheim, Globus Baumarkt" }, "geometry": { "type": "Point", "coordinates": [ 6.759448, 49.504693 ] } },
{ "type": "Feature", "properties": { "stop_id": "000500000161", "name": "Losheim, Globus Wolfsborn" }, "geometry": { "type": "Point", "coordinates": [ 6.756212, 49.510819 ] } },
{ "type": "Feature", "properties": { "stop_id": "000500000162", "name": "Losheim, Haagstraße" }, "geometry": { "type": "Point", "coordinates": [ 6.750601, 49.507229 ] } },
{ "type": "Feature", "properties": { "stop_id": "000500000163", "name": "Trier, Hauptbahnhof (Bus)" }, "geometry": { "type": "Point", "coordinates": [ 6.652113, 49.757577 ] } },
{ "type": "Feature", "properties": { "stop_id": "000500000167", "name": "Trier, Pallien" }, "geometry": { "type": "Point", "coordinates": [ 6.630269, 49.764167 ] } },
{ "type": "Feature", "properties": { "stop_id": "000500000168", "name": "Trier, Hafenstrasse" }, "geometry": { "type": "Point", "coordinates": [ 6.683885, 49.792499 ] } },
{ "type": "Feature", "properties": { "stop_id": "000500000169", "name": "Trier, West" }, "geometry": { "type": "Point", "coordinates": [ 6.623604, 49.75194 ] } },
{ "type": "Feature", "properties": { "stop_id": "000500000171", "name": "Trier, Balduinsbrunnen/Hauptbahnhof" }, "geometry": { "type": "Point", "coordinates": [ 6.649579, 49.757701 ] } },
{ "type": "Feature", "properties": { "stop_id": "000500101059", "name": "Besch, Ortsmitte B419" }, "geometry": { "type": "Point", "coordinates": [ 6.372647, 49.50462 ] } },
{ "type": "Feature", "properties": { "stop_id": "000500102043", "name": "Nennig, Bahnhof" }, "geometry": { "type": "Point", "coordinates": [ 6.376413, 49.539296 ] } },
{ "type": "Feature", "properties": { "stop_id": "000500102044", "name": "Nennig, Römische Villa" }, "geometry": { "type": "Point", "coordinates": [ 6.38332, 49.529044 ] } },
{ "type": "Feature", "properties": { "stop_id": "000500102045", "name": "Nennig, Sparkasse" }, "geometry": { "type": "Point", "coordinates": [ 6.379041, 49.534111 ] } },
{ "type": "Feature", "properties": { "stop_id": "000500102046", "name": "Nennig, Zoll" }, "geometry": { "type": "Point", "coordinates": [ 6.3737, 49.54169 ] } },
{ "type": "Feature", "properties": { "stop_id": "000500103054", "name": "Oberleuken, Ortsmitte" }, "geometry": { "type": "Point", "coordinates": [ 6.471113, 49.507319 ] } },
{ "type": "Feature", "properties": { "stop_id": "000500104061", "name": "Perl, Bahnhofstrasse" }, "geometry": { "type": "Point", "coordinates": [ 6.376321, 49.473387 ] } },
{ "type": "Feature", "properties": { "stop_id": "000500104063", "name": "Perl, Maimühle" }, "geometry": { "type": "Point", "coordinates": [ 6.371484, 49.473988 ] } },
{ "type": "Feature", "properties": { "stop_id": "000500104064", "name": "Perl, Abzw. Siercker Str." }, "geometry": { "type": "Point", "coordinates": [ 6.383557, 49.472319 ] } },
{ "type": "Feature", "properties": { "stop_id": "000500104065", "name": "Perl, Schengen Lyzeum" }, "geometry": { "type": "Point", "coordinates": [ 6.387786, 49.478703 ] } },
{ "type": "Feature", "properties": { "stop_id": "000500105066", "name": "Sinz, Ortsmitte" }, "geometry": { "type": "Point", "coordinates": [ 6.427757, 49.529798 ] } },
{ "type": "Feature", "properties": { "stop_id": "000900000011", "name": "Gasperich, prov. Cloche d'Or Quai 4" }, "geometry": { "type": "Point", "coordinates": [ 6.117106, 49.583277 ] } },
{ "type": "Feature", "properties": { "stop_id": "000900000026", "name": "Beggen, prov. Kierch" }, "geometry": { "type": "Point", "coordinates": [ 6.12997, 49.643911 ] } },
{ "type": "Feature", "properties": { "stop_id": "000900000032", "name": "Niederkorn, 114, Route de Bascharage (prov.)" }, "geometry": { "type": "Point", "coordinates": [ 5.892703, 49.542784 ] } },
{ "type": "Feature", "properties": { "stop_id": "000900000058", "name": "Kirchberg, prov. Konrad Adenauer" }, "geometry": { "type": "Point", "coordinates": [ 6.157885, 49.62929 ] } },
{ "type": "Feature", "properties": { "stop_id": "000900000071", "name": "Dudelange, 3, Rue Angeldall (prov.)" }, "geometry": { "type": "Point", "coordinates": [ 6.069792, 49.48869 ] } },
{ "type": "Feature", "properties": { "stop_id": "000900000072", "name": "Dudelange, Rue Jean Mylius (prov.)" }, "geometry": { "type": "Point", "coordinates": [ 6.067334, 49.490224 ] } },
{ "type": "Feature", "properties": { "stop_id": "000900000096", "name": "Niederkorn, Route de Bascharage (prov.)" }, "geometry": { "type": "Point", "coordinates": [ 5.891738, 49.540016 ] } },
{ "type": "Feature", "properties": { "stop_id": "000900000130", "name": "Kirchberg, prov. Jean Monnet" }, "geometry": { "type": "Point", "coordinates": [ 6.143674, 49.623512 ] } },
{ "type": "Feature", "properties": { "stop_id": "000900000131", "name": "Niederkorn, Rue de Longwy (prov.)" }, "geometry": { "type": "Point", "coordinates": [ 5.884369, 49.533903 ] } }
]
}
